old_path,new_path,smiles,sha1_10
ProcessedData/G3Pathways/FormoseAmmPathways/*C(C(C(C(C(C)=O)O)O)O)=OFormoseAmmPathways.txt,ProcessedData/G3Pathways/FormoseAmmPathways/7c2a380bb1_FormoseAmmPathways.txt,C(C(C(C(C(C)=O)O)O)O)=O,7c2a380bb1
ProcessedData/G3Pathways/FormoseAmmPathways/*C(C(C(C(C(CN)O)O)O)O)=OFormoseAmmPathways.txt,ProcessedData/G3Pathways/FormoseAmmPathways/0d35fe26e9_FormoseAmmPathways.txt,C(C(C(C(C(CN)O)O)O)O)=O,0d35fe26e9
ProcessedData/G3Pathways/FormoseAmmPathways/*C(C(C(C(C(CN)O)O)O)O)OFormoseAmmPathways.txt,ProcessedData/G3Pathways/FormoseAmmPathways/03775ae817_FormoseAmmPathways.txt,C(C(C(C(C(CN)O)O)O)O)O,03775ae817
ProcessedData/G3Pathways/FormoseAmmPathways/*C(C(C(C(C(CO)N)O)O)N)=OFormoseAmmPathways.txt,ProcessedData/G3Pathways/FormoseAmmPathways/d23665b427_FormoseAmmPathways.txt,C(C(C(C(C(CO)N)O)O)N)=O,d23665b427
ProcessedData/G3Pathways/FormoseAmmPathways/*C(C(C(C(C(CO)N)O)O)O)=OFormoseAmmPathways.txt,ProcessedData/G3Pathways/FormoseAmmPathways/dbb5fdba55_FormoseAmmPathways.txt,C(C(C(C(C(CO)N)O)O)O)=O,dbb5fdba55
ProcessedData/G3Pathways/FormoseAmmPathways/*C(C(C(C(C(CO)O)N)O)O)=OFormoseAmmPathways.txt,ProcessedData/G3Pathways/FormoseAmmPathways/8f3acb0c34_FormoseAmmPathways.txt,C(C(C(C(C(CO)O)N)O)O)=O,8f3acb0c34
ProcessedData/G3Pathways/FormoseAmmPathways/*C(C(C(C(C(CO)O)O)N)O)=OFormoseAmmPathways.txt,ProcessedData/G3Pathways/FormoseAmmPathways/0e3b13d0e4_FormoseAmmPathways.txt,C(C(C(C(C(CO)O)O)N)O)=O,0e3b13d0e4
ProcessedData/G3Pathways/FormoseAmmPathways/*C(C(C(C(C)=O)O)O)(O)=OFormoseAmmPathways.txt,ProcessedData/G3Pathways/FormoseAmmPathways/85d2b8e343_FormoseAmmPathways.txt,C(C(C(C(C)=O)O)O)(O)=O,85d2b8e343
ProcessedData/G3Pathways/FormoseAmmPathways/*C(C(C(C(CN)O)O)N)=OFormoseAmmPathways.txt,ProcessedData/G3Pathways/FormoseAmmPathways/d5bc1e745b_FormoseAmmPathways.txt,C(C(C(C(CN)O)O)N)=O,d5bc1e745b
ProcessedData/G3Pathways/FormoseAmmPathways/*C(C(C(C(CN)O)O)O)=OFormoseAmmPathways.txt,ProcessedData/G3Pathways/FormoseAmmPathways/768aeb22f4_FormoseAmmPathways.txt,C(C(C(C(CN)O)O)O)=O,768aeb22f4
ProcessedData/G3Pathways/FormoseAmmPathways/*C(C(C(C(CN)O)O)O)OFormoseAmmPathways.txt,ProcessedData/G3Pathways/FormoseAmmPathways/dc1e41206a_FormoseAmmPathways.txt,C(C(C(C(CN)O)O)O)O,dc1e41206a
ProcessedData/G3Pathways/FormoseAmmPathways/*C(C(C(C(CO)N)O)O)=OFormoseAmmPathways.txt,ProcessedData/G3Pathways/FormoseAmmPathways/677d20a292_FormoseAmmPathways.txt,C(C(C(C(CO)N)O)O)=O,677d20a292
ProcessedData/G3Pathways/FormoseAmmPathways/*C(C(C(C(CO)O)=O)CO)=OFormoseAmmPathways.txt,ProcessedData/G3Pathways/FormoseAmmPathways/4d1401644c_FormoseAmmPathways.txt,C(C(C(C(CO)O)=O)CO)=O,4d1401644c
ProcessedData/G3Pathways/FormoseAmmPathways/*C(C(C(C(CO)O)N)O)(O)=OFormoseAmmPathways.txt,ProcessedData/G3Pathways/FormoseAmmPathways/06b6dc61de_FormoseAmmPathways.txt,C(C(C(C(CO)O)N)O)(O)=O,06b6dc61de
ProcessedData/G3Pathways/FormoseAmmPathways/*C(C(C(C(CO)O)N)O)=OFormoseAmmPathways.txt,ProcessedData/G3Pathways/FormoseAmmPathways/5acfb817c5_FormoseAmmPathways.txt,C(C(C(C(CO)O)N)O)=O,5acfb817c5
ProcessedData/G3Pathways/FormoseAmmPathways/*C(C(C(C(CO)O)O)O)OFormoseAmmPathways.txt,ProcessedData/G3Pathways/FormoseAmmPathways/ecc306bad1_FormoseAmmPathways.txt,C(C(C(C(CO)O)O)O)O,ecc306bad1
ProcessedData/G3Pathways/FormoseAmmPathways/*C(C(C(C)=O)(C(CN)O)O)=OFormoseAmmPathways.txt,ProcessedData/G3Pathways/FormoseAmmPathways/25d08cf6b4_FormoseAmmPathways.txt,C(C(C(C)=O)(C(CN)O)O)=O,25d08cf6b4
ProcessedData/G3Pathways/FormoseAmmPathways/*C(C(C(C)=O)(C(CO)O)O)=OFormoseAmmPathways.txt,ProcessedData/G3Pathways/FormoseAmmPathways/c054dfc2d4_FormoseAmmPathways.txt,C(C(C(C)=O)(C(CO)O)O)=O,c054dfc2d4
ProcessedData/G3Pathways/FormoseAmmPathways/*C(C(C(C)O)(C(CN)O)O)(O)=OFormoseAmmPathways.txt,ProcessedData/G3Pathways/FormoseAmmPathways/515b138bcb_FormoseAmmPathways.txt,C(C(C(C)O)(C(CN)O)O)(O)=O,515b138bcb
ProcessedData/G3Pathways/FormoseAmmPathways/*C(C(C(C)O)(C(CN)O)O)=OFormoseAmmPathways.txt,ProcessedData/G3Pathways/FormoseAmmPathways/798caaac37_FormoseAmmPathways.txt,C(C(C(C)O)(C(CN)O)O)=O,798caaac37
ProcessedData/G3Pathways/FormoseAmmPathways/*C(C(C(C)O)(C(CO)N)O)=OFormoseAmmPathways.txt,ProcessedData/G3Pathways/FormoseAmmPathways/124450fa99_FormoseAmmPathways.txt,C(C(C(C)O)(C(CO)N)O)=O,124450fa99
ProcessedData/G3Pathways/FormoseAmmPathways/*C(C(C(C)O)O)(C(CO)O)=OFormoseAmmPathways.txt,ProcessedData/G3Pathways/FormoseAmmPathways/4957241694_FormoseAmmPathways.txt,C(C(C(C)O)O)(C(CO)O)=O,4957241694
ProcessedData/G3Pathways/FormoseAmmPathways/*C(C(C(C=O)O)O)(CCO)=OFormoseAmmPathways.txt,ProcessedData/G3Pathways/FormoseAmmPathways/36e6a5a2c8_FormoseAmmPathways.txt,C(C(C(C=O)O)O)(CCO)=O,36e6a5a2c8
ProcessedData/G3Pathways/FormoseAmmPathways/*C(C(C(CC(C=O)O)O)N)=OFormoseAmmPathways.txt,ProcessedData/G3Pathways/FormoseAmmPathways/a88e5d9013_FormoseAmmPathways.txt,C(C(C(CC(C=O)O)O)N)=O,a88e5d9013
ProcessedData/G3Pathways/FormoseAmmPathways/*C(C(C(CC(C=O)O)O)O)=OFormoseAmmPathways.txt,ProcessedData/G3Pathways/FormoseAmmPathways/565450ce6d_FormoseAmmPathways.txt,C(C(C(CC(C=O)O)O)O)=O,565450ce6d
ProcessedData/G3Pathways/FormoseAmmPathways/*C(C(C(CC(CN)O)=O)O)=OFormoseAmmPathways.txt,ProcessedData/G3Pathways/FormoseAmmPathways/95181d2468_FormoseAmmPathways.txt,C(C(C(CC(CN)O)=O)O)=O,95181d2468
ProcessedData/G3Pathways/FormoseAmmPathways/*C(C(C(CC(CO)=O)O)O)=OFormoseAmmPathways.txt,ProcessedData/G3Pathways/FormoseAmmPathways/4d0e9702ef_FormoseAmmPathways.txt,C(C(C(CC(CO)=O)O)O)=O,4d0e9702ef
ProcessedData/G3Pathways/FormoseAmmPathways/*C(C(C(CC(CO)O)=O)O)=OFormoseAmmPathways.txt,ProcessedData/G3Pathways/FormoseAmmPathways/ef0a822f72_FormoseAmmPathways.txt,C(C(C(CC(CO)O)=O)O)=O,ef0a822f72
ProcessedData/G3Pathways/FormoseAmmPathways/*C(C(C(CCO)=O)(CO)O)=OFormoseAmmPathways.txt,ProcessedData/G3Pathways/FormoseAmmPathways/893b424f64_FormoseAmmPathways.txt,C(C(C(CCO)=O)(CO)O)=O,893b424f64
ProcessedData/G3Pathways/FormoseAmmPathways/*C(C(C(CCO)=O)O)(O)=OFormoseAmmPathways.txt,ProcessedData/G3Pathways/FormoseAmmPathways/2ecf7f4e37_FormoseAmmPathways.txt,C(C(C(CCO)=O)O)(O)=O,2ecf7f4e37
ProcessedData/G3Pathways/FormoseAmmPathways/*C(C(C(CN)(C(CN)O)O)O)OFormoseAmmPathways.txt,ProcessedData/G3Pathways/FormoseAmmPathways/e8f42e3e40_FormoseAmmPathways.txt,C(C(C(CN)(C(CN)O)O)O)O,e8f42e3e40
ProcessedData/G3Pathways/FormoseAmmPathways/*C(C(C(CN)(C(CO)O)O)O)=OFormoseAmmPathways.txt,ProcessedData/G3Pathways/FormoseAmmPathways/f2cbb522ba_FormoseAmmPathways.txt,C(C(C(CN)(C(CO)O)O)O)=O,f2cbb522ba
ProcessedData/G3Pathways/FormoseAmmPathways/*C(C(C(CN)(C(CO)O)O)O)OFormoseAmmPathways.txt,ProcessedData/G3Pathways/FormoseAmmPathways/7f6f277cb5_FormoseAmmPathways.txt,C(C(C(CN)(C(CO)O)O)O)O,7f6f277cb5
ProcessedData/G3Pathways/FormoseAmmPathways/*C(C(C(CN)=O)C(CO)O)=OFormoseAmmPathways.txt,ProcessedData/G3Pathways/FormoseAmmPathways/668284791e_FormoseAmmPathways.txt,C(C(C(CN)=O)C(CO)O)=O,668284791e
ProcessedData/G3Pathways/FormoseAmmPathways/*C(C(C(CN)N)O)OFormoseAmmPathways.txt,ProcessedData/G3Pathways/FormoseAmmPathways/cd9c44a339_FormoseAmmPathways.txt,C(C(C(CN)N)O)O,cd9c44a339
ProcessedData/G3Pathways/FormoseAmmPathways/*C(C(C(CN)O)(C(CN)O)O)(O)=OFormoseAmmPathways.txt,ProcessedData/G3Pathways/FormoseAmmPathways/ca23089ba9_FormoseAmmPathways.txt,C(C(C(CN)O)(C(CN)O)O)(O)=O,ca23089ba9
ProcessedData/G3Pathways/FormoseAmmPathways/*C(C(C(CN)O)(C(CN)O)O)=OFormoseAmmPathways.txt,ProcessedData/G3Pathways/FormoseAmmPathways/f370736431_FormoseAmmPathways.txt,C(C(C(CN)O)(C(CN)O)O)=O,f370736431
ProcessedData/G3Pathways/FormoseAmmPathways/*C(C(C(CN)O)(C(CO)N)O)=OFormoseAmmPathways.txt,ProcessedData/G3Pathways/FormoseAmmPathways/5ed10fef47_FormoseAmmPathways.txt,C(C(C(CN)O)(C(CO)N)O)=O,5ed10fef47
ProcessedData/G3Pathways/FormoseAmmPathways/*C(C(C(CN)O)(CC=O)O)=OFormoseAmmPathways.txt,ProcessedData/G3Pathways/FormoseAmmPathways/c0a2535f40_FormoseAmmPathways.txt,C(C(C(CN)O)(CC=O)O)=O,c0a2535f40
ProcessedData/G3Pathways/FormoseAmmPathways/*C(C(C(CN)O)C(C=O)O)=OFormoseAmmPathways.txt,ProcessedData/G3Pathways/FormoseAmmPathways/c46e157535_FormoseAmmPathways.txt,C(C(C(CN)O)C(C=O)O)=O,c46e157535
ProcessedData/G3Pathways/FormoseAmmPathways/*C(C(C(CN)O)N)OFormoseAmmPathways.txt,ProcessedData/G3Pathways/FormoseAmmPathways/bf06855190_FormoseAmmPathways.txt,C(C(C(CN)O)N)O,bf06855190
ProcessedData/G3Pathways/FormoseAmmPathways/*C(C(C(CN)O)O)(C(CO)O)=OFormoseAmmPathways.txt,ProcessedData/G3Pathways/FormoseAmmPathways/74e304848e_FormoseAmmPathways.txt,C(C(C(CN)O)O)(C(CO)O)=O,74e304848e
ProcessedData/G3Pathways/FormoseAmmPathways/*C(C(C(CN)O)O)(O)=OFormoseAmmPathways.txt,ProcessedData/G3Pathways/FormoseAmmPathways/cd723f92f5_FormoseAmmPathways.txt,C(C(C(CN)O)O)(O)=O,cd723f92f5
ProcessedData/G3Pathways/FormoseAmmPathways/*C(C(C(CN)O)O)=OFormoseAmmPathways.txt,ProcessedData/G3Pathways/FormoseAmmPathways/759e61526a_FormoseAmmPathways.txt,C(C(C(CN)O)O)=O,759e61526a
ProcessedData/G3Pathways/FormoseAmmPathways/*C(C(C(CN)O)O)NFormoseAmmPathways.txt,ProcessedData/G3Pathways/FormoseAmmPathways/1581b740f2_FormoseAmmPathways.txt,C(C(C(CN)O)O)N,1581b740f2
ProcessedData/G3Pathways/FormoseAmmPathways/*C(C(C(CN)O)O)OFormoseAmmPathways.txt,ProcessedData/G3Pathways/FormoseAmmPathways/3a31e67209_FormoseAmmPathways.txt,C(C(C(CN)O)O)O,3a31e67209
ProcessedData/G3Pathways/FormoseAmmPathways/*C(C(C(CNCC=O)O)O)(O)=OFormoseAmmPathways.txt,ProcessedData/G3Pathways/FormoseAmmPathways/c9656ab4af_FormoseAmmPathways.txt,C(C(C(CNCC=O)O)O)(O)=O,c9656ab4af
ProcessedData/G3Pathways/FormoseAmmPathways/*C(C(C(CNCC=O)O)O)=OFormoseAmmPathways.txt,ProcessedData/G3Pathways/FormoseAmmPathways/0544d0cc87_FormoseAmmPathways.txt,C(C(C(CNCC=O)O)O)=O,0544d0cc87
ProcessedData/G3Pathways/FormoseAmmPathways/*C(C(C(CO)(CN)O)O)=OFormoseAmmPathways.txt,ProcessedData/G3Pathways/FormoseAmmPathways/fc134d7463_FormoseAmmPathways.txt,C(C(C(CO)(CN)O)O)=O,fc134d7463
ProcessedData/G3Pathways/FormoseAmmPathways/*C(C(C(CO)(CO)O)O)=OFormoseAmmPathways.txt,ProcessedData/G3Pathways/FormoseAmmPathways/8ac17f3ab4_FormoseAmmPathways.txt,C(C(C(CO)(CO)O)O)=O,8ac17f3ab4
ProcessedData/G3Pathways/FormoseAmmPathways/*C(C(C(CO)=O)C(CN)O)=OFormoseAmmPathways.txt,ProcessedData/G3Pathways/FormoseAmmPathways/d68d285acf_FormoseAmmPathways.txt,C(C(C(CO)=O)C(CN)O)=O,d68d285acf
ProcessedData/G3Pathways/FormoseAmmPathways/*C(C(C(CO)=O)C(CO)O)=OFormoseAmmPathways.txt,ProcessedData/G3Pathways/FormoseAmmPathways/417f25ddda_FormoseAmmPathways.txt,C(C(C(CO)=O)C(CO)O)=O,417f25ddda
ProcessedData/G3Pathways/FormoseAmmPathways/*C(C(C(CO)C(CN)O)=O)=OFormoseAmmPathways.txt,ProcessedData/G3Pathways/FormoseAmmPathways/78b2d5aa91_FormoseAmmPathways.txt,C(C(C(CO)C(CN)O)=O)=O,78b2d5aa91
ProcessedData/G3Pathways/FormoseAmmPathways/*C(C(C(CO)C(CO)O)=O)=OFormoseAmmPathways.txt,ProcessedData/G3Pathways/FormoseAmmPathways/6c29bfb52d_FormoseAmmPathways.txt,C(C(C(CO)C(CO)O)=O)=O,6c29bfb52d
ProcessedData/G3Pathways/FormoseAmmPathways/*C(C(C(CO)N)O)(O)=OFormoseAmmPathways.txt,ProcessedData/G3Pathways/FormoseAmmPathways/2982e1057d_FormoseAmmPathways.txt,C(C(C(CO)N)O)(O)=O,2982e1057d
ProcessedData/G3Pathways/FormoseAmmPathways/*C(C(C(CO)N)O)=OFormoseAmmPathways.txt,ProcessedData/G3Pathways/FormoseAmmPathways/71b5312993_FormoseAmmPathways.txt,C(C(C(CO)N)O)=O,71b5312993
ProcessedData/G3Pathways/FormoseAmmPathways/*C(C(C(CO)NCC(O)=O)O)=OFormoseAmmPathways.txt,ProcessedData/G3Pathways/FormoseAmmPathways/f9a1ef66ff_FormoseAmmPathways.txt,C(C(C(CO)NCC(O)=O)O)=O,f9a1ef66ff
ProcessedData/G3Pathways/FormoseAmmPathways/*C(C(C(CO)NCC=O)O)(O)=OFormoseAmmPathways.txt,ProcessedData/G3Pathways/FormoseAmmPathways/d0f4a319d1_FormoseAmmPathways.txt,C(C(C(CO)NCC=O)O)(O)=O,d0f4a319d1
ProcessedData/G3Pathways/FormoseAmmPathways/*C(C(C(CO)NCCO)O)(O)=OFormoseAmmPathways.txt,ProcessedData/G3Pathways/FormoseAmmPathways/1ecf898e4b_FormoseAmmPathways.txt,C(C(C(CO)NCCO)O)(O)=O,1ecf898e4b
ProcessedData/G3Pathways/FormoseAmmPathways/*C(C(C(CO)NCCO)O)=OFormoseAmmPathways.txt,ProcessedData/G3Pathways/FormoseAmmPathways/7dc6dd90df_FormoseAmmPathways.txt,C(C(C(CO)NCCO)O)=O,7dc6dd90df
ProcessedData/G3Pathways/FormoseAmmPathways/*C(C(C(CO)O)(C(C)O)O)=OFormoseAmmPathways.txt,ProcessedData/G3Pathways/FormoseAmmPathways/4a5b5d75cc_FormoseAmmPathways.txt,C(C(C(CO)O)(C(C)O)O)=O,4a5b5d75cc
ProcessedData/G3Pathways/FormoseAmmPathways/*C(C(C(CO)O)(C(CN)O)O)=OFormoseAmmPathways.txt,ProcessedData/G3Pathways/FormoseAmmPathways/4f698e14c1_FormoseAmmPathways.txt,C(C(C(CO)O)(C(CN)O)O)=O,4f698e14c1
ProcessedData/G3Pathways/FormoseAmmPathways/*C(C(C(CO)O)(C(CN)O)O)OFormoseAmmPathways.txt,ProcessedData/G3Pathways/FormoseAmmPathways/59341d670d_FormoseAmmPathways.txt,C(C(C(CO)O)(C(CN)O)O)O,59341d670d
ProcessedData/G3Pathways/FormoseAmmPathways/*C(C(C(CO)O)(C(CO)N)O)=OFormoseAmmPathways.txt,ProcessedData/G3Pathways/FormoseAmmPathways/68e4d37642_FormoseAmmPathways.txt,C(C(C(CO)O)(C(CO)N)O)=O,68e4d37642
ProcessedData/G3Pathways/FormoseAmmPathways/*C(C(C(CO)O)(CC=O)O)=OFormoseAmmPathways.txt,ProcessedData/G3Pathways/FormoseAmmPathways/0fd9156a19_FormoseAmmPathways.txt,C(C(C(CO)O)(CC=O)O)=O,0fd9156a19
ProcessedData/G3Pathways/FormoseAmmPathways/*C(C(C(CO)O)C(C=O)O)=OFormoseAmmPathways.txt,ProcessedData/G3Pathways/FormoseAmmPathways/eef2399fa0_FormoseAmmPathways.txt,C(C(C(CO)O)C(C=O)O)=O,eef2399fa0
ProcessedData/G3Pathways/FormoseAmmPathways/*C(C(C(CO)O)N)(O)=OFormoseAmmPathways.txt,ProcessedData/G3Pathways/FormoseAmmPathways/b86f7cf87e_FormoseAmmPathways.txt,C(C(C(CO)O)N)(O)=O,b86f7cf87e
ProcessedData/G3Pathways/FormoseAmmPathways/*C(C(C(CO)O)N)=OFormoseAmmPathways.txt,ProcessedData/G3Pathways/FormoseAmmPathways/0b8ba3babe_FormoseAmmPathways.txt,C(C(C(CO)O)N)=O,0b8ba3babe
ProcessedData/G3Pathways/FormoseAmmPathways/*C(C(C(CO)O)N)OFormoseAmmPathways.txt,ProcessedData/G3Pathways/FormoseAmmPathways/d80f117c3f_FormoseAmmPathways.txt,C(C(C(CO)O)N)O,d80f117c3f
ProcessedData/G3Pathways/FormoseAmmPathways/*C(C(C(CO)O)NCC(O)=O)=OFormoseAmmPathways.txt,ProcessedData/G3Pathways/FormoseAmmPathways/665805e072_FormoseAmmPathways.txt,C(C(C(CO)O)NCC(O)=O)=O,665805e072
ProcessedData/G3Pathways/FormoseAmmPathways/*C(C(C(CO)O)NCCO)=OFormoseAmmPathways.txt,ProcessedData/G3Pathways/FormoseAmmPathways/c719526f46_FormoseAmmPathways.txt,C(C(C(CO)O)NCCO)=O,c719526f46
ProcessedData/G3Pathways/FormoseAmmPathways/*C(C(C(CO)O)O)(O)=OFormoseAmmPathways.txt,ProcessedData/G3Pathways/FormoseAmmPathways/98bd3e59b7_FormoseAmmPathways.txt,C(C(C(CO)O)O)(O)=O,98bd3e59b7
ProcessedData/G3Pathways/FormoseAmmPathways/*C(C(C(CO)O)O)OFormoseAmmPathways.txt,ProcessedData/G3Pathways/FormoseAmmPathways/bb1975f631_FormoseAmmPathways.txt,C(C(C(CO)O)O)O,bb1975f631
ProcessedData/G3Pathways/FormoseAmmPathways/*C(C(C)(C(C(CN)=O)O)O)=OFormoseAmmPathways.txt,ProcessedData/G3Pathways/FormoseAmmPathways/a6d536393e_FormoseAmmPathways.txt,C(C(C)(C(C(CN)=O)O)O)=O,a6d536393e
ProcessedData/G3Pathways/FormoseAmmPathways/*C(C(C)(C(C(CO)=O)O)O)=OFormoseAmmPathways.txt,ProcessedData/G3Pathways/FormoseAmmPathways/ba15f24a22_FormoseAmmPathways.txt,C(C(C)(C(C(CO)=O)O)O)=O,ba15f24a22
ProcessedData/G3Pathways/FormoseAmmPathways/*C(C(C)(C(C=O)(CN)O)O)=OFormoseAmmPathways.txt,ProcessedData/G3Pathways/FormoseAmmPathways/1d17c09b79_FormoseAmmPathways.txt,C(C(C)(C(C=O)(CN)O)O)=O,1d17c09b79
ProcessedData/G3Pathways/FormoseAmmPathways/*C(C(C=O)C(C(CO)O)O)=OFormoseAmmPathways.txt,ProcessedData/G3Pathways/FormoseAmmPathways/1f349d78e5_FormoseAmmPathways.txt,C(C(C=O)C(C(CO)O)O)=O,1f349d78e5
ProcessedData/G3Pathways/FormoseAmmPathways/*C(C(CC(C(CN)O)O)=O)=OFormoseAmmPathways.txt,ProcessedData/G3Pathways/FormoseAmmPathways/332bec2115_FormoseAmmPathways.txt,C(C(CC(C(CN)O)O)=O)=O,332bec2115
ProcessedData/G3Pathways/FormoseAmmPathways/*C(C(CC(C(CO)N)O)=O)=OFormoseAmmPathways.txt,ProcessedData/G3Pathways/FormoseAmmPathways/9027892faf_FormoseAmmPathways.txt,C(C(CC(C(CO)N)O)=O)=O,9027892faf
ProcessedData/G3Pathways/FormoseAmmPathways/*C(C(CC(C(CO)O)O)=O)=OFormoseAmmPathways.txt,ProcessedData/G3Pathways/FormoseAmmPathways/9699ce9c0c_FormoseAmmPathways.txt,C(C(CC(C(CO)O)O)=O)=O,9699ce9c0c
ProcessedData/G3Pathways/FormoseAmmPathways/*C(C(CC(CO)=O)O)(O)=OFormoseAmmPathways.txt,ProcessedData/G3Pathways/FormoseAmmPathways/893a621fc6_FormoseAmmPathways.txt,C(C(CC(CO)=O)O)(O)=O,893a621fc6
ProcessedData/G3Pathways/FormoseAmmPathways/*C(C(CC(CO)O)=O)(O)=OFormoseAmmPathways.txt,ProcessedData/G3Pathways/FormoseAmmPathways/777eeea1be_FormoseAmmPathways.txt,C(C(CC(CO)O)=O)(O)=O,777eeea1be
ProcessedData/G3Pathways/FormoseAmmPathways/*C(C(CCO)(C(C=O)O)O)=OFormoseAmmPathways.txt,ProcessedData/G3Pathways/FormoseAmmPathways/80edd417c8_FormoseAmmPathways.txt,C(C(CCO)(C(C=O)O)O)=O,80edd417c8
ProcessedData/G3Pathways/FormoseAmmPathways/*C(C(CCO)O)(O)=OFormoseAmmPathways.txt,ProcessedData/G3Pathways/FormoseAmmPathways/8b18073317_FormoseAmmPathways.txt,C(C(CCO)O)(O)=O,8b18073317
ProcessedData/G3Pathways/FormoseAmmPathways/*C(C(CN)(C(C(C)=O)O)O)=OFormoseAmmPathways.txt,ProcessedData/G3Pathways/FormoseAmmPathways/83b04fc778_FormoseAmmPathways.txt,C(C(CN)(C(C(C)=O)O)O)=O,83b04fc778
ProcessedData/G3Pathways/FormoseAmmPathways/*C(C(CN)(C(C(CN)O)O)O)=OFormoseAmmPathways.txt,ProcessedData/G3Pathways/FormoseAmmPathways/86cc8a3bb8_FormoseAmmPathways.txt,C(C(CN)(C(C(CN)O)O)O)=O,86cc8a3bb8
ProcessedData/G3Pathways/FormoseAmmPathways/*C(C(CN)(C(C(CO)N)O)O)=OFormoseAmmPathways.txt,ProcessedData/G3Pathways/FormoseAmmPathways/dc2df49a99_FormoseAmmPathways.txt,C(C(CN)(C(C(CO)N)O)O)=O,dc2df49a99
ProcessedData/G3Pathways/FormoseAmmPathways/*C(C(CN)(C(C(CO)O)O)O)=OFormoseAmmPathways.txt,ProcessedData/G3Pathways/FormoseAmmPathways/cc1e612922_FormoseAmmPathways.txt,C(C(CN)(C(C(CO)O)O)O)=O,cc1e612922
ProcessedData/G3Pathways/FormoseAmmPathways/*C(C(CN)(C(C(CO)O)O)O)OFormoseAmmPathways.txt,ProcessedData/G3Pathways/FormoseAmmPathways/7153950435_FormoseAmmPathways.txt,C(C(CN)(C(C(CO)O)O)O)O,7153950435
ProcessedData/G3Pathways/FormoseAmmPathways/*C(C(CN)(C(C)O)O)=OFormoseAmmPathways.txt,ProcessedData/G3Pathways/FormoseAmmPathways/cae0d39403_FormoseAmmPathways.txt,C(C(CN)(C(C)O)O)=O,cae0d39403
ProcessedData/G3Pathways/FormoseAmmPathways/*C(C(CN)(C(CN)O)O)=OFormoseAmmPathways.txt,ProcessedData/G3Pathways/FormoseAmmPathways/e6ec8e9e31_FormoseAmmPathways.txt,C(C(CN)(C(CN)O)O)=O,e6ec8e9e31
ProcessedData/G3Pathways/FormoseAmmPathways/*C(C(CN)(C(CN)O)O)OFormoseAmmPathways.txt,ProcessedData/G3Pathways/FormoseAmmPathways/482b92f5ea_FormoseAmmPathways.txt,C(C(CN)(C(CN)O)O)O,482b92f5ea
ProcessedData/G3Pathways/FormoseAmmPathways/*C(C(CN)(C(CO)(CN)O)O)=OFormoseAmmPathways.txt,ProcessedData/G3Pathways/FormoseAmmPathways/f98d5cdf58_FormoseAmmPathways.txt,C(C(CN)(C(CO)(CN)O)O)=O,f98d5cdf58
ProcessedData/G3Pathways/FormoseAmmPathways/*C(C(CN)(C(CO)(CO)O)O)=OFormoseAmmPathways.txt,ProcessedData/G3Pathways/FormoseAmmPathways/874f58fb86_FormoseAmmPathways.txt,C(C(CN)(C(CO)(CO)O)O)=O,874f58fb86
ProcessedData/G3Pathways/FormoseAmmPathways/*C(C(CN)(C(CO)O)O)=OFormoseAmmPathways.txt,ProcessedData/G3Pathways/FormoseAmmPathways/7d66ae45e6_FormoseAmmPathways.txt,C(C(CN)(C(CO)O)O)=O,7d66ae45e6
ProcessedData/G3Pathways/FormoseAmmPathways/*C(C(CN)(C(CO)O)O)OFormoseAmmPathways.txt,ProcessedData/G3Pathways/FormoseAmmPathways/1c24a02f5f_FormoseAmmPathways.txt,C(C(CN)(C(CO)O)O)O,1c24a02f5f
ProcessedData/G3Pathways/FormoseAmmPathways/*C(C(CN)N)OFormoseAmmPathways.txt,ProcessedData/G3Pathways/FormoseAmmPathways/69f08b3367_FormoseAmmPathways.txt,C(C(CN)N)O,69f08b3367
ProcessedData/G3Pathways/FormoseAmmPathways/*C(C(CN)O)(O)=OFormoseAmmPathways.txt,ProcessedData/G3Pathways/FormoseAmmPathways/87e9d8b23e_FormoseAmmPathways.txt,C(C(CN)O)(O)=O,87e9d8b23e
ProcessedData/G3Pathways/FormoseAmmPathways/*C(C(CN)O)NFormoseAmmPathways.txt,ProcessedData/G3Pathways/FormoseAmmPathways/fcabf0320c_FormoseAmmPathways.txt,C(C(CN)O)N,fcabf0320c
ProcessedData/G3Pathways/FormoseAmmPathways/*C(C(CN)O)OFormoseAmmPathways.txt,ProcessedData/G3Pathways/FormoseAmmPathways/21ce83c459_FormoseAmmPathways.txt,C(C(CN)O)O,21ce83c459
ProcessedData/G3Pathways/FormoseAmmPathways/*C(C(CNCC(C=O)O)O)(O)=OFormoseAmmPathways.txt,ProcessedData/G3Pathways/FormoseAmmPathways/9f53ae779d_FormoseAmmPathways.txt,C(C(CNCC(C=O)O)O)(O)=O,9f53ae779d
ProcessedData/G3Pathways/FormoseAmmPathways/*C(C(CNCC(C=O)O)O)=OFormoseAmmPathways.txt,ProcessedData/G3Pathways/FormoseAmmPathways/c68045cc73_FormoseAmmPathways.txt,C(C(CNCC(C=O)O)O)=O,c68045cc73
ProcessedData/G3Pathways/FormoseAmmPathways/*C(C(CNCC(CO)=O)O)(O)=OFormoseAmmPathways.txt,ProcessedData/G3Pathways/FormoseAmmPathways/51d7c51ee8_FormoseAmmPathways.txt,C(C(CNCC(CO)=O)O)(O)=O,51d7c51ee8
ProcessedData/G3Pathways/FormoseAmmPathways/*C(C(CNCC(CO)=O)O)=OFormoseAmmPathways.txt,ProcessedData/G3Pathways/FormoseAmmPathways/b7b18e8643_FormoseAmmPathways.txt,C(C(CNCC(CO)=O)O)=O,b7b18e8643
ProcessedData/G3Pathways/FormoseAmmPathways/*C(C(CNCC(O)=O)O)(O)=OFormoseAmmPathways.txt,ProcessedData/G3Pathways/FormoseAmmPathways/daf8a84094_FormoseAmmPathways.txt,C(C(CNCC(O)=O)O)(O)=O,daf8a84094
ProcessedData/G3Pathways/FormoseAmmPathways/*C(C(CNCC(O)=O)O)=OFormoseAmmPathways.txt,ProcessedData/G3Pathways/FormoseAmmPathways/eac0d19687_FormoseAmmPathways.txt,C(C(CNCC(O)=O)O)=O,eac0d19687
ProcessedData/G3Pathways/FormoseAmmPathways/*C(C(CNCC=O)O)(O)=OFormoseAmmPathways.txt,ProcessedData/G3Pathways/FormoseAmmPathways/ec2fcdd83d_FormoseAmmPathways.txt,C(C(CNCC=O)O)(O)=O,ec2fcdd83d
ProcessedData/G3Pathways/FormoseAmmPathways/*C(C(CNCCN)O)=OFormoseAmmPathways.txt,ProcessedData/G3Pathways/FormoseAmmPathways/c81870f825_FormoseAmmPathways.txt,C(C(CNCCN)O)=O,c81870f825
ProcessedData/G3Pathways/FormoseAmmPathways/*C(C(CNCCO)N)=OFormoseAmmPathways.txt,ProcessedData/G3Pathways/FormoseAmmPathways/d83e47f5b4_FormoseAmmPathways.txt,C(C(CNCCO)N)=O,d83e47f5b4
ProcessedData/G3Pathways/FormoseAmmPathways/*C(C(CNCCO)O)(O)=OFormoseAmmPathways.txt,ProcessedData/G3Pathways/FormoseAmmPathways/7a732a7627_FormoseAmmPathways.txt,C(C(CNCCO)O)(O)=O,7a732a7627
ProcessedData/G3Pathways/FormoseAmmPathways/*C(C(CNCCO)O)=OFormoseAmmPathways.txt,ProcessedData/G3Pathways/FormoseAmmPathways/f0e6c017ed_FormoseAmmPathways.txt,C(C(CNCCO)O)=O,f0e6c017ed
ProcessedData/G3Pathways/FormoseAmmPathways/*C(C(CO)(C(C(C)=O)O)O)=OFormoseAmmPathways.txt,ProcessedData/G3Pathways/FormoseAmmPathways/a1ed496d57_FormoseAmmPathways.txt,C(C(CO)(C(C(C)=O)O)O)=O,a1ed496d57
ProcessedData/G3Pathways/FormoseAmmPathways/*C(C(CO)(C(C(CN)O)O)O)=OFormoseAmmPathways.txt,ProcessedData/G3Pathways/FormoseAmmPathways/2dfa3f6039_FormoseAmmPathways.txt,C(C(CO)(C(C(CN)O)O)O)=O,2dfa3f6039
ProcessedData/G3Pathways/FormoseAmmPathways/*C(C(CO)(C(C(CO)N)O)O)=OFormoseAmmPathways.txt,ProcessedData/G3Pathways/FormoseAmmPathways/22ba8c54ac_FormoseAmmPathways.txt,C(C(CO)(C(C(CO)N)O)O)=O,22ba8c54ac
ProcessedData/G3Pathways/FormoseAmmPathways/*C(C(CO)(C(C)O)N)=OFormoseAmmPathways.txt,ProcessedData/G3Pathways/FormoseAmmPathways/76fa5f3cf6_FormoseAmmPathways.txt,C(C(CO)(C(C)O)N)=O,76fa5f3cf6
ProcessedData/G3Pathways/FormoseAmmPathways/*C(C(CO)(C(C)O)O)(O)=OFormoseAmmPathways.txt,ProcessedData/G3Pathways/FormoseAmmPathways/f4f74f46e3_FormoseAmmPathways.txt,C(C(CO)(C(C)O)O)(O)=O,f4f74f46e3
ProcessedData/G3Pathways/FormoseAmmPathways/*C(C(CO)(C(C)O)O)=OFormoseAmmPathways.txt,ProcessedData/G3Pathways/FormoseAmmPathways/d7977832cd_FormoseAmmPathways.txt,C(C(CO)(C(C)O)O)=O,d7977832cd
ProcessedData/G3Pathways/FormoseAmmPathways/*C(C(CO)(C(C=O)(C)O)O)=OFormoseAmmPathways.txt,ProcessedData/G3Pathways/FormoseAmmPathways/741068a3d1_FormoseAmmPathways.txt,C(C(CO)(C(C=O)(C)O)O)=O,741068a3d1
ProcessedData/G3Pathways/FormoseAmmPathways/*C(C(CO)(C(CC=O)O)O)=OFormoseAmmPathways.txt,ProcessedData/G3Pathways/FormoseAmmPathways/6d8b4bd09f_FormoseAmmPathways.txt,C(C(CO)(C(CC=O)O)O)=O,6d8b4bd09f
ProcessedData/G3Pathways/FormoseAmmPathways/*C(C(CO)(C(CN)O)O)(O)=OFormoseAmmPathways.txt,ProcessedData/G3Pathways/FormoseAmmPathways/c9fff6e3c3_FormoseAmmPathways.txt,C(C(CO)(C(CN)O)O)(O)=O,c9fff6e3c3
ProcessedData/G3Pathways/FormoseAmmPathways/*C(C(CO)(C(CN)O)O)=OFormoseAmmPathways.txt,ProcessedData/G3Pathways/FormoseAmmPathways/36e76547cd_FormoseAmmPathways.txt,C(C(CO)(C(CN)O)O)=O,36e76547cd
ProcessedData/G3Pathways/FormoseAmmPathways/*C(C(CO)(C(CN)O)O)OFormoseAmmPathways.txt,ProcessedData/G3Pathways/FormoseAmmPathways/c237c56eca_FormoseAmmPathways.txt,C(C(CO)(C(CN)O)O)O,c237c56eca
ProcessedData/G3Pathways/FormoseAmmPathways/*C(C(CO)(C(CO)(CN)O)O)=OFormoseAmmPathways.txt,ProcessedData/G3Pathways/FormoseAmmPathways/0059754b0e_FormoseAmmPathways.txt,C(C(CO)(C(CO)(CN)O)O)=O,0059754b0e
ProcessedData/G3Pathways/FormoseAmmPathways/*C(C(CO)(C(CO)N)O)=OFormoseAmmPathways.txt,ProcessedData/G3Pathways/FormoseAmmPathways/e80a7dc11b_FormoseAmmPathways.txt,C(C(CO)(C(CO)N)O)=O,e80a7dc11b
ProcessedData/G3Pathways/FormoseAmmPathways/*C(C(CO)(C(CO)O)O)=OFormoseAmmPathways.txt,ProcessedData/G3Pathways/FormoseAmmPathways/288f85c6a3_FormoseAmmPathways.txt,C(C(CO)(C(CO)O)O)=O,288f85c6a3
ProcessedData/G3Pathways/FormoseAmmPathways/*C(C(CO)(C(CO)O)O)OFormoseAmmPathways.txt,ProcessedData/G3Pathways/FormoseAmmPathways/c43d0bd8de_FormoseAmmPathways.txt,C(C(CO)(C(CO)O)O)O,c43d0bd8de
ProcessedData/G3Pathways/FormoseAmmPathways/*C(C(CO)(CC(CO)=O)O)=OFormoseAmmPathways.txt,ProcessedData/G3Pathways/FormoseAmmPathways/e17cd3d84d_FormoseAmmPathways.txt,C(C(CO)(CC(CO)=O)O)=O,e17cd3d84d
ProcessedData/G3Pathways/FormoseAmmPathways/*C(C(CO)(CN)O)=OFormoseAmmPathways.txt,ProcessedData/G3Pathways/FormoseAmmPathways/a9ba30200f_FormoseAmmPathways.txt,C(C(CO)(CN)O)=O,a9ba30200f
ProcessedData/G3Pathways/FormoseAmmPathways/*C(C(CO)(CN)O)OFormoseAmmPathways.txt,ProcessedData/G3Pathways/FormoseAmmPathways/fdbe7ec642_FormoseAmmPathways.txt,C(C(CO)(CN)O)O,fdbe7ec642
ProcessedData/G3Pathways/FormoseAmmPathways/*C(C(CO)(CNCC=O)O)=OFormoseAmmPathways.txt,ProcessedData/G3Pathways/FormoseAmmPathways/7915a493c8_FormoseAmmPathways.txt,C(C(CO)(CNCC=O)O)=O,7915a493c8
ProcessedData/G3Pathways/FormoseAmmPathways/*C(C(CO)(CO)N)=OFormoseAmmPathways.txt,ProcessedData/G3Pathways/FormoseAmmPathways/64e086d38b_FormoseAmmPathways.txt,C(C(CO)(CO)N)=O,64e086d38b
ProcessedData/G3Pathways/FormoseAmmPathways/*C(C(CO)(CO)O)(O)=OFormoseAmmPathways.txt,ProcessedData/G3Pathways/FormoseAmmPathways/dcf6921a57_FormoseAmmPathways.txt,C(C(CO)(CO)O)(O)=O,dcf6921a57
ProcessedData/G3Pathways/FormoseAmmPathways/*C(C(CO)(CO)O)=OFormoseAmmPathways.txt,ProcessedData/G3Pathways/FormoseAmmPathways/979cedda65_FormoseAmmPathways.txt,C(C(CO)(CO)O)=O,979cedda65
ProcessedData/G3Pathways/FormoseAmmPathways/*C(C(CO)(CO)O)OFormoseAmmPathways.txt,ProcessedData/G3Pathways/FormoseAmmPathways/4c38643b6a_FormoseAmmPathways.txt,C(C(CO)(CO)O)O,4c38643b6a
ProcessedData/G3Pathways/FormoseAmmPathways/*C(C(CO)N)(O)=OFormoseAmmPathways.txt,ProcessedData/G3Pathways/FormoseAmmPathways/bf28393dd0_FormoseAmmPathways.txt,C(C(CO)N)(O)=O,bf28393dd0
ProcessedData/G3Pathways/FormoseAmmPathways/*C(C(CO)N)OFormoseAmmPathways.txt,ProcessedData/G3Pathways/FormoseAmmPathways/c7587bc29a_FormoseAmmPathways.txt,C(C(CO)N)O,c7587bc29a
ProcessedData/G3Pathways/FormoseAmmPathways/*C(C(CO)NCC(C(O)=O)O)=OFormoseAmmPathways.txt,ProcessedData/G3Pathways/FormoseAmmPathways/f14c2cf529_FormoseAmmPathways.txt,C(C(CO)NCC(C(O)=O)O)=O,f14c2cf529
ProcessedData/G3Pathways/FormoseAmmPathways/*C(C(CO)NCC(O)=O)=OFormoseAmmPathways.txt,ProcessedData/G3Pathways/FormoseAmmPathways/535b172494_FormoseAmmPathways.txt,C(C(CO)NCC(O)=O)=O,535b172494
ProcessedData/G3Pathways/FormoseAmmPathways/*C(C(CO)NCCO)=OFormoseAmmPathways.txt,ProcessedData/G3Pathways/FormoseAmmPathways/67b14a62ea_FormoseAmmPathways.txt,C(C(CO)NCCO)=O,67b14a62ea
ProcessedData/G3Pathways/FormoseAmmPathways/*C(C(CO)O)(C(CO)O)=OFormoseAmmPathways.txt,ProcessedData/G3Pathways/FormoseAmmPathways/7e681e4da3_FormoseAmmPathways.txt,C(C(CO)O)(C(CO)O)=O,7e681e4da3
ProcessedData/G3Pathways/FormoseAmmPathways/*C(C(CO)O)(O)=OFormoseAmmPathways.txt,ProcessedData/G3Pathways/FormoseAmmPathways/8551c6866f_FormoseAmmPathways.txt,C(C(CO)O)(O)=O,8551c6866f
ProcessedData/G3Pathways/FormoseAmmPathways/*C(C(CO)O)OFormoseAmmPathways.txt,ProcessedData/G3Pathways/FormoseAmmPathways/22002e45d7_FormoseAmmPathways.txt,C(C(CO)O)O,22002e45d7
ProcessedData/G3Pathways/FormoseAmmPathways/*C(C)(C(C(C(CN)=O)O)O)=OFormoseAmmPathways.txt,ProcessedData/G3Pathways/FormoseAmmPathways/900f7a2d03_FormoseAmmPathways.txt,C(C)(C(C(C(CN)=O)O)O)=O,900f7a2d03
ProcessedData/G3Pathways/FormoseAmmPathways/*C(C)(C(C(C(CO)=O)O)O)=OFormoseAmmPathways.txt,ProcessedData/G3Pathways/FormoseAmmPathways/00ad249f62_FormoseAmmPathways.txt,C(C)(C(C(C(CO)=O)O)O)=O,00ad249f62
ProcessedData/G3Pathways/FormoseAmmPathways/*C(C1(CNCC1O)O)=OFormoseAmmPathways.txt,ProcessedData/G3Pathways/FormoseAmmPathways/771e7cd530_FormoseAmmPathways.txt,C(C1(CNCC1O)O)=O,771e7cd530
ProcessedData/G3Pathways/FormoseAmmPathways/*C(C1C(C(C(O)O1)O)O)OFormoseAmmPathways.txt,ProcessedData/G3Pathways/FormoseAmmPathways/8ef079143b_FormoseAmmPathways.txt,C(C1C(C(C(O)O1)O)O)O,8ef079143b
ProcessedData/G3Pathways/FormoseAmmPathways/*C(C1C(C(CN1)O)O)=OFormoseAmmPathways.txt,ProcessedData/G3Pathways/FormoseAmmPathways/50feed7978_FormoseAmmPathways.txt,C(C1C(C(CN1)O)O)=O,50feed7978
ProcessedData/G3Pathways/FormoseAmmPathways/*C(CC(C(C(C=O)N)O)O)=OFormoseAmmPathways.txt,ProcessedData/G3Pathways/FormoseAmmPathways/bdb959e1fd_FormoseAmmPathways.txt,C(CC(C(C(C=O)N)O)O)=O,bdb959e1fd
ProcessedData/G3Pathways/FormoseAmmPathways/*C(CC(C(C(C=O)O)O)O)=OFormoseAmmPathways.txt,ProcessedData/G3Pathways/FormoseAmmPathways/3e00000a69_FormoseAmmPathways.txt,C(CC(C(C(C=O)O)O)O)=O,3e00000a69
ProcessedData/G3Pathways/FormoseAmmPathways/*C(CC(C(C(CN)O)O)=O)=OFormoseAmmPathways.txt,ProcessedData/G3Pathways/FormoseAmmPathways/efee6f933c_FormoseAmmPathways.txt,C(CC(C(C(CN)O)O)=O)=O,efee6f933c
ProcessedData/G3Pathways/FormoseAmmPathways/*C(CC(C(C(CN)O)O)O)=OFormoseAmmPathways.txt,ProcessedData/G3Pathways/FormoseAmmPathways/3f213338f6_FormoseAmmPathways.txt,C(CC(C(C(CN)O)O)O)=O,3f213338f6
ProcessedData/G3Pathways/FormoseAmmPathways/*C(CC(C(C(CO)N)O)O)=OFormoseAmmPathways.txt,ProcessedData/G3Pathways/FormoseAmmPathways/e095a672a3_FormoseAmmPathways.txt,C(CC(C(C(CO)N)O)O)=O,e095a672a3
ProcessedData/G3Pathways/FormoseAmmPathways/*C(CC(C(C(CO)O)N)O)=OFormoseAmmPathways.txt,ProcessedData/G3Pathways/FormoseAmmPathways/190074b4c7_FormoseAmmPathways.txt,C(CC(C(C(CO)O)N)O)=O,190074b4c7
ProcessedData/G3Pathways/FormoseAmmPathways/*C(CC(C(C(CO)O)O)=O)=OFormoseAmmPathways.txt,ProcessedData/G3Pathways/FormoseAmmPathways/7bb6e534fb_FormoseAmmPathways.txt,C(CC(C(C(CO)O)O)=O)=O,7bb6e534fb
ProcessedData/G3Pathways/FormoseAmmPathways/*C(CC(C(C(CO)O)O)O)=OFormoseAmmPathways.txt,ProcessedData/G3Pathways/FormoseAmmPathways/f7c5db0331_FormoseAmmPathways.txt,C(CC(C(C(CO)O)O)O)=O,f7c5db0331
ProcessedData/G3Pathways/FormoseAmmPathways/*C(CC(C(C(O)=O)O)O)=OFormoseAmmPathways.txt,ProcessedData/G3Pathways/FormoseAmmPathways/6e4875796e_FormoseAmmPathways.txt,C(CC(C(C(O)=O)O)O)=O,6e4875796e
ProcessedData/G3Pathways/FormoseAmmPathways/*C(CC(C(CN)O)O)=OFormoseAmmPathways.txt,ProcessedData/G3Pathways/FormoseAmmPathways/bd5ffa81f1_FormoseAmmPathways.txt,C(CC(C(CN)O)O)=O,bd5ffa81f1
ProcessedData/G3Pathways/FormoseAmmPathways/*C(CC(C(CO)(CO)O)O)=OFormoseAmmPathways.txt,ProcessedData/G3Pathways/FormoseAmmPathways/f7380ff907_FormoseAmmPathways.txt,C(CC(C(CO)(CO)O)O)=O,f7380ff907
ProcessedData/G3Pathways/FormoseAmmPathways/*C(CC(C(CO)N)O)=OFormoseAmmPathways.txt,ProcessedData/G3Pathways/FormoseAmmPathways/0a18145bc6_FormoseAmmPathways.txt,C(CC(C(CO)N)O)=O,0a18145bc6
ProcessedData/G3Pathways/FormoseAmmPathways/*C(CC(C(CO)O)=O)(O)=OFormoseAmmPathways.txt,ProcessedData/G3Pathways/FormoseAmmPathways/ff53093aec_FormoseAmmPathways.txt,C(CC(C(CO)O)=O)(O)=O,ff53093aec
ProcessedData/G3Pathways/FormoseAmmPathways/*C(CC(C=O)O)(C(CO)O)=OFormoseAmmPathways.txt,ProcessedData/G3Pathways/FormoseAmmPathways/cfaa2effec_FormoseAmmPathways.txt,C(CC(C=O)O)(C(CO)O)=O,cfaa2effec
ProcessedData/G3Pathways/FormoseAmmPathways/*C(CC(CN)(C(CO)O)O)=OFormoseAmmPathways.txt,ProcessedData/G3Pathways/FormoseAmmPathways/ef3610339d_FormoseAmmPathways.txt,C(CC(CN)(C(CO)O)O)=O,ef3610339d
ProcessedData/G3Pathways/FormoseAmmPathways/*C(CC(CO)(C(C=O)O)O)=OFormoseAmmPathways.txt,ProcessedData/G3Pathways/FormoseAmmPathways/e7696d9cd2_FormoseAmmPathways.txt,C(CC(CO)(C(C=O)O)O)=O,e7696d9cd2
ProcessedData/G3Pathways/FormoseAmmPathways/*C(CC(CO)(C(CO)O)O)=OFormoseAmmPathways.txt,ProcessedData/G3Pathways/FormoseAmmPathways/5613eeb22d_FormoseAmmPathways.txt,C(CC(CO)(C(CO)O)O)=O,5613eeb22d
ProcessedData/G3Pathways/FormoseAmmPathways/*C(CC(CO)(CN)O)=OFormoseAmmPathways.txt,ProcessedData/G3Pathways/FormoseAmmPathways/e748f7de40_FormoseAmmPathways.txt,C(CC(CO)(CN)O)=O,e748f7de40
ProcessedData/G3Pathways/FormoseAmmPathways/*C(CC(CO)(CO)O)=OFormoseAmmPathways.txt,ProcessedData/G3Pathways/FormoseAmmPathways/cda3c2c248_FormoseAmmPathways.txt,C(CC(CO)(CO)O)=O,cda3c2c248
ProcessedData/G3Pathways/FormoseAmmPathways/*C(CN)(C(C(C(CN)O)O)O)=OFormoseAmmPathways.txt,ProcessedData/G3Pathways/FormoseAmmPathways/3a1595d3d3_FormoseAmmPathways.txt,C(CN)(C(C(C(CN)O)O)O)=O,3a1595d3d3
ProcessedData/G3Pathways/FormoseAmmPathways/*C(CN)(C(C(C(CO)N)O)O)=OFormoseAmmPathways.txt,ProcessedData/G3Pathways/FormoseAmmPathways/d07e2ada2c_FormoseAmmPathways.txt,C(CN)(C(C(C(CO)N)O)O)=O,d07e2ada2c
ProcessedData/G3Pathways/FormoseAmmPathways/*C(CN)(C(C(C(CO)O)O)O)=OFormoseAmmPathways.txt,ProcessedData/G3Pathways/FormoseAmmPathways/5d5dfbbc3b_FormoseAmmPathways.txt,C(CN)(C(C(C(CO)O)O)O)=O,5d5dfbbc3b
ProcessedData/G3Pathways/FormoseAmmPathways/*C(CN)(C(C(C)O)O)=OFormoseAmmPathways.txt,ProcessedData/G3Pathways/FormoseAmmPathways/3a194a96b2_FormoseAmmPathways.txt,C(CN)(C(C(C)O)O)=O,3a194a96b2
ProcessedData/G3Pathways/FormoseAmmPathways/*C(CN)(C(C(CN)O)O)=OFormoseAmmPathways.txt,ProcessedData/G3Pathways/FormoseAmmPathways/9b223fda70_FormoseAmmPathways.txt,C(CN)(C(C(CN)O)O)=O,9b223fda70
ProcessedData/G3Pathways/FormoseAmmPathways/*C(CN)(C(C(CO)(CN)O)O)=OFormoseAmmPathways.txt,ProcessedData/G3Pathways/FormoseAmmPathways/0ef343c5e5_FormoseAmmPathways.txt,C(CN)(C(C(CO)(CN)O)O)=O,0ef343c5e5
ProcessedData/G3Pathways/FormoseAmmPathways/*C(CN)(C(C(CO)(CO)O)O)=OFormoseAmmPathways.txt,ProcessedData/G3Pathways/FormoseAmmPathways/9b375f7510_FormoseAmmPathways.txt,C(CN)(C(C(CO)(CO)O)O)=O,9b375f7510
ProcessedData/G3Pathways/FormoseAmmPathways/*C(CN)(C(C(CO)O)O)=OFormoseAmmPathways.txt,ProcessedData/G3Pathways/FormoseAmmPathways/7d9f78999d_FormoseAmmPathways.txt,C(CN)(C(C(CO)O)O)=O,7d9f78999d
ProcessedData/G3Pathways/FormoseAmmPathways/*C(CN)(C(CN)O)=OFormoseAmmPathways.txt,ProcessedData/G3Pathways/FormoseAmmPathways/4d8ea015c3_FormoseAmmPathways.txt,C(CN)(C(CN)O)=O,4d8ea015c3
ProcessedData/G3Pathways/FormoseAmmPathways/*C(CN)(C(CNCC(O)=O)O)=OFormoseAmmPathways.txt,ProcessedData/G3Pathways/FormoseAmmPathways/4d33c40dce_FormoseAmmPathways.txt,C(CN)(C(CNCC(O)=O)O)=O,4d33c40dce
ProcessedData/G3Pathways/FormoseAmmPathways/*C(CN)(C(CNCC=O)O)=OFormoseAmmPathways.txt,ProcessedData/G3Pathways/FormoseAmmPathways/cdbdda1da3_FormoseAmmPathways.txt,C(CN)(C(CNCC=O)O)=O,cdbdda1da3
ProcessedData/G3Pathways/FormoseAmmPathways/*C(CN)(C(CNCCO)O)=OFormoseAmmPathways.txt,ProcessedData/G3Pathways/FormoseAmmPathways/fe4d9d811a_FormoseAmmPathways.txt,C(CN)(C(CNCCO)O)=O,fe4d9d811a
ProcessedData/G3Pathways/FormoseAmmPathways/*C(CN)(C(CO)O)=OFormoseAmmPathways.txt,ProcessedData/G3Pathways/FormoseAmmPathways/8b2cd0c42d_FormoseAmmPathways.txt,C(CN)(C(CO)O)=O,8b2cd0c42d
ProcessedData/G3Pathways/FormoseAmmPathways/*C(CNC(C(CO)=O)CO)(O)=OFormoseAmmPathways.txt,ProcessedData/G3Pathways/FormoseAmmPathways/d76f622820_FormoseAmmPathways.txt,C(CNC(C(CO)=O)CO)(O)=O,d76f622820
ProcessedData/G3Pathways/FormoseAmmPathways/*C(CNCC(C(CO)=O)O)(O)=OFormoseAmmPathways.txt,ProcessedData/G3Pathways/FormoseAmmPathways/d59c9e02e6_FormoseAmmPathways.txt,C(CNCC(C(CO)=O)O)(O)=O,d59c9e02e6
ProcessedData/G3Pathways/FormoseAmmPathways/*C(CNCC(C(CO)=O)O)=OFormoseAmmPathways.txt,ProcessedData/G3Pathways/FormoseAmmPathways/4ac2987012_FormoseAmmPathways.txt,C(CNCC(C(CO)=O)O)=O,4ac2987012
ProcessedData/G3Pathways/FormoseAmmPathways/*C(CNCC(CN)O)=OFormoseAmmPathways.txt,ProcessedData/G3Pathways/FormoseAmmPathways/55f4bce2cc_FormoseAmmPathways.txt,C(CNCC(CN)O)=O,55f4bce2cc
ProcessedData/G3Pathways/FormoseAmmPathways/*C(CNCC(CO)=O)(O)=OFormoseAmmPathways.txt,ProcessedData/G3Pathways/FormoseAmmPathways/7f5cd0eed2_FormoseAmmPathways.txt,C(CNCC(CO)=O)(O)=O,7f5cd0eed2
ProcessedData/G3Pathways/FormoseAmmPathways/*C(CNCC(CO)O)=OFormoseAmmPathways.txt,ProcessedData/G3Pathways/FormoseAmmPathways/0882c57d12_FormoseAmmPathways.txt,C(CNCC(CO)O)=O,0882c57d12
ProcessedData/G3Pathways/FormoseAmmPathways/*C(CNCC(O)=O)(C(CN)O)=OFormoseAmmPathways.txt,ProcessedData/G3Pathways/FormoseAmmPathways/644d39858c_FormoseAmmPathways.txt,C(CNCC(O)=O)(C(CN)O)=O,644d39858c
ProcessedData/G3Pathways/FormoseAmmPathways/*C(CNCC(O)=O)(C(CO)O)=OFormoseAmmPathways.txt,ProcessedData/G3Pathways/FormoseAmmPathways/f5544ecbc4_FormoseAmmPathways.txt,C(CNCC(O)=O)(C(CO)O)=O,f5544ecbc4
ProcessedData/G3Pathways/FormoseAmmPathways/*C(CNCCO)(C(CN)O)=OFormoseAmmPathways.txt,ProcessedData/G3Pathways/FormoseAmmPathways/237d78d9d7_FormoseAmmPathways.txt,C(CNCCO)(C(CN)O)=O,237d78d9d7
ProcessedData/G3Pathways/FormoseAmmPathways/*C(CNCCO)(C(CO)N)=OFormoseAmmPathways.txt,ProcessedData/G3Pathways/FormoseAmmPathways/53128cc702_FormoseAmmPathways.txt,C(CNCCO)(C(CO)N)=O,53128cc702
ProcessedData/G3Pathways/FormoseAmmPathways/*C(CNCCO)(C(CO)O)=OFormoseAmmPathways.txt,ProcessedData/G3Pathways/FormoseAmmPathways/cb7663241c_FormoseAmmPathways.txt,C(CNCCO)(C(CO)O)=O,cb7663241c
ProcessedData/G3Pathways/FormoseAmmPathways/*C(CNCCO)(CN)=OFormoseAmmPathways.txt,ProcessedData/G3Pathways/FormoseAmmPathways/4493669eff_FormoseAmmPathways.txt,C(CNCCO)(CN)=O,4493669eff
ProcessedData/G3Pathways/FormoseAmmPathways/*C(CO)(C(C(C(CN)O)O)O)=OFormoseAmmPathways.txt,ProcessedData/G3Pathways/FormoseAmmPathways/d2e9326c2f_FormoseAmmPathways.txt,C(CO)(C(C(C(CN)O)O)O)=O,d2e9326c2f
ProcessedData/G3Pathways/FormoseAmmPathways/*C(CO)(C(C(C(CO)N)O)O)=OFormoseAmmPathways.txt,ProcessedData/G3Pathways/FormoseAmmPathways/74060b93b4_FormoseAmmPathways.txt,C(CO)(C(C(C(CO)N)O)O)=O,74060b93b4
ProcessedData/G3Pathways/FormoseAmmPathways/*C(CO)(C(C(C)O)N)=OFormoseAmmPathways.txt,ProcessedData/G3Pathways/FormoseAmmPathways/d0cdb777df_FormoseAmmPathways.txt,C(CO)(C(C(C)O)N)=O,d0cdb777df
ProcessedData/G3Pathways/FormoseAmmPathways/*C(CO)(C(C(C)O)O)=OFormoseAmmPathways.txt,ProcessedData/G3Pathways/FormoseAmmPathways/9a0ac3b81d_FormoseAmmPathways.txt,C(CO)(C(C(C)O)O)=O,9a0ac3b81d
ProcessedData/G3Pathways/FormoseAmmPathways/*C(CO)(C(C(CN)O)O)=OFormoseAmmPathways.txt,ProcessedData/G3Pathways/FormoseAmmPathways/6e608165b8_FormoseAmmPathways.txt,C(CO)(C(C(CN)O)O)=O,6e608165b8
ProcessedData/G3Pathways/FormoseAmmPathways/*C(CO)(C(C(CO)(CN)O)O)=OFormoseAmmPathways.txt,ProcessedData/G3Pathways/FormoseAmmPathways/378b67d17f_FormoseAmmPathways.txt,C(CO)(C(C(CO)(CN)O)O)=O,378b67d17f
ProcessedData/G3Pathways/FormoseAmmPathways/*C(CO)(C(C(CO)O)O)=OFormoseAmmPathways.txt,ProcessedData/G3Pathways/FormoseAmmPathways/89d5b50c80_FormoseAmmPathways.txt,C(CO)(C(C(CO)O)O)=O,89d5b50c80
ProcessedData/G3Pathways/FormoseAmmPathways/*C(CO)(C(CN)O)=OFormoseAmmPathways.txt,ProcessedData/G3Pathways/FormoseAmmPathways/c9f8986deb_FormoseAmmPathways.txt,C(CO)(C(CN)O)=O,c9f8986deb
ProcessedData/G3Pathways/FormoseAmmPathways/*C(CO)(C(CNCCO)O)=OFormoseAmmPathways.txt,ProcessedData/G3Pathways/FormoseAmmPathways/a14c90efcf_FormoseAmmPathways.txt,C(CO)(C(CNCCO)O)=O,a14c90efcf
ProcessedData/G3Pathways/FormoseAmmPathways/*C(CO)(C(CO)(C(C)O)O)=OFormoseAmmPathways.txt,ProcessedData/G3Pathways/FormoseAmmPathways/e99ef90d9f_FormoseAmmPathways.txt,C(CO)(C(CO)(C(C)O)O)=O,e99ef90d9f
ProcessedData/G3Pathways/FormoseAmmPathways/*C(CO)(C(CO)(C(CN)O)O)=OFormoseAmmPathways.txt,ProcessedData/G3Pathways/FormoseAmmPathways/f815e9c096_FormoseAmmPathways.txt,C(CO)(C(CO)(C(CN)O)O)=O,f815e9c096
ProcessedData/G3Pathways/FormoseAmmPathways/*C(CO)(C(CO)(CO)O)=OFormoseAmmPathways.txt,ProcessedData/G3Pathways/FormoseAmmPathways/93626ea282_FormoseAmmPathways.txt,C(CO)(C(CO)(CO)O)=O,93626ea282
ProcessedData/G3Pathways/FormoseAmmPathways/*C(CO)(C(CO)N)=OFormoseAmmPathways.txt,ProcessedData/G3Pathways/FormoseAmmPathways/0cbaee66c2_FormoseAmmPathways.txt,C(CO)(C(CO)N)=O,0cbaee66c2
ProcessedData/G3Pathways/FormoseAmmPathways/*C(CO)(C(CO)NCCO)=OFormoseAmmPathways.txt,ProcessedData/G3Pathways/FormoseAmmPathways/7995551ea3_FormoseAmmPathways.txt,C(CO)(C(CO)NCCO)=O,7995551ea3
ProcessedData/G3Pathways/FormoseAmmPathways/*C(CO)(C(CO)O)=OFormoseAmmPathways.txt,ProcessedData/G3Pathways/FormoseAmmPathways/01ef7ed59a_FormoseAmmPathways.txt,C(CO)(C(CO)O)=O,01ef7ed59a
ProcessedData/G3Pathways/FormoseAmmPathways/*C(CO)(CNCCO)=OFormoseAmmPathways.txt,ProcessedData/G3Pathways/FormoseAmmPathways/f1cf55f0c7_FormoseAmmPathways.txt,C(CO)(CNCCO)=O,f1cf55f0c7
ProcessedData/G3Pathways/FormoseAmmPathways/*C1(C(C(C(CO)O1)O)O)=OFormoseAmmPathways.txt,ProcessedData/G3Pathways/FormoseAmmPathways/9cb0d92d16_FormoseAmmPathways.txt,C1(C(C(C(CO)O1)O)O)=O,9cb0d92d16
ProcessedData/G3Pathways/FormoseAmmPathways/*C1(C(C(C(CO1)O)O)O)=OFormoseAmmPathways.txt,ProcessedData/G3Pathways/FormoseAmmPathways/25d5f75589_FormoseAmmPathways.txt,C1(C(C(C(CO1)O)O)O)=O,25d5f75589
ProcessedData/G3Pathways/FormoseAmmPathways/*C1C(C(C(O)O1)(C(CN)O)O)OFormoseAmmPathways.txt,ProcessedData/G3Pathways/FormoseAmmPathways/f3cfc10c48_FormoseAmmPathways.txt,C1C(C(C(O)O1)(C(CN)O)O)O,f3cfc10c48
ProcessedData/G3Pathways/FormoseAmmPathways/*C1C(C(C(O)O1)(CO)O)OFormoseAmmPathways.txt,ProcessedData/G3Pathways/FormoseAmmPathways/4d1b941fed_FormoseAmmPathways.txt,C1C(C(C(O)O1)(CO)O)O,4d1b941fed
ProcessedData/G3Pathways/FormoseAmmPathways/*C1C(C(C(O)O1)O)OFormoseAmmPathways.txt,ProcessedData/G3Pathways/FormoseAmmPathways/3c2e92aef8_FormoseAmmPathways.txt,C1C(C(C(O)O1)O)O,3c2e92aef8
ProcessedData/G3Pathways/FormoseAmmPathways/*DeoxyriboseC(CC(C(CO)O)O)=OFormoseAmmPathways.txt,ProcessedData/G3Pathways/FormoseAmmPathways/4532c88cbf_FormoseAmmPathways.txt,DeoxyriboseC(CC(C(CO)O)O)=O,4532c88cbf
ProcessedData/G3Pathways/FormoseAmmPathways/*RiboseC(C(C(C(CO)O)O)O)=OFormoseAmmPathways.txt,ProcessedData/G3Pathways/FormoseAmmPathways/cb4b59ce29_FormoseAmmPathways.txt,RiboseC(C(C(C(CO)O)O)O)=O,cb4b59ce29
ProcessedData/G3Pathways/FormoseAmmPathways/*ThreoseC(C(C(CO)O)O)=OFormoseAmmPathways.txt,ProcessedData/G3Pathways/FormoseAmmPathways/48fd880109_FormoseAmmPathways.txt,ThreoseC(C(C(CO)O)O)=O,48fd880109
ProcessedData/G3Pathways/FormoseAmmPathways/*XyloseC1C(C(C(C(O)O1)O)O)OFormoseAmmPathways.txt,ProcessedData/G3Pathways/FormoseAmmPathways/97face7c01_FormoseAmmPathways.txt,XyloseC1C(C(C(C(O)O1)O)O)O,97face7c01
ProcessedData/G3Pathways/FormosePathways/*C(C(C(C(C(C)=O)O)O)O)=OFormosePathways.txt,ProcessedData/G3Pathways/FormosePathways/7c2a380bb1_FormosePathways.txt,C(C(C(C(C(C)=O)O)O)O)=O,7c2a380bb1
ProcessedData/G3Pathways/FormosePathways/*C(C(C(C(C)=O)O)O)(O)=OFormosePathways.txt,ProcessedData/G3Pathways/FormosePathways/85d2b8e343_FormosePathways.txt,C(C(C(C(C)=O)O)O)(O)=O,85d2b8e343
ProcessedData/G3Pathways/FormosePathways/*C(C(C(C(CO)O)=O)CO)=OFormosePathways.txt,ProcessedData/G3Pathways/FormosePathways/4d1401644c_FormosePathways.txt,C(C(C(C(CO)O)=O)CO)=O,4d1401644c
ProcessedData/G3Pathways/FormosePathways/*C(C(C(C(CO)O)O)O)OFormosePathways.txt,ProcessedData/G3Pathways/FormosePathways/ecc306bad1_FormosePathways.txt,C(C(C(C(CO)O)O)O)O,ecc306bad1
ProcessedData/G3Pathways/FormosePathways/*C(C(C(C)=O)(C(CO)O)O)=OFormosePathways.txt,ProcessedData/G3Pathways/FormosePathways/c054dfc2d4_FormosePathways.txt,C(C(C(C)=O)(C(CO)O)O)=O,c054dfc2d4
ProcessedData/G3Pathways/FormosePathways/*C(C(C(C)O)O)(C(CO)O)=OFormosePathways.txt,ProcessedData/G3Pathways/FormosePathways/4957241694_FormosePathways.txt,C(C(C(C)O)O)(C(CO)O)=O,4957241694
ProcessedData/G3Pathways/FormosePathways/*C(C(C(C=O)O)O)(CCO)=OFormosePathways.txt,ProcessedData/G3Pathways/FormosePathways/36e6a5a2c8_FormosePathways.txt,C(C(C(C=O)O)O)(CCO)=O,36e6a5a2c8
ProcessedData/G3Pathways/FormosePathways/*C(C(C(CC(C=O)O)O)O)=OFormosePathways.txt,ProcessedData/G3Pathways/FormosePathways/565450ce6d_FormosePathways.txt,C(C(C(CC(C=O)O)O)O)=O,565450ce6d
ProcessedData/G3Pathways/FormosePathways/*C(C(C(CC(CO)=O)O)O)=OFormosePathways.txt,ProcessedData/G3Pathways/FormosePathways/4d0e9702ef_FormosePathways.txt,C(C(C(CC(CO)=O)O)O)=O,4d0e9702ef
ProcessedData/G3Pathways/FormosePathways/*C(C(C(CC(CO)O)=O)O)=OFormosePathways.txt,ProcessedData/G3Pathways/FormosePathways/ef0a822f72_FormosePathways.txt,C(C(C(CC(CO)O)=O)O)=O,ef0a822f72
ProcessedData/G3Pathways/FormosePathways/*C(C(C(CCO)=O)(CO)O)=OFormosePathways.txt,ProcessedData/G3Pathways/FormosePathways/893b424f64_FormosePathways.txt,C(C(C(CCO)=O)(CO)O)=O,893b424f64
ProcessedData/G3Pathways/FormosePathways/*C(C(C(CCO)=O)O)(O)=OFormosePathways.txt,ProcessedData/G3Pathways/FormosePathways/2ecf7f4e37_FormosePathways.txt,C(C(C(CCO)=O)O)(O)=O,2ecf7f4e37
ProcessedData/G3Pathways/FormosePathways/*C(C(C(CO)(CO)O)O)=OFormosePathways.txt,ProcessedData/G3Pathways/FormosePathways/8ac17f3ab4_FormosePathways.txt,C(C(C(CO)(CO)O)O)=O,8ac17f3ab4
ProcessedData/G3Pathways/FormosePathways/*C(C(C(CO)=O)C(CO)O)=OFormosePathways.txt,ProcessedData/G3Pathways/FormosePathways/417f25ddda_FormosePathways.txt,C(C(C(CO)=O)C(CO)O)=O,417f25ddda
ProcessedData/G3Pathways/FormosePathways/*C(C(C(CO)C(CO)O)=O)=OFormosePathways.txt,ProcessedData/G3Pathways/FormosePathways/6c29bfb52d_FormosePathways.txt,C(C(C(CO)C(CO)O)=O)=O,6c29bfb52d
ProcessedData/G3Pathways/FormosePathways/*C(C(C(CO)O)(C(C)O)O)=OFormosePathways.txt,ProcessedData/G3Pathways/FormosePathways/4a5b5d75cc_FormosePathways.txt,C(C(C(CO)O)(C(C)O)O)=O,4a5b5d75cc
ProcessedData/G3Pathways/FormosePathways/*C(C(C(CO)O)(CC=O)O)=OFormosePathways.txt,ProcessedData/G3Pathways/FormosePathways/0fd9156a19_FormosePathways.txt,C(C(C(CO)O)(CC=O)O)=O,0fd9156a19
ProcessedData/G3Pathways/FormosePathways/*C(C(C(CO)O)C(C=O)O)=OFormosePathways.txt,ProcessedData/G3Pathways/FormosePathways/eef2399fa0_FormosePathways.txt,C(C(C(CO)O)C(C=O)O)=O,eef2399fa0
ProcessedData/G3Pathways/FormosePathways/*C(C(C(CO)O)O)(O)=OFormosePathways.txt,ProcessedData/G3Pathways/FormosePathways/98bd3e59b7_FormosePathways.txt,C(C(C(CO)O)O)(O)=O,98bd3e59b7
ProcessedData/G3Pathways/FormosePathways/*C(C(C(CO)O)O)OFormosePathways.txt,ProcessedData/G3Pathways/FormosePathways/bb1975f631_FormosePathways.txt,C(C(C(CO)O)O)O,bb1975f631
ProcessedData/G3Pathways/FormosePathways/*C(C(C)(C(C(CO)=O)O)O)=OFormosePathways.txt,ProcessedData/G3Pathways/FormosePathways/ba15f24a22_FormosePathways.txt,C(C(C)(C(C(CO)=O)O)O)=O,ba15f24a22
ProcessedData/G3Pathways/FormosePathways/*C(C(C=O)C(C(CO)O)O)=OFormosePathways.txt,ProcessedData/G3Pathways/FormosePathways/1f349d78e5_FormosePathways.txt,C(C(C=O)C(C(CO)O)O)=O,1f349d78e5
ProcessedData/G3Pathways/FormosePathways/*C(C(CC(C(CO)O)O)=O)=OFormosePathways.txt,ProcessedData/G3Pathways/FormosePathways/9699ce9c0c_FormosePathways.txt,C(C(CC(C(CO)O)O)=O)=O,9699ce9c0c
ProcessedData/G3Pathways/FormosePathways/*C(C(CC(CO)=O)O)(O)=OFormosePathways.txt,ProcessedData/G3Pathways/FormosePathways/893a621fc6_FormosePathways.txt,C(C(CC(CO)=O)O)(O)=O,893a621fc6
ProcessedData/G3Pathways/FormosePathways/*C(C(CC(CO)O)=O)(O)=OFormosePathways.txt,ProcessedData/G3Pathways/FormosePathways/777eeea1be_FormosePathways.txt,C(C(CC(CO)O)=O)(O)=O,777eeea1be
ProcessedData/G3Pathways/FormosePathways/*C(C(CCO)(C(C=O)O)O)=OFormosePathways.txt,ProcessedData/G3Pathways/FormosePathways/80edd417c8_FormosePathways.txt,C(C(CCO)(C(C=O)O)O)=O,80edd417c8
ProcessedData/G3Pathways/FormosePathways/*C(C(CCO)O)(O)=OFormosePathways.txt,ProcessedData/G3Pathways/FormosePathways/8b18073317_FormosePathways.txt,C(C(CCO)O)(O)=O,8b18073317
ProcessedData/G3Pathways/FormosePathways/*C(C(CO)(C(C(C)=O)O)O)=OFormosePathways.txt,ProcessedData/G3Pathways/FormosePathways/a1ed496d57_FormosePathways.txt,C(C(CO)(C(C(C)=O)O)O)=O,a1ed496d57
ProcessedData/G3Pathways/FormosePathways/*C(C(CO)(C(C)O)O)(O)=OFormosePathways.txt,ProcessedData/G3Pathways/FormosePathways/f4f74f46e3_FormosePathways.txt,C(C(CO)(C(C)O)O)(O)=O,f4f74f46e3
ProcessedData/G3Pathways/FormosePathways/*C(C(CO)(C(C)O)O)=OFormosePathways.txt,ProcessedData/G3Pathways/FormosePathways/d7977832cd_FormosePathways.txt,C(C(CO)(C(C)O)O)=O,d7977832cd
ProcessedData/G3Pathways/FormosePathways/*C(C(CO)(C(C=O)(C)O)O)=OFormosePathways.txt,ProcessedData/G3Pathways/FormosePathways/741068a3d1_FormosePathways.txt,C(C(CO)(C(C=O)(C)O)O)=O,741068a3d1
ProcessedData/G3Pathways/FormosePathways/*C(C(CO)(C(CC=O)O)O)=OFormosePathways.txt,ProcessedData/G3Pathways/FormosePathways/6d8b4bd09f_FormosePathways.txt,C(C(CO)(C(CC=O)O)O)=O,6d8b4bd09f
ProcessedData/G3Pathways/FormosePathways/*C(C(CO)(C(CO)O)O)=OFormosePathways.txt,ProcessedData/G3Pathways/FormosePathways/288f85c6a3_FormosePathways.txt,C(C(CO)(C(CO)O)O)=O,288f85c6a3
ProcessedData/G3Pathways/FormosePathways/*C(C(CO)(C(CO)O)O)OFormosePathways.txt,ProcessedData/G3Pathways/FormosePathways/c43d0bd8de_FormosePathways.txt,C(C(CO)(C(CO)O)O)O,c43d0bd8de
ProcessedData/G3Pathways/FormosePathways/*C(C(CO)(CC(CO)=O)O)=OFormosePathways.txt,ProcessedData/G3Pathways/FormosePathways/e17cd3d84d_FormosePathways.txt,C(C(CO)(CC(CO)=O)O)=O,e17cd3d84d
ProcessedData/G3Pathways/FormosePathways/*C(C(CO)(CO)O)(O)=OFormosePathways.txt,ProcessedData/G3Pathways/FormosePathways/dcf6921a57_FormosePathways.txt,C(C(CO)(CO)O)(O)=O,dcf6921a57
ProcessedData/G3Pathways/FormosePathways/*C(C(CO)(CO)O)=OFormosePathways.txt,ProcessedData/G3Pathways/FormosePathways/979cedda65_FormosePathways.txt,C(C(CO)(CO)O)=O,979cedda65
ProcessedData/G3Pathways/FormosePathways/*C(C(CO)(CO)O)OFormosePathways.txt,ProcessedData/G3Pathways/FormosePathways/4c38643b6a_FormosePathways.txt,C(C(CO)(CO)O)O,4c38643b6a
ProcessedData/G3Pathways/FormosePathways/*C(C(CO)O)(C(CO)O)=OFormosePathways.txt,ProcessedData/G3Pathways/FormosePathways/7e681e4da3_FormosePathways.txt,C(C(CO)O)(C(CO)O)=O,7e681e4da3
ProcessedData/G3Pathways/FormosePathways/*C(C(CO)O)(O)=OFormosePathways.txt,ProcessedData/G3Pathways/FormosePathways/8551c6866f_FormosePathways.txt,C(C(CO)O)(O)=O,8551c6866f
ProcessedData/G3Pathways/FormosePathways/*C(C(CO)O)OFormosePathways.txt,ProcessedData/G3Pathways/FormosePathways/22002e45d7_FormosePathways.txt,C(C(CO)O)O,22002e45d7
ProcessedData/G3Pathways/FormosePathways/*C(C)(C(C(C(CO)=O)O)O)=OFormosePathways.txt,ProcessedData/G3Pathways/FormosePathways/00ad249f62_FormosePathways.txt,C(C)(C(C(C(CO)=O)O)O)=O,00ad249f62
ProcessedData/G3Pathways/FormosePathways/*C(C1C(C(C(O)O1)O)O)OFormosePathways.txt,ProcessedData/G3Pathways/FormosePathways/8ef079143b_FormosePathways.txt,C(C1C(C(C(O)O1)O)O)O,8ef079143b
ProcessedData/G3Pathways/FormosePathways/*C(CC(C(C(C=O)O)O)O)=OFormosePathways.txt,ProcessedData/G3Pathways/FormosePathways/3e00000a69_FormosePathways.txt,C(CC(C(C(C=O)O)O)O)=O,3e00000a69
ProcessedData/G3Pathways/FormosePathways/*C(CC(C(C(CO)O)O)=O)=OFormosePathways.txt,ProcessedData/G3Pathways/FormosePathways/7bb6e534fb_FormosePathways.txt,C(CC(C(C(CO)O)O)=O)=O,7bb6e534fb
ProcessedData/G3Pathways/FormosePathways/*C(CC(C(C(CO)O)O)O)=OFormosePathways.txt,ProcessedData/G3Pathways/FormosePathways/f7c5db0331_FormosePathways.txt,C(CC(C(C(CO)O)O)O)=O,f7c5db0331
ProcessedData/G3Pathways/FormosePathways/*C(CC(C(C(O)=O)O)O)=OFormosePathways.txt,ProcessedData/G3Pathways/FormosePathways/6e4875796e_FormosePathways.txt,C(CC(C(C(O)=O)O)O)=O,6e4875796e
ProcessedData/G3Pathways/FormosePathways/*C(CC(C(CO)(CO)O)O)=OFormosePathways.txt,ProcessedData/G3Pathways/FormosePathways/f7380ff907_FormosePathways.txt,C(CC(C(CO)(CO)O)O)=O,f7380ff907
ProcessedData/G3Pathways/FormosePathways/*C(CC(C(CO)O)=O)(O)=OFormosePathways.txt,ProcessedData/G3Pathways/FormosePathways/ff53093aec_FormosePathways.txt,C(CC(C(CO)O)=O)(O)=O,ff53093aec
ProcessedData/G3Pathways/FormosePathways/*C(CC(C=O)O)(C(CO)O)=OFormosePathways.txt,ProcessedData/G3Pathways/FormosePathways/cfaa2effec_FormosePathways.txt,C(CC(C=O)O)(C(CO)O)=O,cfaa2effec
ProcessedData/G3Pathways/FormosePathways/*C(CC(CO)(C(C=O)O)O)=OFormosePathways.txt,ProcessedData/G3Pathways/FormosePathways/e7696d9cd2_FormosePathways.txt,C(CC(CO)(C(C=O)O)O)=O,e7696d9cd2
ProcessedData/G3Pathways/FormosePathways/*C(CC(CO)(C(CO)O)O)=OFormosePathways.txt,ProcessedData/G3Pathways/FormosePathways/5613eeb22d_FormosePathways.txt,C(CC(CO)(C(CO)O)O)=O,5613eeb22d
ProcessedData/G3Pathways/FormosePathways/*C(CC(CO)(CO)O)=OFormosePathways.txt,ProcessedData/G3Pathways/FormosePathways/cda3c2c248_FormosePathways.txt,C(CC(CO)(CO)O)=O,cda3c2c248
ProcessedData/G3Pathways/FormosePathways/*C(CO)(C(C(C)O)O)=OFormosePathways.txt,ProcessedData/G3Pathways/FormosePathways/9a0ac3b81d_FormosePathways.txt,C(CO)(C(C(C)O)O)=O,9a0ac3b81d
ProcessedData/G3Pathways/FormosePathways/*C(CO)(C(C(CO)O)O)=OFormosePathways.txt,ProcessedData/G3Pathways/FormosePathways/89d5b50c80_FormosePathways.txt,C(CO)(C(C(CO)O)O)=O,89d5b50c80
ProcessedData/G3Pathways/FormosePathways/*C(CO)(C(CO)(C(C)O)O)=OFormosePathways.txt,ProcessedData/G3Pathways/FormosePathways/e99ef90d9f_FormosePathways.txt,C(CO)(C(CO)(C(C)O)O)=O,e99ef90d9f
ProcessedData/G3Pathways/FormosePathways/*C(CO)(C(CO)(CO)O)=OFormosePathways.txt,ProcessedData/G3Pathways/FormosePathways/93626ea282_FormosePathways.txt,C(CO)(C(CO)(CO)O)=O,93626ea282
ProcessedData/G3Pathways/FormosePathways/*C(CO)(C(CO)O)=OFormosePathways.txt,ProcessedData/G3Pathways/FormosePathways/01ef7ed59a_FormosePathways.txt,C(CO)(C(CO)O)=O,01ef7ed59a
ProcessedData/G3Pathways/FormosePathways/*C1(C(C(C(CO)O1)O)O)=OFormosePathways.txt,ProcessedData/G3Pathways/FormosePathways/9cb0d92d16_FormosePathways.txt,C1(C(C(C(CO)O1)O)O)=O,9cb0d92d16
ProcessedData/G3Pathways/FormosePathways/*C1(C(C(C(CO1)O)O)O)=OFormosePathways.txt,ProcessedData/G3Pathways/FormosePathways/25d5f75589_FormosePathways.txt,C1(C(C(C(CO1)O)O)O)=O,25d5f75589
ProcessedData/G3Pathways/FormosePathways/*C1C(C(C(O)O1)(CO)O)OFormosePathways.txt,ProcessedData/G3Pathways/FormosePathways/4d1b941fed_FormosePathways.txt,C1C(C(C(O)O1)(CO)O)O,4d1b941fed
ProcessedData/G3Pathways/FormosePathways/*C1C(C(C(O)O1)O)OFormosePathways.txt,ProcessedData/G3Pathways/FormosePathways/3c2e92aef8_FormosePathways.txt,C1C(C(C(O)O1)O)O,3c2e92aef8
ProcessedData/G3Pathways/FormosePathways/*DeoxyriboseC(CC(C(CO)O)O)=OFormosePathways.txt,ProcessedData/G3Pathways/FormosePathways/4532c88cbf_FormosePathways.txt,DeoxyriboseC(CC(C(CO)O)O)=O,4532c88cbf
ProcessedData/G3Pathways/FormosePathways/*RiboseC(C(C(C(CO)O)O)O)=OFormosePathways.txt,ProcessedData/G3Pathways/FormosePathways/cb4b59ce29_FormosePathways.txt,RiboseC(C(C(C(CO)O)O)O)=O,cb4b59ce29
ProcessedData/G3Pathways/FormosePathways/*ThreoseC(C(C(CO)O)O)=OFormosePathways.txt,ProcessedData/G3Pathways/FormosePathways/48fd880109_FormosePathways.txt,ThreoseC(C(C(CO)O)O)=O,48fd880109
ProcessedData/G3Pathways/FormosePathways/*XyloseC1C(C(C(C(O)O1)O)O)OFormosePathways.txt,ProcessedData/G3Pathways/FormosePathways/97face7c01_FormosePathways.txt,XyloseC1C(C(C(C(O)O1)O)O)O,97face7c01
ProcessedData/G3Pathways/PyruvicAcidPathways/*C(C(C(C(C)O)C(C)O)=O)(O)=OPyruvicAcidPathways.txt,ProcessedData/G3Pathways/PyruvicAcidPathways/557ef793ae_PyruvicAcidPathways.txt,C(C(C(C(C)O)C(C)O)=O)(O)=O,557ef793ae
ProcessedData/G3Pathways/PyruvicAcidPathways/*C(C(C(C)O)C(C(O)=O)(C)O)=OPyruvicAcidPathways.txt,ProcessedData/G3Pathways/PyruvicAcidPathways/98d2d1a495_PyruvicAcidPathways.txt,C(C(C(C)O)C(C(O)=O)(C)O)=O,98d2d1a495
ProcessedData/G3Pathways/PyruvicAcidPathways/*C(C(C)(CC(CC=O)O)O)(O)=OPyruvicAcidPathways.txt,ProcessedData/G3Pathways/PyruvicAcidPathways/6955a4d047_PyruvicAcidPathways.txt,C(C(C)(CC(CC=O)O)O)(O)=O,6955a4d047
ProcessedData/G3Pathways/PyruvicAcidPathways/*C(C(CC(C)O)(CC=O)O)(O)=OPyruvicAcidPathways.txt,ProcessedData/G3Pathways/PyruvicAcidPathways/bdbbadf16f_PyruvicAcidPathways.txt,C(C(CC(C)O)(CC=O)O)(O)=O,bdbbadf16f
ProcessedData/G3Pathways/PyruvicAcidPathways/*C(C(CC(CC(C)O)O)=O)(O)=OPyruvicAcidPathways.txt,ProcessedData/G3Pathways/PyruvicAcidPathways/5aade7a9dc_PyruvicAcidPathways.txt,C(C(CC(CC(C)O)O)=O)(O)=O,5aade7a9dc
ProcessedData/G3SinglePathways/FormoseAmmPathways/*C(C(C(C(C(C)=O)O)O)O)=OFormoseAmmPathways.txt,ProcessedData/G3SinglePathways/FormoseAmmPathways/7c2a380bb1_FormoseAmmPathways.txt,C(C(C(C(C(C)=O)O)O)O)=O,7c2a380bb1
ProcessedData/G3SinglePathways/FormoseAmmPathways/*C(C(C(C(C(CN)O)O)O)O)=OFormoseAmmPathways.txt,ProcessedData/G3SinglePathways/FormoseAmmPathways/0d35fe26e9_FormoseAmmPathways.txt,C(C(C(C(C(CN)O)O)O)O)=O,0d35fe26e9
ProcessedData/G3SinglePathways/FormoseAmmPathways/*C(C(C(C(C(CN)O)O)O)O)OFormoseAmmPathways.txt,ProcessedData/G3SinglePathways/FormoseAmmPathways/03775ae817_FormoseAmmPathways.txt,C(C(C(C(C(CN)O)O)O)O)O,03775ae817
ProcessedData/G3SinglePathways/FormoseAmmPathways/*C(C(C(C(C(CO)N)O)O)N)=OFormoseAmmPathways.txt,ProcessedData/G3SinglePathways/FormoseAmmPathways/d23665b427_FormoseAmmPathways.txt,C(C(C(C(C(CO)N)O)O)N)=O,d23665b427
ProcessedData/G3SinglePathways/FormoseAmmPathways/*C(C(C(C(C(CO)N)O)O)O)=OFormoseAmmPathways.txt,ProcessedData/G3SinglePathways/FormoseAmmPathways/dbb5fdba55_FormoseAmmPathways.txt,C(C(C(C(C(CO)N)O)O)O)=O,dbb5fdba55
ProcessedData/G3SinglePathways/FormoseAmmPathways/*C(C(C(C(C(CO)O)N)O)O)=OFormoseAmmPathways.txt,ProcessedData/G3SinglePathways/FormoseAmmPathways/8f3acb0c34_FormoseAmmPathways.txt,C(C(C(C(C(CO)O)N)O)O)=O,8f3acb0c34
ProcessedData/G3SinglePathways/FormoseAmmPathways/*C(C(C(C(C(CO)O)O)N)O)=OFormoseAmmPathways.txt,ProcessedData/G3SinglePathways/FormoseAmmPathways/0e3b13d0e4_FormoseAmmPathways.txt,C(C(C(C(C(CO)O)O)N)O)=O,0e3b13d0e4
ProcessedData/G3SinglePathways/FormoseAmmPathways/*C(C(C(C(C)=O)O)O)(O)=OFormoseAmmPathways.txt,ProcessedData/G3SinglePathways/FormoseAmmPathways/85d2b8e343_FormoseAmmPathways.txt,C(C(C(C(C)=O)O)O)(O)=O,85d2b8e343
ProcessedData/G3SinglePathways/FormoseAmmPathways/*C(C(C(C(CN)O)O)N)=OFormoseAmmPathways.txt,ProcessedData/G3SinglePathways/FormoseAmmPathways/d5bc1e745b_FormoseAmmPathways.txt,C(C(C(C(CN)O)O)N)=O,d5bc1e745b
ProcessedData/G3SinglePathways/FormoseAmmPathways/*C(C(C(C(CN)O)O)O)=OFormoseAmmPathways.txt,ProcessedData/G3SinglePathways/FormoseAmmPathways/768aeb22f4_FormoseAmmPathways.txt,C(C(C(C(CN)O)O)O)=O,768aeb22f4
ProcessedData/G3SinglePathways/FormoseAmmPathways/*C(C(C(C(CN)O)O)O)OFormoseAmmPathways.txt,ProcessedData/G3SinglePathways/FormoseAmmPathways/dc1e41206a_FormoseAmmPathways.txt,C(C(C(C(CN)O)O)O)O,dc1e41206a
ProcessedData/G3SinglePathways/FormoseAmmPathways/*C(C(C(C(CO)N)O)O)=OFormoseAmmPathways.txt,ProcessedData/G3SinglePathways/FormoseAmmPathways/677d20a292_FormoseAmmPathways.txt,C(C(C(C(CO)N)O)O)=O,677d20a292
ProcessedData/G3SinglePathways/FormoseAmmPathways/*C(C(C(C(CO)O)=O)CO)=OFormoseAmmPathways.txt,ProcessedData/G3SinglePathways/FormoseAmmPathways/4d1401644c_FormoseAmmPathways.txt,C(C(C(C(CO)O)=O)CO)=O,4d1401644c
ProcessedData/G3SinglePathways/FormoseAmmPathways/*C(C(C(C(CO)O)N)O)(O)=OFormoseAmmPathways.txt,ProcessedData/G3SinglePathways/FormoseAmmPathways/06b6dc61de_FormoseAmmPathways.txt,C(C(C(C(CO)O)N)O)(O)=O,06b6dc61de
ProcessedData/G3SinglePathways/FormoseAmmPathways/*C(C(C(C(CO)O)N)O)=OFormoseAmmPathways.txt,ProcessedData/G3SinglePathways/FormoseAmmPathways/5acfb817c5_FormoseAmmPathways.txt,C(C(C(C(CO)O)N)O)=O,5acfb817c5
ProcessedData/G3SinglePathways/FormoseAmmPathways/*C(C(C(C(CO)O)O)O)=OFormoseAmmPathways.txt,ProcessedData/G3SinglePathways/FormoseAmmPathways/317630011e_FormoseAmmPathways.txt,C(C(C(C(CO)O)O)O)=O,317630011e
ProcessedData/G3SinglePathways/FormoseAmmPathways/*C(C(C(C(CO)O)O)O)OFormoseAmmPathways.txt,ProcessedData/G3SinglePathways/FormoseAmmPathways/ecc306bad1_FormoseAmmPathways.txt,C(C(C(C(CO)O)O)O)O,ecc306bad1
ProcessedData/G3SinglePathways/FormoseAmmPathways/*C(C(C(C)=O)(C(CN)O)O)=OFormoseAmmPathways.txt,ProcessedData/G3SinglePathways/FormoseAmmPathways/25d08cf6b4_FormoseAmmPathways.txt,C(C(C(C)=O)(C(CN)O)O)=O,25d08cf6b4
ProcessedData/G3SinglePathways/FormoseAmmPathways/*C(C(C(C)=O)(C(CO)O)O)=OFormoseAmmPathways.txt,ProcessedData/G3SinglePathways/FormoseAmmPathways/c054dfc2d4_FormoseAmmPathways.txt,C(C(C(C)=O)(C(CO)O)O)=O,c054dfc2d4
ProcessedData/G3SinglePathways/FormoseAmmPathways/*C(C(C(C)O)(C(CN)O)O)(O)=OFormoseAmmPathways.txt,ProcessedData/G3SinglePathways/FormoseAmmPathways/515b138bcb_FormoseAmmPathways.txt,C(C(C(C)O)(C(CN)O)O)(O)=O,515b138bcb
ProcessedData/G3SinglePathways/FormoseAmmPathways/*C(C(C(C)O)(C(CN)O)O)=OFormoseAmmPathways.txt,ProcessedData/G3SinglePathways/FormoseAmmPathways/798caaac37_FormoseAmmPathways.txt,C(C(C(C)O)(C(CN)O)O)=O,798caaac37
ProcessedData/G3SinglePathways/FormoseAmmPathways/*C(C(C(C)O)(C(CO)N)O)=OFormoseAmmPathways.txt,ProcessedData/G3SinglePathways/FormoseAmmPathways/124450fa99_FormoseAmmPathways.txt,C(C(C(C)O)(C(CO)N)O)=O,124450fa99
ProcessedData/G3SinglePathways/FormoseAmmPathways/*C(C(C(C)O)O)(C(CO)O)=OFormoseAmmPathways.txt,ProcessedData/G3SinglePathways/FormoseAmmPathways/4957241694_FormoseAmmPathways.txt,C(C(C(C)O)O)(C(CO)O)=O,4957241694
ProcessedData/G3SinglePathways/FormoseAmmPathways/*C(C(C(C=O)O)O)(CCO)=OFormoseAmmPathways.txt,ProcessedData/G3SinglePathways/FormoseAmmPathways/36e6a5a2c8_FormoseAmmPathways.txt,C(C(C(C=O)O)O)(CCO)=O,36e6a5a2c8
ProcessedData/G3SinglePathways/FormoseAmmPathways/*C(C(C(CC(C=O)O)O)N)=OFormoseAmmPathways.txt,ProcessedData/G3SinglePathways/FormoseAmmPathways/a88e5d9013_FormoseAmmPathways.txt,C(C(C(CC(C=O)O)O)N)=O,a88e5d9013
ProcessedData/G3SinglePathways/FormoseAmmPathways/*C(C(C(CC(C=O)O)O)O)=OFormoseAmmPathways.txt,ProcessedData/G3SinglePathways/FormoseAmmPathways/565450ce6d_FormoseAmmPathways.txt,C(C(C(CC(C=O)O)O)O)=O,565450ce6d
ProcessedData/G3SinglePathways/FormoseAmmPathways/*C(C(C(CC(CN)O)=O)O)=OFormoseAmmPathways.txt,ProcessedData/G3SinglePathways/FormoseAmmPathways/95181d2468_FormoseAmmPathways.txt,C(C(C(CC(CN)O)=O)O)=O,95181d2468
ProcessedData/G3SinglePathways/FormoseAmmPathways/*C(C(C(CC(CO)=O)O)O)=OFormoseAmmPathways.txt,ProcessedData/G3SinglePathways/FormoseAmmPathways/4d0e9702ef_FormoseAmmPathways.txt,C(C(C(CC(CO)=O)O)O)=O,4d0e9702ef
ProcessedData/G3SinglePathways/FormoseAmmPathways/*C(C(C(CC(CO)O)=O)O)=OFormoseAmmPathways.txt,ProcessedData/G3SinglePathways/FormoseAmmPathways/ef0a822f72_FormoseAmmPathways.txt,C(C(C(CC(CO)O)=O)O)=O,ef0a822f72
ProcessedData/G3SinglePathways/FormoseAmmPathways/*C(C(C(CCO)=O)(CO)O)=OFormoseAmmPathways.txt,ProcessedData/G3SinglePathways/FormoseAmmPathways/893b424f64_FormoseAmmPathways.txt,C(C(C(CCO)=O)(CO)O)=O,893b424f64
ProcessedData/G3SinglePathways/FormoseAmmPathways/*C(C(C(CCO)=O)O)(O)=OFormoseAmmPathways.txt,ProcessedData/G3SinglePathways/FormoseAmmPathways/2ecf7f4e37_FormoseAmmPathways.txt,C(C(C(CCO)=O)O)(O)=O,2ecf7f4e37
ProcessedData/G3SinglePathways/FormoseAmmPathways/*C(C(C(CN)(C(CN)O)O)O)OFormoseAmmPathways.txt,ProcessedData/G3SinglePathways/FormoseAmmPathways/e8f42e3e40_FormoseAmmPathways.txt,C(C(C(CN)(C(CN)O)O)O)O,e8f42e3e40
ProcessedData/G3SinglePathways/FormoseAmmPathways/*C(C(C(CN)(C(CO)O)O)O)=OFormoseAmmPathways.txt,ProcessedData/G3SinglePathways/FormoseAmmPathways/f2cbb522ba_FormoseAmmPathways.txt,C(C(C(CN)(C(CO)O)O)O)=O,f2cbb522ba
ProcessedData/G3SinglePathways/FormoseAmmPathways/*C(C(C(CN)(C(CO)O)O)O)OFormoseAmmPathways.txt,ProcessedData/G3SinglePathways/FormoseAmmPathways/7f6f277cb5_FormoseAmmPathways.txt,C(C(C(CN)(C(CO)O)O)O)O,7f6f277cb5
ProcessedData/G3SinglePathways/FormoseAmmPathways/*C(C(C(CN)=O)C(CO)O)=OFormoseAmmPathways.txt,ProcessedData/G3SinglePathways/FormoseAmmPathways/668284791e_FormoseAmmPathways.txt,C(C(C(CN)=O)C(CO)O)=O,668284791e
ProcessedData/G3SinglePathways/FormoseAmmPathways/*C(C(C(CN)N)O)OFormoseAmmPathways.txt,ProcessedData/G3SinglePathways/FormoseAmmPathways/cd9c44a339_FormoseAmmPathways.txt,C(C(C(CN)N)O)O,cd9c44a339
ProcessedData/G3SinglePathways/FormoseAmmPathways/*C(C(C(CN)O)(C(CN)O)O)(O)=OFormoseAmmPathways.txt,ProcessedData/G3SinglePathways/FormoseAmmPathways/ca23089ba9_FormoseAmmPathways.txt,C(C(C(CN)O)(C(CN)O)O)(O)=O,ca23089ba9
ProcessedData/G3SinglePathways/FormoseAmmPathways/*C(C(C(CN)O)(C(CN)O)O)=OFormoseAmmPathways.txt,ProcessedData/G3SinglePathways/FormoseAmmPathways/f370736431_FormoseAmmPathways.txt,C(C(C(CN)O)(C(CN)O)O)=O,f370736431
ProcessedData/G3SinglePathways/FormoseAmmPathways/*C(C(C(CN)O)(C(CO)N)O)=OFormoseAmmPathways.txt,ProcessedData/G3SinglePathways/FormoseAmmPathways/5ed10fef47_FormoseAmmPathways.txt,C(C(C(CN)O)(C(CO)N)O)=O,5ed10fef47
ProcessedData/G3SinglePathways/FormoseAmmPathways/*C(C(C(CN)O)(CC=O)O)=OFormoseAmmPathways.txt,ProcessedData/G3SinglePathways/FormoseAmmPathways/c0a2535f40_FormoseAmmPathways.txt,C(C(C(CN)O)(CC=O)O)=O,c0a2535f40
ProcessedData/G3SinglePathways/FormoseAmmPathways/*C(C(C(CN)O)C(C=O)O)=OFormoseAmmPathways.txt,ProcessedData/G3SinglePathways/FormoseAmmPathways/c46e157535_FormoseAmmPathways.txt,C(C(C(CN)O)C(C=O)O)=O,c46e157535
ProcessedData/G3SinglePathways/FormoseAmmPathways/*C(C(C(CN)O)N)OFormoseAmmPathways.txt,ProcessedData/G3SinglePathways/FormoseAmmPathways/bf06855190_FormoseAmmPathways.txt,C(C(C(CN)O)N)O,bf06855190
ProcessedData/G3SinglePathways/FormoseAmmPathways/*C(C(C(CN)O)O)(C(CO)O)=OFormoseAmmPathways.txt,ProcessedData/G3SinglePathways/FormoseAmmPathways/74e304848e_FormoseAmmPathways.txt,C(C(C(CN)O)O)(C(CO)O)=O,74e304848e
ProcessedData/G3SinglePathways/FormoseAmmPathways/*C(C(C(CN)O)O)(O)=OFormoseAmmPathways.txt,ProcessedData/G3SinglePathways/FormoseAmmPathways/cd723f92f5_FormoseAmmPathways.txt,C(C(C(CN)O)O)(O)=O,cd723f92f5
ProcessedData/G3SinglePathways/FormoseAmmPathways/*C(C(C(CN)O)O)=OFormoseAmmPathways.txt,ProcessedData/G3SinglePathways/FormoseAmmPathways/759e61526a_FormoseAmmPathways.txt,C(C(C(CN)O)O)=O,759e61526a
ProcessedData/G3SinglePathways/FormoseAmmPathways/*C(C(C(CN)O)O)NFormoseAmmPathways.txt,ProcessedData/G3SinglePathways/FormoseAmmPathways/1581b740f2_FormoseAmmPathways.txt,C(C(C(CN)O)O)N,1581b740f2
ProcessedData/G3SinglePathways/FormoseAmmPathways/*C(C(C(CN)O)O)OFormoseAmmPathways.txt,ProcessedData/G3SinglePathways/FormoseAmmPathways/3a31e67209_FormoseAmmPathways.txt,C(C(C(CN)O)O)O,3a31e67209
ProcessedData/G3SinglePathways/FormoseAmmPathways/*C(C(C(CNCC=O)O)O)(O)=OFormoseAmmPathways.txt,ProcessedData/G3SinglePathways/FormoseAmmPathways/c9656ab4af_FormoseAmmPathways.txt,C(C(C(CNCC=O)O)O)(O)=O,c9656ab4af
ProcessedData/G3SinglePathways/FormoseAmmPathways/*C(C(C(CNCC=O)O)O)=OFormoseAmmPathways.txt,ProcessedData/G3SinglePathways/FormoseAmmPathways/0544d0cc87_FormoseAmmPathways.txt,C(C(C(CNCC=O)O)O)=O,0544d0cc87
ProcessedData/G3SinglePathways/FormoseAmmPathways/*C(C(C(CO)(CN)O)O)=OFormoseAmmPathways.txt,ProcessedData/G3SinglePathways/FormoseAmmPathways/fc134d7463_FormoseAmmPathways.txt,C(C(C(CO)(CN)O)O)=O,fc134d7463
ProcessedData/G3SinglePathways/FormoseAmmPathways/*C(C(C(CO)(CO)O)O)=OFormoseAmmPathways.txt,ProcessedData/G3SinglePathways/FormoseAmmPathways/8ac17f3ab4_FormoseAmmPathways.txt,C(C(C(CO)(CO)O)O)=O,8ac17f3ab4
ProcessedData/G3SinglePathways/FormoseAmmPathways/*C(C(C(CO)=O)C(CN)O)=OFormoseAmmPathways.txt,ProcessedData/G3SinglePathways/FormoseAmmPathways/d68d285acf_FormoseAmmPathways.txt,C(C(C(CO)=O)C(CN)O)=O,d68d285acf
ProcessedData/G3SinglePathways/FormoseAmmPathways/*C(C(C(CO)=O)C(CO)O)=OFormoseAmmPathways.txt,ProcessedData/G3SinglePathways/FormoseAmmPathways/417f25ddda_FormoseAmmPathways.txt,C(C(C(CO)=O)C(CO)O)=O,417f25ddda
ProcessedData/G3SinglePathways/FormoseAmmPathways/*C(C(C(CO)C(CN)O)=O)=OFormoseAmmPathways.txt,ProcessedData/G3SinglePathways/FormoseAmmPathways/78b2d5aa91_FormoseAmmPathways.txt,C(C(C(CO)C(CN)O)=O)=O,78b2d5aa91
ProcessedData/G3SinglePathways/FormoseAmmPathways/*C(C(C(CO)C(CO)O)=O)=OFormoseAmmPathways.txt,ProcessedData/G3SinglePathways/FormoseAmmPathways/6c29bfb52d_FormoseAmmPathways.txt,C(C(C(CO)C(CO)O)=O)=O,6c29bfb52d
ProcessedData/G3SinglePathways/FormoseAmmPathways/*C(C(C(CO)N)O)(O)=OFormoseAmmPathways.txt,ProcessedData/G3SinglePathways/FormoseAmmPathways/2982e1057d_FormoseAmmPathways.txt,C(C(C(CO)N)O)(O)=O,2982e1057d
ProcessedData/G3SinglePathways/FormoseAmmPathways/*C(C(C(CO)N)O)=OFormoseAmmPathways.txt,ProcessedData/G3SinglePathways/FormoseAmmPathways/71b5312993_FormoseAmmPathways.txt,C(C(C(CO)N)O)=O,71b5312993
ProcessedData/G3SinglePathways/FormoseAmmPathways/*C(C(C(CO)NCC(O)=O)O)=OFormoseAmmPathways.txt,ProcessedData/G3SinglePathways/FormoseAmmPathways/f9a1ef66ff_FormoseAmmPathways.txt,C(C(C(CO)NCC(O)=O)O)=O,f9a1ef66ff
ProcessedData/G3SinglePathways/FormoseAmmPathways/*C(C(C(CO)NCC=O)O)(O)=OFormoseAmmPathways.txt,ProcessedData/G3SinglePathways/FormoseAmmPathways/d0f4a319d1_FormoseAmmPathways.txt,C(C(C(CO)NCC=O)O)(O)=O,d0f4a319d1
ProcessedData/G3SinglePathways/FormoseAmmPathways/*C(C(C(CO)NCCO)O)(O)=OFormoseAmmPathways.txt,ProcessedData/G3SinglePathways/FormoseAmmPathways/1ecf898e4b_FormoseAmmPathways.txt,C(C(C(CO)NCCO)O)(O)=O,1ecf898e4b
ProcessedData/G3SinglePathways/FormoseAmmPathways/*C(C(C(CO)NCCO)O)=OFormoseAmmPathways.txt,ProcessedData/G3SinglePathways/FormoseAmmPathways/7dc6dd90df_FormoseAmmPathways.txt,C(C(C(CO)NCCO)O)=O,7dc6dd90df
ProcessedData/G3SinglePathways/FormoseAmmPathways/*C(C(C(CO)O)(C(C)O)O)=OFormoseAmmPathways.txt,ProcessedData/G3SinglePathways/FormoseAmmPathways/4a5b5d75cc_FormoseAmmPathways.txt,C(C(C(CO)O)(C(C)O)O)=O,4a5b5d75cc
ProcessedData/G3SinglePathways/FormoseAmmPathways/*C(C(C(CO)O)(C(CN)O)O)=OFormoseAmmPathways.txt,ProcessedData/G3SinglePathways/FormoseAmmPathways/4f698e14c1_FormoseAmmPathways.txt,C(C(C(CO)O)(C(CN)O)O)=O,4f698e14c1
ProcessedData/G3SinglePathways/FormoseAmmPathways/*C(C(C(CO)O)(C(CN)O)O)OFormoseAmmPathways.txt,ProcessedData/G3SinglePathways/FormoseAmmPathways/59341d670d_FormoseAmmPathways.txt,C(C(C(CO)O)(C(CN)O)O)O,59341d670d
ProcessedData/G3SinglePathways/FormoseAmmPathways/*C(C(C(CO)O)(C(CO)N)O)=OFormoseAmmPathways.txt,ProcessedData/G3SinglePathways/FormoseAmmPathways/68e4d37642_FormoseAmmPathways.txt,C(C(C(CO)O)(C(CO)N)O)=O,68e4d37642
ProcessedData/G3SinglePathways/FormoseAmmPathways/*C(C(C(CO)O)(CC=O)O)=OFormoseAmmPathways.txt,ProcessedData/G3SinglePathways/FormoseAmmPathways/0fd9156a19_FormoseAmmPathways.txt,C(C(C(CO)O)(CC=O)O)=O,0fd9156a19
ProcessedData/G3SinglePathways/FormoseAmmPathways/*C(C(C(CO)O)C(C=O)O)=OFormoseAmmPathways.txt,ProcessedData/G3SinglePathways/FormoseAmmPathways/eef2399fa0_FormoseAmmPathways.txt,C(C(C(CO)O)C(C=O)O)=O,eef2399fa0
ProcessedData/G3SinglePathways/FormoseAmmPathways/*C(C(C(CO)O)N)(O)=OFormoseAmmPathways.txt,ProcessedData/G3SinglePathways/FormoseAmmPathways/b86f7cf87e_FormoseAmmPathways.txt,C(C(C(CO)O)N)(O)=O,b86f7cf87e
ProcessedData/G3SinglePathways/FormoseAmmPathways/*C(C(C(CO)O)N)=OFormoseAmmPathways.txt,ProcessedData/G3SinglePathways/FormoseAmmPathways/0b8ba3babe_FormoseAmmPathways.txt,C(C(C(CO)O)N)=O,0b8ba3babe
ProcessedData/G3SinglePathways/FormoseAmmPathways/*C(C(C(CO)O)N)OFormoseAmmPathways.txt,ProcessedData/G3SinglePathways/FormoseAmmPathways/d80f117c3f_FormoseAmmPathways.txt,C(C(C(CO)O)N)O,d80f117c3f
ProcessedData/G3SinglePathways/FormoseAmmPathways/*C(C(C(CO)O)NCC(O)=O)=OFormoseAmmPathways.txt,ProcessedData/G3SinglePathways/FormoseAmmPathways/665805e072_FormoseAmmPathways.txt,C(C(C(CO)O)NCC(O)=O)=O,665805e072
ProcessedData/G3SinglePathways/FormoseAmmPathways/*C(C(C(CO)O)NCCO)=OFormoseAmmPathways.txt,ProcessedData/G3SinglePathways/FormoseAmmPathways/c719526f46_FormoseAmmPathways.txt,C(C(C(CO)O)NCCO)=O,c719526f46
ProcessedData/G3SinglePathways/FormoseAmmPathways/*C(C(C(CO)O)O)(O)=OFormoseAmmPathways.txt,ProcessedData/G3SinglePathways/FormoseAmmPathways/98bd3e59b7_FormoseAmmPathways.txt,C(C(C(CO)O)O)(O)=O,98bd3e59b7
ProcessedData/G3SinglePathways/FormoseAmmPathways/*C(C(C(CO)O)O)=OFormoseAmmPathways.txt,ProcessedData/G3SinglePathways/FormoseAmmPathways/ef79d340d9_FormoseAmmPathways.txt,C(C(C(CO)O)O)=O,ef79d340d9
ProcessedData/G3SinglePathways/FormoseAmmPathways/*C(C(C(CO)O)O)OFormoseAmmPathways.txt,ProcessedData/G3SinglePathways/FormoseAmmPathways/bb1975f631_FormoseAmmPathways.txt,C(C(C(CO)O)O)O,bb1975f631
ProcessedData/G3SinglePathways/FormoseAmmPathways/*C(C(C)(C(C(CN)=O)O)O)=OFormoseAmmPathways.txt,ProcessedData/G3SinglePathways/FormoseAmmPathways/a6d536393e_FormoseAmmPathways.txt,C(C(C)(C(C(CN)=O)O)O)=O,a6d536393e
ProcessedData/G3SinglePathways/FormoseAmmPathways/*C(C(C)(C(C(CO)=O)O)O)=OFormoseAmmPathways.txt,ProcessedData/G3SinglePathways/FormoseAmmPathways/ba15f24a22_FormoseAmmPathways.txt,C(C(C)(C(C(CO)=O)O)O)=O,ba15f24a22
ProcessedData/G3SinglePathways/FormoseAmmPathways/*C(C(C)(C(C=O)(CN)O)O)=OFormoseAmmPathways.txt,ProcessedData/G3SinglePathways/FormoseAmmPathways/1d17c09b79_FormoseAmmPathways.txt,C(C(C)(C(C=O)(CN)O)O)=O,1d17c09b79
ProcessedData/G3SinglePathways/FormoseAmmPathways/*C(C(C=O)C(C(CO)O)O)=OFormoseAmmPathways.txt,ProcessedData/G3SinglePathways/FormoseAmmPathways/1f349d78e5_FormoseAmmPathways.txt,C(C(C=O)C(C(CO)O)O)=O,1f349d78e5
ProcessedData/G3SinglePathways/FormoseAmmPathways/*C(C(CC(C(CN)O)O)=O)=OFormoseAmmPathways.txt,ProcessedData/G3SinglePathways/FormoseAmmPathways/332bec2115_FormoseAmmPathways.txt,C(C(CC(C(CN)O)O)=O)=O,332bec2115
ProcessedData/G3SinglePathways/FormoseAmmPathways/*C(C(CC(C(CO)N)O)=O)=OFormoseAmmPathways.txt,ProcessedData/G3SinglePathways/FormoseAmmPathways/9027892faf_FormoseAmmPathways.txt,C(C(CC(C(CO)N)O)=O)=O,9027892faf
ProcessedData/G3SinglePathways/FormoseAmmPathways/*C(C(CC(C(CO)O)O)=O)=OFormoseAmmPathways.txt,ProcessedData/G3SinglePathways/FormoseAmmPathways/9699ce9c0c_FormoseAmmPathways.txt,C(C(CC(C(CO)O)O)=O)=O,9699ce9c0c
ProcessedData/G3SinglePathways/FormoseAmmPathways/*C(C(CC(CO)=O)O)(O)=OFormoseAmmPathways.txt,ProcessedData/G3SinglePathways/FormoseAmmPathways/893a621fc6_FormoseAmmPathways.txt,C(C(CC(CO)=O)O)(O)=O,893a621fc6
ProcessedData/G3SinglePathways/FormoseAmmPathways/*C(C(CC(CO)O)=O)(O)=OFormoseAmmPathways.txt,ProcessedData/G3SinglePathways/FormoseAmmPathways/777eeea1be_FormoseAmmPathways.txt,C(C(CC(CO)O)=O)(O)=O,777eeea1be
ProcessedData/G3SinglePathways/FormoseAmmPathways/*C(C(CCO)(C(C=O)O)O)=OFormoseAmmPathways.txt,ProcessedData/G3SinglePathways/FormoseAmmPathways/80edd417c8_FormoseAmmPathways.txt,C(C(CCO)(C(C=O)O)O)=O,80edd417c8
ProcessedData/G3SinglePathways/FormoseAmmPathways/*C(C(CCO)O)(O)=OFormoseAmmPathways.txt,ProcessedData/G3SinglePathways/FormoseAmmPathways/8b18073317_FormoseAmmPathways.txt,C(C(CCO)O)(O)=O,8b18073317
ProcessedData/G3SinglePathways/FormoseAmmPathways/*C(C(CN)(C(C(C)=O)O)O)=OFormoseAmmPathways.txt,ProcessedData/G3SinglePathways/FormoseAmmPathways/83b04fc778_FormoseAmmPathways.txt,C(C(CN)(C(C(C)=O)O)O)=O,83b04fc778
ProcessedData/G3SinglePathways/FormoseAmmPathways/*C(C(CN)(C(C(CN)O)O)O)=OFormoseAmmPathways.txt,ProcessedData/G3SinglePathways/FormoseAmmPathways/86cc8a3bb8_FormoseAmmPathways.txt,C(C(CN)(C(C(CN)O)O)O)=O,86cc8a3bb8
ProcessedData/G3SinglePathways/FormoseAmmPathways/*C(C(CN)(C(C(CO)N)O)O)=OFormoseAmmPathways.txt,ProcessedData/G3SinglePathways/FormoseAmmPathways/dc2df49a99_FormoseAmmPathways.txt,C(C(CN)(C(C(CO)N)O)O)=O,dc2df49a99
ProcessedData/G3SinglePathways/FormoseAmmPathways/*C(C(CN)(C(C(CO)O)O)O)=OFormoseAmmPathways.txt,ProcessedData/G3SinglePathways/FormoseAmmPathways/cc1e612922_FormoseAmmPathways.txt,C(C(CN)(C(C(CO)O)O)O)=O,cc1e612922
ProcessedData/G3SinglePathways/FormoseAmmPathways/*C(C(CN)(C(C(CO)O)O)O)OFormoseAmmPathways.txt,ProcessedData/G3SinglePathways/FormoseAmmPathways/7153950435_FormoseAmmPathways.txt,C(C(CN)(C(C(CO)O)O)O)O,7153950435
ProcessedData/G3SinglePathways/FormoseAmmPathways/*C(C(CN)(C(C)O)O)=OFormoseAmmPathways.txt,ProcessedData/G3SinglePathways/FormoseAmmPathways/cae0d39403_FormoseAmmPathways.txt,C(C(CN)(C(C)O)O)=O,cae0d39403
ProcessedData/G3SinglePathways/FormoseAmmPathways/*C(C(CN)(C(CN)O)O)=OFormoseAmmPathways.txt,ProcessedData/G3SinglePathways/FormoseAmmPathways/e6ec8e9e31_FormoseAmmPathways.txt,C(C(CN)(C(CN)O)O)=O,e6ec8e9e31
ProcessedData/G3SinglePathways/FormoseAmmPathways/*C(C(CN)(C(CN)O)O)OFormoseAmmPathways.txt,ProcessedData/G3SinglePathways/FormoseAmmPathways/482b92f5ea_FormoseAmmPathways.txt,C(C(CN)(C(CN)O)O)O,482b92f5ea
ProcessedData/G3SinglePathways/FormoseAmmPathways/*C(C(CN)(C(CO)(CN)O)O)=OFormoseAmmPathways.txt,ProcessedData/G3SinglePathways/FormoseAmmPathways/f98d5cdf58_FormoseAmmPathways.txt,C(C(CN)(C(CO)(CN)O)O)=O,f98d5cdf58
ProcessedData/G3SinglePathways/FormoseAmmPathways/*C(C(CN)(C(CO)(CO)O)O)=OFormoseAmmPathways.txt,ProcessedData/G3SinglePathways/FormoseAmmPathways/874f58fb86_FormoseAmmPathways.txt,C(C(CN)(C(CO)(CO)O)O)=O,874f58fb86
ProcessedData/G3SinglePathways/FormoseAmmPathways/*C(C(CN)(C(CO)O)O)=OFormoseAmmPathways.txt,ProcessedData/G3SinglePathways/FormoseAmmPathways/7d66ae45e6_FormoseAmmPathways.txt,C(C(CN)(C(CO)O)O)=O,7d66ae45e6
ProcessedData/G3SinglePathways/FormoseAmmPathways/*C(C(CN)(C(CO)O)O)OFormoseAmmPathways.txt,ProcessedData/G3SinglePathways/FormoseAmmPathways/1c24a02f5f_FormoseAmmPathways.txt,C(C(CN)(C(CO)O)O)O,1c24a02f5f
ProcessedData/G3SinglePathways/FormoseAmmPathways/*C(C(CN)N)OFormoseAmmPathways.txt,ProcessedData/G3SinglePathways/FormoseAmmPathways/69f08b3367_FormoseAmmPathways.txt,C(C(CN)N)O,69f08b3367
ProcessedData/G3SinglePathways/FormoseAmmPathways/*C(C(CN)O)(O)=OFormoseAmmPathways.txt,ProcessedData/G3SinglePathways/FormoseAmmPathways/87e9d8b23e_FormoseAmmPathways.txt,C(C(CN)O)(O)=O,87e9d8b23e
ProcessedData/G3SinglePathways/FormoseAmmPathways/*C(C(CN)O)NFormoseAmmPathways.txt,ProcessedData/G3SinglePathways/FormoseAmmPathways/fcabf0320c_FormoseAmmPathways.txt,C(C(CN)O)N,fcabf0320c
ProcessedData/G3SinglePathways/FormoseAmmPathways/*C(C(CN)O)OFormoseAmmPathways.txt,ProcessedData/G3SinglePathways/FormoseAmmPathways/21ce83c459_FormoseAmmPathways.txt,C(C(CN)O)O,21ce83c459
ProcessedData/G3SinglePathways/FormoseAmmPathways/*C(C(CNCC(C=O)O)O)(O)=OFormoseAmmPathways.txt,ProcessedData/G3SinglePathways/FormoseAmmPathways/9f53ae779d_FormoseAmmPathways.txt,C(C(CNCC(C=O)O)O)(O)=O,9f53ae779d
ProcessedData/G3SinglePathways/FormoseAmmPathways/*C(C(CNCC(C=O)O)O)=OFormoseAmmPathways.txt,ProcessedData/G3SinglePathways/FormoseAmmPathways/c68045cc73_FormoseAmmPathways.txt,C(C(CNCC(C=O)O)O)=O,c68045cc73
ProcessedData/G3SinglePathways/FormoseAmmPathways/*C(C(CNCC(CO)=O)O)(O)=OFormoseAmmPathways.txt,ProcessedData/G3SinglePathways/FormoseAmmPathways/51d7c51ee8_FormoseAmmPathways.txt,C(C(CNCC(CO)=O)O)(O)=O,51d7c51ee8
ProcessedData/G3SinglePathways/FormoseAmmPathways/*C(C(CNCC(CO)=O)O)=OFormoseAmmPathways.txt,ProcessedData/G3SinglePathways/FormoseAmmPathways/b7b18e8643_FormoseAmmPathways.txt,C(C(CNCC(CO)=O)O)=O,b7b18e8643
ProcessedData/G3SinglePathways/FormoseAmmPathways/*C(C(CNCC(O)=O)O)(O)=OFormoseAmmPathways.txt,ProcessedData/G3SinglePathways/FormoseAmmPathways/daf8a84094_FormoseAmmPathways.txt,C(C(CNCC(O)=O)O)(O)=O,daf8a84094
ProcessedData/G3SinglePathways/FormoseAmmPathways/*C(C(CNCC(O)=O)O)=OFormoseAmmPathways.txt,ProcessedData/G3SinglePathways/FormoseAmmPathways/eac0d19687_FormoseAmmPathways.txt,C(C(CNCC(O)=O)O)=O,eac0d19687
ProcessedData/G3SinglePathways/FormoseAmmPathways/*C(C(CNCC=O)O)(O)=OFormoseAmmPathways.txt,ProcessedData/G3SinglePathways/FormoseAmmPathways/ec2fcdd83d_FormoseAmmPathways.txt,C(C(CNCC=O)O)(O)=O,ec2fcdd83d
ProcessedData/G3SinglePathways/FormoseAmmPathways/*C(C(CNCCN)O)=OFormoseAmmPathways.txt,ProcessedData/G3SinglePathways/FormoseAmmPathways/c81870f825_FormoseAmmPathways.txt,C(C(CNCCN)O)=O,c81870f825
ProcessedData/G3SinglePathways/FormoseAmmPathways/*C(C(CNCCO)N)=OFormoseAmmPathways.txt,ProcessedData/G3SinglePathways/FormoseAmmPathways/d83e47f5b4_FormoseAmmPathways.txt,C(C(CNCCO)N)=O,d83e47f5b4
ProcessedData/G3SinglePathways/FormoseAmmPathways/*C(C(CNCCO)O)(O)=OFormoseAmmPathways.txt,ProcessedData/G3SinglePathways/FormoseAmmPathways/7a732a7627_FormoseAmmPathways.txt,C(C(CNCCO)O)(O)=O,7a732a7627
ProcessedData/G3SinglePathways/FormoseAmmPathways/*C(C(CNCCO)O)=OFormoseAmmPathways.txt,ProcessedData/G3SinglePathways/FormoseAmmPathways/f0e6c017ed_FormoseAmmPathways.txt,C(C(CNCCO)O)=O,f0e6c017ed
ProcessedData/G3SinglePathways/FormoseAmmPathways/*C(C(CO)(C(C(C)=O)O)O)=OFormoseAmmPathways.txt,ProcessedData/G3SinglePathways/FormoseAmmPathways/a1ed496d57_FormoseAmmPathways.txt,C(C(CO)(C(C(C)=O)O)O)=O,a1ed496d57
ProcessedData/G3SinglePathways/FormoseAmmPathways/*C(C(CO)(C(C(CN)O)O)O)=OFormoseAmmPathways.txt,ProcessedData/G3SinglePathways/FormoseAmmPathways/2dfa3f6039_FormoseAmmPathways.txt,C(C(CO)(C(C(CN)O)O)O)=O,2dfa3f6039
ProcessedData/G3SinglePathways/FormoseAmmPathways/*C(C(CO)(C(C(CO)N)O)O)=OFormoseAmmPathways.txt,ProcessedData/G3SinglePathways/FormoseAmmPathways/22ba8c54ac_FormoseAmmPathways.txt,C(C(CO)(C(C(CO)N)O)O)=O,22ba8c54ac
ProcessedData/G3SinglePathways/FormoseAmmPathways/*C(C(CO)(C(C)O)N)=OFormoseAmmPathways.txt,ProcessedData/G3SinglePathways/FormoseAmmPathways/76fa5f3cf6_FormoseAmmPathways.txt,C(C(CO)(C(C)O)N)=O,76fa5f3cf6
ProcessedData/G3SinglePathways/FormoseAmmPathways/*C(C(CO)(C(C)O)O)(O)=OFormoseAmmPathways.txt,ProcessedData/G3SinglePathways/FormoseAmmPathways/f4f74f46e3_FormoseAmmPathways.txt,C(C(CO)(C(C)O)O)(O)=O,f4f74f46e3
ProcessedData/G3SinglePathways/FormoseAmmPathways/*C(C(CO)(C(C)O)O)=OFormoseAmmPathways.txt,ProcessedData/G3SinglePathways/FormoseAmmPathways/d7977832cd_FormoseAmmPathways.txt,C(C(CO)(C(C)O)O)=O,d7977832cd
ProcessedData/G3SinglePathways/FormoseAmmPathways/*C(C(CO)(C(C=O)(C)O)O)=OFormoseAmmPathways.txt,ProcessedData/G3SinglePathways/FormoseAmmPathways/741068a3d1_FormoseAmmPathways.txt,C(C(CO)(C(C=O)(C)O)O)=O,741068a3d1
ProcessedData/G3SinglePathways/FormoseAmmPathways/*C(C(CO)(C(CC=O)O)O)=OFormoseAmmPathways.txt,ProcessedData/G3SinglePathways/FormoseAmmPathways/6d8b4bd09f_FormoseAmmPathways.txt,C(C(CO)(C(CC=O)O)O)=O,6d8b4bd09f
ProcessedData/G3SinglePathways/FormoseAmmPathways/*C(C(CO)(C(CN)O)O)(O)=OFormoseAmmPathways.txt,ProcessedData/G3SinglePathways/FormoseAmmPathways/c9fff6e3c3_FormoseAmmPathways.txt,C(C(CO)(C(CN)O)O)(O)=O,c9fff6e3c3
ProcessedData/G3SinglePathways/FormoseAmmPathways/*C(C(CO)(C(CN)O)O)=OFormoseAmmPathways.txt,ProcessedData/G3SinglePathways/FormoseAmmPathways/36e76547cd_FormoseAmmPathways.txt,C(C(CO)(C(CN)O)O)=O,36e76547cd
ProcessedData/G3SinglePathways/FormoseAmmPathways/*C(C(CO)(C(CN)O)O)OFormoseAmmPathways.txt,ProcessedData/G3SinglePathways/FormoseAmmPathways/c237c56eca_FormoseAmmPathways.txt,C(C(CO)(C(CN)O)O)O,c237c56eca
ProcessedData/G3SinglePathways/FormoseAmmPathways/*C(C(CO)(C(CO)(CN)O)O)=OFormoseAmmPathways.txt,ProcessedData/G3SinglePathways/FormoseAmmPathways/0059754b0e_FormoseAmmPathways.txt,C(C(CO)(C(CO)(CN)O)O)=O,0059754b0e
ProcessedData/G3SinglePathways/FormoseAmmPathways/*C(C(CO)(C(CO)N)O)=OFormoseAmmPathways.txt,ProcessedData/G3SinglePathways/FormoseAmmPathways/e80a7dc11b_FormoseAmmPathways.txt,C(C(CO)(C(CO)N)O)=O,e80a7dc11b
ProcessedData/G3SinglePathways/FormoseAmmPathways/*C(C(CO)(C(CO)O)O)=OFormoseAmmPathways.txt,ProcessedData/G3SinglePathways/FormoseAmmPathways/288f85c6a3_FormoseAmmPathways.txt,C(C(CO)(C(CO)O)O)=O,288f85c6a3
ProcessedData/G3SinglePathways/FormoseAmmPathways/*C(C(CO)(C(CO)O)O)OFormoseAmmPathways.txt,ProcessedData/G3SinglePathways/FormoseAmmPathways/c43d0bd8de_FormoseAmmPathways.txt,C(C(CO)(C(CO)O)O)O,c43d0bd8de
ProcessedData/G3SinglePathways/FormoseAmmPathways/*C(C(CO)(CC(CO)=O)O)=OFormoseAmmPathways.txt,ProcessedData/G3SinglePathways/FormoseAmmPathways/e17cd3d84d_FormoseAmmPathways.txt,C(C(CO)(CC(CO)=O)O)=O,e17cd3d84d
ProcessedData/G3SinglePathways/FormoseAmmPathways/*C(C(CO)(CN)O)=OFormoseAmmPathways.txt,ProcessedData/G3SinglePathways/FormoseAmmPathways/a9ba30200f_FormoseAmmPathways.txt,C(C(CO)(CN)O)=O,a9ba30200f
ProcessedData/G3SinglePathways/FormoseAmmPathways/*C(C(CO)(CN)O)OFormoseAmmPathways.txt,ProcessedData/G3SinglePathways/FormoseAmmPathways/fdbe7ec642_FormoseAmmPathways.txt,C(C(CO)(CN)O)O,fdbe7ec642
ProcessedData/G3SinglePathways/FormoseAmmPathways/*C(C(CO)(CNCC=O)O)=OFormoseAmmPathways.txt,ProcessedData/G3SinglePathways/FormoseAmmPathways/7915a493c8_FormoseAmmPathways.txt,C(C(CO)(CNCC=O)O)=O,7915a493c8
ProcessedData/G3SinglePathways/FormoseAmmPathways/*C(C(CO)(CO)N)=OFormoseAmmPathways.txt,ProcessedData/G3SinglePathways/FormoseAmmPathways/64e086d38b_FormoseAmmPathways.txt,C(C(CO)(CO)N)=O,64e086d38b
ProcessedData/G3SinglePathways/FormoseAmmPathways/*C(C(CO)(CO)O)(O)=OFormoseAmmPathways.txt,ProcessedData/G3SinglePathways/FormoseAmmPathways/dcf6921a57_FormoseAmmPathways.txt,C(C(CO)(CO)O)(O)=O,dcf6921a57
ProcessedData/G3SinglePathways/FormoseAmmPathways/*C(C(CO)(CO)O)=OFormoseAmmPathways.txt,ProcessedData/G3SinglePathways/FormoseAmmPathways/979cedda65_FormoseAmmPathways.txt,C(C(CO)(CO)O)=O,979cedda65
ProcessedData/G3SinglePathways/FormoseAmmPathways/*C(C(CO)(CO)O)OFormoseAmmPathways.txt,ProcessedData/G3SinglePathways/FormoseAmmPathways/4c38643b6a_FormoseAmmPathways.txt,C(C(CO)(CO)O)O,4c38643b6a
ProcessedData/G3SinglePathways/FormoseAmmPathways/*C(C(CO)N)(O)=OFormoseAmmPathways.txt,ProcessedData/G3SinglePathways/FormoseAmmPathways/bf28393dd0_FormoseAmmPathways.txt,C(C(CO)N)(O)=O,bf28393dd0
ProcessedData/G3SinglePathways/FormoseAmmPathways/*C(C(CO)N)OFormoseAmmPathways.txt,ProcessedData/G3SinglePathways/FormoseAmmPathways/c7587bc29a_FormoseAmmPathways.txt,C(C(CO)N)O,c7587bc29a
ProcessedData/G3SinglePathways/FormoseAmmPathways/*C(C(CO)NCC(C(O)=O)O)=OFormoseAmmPathways.txt,ProcessedData/G3SinglePathways/FormoseAmmPathways/f14c2cf529_FormoseAmmPathways.txt,C(C(CO)NCC(C(O)=O)O)=O,f14c2cf529
ProcessedData/G3SinglePathways/FormoseAmmPathways/*C(C(CO)NCC(O)=O)=OFormoseAmmPathways.txt,ProcessedData/G3SinglePathways/FormoseAmmPathways/535b172494_FormoseAmmPathways.txt,C(C(CO)NCC(O)=O)=O,535b172494
ProcessedData/G3SinglePathways/FormoseAmmPathways/*C(C(CO)NCCO)=OFormoseAmmPathways.txt,ProcessedData/G3SinglePathways/FormoseAmmPathways/67b14a62ea_FormoseAmmPathways.txt,C(C(CO)NCCO)=O,67b14a62ea
ProcessedData/G3SinglePathways/FormoseAmmPathways/*C(C(CO)O)(C(CO)O)=OFormoseAmmPathways.txt,ProcessedData/G3SinglePathways/FormoseAmmPathways/7e681e4da3_FormoseAmmPathways.txt,C(C(CO)O)(C(CO)O)=O,7e681e4da3
ProcessedData/G3SinglePathways/FormoseAmmPathways/*C(C(CO)O)(O)=OFormoseAmmPathways.txt,ProcessedData/G3SinglePathways/FormoseAmmPathways/8551c6866f_FormoseAmmPathways.txt,C(C(CO)O)(O)=O,8551c6866f
ProcessedData/G3SinglePathways/FormoseAmmPathways/*C(C(CO)O)OFormoseAmmPathways.txt,ProcessedData/G3SinglePathways/FormoseAmmPathways/22002e45d7_FormoseAmmPathways.txt,C(C(CO)O)O,22002e45d7
ProcessedData/G3SinglePathways/FormoseAmmPathways/*C(C)(C(C(C(CN)=O)O)O)=OFormoseAmmPathways.txt,ProcessedData/G3SinglePathways/FormoseAmmPathways/900f7a2d03_FormoseAmmPathways.txt,C(C)(C(C(C(CN)=O)O)O)=O,900f7a2d03
ProcessedData/G3SinglePathways/FormoseAmmPathways/*C(C)(C(C(C(CO)=O)O)O)=OFormoseAmmPathways.txt,ProcessedData/G3SinglePathways/FormoseAmmPathways/00ad249f62_FormoseAmmPathways.txt,C(C)(C(C(C(CO)=O)O)O)=O,00ad249f62
ProcessedData/G3SinglePathways/FormoseAmmPathways/*C(C1(CNCC1O)O)=OFormoseAmmPathways.txt,ProcessedData/G3SinglePathways/FormoseAmmPathways/771e7cd530_FormoseAmmPathways.txt,C(C1(CNCC1O)O)=O,771e7cd530
ProcessedData/G3SinglePathways/FormoseAmmPathways/*C(C1C(C(C(O)O1)O)O)OFormoseAmmPathways.txt,ProcessedData/G3SinglePathways/FormoseAmmPathways/8ef079143b_FormoseAmmPathways.txt,C(C1C(C(C(O)O1)O)O)O,8ef079143b
ProcessedData/G3SinglePathways/FormoseAmmPathways/*C(C1C(C(CN1)O)O)=OFormoseAmmPathways.txt,ProcessedData/G3SinglePathways/FormoseAmmPathways/50feed7978_FormoseAmmPathways.txt,C(C1C(C(CN1)O)O)=O,50feed7978
ProcessedData/G3SinglePathways/FormoseAmmPathways/*C(CC(C(C(C=O)N)O)O)=OFormoseAmmPathways.txt,ProcessedData/G3SinglePathways/FormoseAmmPathways/bdb959e1fd_FormoseAmmPathways.txt,C(CC(C(C(C=O)N)O)O)=O,bdb959e1fd
ProcessedData/G3SinglePathways/FormoseAmmPathways/*C(CC(C(C(C=O)O)O)O)=OFormoseAmmPathways.txt,ProcessedData/G3SinglePathways/FormoseAmmPathways/3e00000a69_FormoseAmmPathways.txt,C(CC(C(C(C=O)O)O)O)=O,3e00000a69
ProcessedData/G3SinglePathways/FormoseAmmPathways/*C(CC(C(C(CN)O)O)=O)=OFormoseAmmPathways.txt,ProcessedData/G3SinglePathways/FormoseAmmPathways/efee6f933c_FormoseAmmPathways.txt,C(CC(C(C(CN)O)O)=O)=O,efee6f933c
ProcessedData/G3SinglePathways/FormoseAmmPathways/*C(CC(C(C(CN)O)O)O)=OFormoseAmmPathways.txt,ProcessedData/G3SinglePathways/FormoseAmmPathways/3f213338f6_FormoseAmmPathways.txt,C(CC(C(C(CN)O)O)O)=O,3f213338f6
ProcessedData/G3SinglePathways/FormoseAmmPathways/*C(CC(C(C(CO)N)O)O)=OFormoseAmmPathways.txt,ProcessedData/G3SinglePathways/FormoseAmmPathways/e095a672a3_FormoseAmmPathways.txt,C(CC(C(C(CO)N)O)O)=O,e095a672a3
ProcessedData/G3SinglePathways/FormoseAmmPathways/*C(CC(C(C(CO)O)N)O)=OFormoseAmmPathways.txt,ProcessedData/G3SinglePathways/FormoseAmmPathways/190074b4c7_FormoseAmmPathways.txt,C(CC(C(C(CO)O)N)O)=O,190074b4c7
ProcessedData/G3SinglePathways/FormoseAmmPathways/*C(CC(C(C(CO)O)O)=O)=OFormoseAmmPathways.txt,ProcessedData/G3SinglePathways/FormoseAmmPathways/7bb6e534fb_FormoseAmmPathways.txt,C(CC(C(C(CO)O)O)=O)=O,7bb6e534fb
ProcessedData/G3SinglePathways/FormoseAmmPathways/*C(CC(C(C(CO)O)O)O)=OFormoseAmmPathways.txt,ProcessedData/G3SinglePathways/FormoseAmmPathways/f7c5db0331_FormoseAmmPathways.txt,C(CC(C(C(CO)O)O)O)=O,f7c5db0331
ProcessedData/G3SinglePathways/FormoseAmmPathways/*C(CC(C(C(O)=O)O)O)=OFormoseAmmPathways.txt,ProcessedData/G3SinglePathways/FormoseAmmPathways/6e4875796e_FormoseAmmPathways.txt,C(CC(C(C(O)=O)O)O)=O,6e4875796e
ProcessedData/G3SinglePathways/FormoseAmmPathways/*C(CC(C(CN)O)O)=OFormoseAmmPathways.txt,ProcessedData/G3SinglePathways/FormoseAmmPathways/bd5ffa81f1_FormoseAmmPathways.txt,C(CC(C(CN)O)O)=O,bd5ffa81f1
ProcessedData/G3SinglePathways/FormoseAmmPathways/*C(CC(C(CO)(CO)O)O)=OFormoseAmmPathways.txt,ProcessedData/G3SinglePathways/FormoseAmmPathways/f7380ff907_FormoseAmmPathways.txt,C(CC(C(CO)(CO)O)O)=O,f7380ff907
ProcessedData/G3SinglePathways/FormoseAmmPathways/*C(CC(C(CO)N)O)=OFormoseAmmPathways.txt,ProcessedData/G3SinglePathways/FormoseAmmPathways/0a18145bc6_FormoseAmmPathways.txt,C(CC(C(CO)N)O)=O,0a18145bc6
ProcessedData/G3SinglePathways/FormoseAmmPathways/*C(CC(C(CO)O)=O)(O)=OFormoseAmmPathways.txt,ProcessedData/G3SinglePathways/FormoseAmmPathways/ff53093aec_FormoseAmmPathways.txt,C(CC(C(CO)O)=O)(O)=O,ff53093aec
ProcessedData/G3SinglePathways/FormoseAmmPathways/*C(CC(C(CO)O)O)=OFormoseAmmPathways.txt,ProcessedData/G3SinglePathways/FormoseAmmPathways/8f7486a958_FormoseAmmPathways.txt,C(CC(C(CO)O)O)=O,8f7486a958
ProcessedData/G3SinglePathways/FormoseAmmPathways/*C(CC(C=O)O)(C(CO)O)=OFormoseAmmPathways.txt,ProcessedData/G3SinglePathways/FormoseAmmPathways/cfaa2effec_FormoseAmmPathways.txt,C(CC(C=O)O)(C(CO)O)=O,cfaa2effec
ProcessedData/G3SinglePathways/FormoseAmmPathways/*C(CC(CN)(C(CO)O)O)=OFormoseAmmPathways.txt,ProcessedData/G3SinglePathways/FormoseAmmPathways/ef3610339d_FormoseAmmPathways.txt,C(CC(CN)(C(CO)O)O)=O,ef3610339d
ProcessedData/G3SinglePathways/FormoseAmmPathways/*C(CC(CO)(C(C=O)O)O)=OFormoseAmmPathways.txt,ProcessedData/G3SinglePathways/FormoseAmmPathways/e7696d9cd2_FormoseAmmPathways.txt,C(CC(CO)(C(C=O)O)O)=O,e7696d9cd2
ProcessedData/G3SinglePathways/FormoseAmmPathways/*C(CC(CO)(C(CO)O)O)=OFormoseAmmPathways.txt,ProcessedData/G3SinglePathways/FormoseAmmPathways/5613eeb22d_FormoseAmmPathways.txt,C(CC(CO)(C(CO)O)O)=O,5613eeb22d
ProcessedData/G3SinglePathways/FormoseAmmPathways/*C(CC(CO)(CN)O)=OFormoseAmmPathways.txt,ProcessedData/G3SinglePathways/FormoseAmmPathways/e748f7de40_FormoseAmmPathways.txt,C(CC(CO)(CN)O)=O,e748f7de40
ProcessedData/G3SinglePathways/FormoseAmmPathways/*C(CC(CO)(CO)O)=OFormoseAmmPathways.txt,ProcessedData/G3SinglePathways/FormoseAmmPathways/cda3c2c248_FormoseAmmPathways.txt,C(CC(CO)(CO)O)=O,cda3c2c248
ProcessedData/G3SinglePathways/FormoseAmmPathways/*C(CN)(C(C(C(CN)O)O)O)=OFormoseAmmPathways.txt,ProcessedData/G3SinglePathways/FormoseAmmPathways/3a1595d3d3_FormoseAmmPathways.txt,C(CN)(C(C(C(CN)O)O)O)=O,3a1595d3d3
ProcessedData/G3SinglePathways/FormoseAmmPathways/*C(CN)(C(C(C(CO)N)O)O)=OFormoseAmmPathways.txt,ProcessedData/G3SinglePathways/FormoseAmmPathways/d07e2ada2c_FormoseAmmPathways.txt,C(CN)(C(C(C(CO)N)O)O)=O,d07e2ada2c
ProcessedData/G3SinglePathways/FormoseAmmPathways/*C(CN)(C(C(C(CO)O)O)O)=OFormoseAmmPathways.txt,ProcessedData/G3SinglePathways/FormoseAmmPathways/5d5dfbbc3b_FormoseAmmPathways.txt,C(CN)(C(C(C(CO)O)O)O)=O,5d5dfbbc3b
ProcessedData/G3SinglePathways/FormoseAmmPathways/*C(CN)(C(C(C)O)O)=OFormoseAmmPathways.txt,ProcessedData/G3SinglePathways/FormoseAmmPathways/3a194a96b2_FormoseAmmPathways.txt,C(CN)(C(C(C)O)O)=O,3a194a96b2
ProcessedData/G3SinglePathways/FormoseAmmPathways/*C(CN)(C(C(CN)O)O)=OFormoseAmmPathways.txt,ProcessedData/G3SinglePathways/FormoseAmmPathways/9b223fda70_FormoseAmmPathways.txt,C(CN)(C(C(CN)O)O)=O,9b223fda70
ProcessedData/G3SinglePathways/FormoseAmmPathways/*C(CN)(C(C(CO)(CN)O)O)=OFormoseAmmPathways.txt,ProcessedData/G3SinglePathways/FormoseAmmPathways/0ef343c5e5_FormoseAmmPathways.txt,C(CN)(C(C(CO)(CN)O)O)=O,0ef343c5e5
ProcessedData/G3SinglePathways/FormoseAmmPathways/*C(CN)(C(C(CO)(CO)O)O)=OFormoseAmmPathways.txt,ProcessedData/G3SinglePathways/FormoseAmmPathways/9b375f7510_FormoseAmmPathways.txt,C(CN)(C(C(CO)(CO)O)O)=O,9b375f7510
ProcessedData/G3SinglePathways/FormoseAmmPathways/*C(CN)(C(C(CO)O)O)=OFormoseAmmPathways.txt,ProcessedData/G3SinglePathways/FormoseAmmPathways/7d9f78999d_FormoseAmmPathways.txt,C(CN)(C(C(CO)O)O)=O,7d9f78999d
ProcessedData/G3SinglePathways/FormoseAmmPathways/*C(CN)(C(CN)O)=OFormoseAmmPathways.txt,ProcessedData/G3SinglePathways/FormoseAmmPathways/4d8ea015c3_FormoseAmmPathways.txt,C(CN)(C(CN)O)=O,4d8ea015c3
ProcessedData/G3SinglePathways/FormoseAmmPathways/*C(CN)(C(CNCC(O)=O)O)=OFormoseAmmPathways.txt,ProcessedData/G3SinglePathways/FormoseAmmPathways/4d33c40dce_FormoseAmmPathways.txt,C(CN)(C(CNCC(O)=O)O)=O,4d33c40dce
ProcessedData/G3SinglePathways/FormoseAmmPathways/*C(CN)(C(CNCC=O)O)=OFormoseAmmPathways.txt,ProcessedData/G3SinglePathways/FormoseAmmPathways/cdbdda1da3_FormoseAmmPathways.txt,C(CN)(C(CNCC=O)O)=O,cdbdda1da3
ProcessedData/G3SinglePathways/FormoseAmmPathways/*C(CN)(C(CNCCO)O)=OFormoseAmmPathways.txt,ProcessedData/G3SinglePathways/FormoseAmmPathways/fe4d9d811a_FormoseAmmPathways.txt,C(CN)(C(CNCCO)O)=O,fe4d9d811a
ProcessedData/G3SinglePathways/FormoseAmmPathways/*C(CN)(C(CO)O)=OFormoseAmmPathways.txt,ProcessedData/G3SinglePathways/FormoseAmmPathways/8b2cd0c42d_FormoseAmmPathways.txt,C(CN)(C(CO)O)=O,8b2cd0c42d
ProcessedData/G3SinglePathways/FormoseAmmPathways/*C(CNC(C(CO)=O)CO)(O)=OFormoseAmmPathways.txt,ProcessedData/G3SinglePathways/FormoseAmmPathways/d76f622820_FormoseAmmPathways.txt,C(CNC(C(CO)=O)CO)(O)=O,d76f622820
ProcessedData/G3SinglePathways/FormoseAmmPathways/*C(CNCC(C(CO)=O)O)(O)=OFormoseAmmPathways.txt,ProcessedData/G3SinglePathways/FormoseAmmPathways/d59c9e02e6_FormoseAmmPathways.txt,C(CNCC(C(CO)=O)O)(O)=O,d59c9e02e6
ProcessedData/G3SinglePathways/FormoseAmmPathways/*C(CNCC(C(CO)=O)O)=OFormoseAmmPathways.txt,ProcessedData/G3SinglePathways/FormoseAmmPathways/4ac2987012_FormoseAmmPathways.txt,C(CNCC(C(CO)=O)O)=O,4ac2987012
ProcessedData/G3SinglePathways/FormoseAmmPathways/*C(CNCC(CN)O)=OFormoseAmmPathways.txt,ProcessedData/G3SinglePathways/FormoseAmmPathways/55f4bce2cc_FormoseAmmPathways.txt,C(CNCC(CN)O)=O,55f4bce2cc
ProcessedData/G3SinglePathways/FormoseAmmPathways/*C(CNCC(CO)=O)(O)=OFormoseAmmPathways.txt,ProcessedData/G3SinglePathways/FormoseAmmPathways/7f5cd0eed2_FormoseAmmPathways.txt,C(CNCC(CO)=O)(O)=O,7f5cd0eed2
ProcessedData/G3SinglePathways/FormoseAmmPathways/*C(CNCC(CO)O)=OFormoseAmmPathways.txt,ProcessedData/G3SinglePathways/FormoseAmmPathways/0882c57d12_FormoseAmmPathways.txt,C(CNCC(CO)O)=O,0882c57d12
ProcessedData/G3SinglePathways/FormoseAmmPathways/*C(CNCC(O)=O)(C(CN)O)=OFormoseAmmPathways.txt,ProcessedData/G3SinglePathways/FormoseAmmPathways/644d39858c_FormoseAmmPathways.txt,C(CNCC(O)=O)(C(CN)O)=O,644d39858c
ProcessedData/G3SinglePathways/FormoseAmmPathways/*C(CNCC(O)=O)(C(CO)O)=OFormoseAmmPathways.txt,ProcessedData/G3SinglePathways/FormoseAmmPathways/f5544ecbc4_FormoseAmmPathways.txt,C(CNCC(O)=O)(C(CO)O)=O,f5544ecbc4
ProcessedData/G3SinglePathways/FormoseAmmPathways/*C(CNCCO)(C(CN)O)=OFormoseAmmPathways.txt,ProcessedData/G3SinglePathways/FormoseAmmPathways/237d78d9d7_FormoseAmmPathways.txt,C(CNCCO)(C(CN)O)=O,237d78d9d7
ProcessedData/G3SinglePathways/FormoseAmmPathways/*C(CNCCO)(C(CO)N)=OFormoseAmmPathways.txt,ProcessedData/G3SinglePathways/FormoseAmmPathways/53128cc702_FormoseAmmPathways.txt,C(CNCCO)(C(CO)N)=O,53128cc702
ProcessedData/G3SinglePathways/FormoseAmmPathways/*C(CNCCO)(C(CO)O)=OFormoseAmmPathways.txt,ProcessedData/G3SinglePathways/FormoseAmmPathways/cb7663241c_FormoseAmmPathways.txt,C(CNCCO)(C(CO)O)=O,cb7663241c
ProcessedData/G3SinglePathways/FormoseAmmPathways/*C(CNCCO)(CN)=OFormoseAmmPathways.txt,ProcessedData/G3SinglePathways/FormoseAmmPathways/4493669eff_FormoseAmmPathways.txt,C(CNCCO)(CN)=O,4493669eff
ProcessedData/G3SinglePathways/FormoseAmmPathways/*C(CO)(C(C(C(CN)O)O)O)=OFormoseAmmPathways.txt,ProcessedData/G3SinglePathways/FormoseAmmPathways/d2e9326c2f_FormoseAmmPathways.txt,C(CO)(C(C(C(CN)O)O)O)=O,d2e9326c2f
ProcessedData/G3SinglePathways/FormoseAmmPathways/*C(CO)(C(C(C(CO)N)O)O)=OFormoseAmmPathways.txt,ProcessedData/G3SinglePathways/FormoseAmmPathways/74060b93b4_FormoseAmmPathways.txt,C(CO)(C(C(C(CO)N)O)O)=O,74060b93b4
ProcessedData/G3SinglePathways/FormoseAmmPathways/*C(CO)(C(C(C)O)N)=OFormoseAmmPathways.txt,ProcessedData/G3SinglePathways/FormoseAmmPathways/d0cdb777df_FormoseAmmPathways.txt,C(CO)(C(C(C)O)N)=O,d0cdb777df
ProcessedData/G3SinglePathways/FormoseAmmPathways/*C(CO)(C(C(C)O)O)=OFormoseAmmPathways.txt,ProcessedData/G3SinglePathways/FormoseAmmPathways/9a0ac3b81d_FormoseAmmPathways.txt,C(CO)(C(C(C)O)O)=O,9a0ac3b81d
ProcessedData/G3SinglePathways/FormoseAmmPathways/*C(CO)(C(C(CN)O)O)=OFormoseAmmPathways.txt,ProcessedData/G3SinglePathways/FormoseAmmPathways/6e608165b8_FormoseAmmPathways.txt,C(CO)(C(C(CN)O)O)=O,6e608165b8
ProcessedData/G3SinglePathways/FormoseAmmPathways/*C(CO)(C(C(CO)(CN)O)O)=OFormoseAmmPathways.txt,ProcessedData/G3SinglePathways/FormoseAmmPathways/378b67d17f_FormoseAmmPathways.txt,C(CO)(C(C(CO)(CN)O)O)=O,378b67d17f
ProcessedData/G3SinglePathways/FormoseAmmPathways/*C(CO)(C(C(CO)O)O)=OFormoseAmmPathways.txt,ProcessedData/G3SinglePathways/FormoseAmmPathways/89d5b50c80_FormoseAmmPathways.txt,C(CO)(C(C(CO)O)O)=O,89d5b50c80
ProcessedData/G3SinglePathways/FormoseAmmPathways/*C(CO)(C(CN)O)=OFormoseAmmPathways.txt,ProcessedData/G3SinglePathways/FormoseAmmPathways/c9f8986deb_FormoseAmmPathways.txt,C(CO)(C(CN)O)=O,c9f8986deb
ProcessedData/G3SinglePathways/FormoseAmmPathways/*C(CO)(C(CNCCO)O)=OFormoseAmmPathways.txt,ProcessedData/G3SinglePathways/FormoseAmmPathways/a14c90efcf_FormoseAmmPathways.txt,C(CO)(C(CNCCO)O)=O,a14c90efcf
ProcessedData/G3SinglePathways/FormoseAmmPathways/*C(CO)(C(CO)(C(C)O)O)=OFormoseAmmPathways.txt,ProcessedData/G3SinglePathways/FormoseAmmPathways/e99ef90d9f_FormoseAmmPathways.txt,C(CO)(C(CO)(C(C)O)O)=O,e99ef90d9f
ProcessedData/G3SinglePathways/FormoseAmmPathways/*C(CO)(C(CO)(C(CN)O)O)=OFormoseAmmPathways.txt,ProcessedData/G3SinglePathways/FormoseAmmPathways/f815e9c096_FormoseAmmPathways.txt,C(CO)(C(CO)(C(CN)O)O)=O,f815e9c096
ProcessedData/G3SinglePathways/FormoseAmmPathways/*C(CO)(C(CO)(CO)O)=OFormoseAmmPathways.txt,ProcessedData/G3SinglePathways/FormoseAmmPathways/93626ea282_FormoseAmmPathways.txt,C(CO)(C(CO)(CO)O)=O,93626ea282
ProcessedData/G3SinglePathways/FormoseAmmPathways/*C(CO)(C(CO)N)=OFormoseAmmPathways.txt,ProcessedData/G3SinglePathways/FormoseAmmPathways/0cbaee66c2_FormoseAmmPathways.txt,C(CO)(C(CO)N)=O,0cbaee66c2
ProcessedData/G3SinglePathways/FormoseAmmPathways/*C(CO)(C(CO)NCCO)=OFormoseAmmPathways.txt,ProcessedData/G3SinglePathways/FormoseAmmPathways/7995551ea3_FormoseAmmPathways.txt,C(CO)(C(CO)NCCO)=O,7995551ea3
ProcessedData/G3SinglePathways/FormoseAmmPathways/*C(CO)(C(CO)O)=OFormoseAmmPathways.txt,ProcessedData/G3SinglePathways/FormoseAmmPathways/01ef7ed59a_FormoseAmmPathways.txt,C(CO)(C(CO)O)=O,01ef7ed59a
ProcessedData/G3SinglePathways/FormoseAmmPathways/*C(CO)(CNCCO)=OFormoseAmmPathways.txt,ProcessedData/G3SinglePathways/FormoseAmmPathways/f1cf55f0c7_FormoseAmmPathways.txt,C(CO)(CNCCO)=O,f1cf55f0c7
ProcessedData/G3SinglePathways/FormoseAmmPathways/*C1(C(C(C(CO)O1)O)O)=OFormoseAmmPathways.txt,ProcessedData/G3SinglePathways/FormoseAmmPathways/9cb0d92d16_FormoseAmmPathways.txt,C1(C(C(C(CO)O1)O)O)=O,9cb0d92d16
ProcessedData/G3SinglePathways/FormoseAmmPathways/*C1(C(C(C(CO1)O)O)O)=OFormoseAmmPathways.txt,ProcessedData/G3SinglePathways/FormoseAmmPathways/25d5f75589_FormoseAmmPathways.txt,C1(C(C(C(CO1)O)O)O)=O,25d5f75589
ProcessedData/G3SinglePathways/FormoseAmmPathways/*C1C(C(C(C(O)O1)O)O)OFormoseAmmPathways.txt,ProcessedData/G3SinglePathways/FormoseAmmPathways/85ace16d04_FormoseAmmPathways.txt,C1C(C(C(C(O)O1)O)O)O,85ace16d04
ProcessedData/G3SinglePathways/FormoseAmmPathways/*C1C(C(C(O)O1)(C(CN)O)O)OFormoseAmmPathways.txt,ProcessedData/G3SinglePathways/FormoseAmmPathways/f3cfc10c48_FormoseAmmPathways.txt,C1C(C(C(O)O1)(C(CN)O)O)O,f3cfc10c48
ProcessedData/G3SinglePathways/FormoseAmmPathways/*C1C(C(C(O)O1)(CO)O)OFormoseAmmPathways.txt,ProcessedData/G3SinglePathways/FormoseAmmPathways/4d1b941fed_FormoseAmmPathways.txt,C1C(C(C(O)O1)(CO)O)O,4d1b941fed
ProcessedData/G3SinglePathways/FormoseAmmPathways/*C1C(C(C(O)O1)O)OFormoseAmmPathways.txt,ProcessedData/G3SinglePathways/FormoseAmmPathways/3c2e92aef8_FormoseAmmPathways.txt,C1C(C(C(O)O1)O)O,3c2e92aef8
ProcessedData/G3SinglePathways/FormosePathways/*C(C(C(C(C(C)=O)O)O)O)=OFormosePathways.txt,ProcessedData/G3SinglePathways/FormosePathways/7c2a380bb1_FormosePathways.txt,C(C(C(C(C(C)=O)O)O)O)=O,7c2a380bb1
ProcessedData/G3SinglePathways/FormosePathways/*C(C(C(C(C)=O)O)O)(O)=OFormosePathways.txt,ProcessedData/G3SinglePathways/FormosePathways/85d2b8e343_FormosePathways.txt,C(C(C(C(C)=O)O)O)(O)=O,85d2b8e343
ProcessedData/G3SinglePathways/FormosePathways/*C(C(C(C(CO)O)=O)CO)=OFormosePathways.txt,ProcessedData/G3SinglePathways/FormosePathways/4d1401644c_FormosePathways.txt,C(C(C(C(CO)O)=O)CO)=O,4d1401644c
ProcessedData/G3SinglePathways/FormosePathways/*C(C(C(C(CO)O)O)O)=OFormosePathways.txt,ProcessedData/G3SinglePathways/FormosePathways/317630011e_FormosePathways.txt,C(C(C(C(CO)O)O)O)=O,317630011e
ProcessedData/G3SinglePathways/FormosePathways/*C(C(C(C(CO)O)O)O)OFormosePathways.txt,ProcessedData/G3SinglePathways/FormosePathways/ecc306bad1_FormosePathways.txt,C(C(C(C(CO)O)O)O)O,ecc306bad1
ProcessedData/G3SinglePathways/FormosePathways/*C(C(C(C)=O)(C(CO)O)O)=OFormosePathways.txt,ProcessedData/G3SinglePathways/FormosePathways/c054dfc2d4_FormosePathways.txt,C(C(C(C)=O)(C(CO)O)O)=O,c054dfc2d4
ProcessedData/G3SinglePathways/FormosePathways/*C(C(C(C)O)O)(C(CO)O)=OFormosePathways.txt,ProcessedData/G3SinglePathways/FormosePathways/4957241694_FormosePathways.txt,C(C(C(C)O)O)(C(CO)O)=O,4957241694
ProcessedData/G3SinglePathways/FormosePathways/*C(C(C(C=O)O)O)(CCO)=OFormosePathways.txt,ProcessedData/G3SinglePathways/FormosePathways/36e6a5a2c8_FormosePathways.txt,C(C(C(C=O)O)O)(CCO)=O,36e6a5a2c8
ProcessedData/G3SinglePathways/FormosePathways/*C(C(C(CC(C=O)O)O)O)=OFormosePathways.txt,ProcessedData/G3SinglePathways/FormosePathways/565450ce6d_FormosePathways.txt,C(C(C(CC(C=O)O)O)O)=O,565450ce6d
ProcessedData/G3SinglePathways/FormosePathways/*C(C(C(CC(CO)=O)O)O)=OFormosePathways.txt,ProcessedData/G3SinglePathways/FormosePathways/4d0e9702ef_FormosePathways.txt,C(C(C(CC(CO)=O)O)O)=O,4d0e9702ef
ProcessedData/G3SinglePathways/FormosePathways/*C(C(C(CC(CO)O)=O)O)=OFormosePathways.txt,ProcessedData/G3SinglePathways/FormosePathways/ef0a822f72_FormosePathways.txt,C(C(C(CC(CO)O)=O)O)=O,ef0a822f72
ProcessedData/G3SinglePathways/FormosePathways/*C(C(C(CCO)=O)(CO)O)=OFormosePathways.txt,ProcessedData/G3SinglePathways/FormosePathways/893b424f64_FormosePathways.txt,C(C(C(CCO)=O)(CO)O)=O,893b424f64
ProcessedData/G3SinglePathways/FormosePathways/*C(C(C(CCO)=O)O)(O)=OFormosePathways.txt,ProcessedData/G3SinglePathways/FormosePathways/2ecf7f4e37_FormosePathways.txt,C(C(C(CCO)=O)O)(O)=O,2ecf7f4e37
ProcessedData/G3SinglePathways/FormosePathways/*C(C(C(CO)(CO)O)O)=OFormosePathways.txt,ProcessedData/G3SinglePathways/FormosePathways/8ac17f3ab4_FormosePathways.txt,C(C(C(CO)(CO)O)O)=O,8ac17f3ab4
ProcessedData/G3SinglePathways/FormosePathways/*C(C(C(CO)=O)C(CO)O)=OFormosePathways.txt,ProcessedData/G3SinglePathways/FormosePathways/417f25ddda_FormosePathways.txt,C(C(C(CO)=O)C(CO)O)=O,417f25ddda
ProcessedData/G3SinglePathways/FormosePathways/*C(C(C(CO)C(CO)O)=O)=OFormosePathways.txt,ProcessedData/G3SinglePathways/FormosePathways/6c29bfb52d_FormosePathways.txt,C(C(C(CO)C(CO)O)=O)=O,6c29bfb52d
ProcessedData/G3SinglePathways/FormosePathways/*C(C(C(CO)O)(C(C)O)O)=OFormosePathways.txt,ProcessedData/G3SinglePathways/FormosePathways/4a5b5d75cc_FormosePathways.txt,C(C(C(CO)O)(C(C)O)O)=O,4a5b5d75cc
ProcessedData/G3SinglePathways/FormosePathways/*C(C(C(CO)O)(CC=O)O)=OFormosePathways.txt,ProcessedData/G3SinglePathways/FormosePathways/0fd9156a19_FormosePathways.txt,C(C(C(CO)O)(CC=O)O)=O,0fd9156a19
ProcessedData/G3SinglePathways/FormosePathways/*C(C(C(CO)O)C(C=O)O)=OFormosePathways.txt,ProcessedData/G3SinglePathways/FormosePathways/eef2399fa0_FormosePathways.txt,C(C(C(CO)O)C(C=O)O)=O,eef2399fa0
ProcessedData/G3SinglePathways/FormosePathways/*C(C(C(CO)O)O)(O)=OFormosePathways.txt,ProcessedData/G3SinglePathways/FormosePathways/98bd3e59b7_FormosePathways.txt,C(C(C(CO)O)O)(O)=O,98bd3e59b7
ProcessedData/G3SinglePathways/FormosePathways/*C(C(C(CO)O)O)=OFormosePathways.txt,ProcessedData/G3SinglePathways/FormosePathways/ef79d340d9_FormosePathways.txt,C(C(C(CO)O)O)=O,ef79d340d9
ProcessedData/G3SinglePathways/FormosePathways/*C(C(C(CO)O)O)OFormosePathways.txt,ProcessedData/G3SinglePathways/FormosePathways/bb1975f631_FormosePathways.txt,C(C(C(CO)O)O)O,bb1975f631
ProcessedData/G3SinglePathways/FormosePathways/*C(C(C)(C(C(CO)=O)O)O)=OFormosePathways.txt,ProcessedData/G3SinglePathways/FormosePathways/ba15f24a22_FormosePathways.txt,C(C(C)(C(C(CO)=O)O)O)=O,ba15f24a22
ProcessedData/G3SinglePathways/FormosePathways/*C(C(C=O)C(C(CO)O)O)=OFormosePathways.txt,ProcessedData/G3SinglePathways/FormosePathways/1f349d78e5_FormosePathways.txt,C(C(C=O)C(C(CO)O)O)=O,1f349d78e5
ProcessedData/G3SinglePathways/FormosePathways/*C(C(CC(C(CO)O)O)=O)=OFormosePathways.txt,ProcessedData/G3SinglePathways/FormosePathways/9699ce9c0c_FormosePathways.txt,C(C(CC(C(CO)O)O)=O)=O,9699ce9c0c
ProcessedData/G3SinglePathways/FormosePathways/*C(C(CC(CO)=O)O)(O)=OFormosePathways.txt,ProcessedData/G3SinglePathways/FormosePathways/893a621fc6_FormosePathways.txt,C(C(CC(CO)=O)O)(O)=O,893a621fc6
ProcessedData/G3SinglePathways/FormosePathways/*C(C(CC(CO)O)=O)(O)=OFormosePathways.txt,ProcessedData/G3SinglePathways/FormosePathways/777eeea1be_FormosePathways.txt,C(C(CC(CO)O)=O)(O)=O,777eeea1be
ProcessedData/G3SinglePathways/FormosePathways/*C(C(CCO)(C(C=O)O)O)=OFormosePathways.txt,ProcessedData/G3SinglePathways/FormosePathways/80edd417c8_FormosePathways.txt,C(C(CCO)(C(C=O)O)O)=O,80edd417c8
ProcessedData/G3SinglePathways/FormosePathways/*C(C(CCO)O)(O)=OFormosePathways.txt,ProcessedData/G3SinglePathways/FormosePathways/8b18073317_FormosePathways.txt,C(C(CCO)O)(O)=O,8b18073317
ProcessedData/G3SinglePathways/FormosePathways/*C(C(CO)(C(C(C)=O)O)O)=OFormosePathways.txt,ProcessedData/G3SinglePathways/FormosePathways/a1ed496d57_FormosePathways.txt,C(C(CO)(C(C(C)=O)O)O)=O,a1ed496d57
ProcessedData/G3SinglePathways/FormosePathways/*C(C(CO)(C(C)O)O)(O)=OFormosePathways.txt,ProcessedData/G3SinglePathways/FormosePathways/f4f74f46e3_FormosePathways.txt,C(C(CO)(C(C)O)O)(O)=O,f4f74f46e3
ProcessedData/G3SinglePathways/FormosePathways/*C(C(CO)(C(C)O)O)=OFormosePathways.txt,ProcessedData/G3SinglePathways/FormosePathways/d7977832cd_FormosePathways.txt,C(C(CO)(C(C)O)O)=O,d7977832cd
ProcessedData/G3SinglePathways/FormosePathways/*C(C(CO)(C(C=O)(C)O)O)=OFormosePathways.txt,ProcessedData/G3SinglePathways/FormosePathways/741068a3d1_FormosePathways.txt,C(C(CO)(C(C=O)(C)O)O)=O,741068a3d1
ProcessedData/G3SinglePathways/FormosePathways/*C(C(CO)(C(CC=O)O)O)=OFormosePathways.txt,ProcessedData/G3SinglePathways/FormosePathways/6d8b4bd09f_FormosePathways.txt,C(C(CO)(C(CC=O)O)O)=O,6d8b4bd09f
ProcessedData/G3SinglePathways/FormosePathways/*C(C(CO)(C(CO)O)O)=OFormosePathways.txt,ProcessedData/G3SinglePathways/FormosePathways/288f85c6a3_FormosePathways.txt,C(C(CO)(C(CO)O)O)=O,288f85c6a3
ProcessedData/G3SinglePathways/FormosePathways/*C(C(CO)(C(CO)O)O)OFormosePathways.txt,ProcessedData/G3SinglePathways/FormosePathways/c43d0bd8de_FormosePathways.txt,C(C(CO)(C(CO)O)O)O,c43d0bd8de
ProcessedData/G3SinglePathways/FormosePathways/*C(C(CO)(CC(CO)=O)O)=OFormosePathways.txt,ProcessedData/G3SinglePathways/FormosePathways/e17cd3d84d_FormosePathways.txt,C(C(CO)(CC(CO)=O)O)=O,e17cd3d84d
ProcessedData/G3SinglePathways/FormosePathways/*C(C(CO)(CO)O)(O)=OFormosePathways.txt,ProcessedData/G3SinglePathways/FormosePathways/dcf6921a57_FormosePathways.txt,C(C(CO)(CO)O)(O)=O,dcf6921a57
ProcessedData/G3SinglePathways/FormosePathways/*C(C(CO)(CO)O)=OFormosePathways.txt,ProcessedData/G3SinglePathways/FormosePathways/979cedda65_FormosePathways.txt,C(C(CO)(CO)O)=O,979cedda65
ProcessedData/G3SinglePathways/FormosePathways/*C(C(CO)(CO)O)OFormosePathways.txt,ProcessedData/G3SinglePathways/FormosePathways/4c38643b6a_FormosePathways.txt,C(C(CO)(CO)O)O,4c38643b6a
ProcessedData/G3SinglePathways/FormosePathways/*C(C(CO)O)(C(CO)O)=OFormosePathways.txt,ProcessedData/G3SinglePathways/FormosePathways/7e681e4da3_FormosePathways.txt,C(C(CO)O)(C(CO)O)=O,7e681e4da3
ProcessedData/G3SinglePathways/FormosePathways/*C(C(CO)O)(O)=OFormosePathways.txt,ProcessedData/G3SinglePathways/FormosePathways/8551c6866f_FormosePathways.txt,C(C(CO)O)(O)=O,8551c6866f
ProcessedData/G3SinglePathways/FormosePathways/*C(C(CO)O)OFormosePathways.txt,ProcessedData/G3SinglePathways/FormosePathways/22002e45d7_FormosePathways.txt,C(C(CO)O)O,22002e45d7
ProcessedData/G3SinglePathways/FormosePathways/*C(C)(C(C(C(CO)=O)O)O)=OFormosePathways.txt,ProcessedData/G3SinglePathways/FormosePathways/00ad249f62_FormosePathways.txt,C(C)(C(C(C(CO)=O)O)O)=O,00ad249f62
ProcessedData/G3SinglePathways/FormosePathways/*C(C1C(C(C(O)O1)O)O)OFormosePathways.txt,ProcessedData/G3SinglePathways/FormosePathways/8ef079143b_FormosePathways.txt,C(C1C(C(C(O)O1)O)O)O,8ef079143b
ProcessedData/G3SinglePathways/FormosePathways/*C(CC(C(C(C=O)O)O)O)=OFormosePathways.txt,ProcessedData/G3SinglePathways/FormosePathways/3e00000a69_FormosePathways.txt,C(CC(C(C(C=O)O)O)O)=O,3e00000a69
ProcessedData/G3SinglePathways/FormosePathways/*C(CC(C(C(CO)O)O)=O)=OFormosePathways.txt,ProcessedData/G3SinglePathways/FormosePathways/7bb6e534fb_FormosePathways.txt,C(CC(C(C(CO)O)O)=O)=O,7bb6e534fb
ProcessedData/G3SinglePathways/FormosePathways/*C(CC(C(C(CO)O)O)O)=OFormosePathways.txt,ProcessedData/G3SinglePathways/FormosePathways/f7c5db0331_FormosePathways.txt,C(CC(C(C(CO)O)O)O)=O,f7c5db0331
ProcessedData/G3SinglePathways/FormosePathways/*C(CC(C(C(O)=O)O)O)=OFormosePathways.txt,ProcessedData/G3SinglePathways/FormosePathways/6e4875796e_FormosePathways.txt,C(CC(C(C(O)=O)O)O)=O,6e4875796e
ProcessedData/G3SinglePathways/FormosePathways/*C(CC(C(CO)(CO)O)O)=OFormosePathways.txt,ProcessedData/G3SinglePathways/FormosePathways/f7380ff907_FormosePathways.txt,C(CC(C(CO)(CO)O)O)=O,f7380ff907
ProcessedData/G3SinglePathways/FormosePathways/*C(CC(C(CO)O)=O)(O)=OFormosePathways.txt,ProcessedData/G3SinglePathways/FormosePathways/ff53093aec_FormosePathways.txt,C(CC(C(CO)O)=O)(O)=O,ff53093aec
ProcessedData/G3SinglePathways/FormosePathways/*C(CC(C(CO)O)O)=OFormosePathways.txt,ProcessedData/G3SinglePathways/FormosePathways/8f7486a958_FormosePathways.txt,C(CC(C(CO)O)O)=O,8f7486a958
ProcessedData/G3SinglePathways/FormosePathways/*C(CC(C=O)O)(C(CO)O)=OFormosePathways.txt,ProcessedData/G3SinglePathways/FormosePathways/cfaa2effec_FormosePathways.txt,C(CC(C=O)O)(C(CO)O)=O,cfaa2effec
ProcessedData/G3SinglePathways/FormosePathways/*C(CC(CO)(C(C=O)O)O)=OFormosePathways.txt,ProcessedData/G3SinglePathways/FormosePathways/e7696d9cd2_FormosePathways.txt,C(CC(CO)(C(C=O)O)O)=O,e7696d9cd2
ProcessedData/G3SinglePathways/FormosePathways/*C(CC(CO)(C(CO)O)O)=OFormosePathways.txt,ProcessedData/G3SinglePathways/FormosePathways/5613eeb22d_FormosePathways.txt,C(CC(CO)(C(CO)O)O)=O,5613eeb22d
ProcessedData/G3SinglePathways/FormosePathways/*C(CC(CO)(CO)O)=OFormosePathways.txt,ProcessedData/G3SinglePathways/FormosePathways/cda3c2c248_FormosePathways.txt,C(CC(CO)(CO)O)=O,cda3c2c248
ProcessedData/G3SinglePathways/FormosePathways/*C(CO)(C(C(C)O)O)=OFormosePathways.txt,ProcessedData/G3SinglePathways/FormosePathways/9a0ac3b81d_FormosePathways.txt,C(CO)(C(C(C)O)O)=O,9a0ac3b81d
ProcessedData/G3SinglePathways/FormosePathways/*C(CO)(C(C(CO)O)O)=OFormosePathways.txt,ProcessedData/G3SinglePathways/FormosePathways/89d5b50c80_FormosePathways.txt,C(CO)(C(C(CO)O)O)=O,89d5b50c80
ProcessedData/G3SinglePathways/FormosePathways/*C(CO)(C(CO)(C(C)O)O)=OFormosePathways.txt,ProcessedData/G3SinglePathways/FormosePathways/e99ef90d9f_FormosePathways.txt,C(CO)(C(CO)(C(C)O)O)=O,e99ef90d9f
ProcessedData/G3SinglePathways/FormosePathways/*C(CO)(C(CO)(CO)O)=OFormosePathways.txt,ProcessedData/G3SinglePathways/FormosePathways/93626ea282_FormosePathways.txt,C(CO)(C(CO)(CO)O)=O,93626ea282
ProcessedData/G3SinglePathways/FormosePathways/*C(CO)(C(CO)O)=OFormosePathways.txt,ProcessedData/G3SinglePathways/FormosePathways/01ef7ed59a_FormosePathways.txt,C(CO)(C(CO)O)=O,01ef7ed59a
ProcessedData/G3SinglePathways/FormosePathways/*C1(C(C(C(CO)O1)O)O)=OFormosePathways.txt,ProcessedData/G3SinglePathways/FormosePathways/9cb0d92d16_FormosePathways.txt,C1(C(C(C(CO)O1)O)O)=O,9cb0d92d16
ProcessedData/G3SinglePathways/FormosePathways/*C1(C(C(C(CO1)O)O)O)=OFormosePathways.txt,ProcessedData/G3SinglePathways/FormosePathways/25d5f75589_FormosePathways.txt,C1(C(C(C(CO1)O)O)O)=O,25d5f75589
ProcessedData/G3SinglePathways/FormosePathways/*C1C(C(C(C(O)O1)O)O)OFormosePathways.txt,ProcessedData/G3SinglePathways/FormosePathways/85ace16d04_FormosePathways.txt,C1C(C(C(C(O)O1)O)O)O,85ace16d04
ProcessedData/G3SinglePathways/FormosePathways/*C1C(C(C(O)O1)(CO)O)OFormosePathways.txt,ProcessedData/G3SinglePathways/FormosePathways/4d1b941fed_FormosePathways.txt,C1C(C(C(O)O1)(CO)O)O,4d1b941fed
ProcessedData/G3SinglePathways/FormosePathways/*C1C(C(C(O)O1)O)OFormosePathways.txt,ProcessedData/G3SinglePathways/FormosePathways/3c2e92aef8_FormosePathways.txt,C1C(C(C(O)O1)O)O,3c2e92aef8
ProcessedData/G3SinglePathways/GlucoseAmmPathways/*C(C(C(C(C(C)=O)N)O)O)(O)=OGlucoseAmmPathways.txt,ProcessedData/G3SinglePathways/GlucoseAmmPathways/07b52d3301_GlucoseAmmPathways.txt,C(C(C(C(C(C)=O)N)O)O)(O)=O,07b52d3301
ProcessedData/G3SinglePathways/GlucoseAmmPathways/*C(C(C(C(C(C)=O)O)N)O)(O)=OGlucoseAmmPathways.txt,ProcessedData/G3SinglePathways/GlucoseAmmPathways/23e10f1c6d_GlucoseAmmPathways.txt,C(C(C(C(C(C)=O)O)N)O)(O)=O,23e10f1c6d
ProcessedData/G3SinglePathways/GlucoseAmmPathways/*C(C(C(C(C(C)=O)O)N)O)=OGlucoseAmmPathways.txt,ProcessedData/G3SinglePathways/GlucoseAmmPathways/bc34b99fd5_GlucoseAmmPathways.txt,C(C(C(C(C(C)=O)O)N)O)=O,bc34b99fd5
ProcessedData/G3SinglePathways/GlucoseAmmPathways/*C(C(C(C(C(C)=O)O)O)O)=OGlucoseAmmPathways.txt,ProcessedData/G3SinglePathways/GlucoseAmmPathways/7c2a380bb1_GlucoseAmmPathways.txt,C(C(C(C(C(C)=O)O)O)O)=O,7c2a380bb1
ProcessedData/G3SinglePathways/GlucoseAmmPathways/*C(C(C(C(C(CO)N)O)O)N)=OGlucoseAmmPathways.txt,ProcessedData/G3SinglePathways/GlucoseAmmPathways/d23665b427_GlucoseAmmPathways.txt,C(C(C(C(C(CO)N)O)O)N)=O,d23665b427
ProcessedData/G3SinglePathways/GlucoseAmmPathways/*C(C(C(C(C(CO)N)O)O)O)=OGlucoseAmmPathways.txt,ProcessedData/G3SinglePathways/GlucoseAmmPathways/dbb5fdba55_GlucoseAmmPathways.txt,C(C(C(C(C(CO)N)O)O)O)=O,dbb5fdba55
ProcessedData/G3SinglePathways/GlucoseAmmPathways/*C(C(C(C(C(CO)O)N)O)O)OGlucoseAmmPathways.txt,ProcessedData/G3SinglePathways/GlucoseAmmPathways/dc84f88781_GlucoseAmmPathways.txt,C(C(C(C(C(CO)O)N)O)O)O,dc84f88781
ProcessedData/G3SinglePathways/GlucoseAmmPathways/*C(C(C(C(C(CO)O)O)N)O)=OGlucoseAmmPathways.txt,ProcessedData/G3SinglePathways/GlucoseAmmPathways/0e3b13d0e4_GlucoseAmmPathways.txt,C(C(C(C(C(CO)O)O)N)O)=O,0e3b13d0e4
ProcessedData/G3SinglePathways/GlucoseAmmPathways/*C(C(C(C(C)=O)O)O)(O)=OGlucoseAmmPathways.txt,ProcessedData/G3SinglePathways/GlucoseAmmPathways/85d2b8e343_GlucoseAmmPathways.txt,C(C(C(C(C)=O)O)O)(O)=O,85d2b8e343
ProcessedData/G3SinglePathways/GlucoseAmmPathways/*C(C(C(C(C=C)=O)(CO)O)O)=OGlucoseAmmPathways.txt,ProcessedData/G3SinglePathways/GlucoseAmmPathways/dca6c18cb6_GlucoseAmmPathways.txt,C(C(C(C(C=C)=O)(CO)O)O)=O,dca6c18cb6
ProcessedData/G3SinglePathways/GlucoseAmmPathways/*C(C(C(C(C=C)=O)O)O)(O)=OGlucoseAmmPathways.txt,ProcessedData/G3SinglePathways/GlucoseAmmPathways/4a949438fb_GlucoseAmmPathways.txt,C(C(C(C(C=C)=O)O)O)(O)=O,4a949438fb
ProcessedData/G3SinglePathways/GlucoseAmmPathways/*C(C(C(C(C=C)O)O)O)=OGlucoseAmmPathways.txt,ProcessedData/G3SinglePathways/GlucoseAmmPathways/236eb32251_GlucoseAmmPathways.txt,C(C(C(C(C=C)O)O)O)=O,236eb32251
ProcessedData/G3SinglePathways/GlucoseAmmPathways/*C(C(C(C(CCN)N)=O)O)=OGlucoseAmmPathways.txt,ProcessedData/G3SinglePathways/GlucoseAmmPathways/51c28c7f05_GlucoseAmmPathways.txt,C(C(C(C(CCN)N)=O)O)=O,51c28c7f05
ProcessedData/G3SinglePathways/GlucoseAmmPathways/*C(C(C(C(CCO)=O)O)N)(O)=OGlucoseAmmPathways.txt,ProcessedData/G3SinglePathways/GlucoseAmmPathways/1db407529b_GlucoseAmmPathways.txt,C(C(C(C(CCO)=O)O)N)(O)=O,1db407529b
ProcessedData/G3SinglePathways/GlucoseAmmPathways/*C(C(C(C(CCO)=O)O)O)(C)=OGlucoseAmmPathways.txt,ProcessedData/G3SinglePathways/GlucoseAmmPathways/4a448e8758_GlucoseAmmPathways.txt,C(C(C(C(CCO)=O)O)O)(C)=O,4a448e8758
ProcessedData/G3SinglePathways/GlucoseAmmPathways/*C(C(C(C(CCO)N)=O)O)(O)=OGlucoseAmmPathways.txt,ProcessedData/G3SinglePathways/GlucoseAmmPathways/5795d9f199_GlucoseAmmPathways.txt,C(C(C(C(CCO)N)=O)O)(O)=O,5795d9f199
ProcessedData/G3SinglePathways/GlucoseAmmPathways/*C(C(C(C(CCO)N)O)O)=OGlucoseAmmPathways.txt,ProcessedData/G3SinglePathways/GlucoseAmmPathways/a4802805b8_GlucoseAmmPathways.txt,C(C(C(C(CCO)N)O)O)=O,a4802805b8
ProcessedData/G3SinglePathways/GlucoseAmmPathways/*C(C(C(C(CCO)O)N)O)=OGlucoseAmmPathways.txt,ProcessedData/G3SinglePathways/GlucoseAmmPathways/1f3093f8a4_GlucoseAmmPathways.txt,C(C(C(C(CCO)O)N)O)=O,1f3093f8a4
ProcessedData/G3SinglePathways/GlucoseAmmPathways/*C(C(C(C(CCO)O)O)O)=OGlucoseAmmPathways.txt,ProcessedData/G3SinglePathways/GlucoseAmmPathways/6740f12f20_GlucoseAmmPathways.txt,C(C(C(C(CCO)O)O)O)=O,6740f12f20
ProcessedData/G3SinglePathways/GlucoseAmmPathways/*C(C(C(C(CCO)O)O)O)OGlucoseAmmPathways.txt,ProcessedData/G3SinglePathways/GlucoseAmmPathways/36fa95d382_GlucoseAmmPathways.txt,C(C(C(C(CCO)O)O)O)O,36fa95d382
ProcessedData/G3SinglePathways/GlucoseAmmPathways/*C(C(C(C(CN)=O)O)O)=OGlucoseAmmPathways.txt,ProcessedData/G3SinglePathways/GlucoseAmmPathways/09031b5c90_GlucoseAmmPathways.txt,C(C(C(C(CN)=O)O)O)=O,09031b5c90
ProcessedData/G3SinglePathways/GlucoseAmmPathways/*C(C(C(C(CO)=O)O)O)=OGlucoseAmmPathways.txt,ProcessedData/G3SinglePathways/GlucoseAmmPathways/fe8312ff15_GlucoseAmmPathways.txt,C(C(C(C(CO)=O)O)O)=O,fe8312ff15
ProcessedData/G3SinglePathways/GlucoseAmmPathways/*C(C(C(C(CO)O)O)O)=OGlucoseAmmPathways.txt,ProcessedData/G3SinglePathways/GlucoseAmmPathways/317630011e_GlucoseAmmPathways.txt,C(C(C(C(CO)O)O)O)=O,317630011e
ProcessedData/G3SinglePathways/GlucoseAmmPathways/*C(C(C(C(O)=O)O)N)(CCO)=OGlucoseAmmPathways.txt,ProcessedData/G3SinglePathways/GlucoseAmmPathways/d7672fcae6_GlucoseAmmPathways.txt,C(C(C(C(O)=O)O)N)(CCO)=O,d7672fcae6
ProcessedData/G3SinglePathways/GlucoseAmmPathways/*C(C(C(C(O)=O)O)O)(CCN)=OGlucoseAmmPathways.txt,ProcessedData/G3SinglePathways/GlucoseAmmPathways/a273a09974_GlucoseAmmPathways.txt,C(C(C(C(O)=O)O)O)(CCN)=O,a273a09974
ProcessedData/G3SinglePathways/GlucoseAmmPathways/*C(C(C(C)(C(CO)O)O)O)=OGlucoseAmmPathways.txt,ProcessedData/G3SinglePathways/GlucoseAmmPathways/604a0f832d_GlucoseAmmPathways.txt,C(C(C(C)(C(CO)O)O)O)=O,604a0f832d
ProcessedData/G3SinglePathways/GlucoseAmmPathways/*C(C(C(C)=O)(C(CO)O)O)=OGlucoseAmmPathways.txt,ProcessedData/G3SinglePathways/GlucoseAmmPathways/c054dfc2d4_GlucoseAmmPathways.txt,C(C(C(C)=O)(C(CO)O)O)=O,c054dfc2d4
ProcessedData/G3SinglePathways/GlucoseAmmPathways/*C(C(C(C)O)(C(C(C)=O)O)O)=OGlucoseAmmPathways.txt,ProcessedData/G3SinglePathways/GlucoseAmmPathways/b880f9603f_GlucoseAmmPathways.txt,C(C(C(C)O)(C(C(C)=O)O)O)=O,b880f9603f
ProcessedData/G3SinglePathways/GlucoseAmmPathways/*C(C(C(C)O)(C(C=O)O)O)=OGlucoseAmmPathways.txt,ProcessedData/G3SinglePathways/GlucoseAmmPathways/ce5b282560_GlucoseAmmPathways.txt,C(C(C(C)O)(C(C=O)O)O)=O,ce5b282560
ProcessedData/G3SinglePathways/GlucoseAmmPathways/*C(C(C(C)O)(C(CO)N)O)=OGlucoseAmmPathways.txt,ProcessedData/G3SinglePathways/GlucoseAmmPathways/124450fa99_GlucoseAmmPathways.txt,C(C(C(C)O)(C(CO)N)O)=O,124450fa99
ProcessedData/G3SinglePathways/GlucoseAmmPathways/*C(C(C(C)O)(CC(CO)=O)O)=OGlucoseAmmPathways.txt,ProcessedData/G3SinglePathways/GlucoseAmmPathways/73b1a70d8a_GlucoseAmmPathways.txt,C(C(C(C)O)(CC(CO)=O)O)=O,73b1a70d8a
ProcessedData/G3SinglePathways/GlucoseAmmPathways/*C(C(C(C)O)O)(C(CO)O)=OGlucoseAmmPathways.txt,ProcessedData/G3SinglePathways/GlucoseAmmPathways/4957241694_GlucoseAmmPathways.txt,C(C(C(C)O)O)(C(CO)O)=O,4957241694
ProcessedData/G3SinglePathways/GlucoseAmmPathways/*C(C(C(C)O)O)(CCO)=OGlucoseAmmPathways.txt,ProcessedData/G3SinglePathways/GlucoseAmmPathways/f09cc4de96_GlucoseAmmPathways.txt,C(C(C(C)O)O)(CCO)=O,f09cc4de96
ProcessedData/G3SinglePathways/GlucoseAmmPathways/*C(C(C(C=CC(O)=O)O)O)=OGlucoseAmmPathways.txt,ProcessedData/G3SinglePathways/GlucoseAmmPathways/b64ad6fb94_GlucoseAmmPathways.txt,C(C(C(C=CC(O)=O)O)O)=O,b64ad6fb94
ProcessedData/G3SinglePathways/GlucoseAmmPathways/*C(C(C(C=CC=O)O)O)(O)=OGlucoseAmmPathways.txt,ProcessedData/G3SinglePathways/GlucoseAmmPathways/98e5891571_GlucoseAmmPathways.txt,C(C(C(C=CC=O)O)O)(O)=O,98e5891571
ProcessedData/G3SinglePathways/GlucoseAmmPathways/*C(C(C(C=CCO)=O)O)(O)=OGlucoseAmmPathways.txt,ProcessedData/G3SinglePathways/GlucoseAmmPathways/45a5f6bd37_GlucoseAmmPathways.txt,C(C(C(C=CCO)=O)O)(O)=O,45a5f6bd37
ProcessedData/G3SinglePathways/GlucoseAmmPathways/*C(C(C(C=CCO)O)O)=OGlucoseAmmPathways.txt,ProcessedData/G3SinglePathways/GlucoseAmmPathways/3486054cc8_GlucoseAmmPathways.txt,C(C(C(C=CCO)O)O)=O,3486054cc8
ProcessedData/G3SinglePathways/GlucoseAmmPathways/*C(C(C(C=O)O)N)(CCN)=OGlucoseAmmPathways.txt,ProcessedData/G3SinglePathways/GlucoseAmmPathways/93551b70cf_GlucoseAmmPathways.txt,C(C(C(C=O)O)N)(CCN)=O,93551b70cf
ProcessedData/G3SinglePathways/GlucoseAmmPathways/*C(C(C(C=O)O)N)(CCO)=OGlucoseAmmPathways.txt,ProcessedData/G3SinglePathways/GlucoseAmmPathways/74dfa156dc_GlucoseAmmPathways.txt,C(C(C(C=O)O)N)(CCO)=O,74dfa156dc
ProcessedData/G3SinglePathways/GlucoseAmmPathways/*C(C(C(C=O)O)O)(C(C)N)=OGlucoseAmmPathways.txt,ProcessedData/G3SinglePathways/GlucoseAmmPathways/da465be441_GlucoseAmmPathways.txt,C(C(C(C=O)O)O)(C(C)N)=O,da465be441
ProcessedData/G3SinglePathways/GlucoseAmmPathways/*C(C(C(C=O)O)O)(C(C)O)=OGlucoseAmmPathways.txt,ProcessedData/G3SinglePathways/GlucoseAmmPathways/d2c971ff03_GlucoseAmmPathways.txt,C(C(C(C=O)O)O)(C(C)O)=O,d2c971ff03
ProcessedData/G3SinglePathways/GlucoseAmmPathways/*C(C(C(C=O)O)O)(CC(C)O)=OGlucoseAmmPathways.txt,ProcessedData/G3SinglePathways/GlucoseAmmPathways/daa2d9635b_GlucoseAmmPathways.txt,C(C(C(C=O)O)O)(CC(C)O)=O,daa2d9635b
ProcessedData/G3SinglePathways/GlucoseAmmPathways/*C(C(C(C=O)O)O)(CCN)=OGlucoseAmmPathways.txt,ProcessedData/G3SinglePathways/GlucoseAmmPathways/2b8f4acc22_GlucoseAmmPathways.txt,C(C(C(C=O)O)O)(CCN)=O,2b8f4acc22
ProcessedData/G3SinglePathways/GlucoseAmmPathways/*C(C(C(C=O)O)O)(CCO)=OGlucoseAmmPathways.txt,ProcessedData/G3SinglePathways/GlucoseAmmPathways/36e6a5a2c8_GlucoseAmmPathways.txt,C(C(C(C=O)O)O)(CCO)=O,36e6a5a2c8
ProcessedData/G3SinglePathways/GlucoseAmmPathways/*C(C(C(C=O)O)O)(O)=OGlucoseAmmPathways.txt,ProcessedData/G3SinglePathways/GlucoseAmmPathways/c273cf43d2_GlucoseAmmPathways.txt,C(C(C(C=O)O)O)(O)=O,c273cf43d2
ProcessedData/G3SinglePathways/GlucoseAmmPathways/*C(C(C(CC(C=O)O)O)N)=OGlucoseAmmPathways.txt,ProcessedData/G3SinglePathways/GlucoseAmmPathways/a88e5d9013_GlucoseAmmPathways.txt,C(C(C(CC(C=O)O)O)N)=O,a88e5d9013
ProcessedData/G3SinglePathways/GlucoseAmmPathways/*C(C(C(CC(C=O)O)O)O)=OGlucoseAmmPathways.txt,ProcessedData/G3SinglePathways/GlucoseAmmPathways/565450ce6d_GlucoseAmmPathways.txt,C(C(C(CC(C=O)O)O)O)=O,565450ce6d
ProcessedData/G3SinglePathways/GlucoseAmmPathways/*C(C(C(CC(CN)=O)O)O)=OGlucoseAmmPathways.txt,ProcessedData/G3SinglePathways/GlucoseAmmPathways/e142cd534c_GlucoseAmmPathways.txt,C(C(C(CC(CN)=O)O)O)=O,e142cd534c
ProcessedData/G3SinglePathways/GlucoseAmmPathways/*C(C(C(CC(CN)O)=O)O)=OGlucoseAmmPathways.txt,ProcessedData/G3SinglePathways/GlucoseAmmPathways/95181d2468_GlucoseAmmPathways.txt,C(C(C(CC(CN)O)=O)O)=O,95181d2468
ProcessedData/G3SinglePathways/GlucoseAmmPathways/*C(C(C(CC(CO)(C)O)=O)O)=OGlucoseAmmPathways.txt,ProcessedData/G3SinglePathways/GlucoseAmmPathways/b45a557ad8_GlucoseAmmPathways.txt,C(C(C(CC(CO)(C)O)=O)O)=O,b45a557ad8
ProcessedData/G3SinglePathways/GlucoseAmmPathways/*C(C(C(CC(CO)=O)N)O)(O)=OGlucoseAmmPathways.txt,ProcessedData/G3SinglePathways/GlucoseAmmPathways/3fe20328b3_GlucoseAmmPathways.txt,C(C(C(CC(CO)=O)N)O)(O)=O,3fe20328b3
ProcessedData/G3SinglePathways/GlucoseAmmPathways/*C(C(C(CC(CO)=O)N)O)=OGlucoseAmmPathways.txt,ProcessedData/G3SinglePathways/GlucoseAmmPathways/8b74289dfe_GlucoseAmmPathways.txt,C(C(C(CC(CO)=O)N)O)=O,8b74289dfe
ProcessedData/G3SinglePathways/GlucoseAmmPathways/*C(C(C(CC(CO)=O)O)N)=OGlucoseAmmPathways.txt,ProcessedData/G3SinglePathways/GlucoseAmmPathways/357b6b83a4_GlucoseAmmPathways.txt,C(C(C(CC(CO)=O)O)N)=O,357b6b83a4
ProcessedData/G3SinglePathways/GlucoseAmmPathways/*C(C(C(CC(CO)=O)O)O)=OGlucoseAmmPathways.txt,ProcessedData/G3SinglePathways/GlucoseAmmPathways/4d0e9702ef_GlucoseAmmPathways.txt,C(C(C(CC(CO)=O)O)O)=O,4d0e9702ef
ProcessedData/G3SinglePathways/GlucoseAmmPathways/*C(C(C(CC(CO)N)=O)O)(O)=OGlucoseAmmPathways.txt,ProcessedData/G3SinglePathways/GlucoseAmmPathways/5db13ae458_GlucoseAmmPathways.txt,C(C(C(CC(CO)N)=O)O)(O)=O,5db13ae458
ProcessedData/G3SinglePathways/GlucoseAmmPathways/*C(C(C(CC(CO)N)=O)O)=OGlucoseAmmPathways.txt,ProcessedData/G3SinglePathways/GlucoseAmmPathways/eb7e4a99a5_GlucoseAmmPathways.txt,C(C(C(CC(CO)N)=O)O)=O,eb7e4a99a5
ProcessedData/G3SinglePathways/GlucoseAmmPathways/*C(C(C(CC(CO)N)O)O)=OGlucoseAmmPathways.txt,ProcessedData/G3SinglePathways/GlucoseAmmPathways/61ffcaf5b5_GlucoseAmmPathways.txt,C(C(C(CC(CO)N)O)O)=O,61ffcaf5b5
ProcessedData/G3SinglePathways/GlucoseAmmPathways/*C(C(C(CC(CO)O)=O)O)=OGlucoseAmmPathways.txt,ProcessedData/G3SinglePathways/GlucoseAmmPathways/ef0a822f72_GlucoseAmmPathways.txt,C(C(C(CC(CO)O)=O)O)=O,ef0a822f72
ProcessedData/G3SinglePathways/GlucoseAmmPathways/*C(C(C(CC(CO)O)N)=O)(O)=OGlucoseAmmPathways.txt,ProcessedData/G3SinglePathways/GlucoseAmmPathways/d0ce564adf_GlucoseAmmPathways.txt,C(C(C(CC(CO)O)N)=O)(O)=O,d0ce564adf
ProcessedData/G3SinglePathways/GlucoseAmmPathways/*C(C(C(CC(CO)O)O)O)=OGlucoseAmmPathways.txt,ProcessedData/G3SinglePathways/GlucoseAmmPathways/9d9692134e_GlucoseAmmPathways.txt,C(C(C(CC(CO)O)O)O)=O,9d9692134e
ProcessedData/G3SinglePathways/GlucoseAmmPathways/*C(C(C(CN)(C(CO)O)O)O)=OGlucoseAmmPathways.txt,ProcessedData/G3SinglePathways/GlucoseAmmPathways/f2cbb522ba_GlucoseAmmPathways.txt,C(C(C(CN)(C(CO)O)O)O)=O,f2cbb522ba
ProcessedData/G3SinglePathways/GlucoseAmmPathways/*C(C(C(CN)O)(C(C=O)O)O)=OGlucoseAmmPathways.txt,ProcessedData/G3SinglePathways/GlucoseAmmPathways/8e68683e70_GlucoseAmmPathways.txt,C(C(C(CN)O)(C(C=O)O)O)=O,8e68683e70
ProcessedData/G3SinglePathways/GlucoseAmmPathways/*C(C(C(CN)O)(C(CO)N)O)=OGlucoseAmmPathways.txt,ProcessedData/G3SinglePathways/GlucoseAmmPathways/5ed10fef47_GlucoseAmmPathways.txt,C(C(C(CN)O)(C(CO)N)O)=O,5ed10fef47
ProcessedData/G3SinglePathways/GlucoseAmmPathways/*C(C(C(CN)O)(CC=O)O)=OGlucoseAmmPathways.txt,ProcessedData/G3SinglePathways/GlucoseAmmPathways/c0a2535f40_GlucoseAmmPathways.txt,C(C(C(CN)O)(CC=O)O)=O,c0a2535f40
ProcessedData/G3SinglePathways/GlucoseAmmPathways/*C(C(C(CN)O)=O)(CCO)=OGlucoseAmmPathways.txt,ProcessedData/G3SinglePathways/GlucoseAmmPathways/db8ef4d9eb_GlucoseAmmPathways.txt,C(C(C(CN)O)=O)(CCO)=O,db8ef4d9eb
ProcessedData/G3SinglePathways/GlucoseAmmPathways/*C(C(C(CN)O)C(C=O)O)=OGlucoseAmmPathways.txt,ProcessedData/G3SinglePathways/GlucoseAmmPathways/c46e157535_GlucoseAmmPathways.txt,C(C(C(CN)O)C(C=O)O)=O,c46e157535
ProcessedData/G3SinglePathways/GlucoseAmmPathways/*C(C(C(CN)O)O)(C(CO)O)=OGlucoseAmmPathways.txt,ProcessedData/G3SinglePathways/GlucoseAmmPathways/74e304848e_GlucoseAmmPathways.txt,C(C(C(CN)O)O)(C(CO)O)=O,74e304848e
ProcessedData/G3SinglePathways/GlucoseAmmPathways/*C(C(C(CN)O)O)(CCO)=OGlucoseAmmPathways.txt,ProcessedData/G3SinglePathways/GlucoseAmmPathways/f3ab9bd3b4_GlucoseAmmPathways.txt,C(C(C(CN)O)O)(CCO)=O,f3ab9bd3b4
ProcessedData/G3SinglePathways/GlucoseAmmPathways/*C(C(C(CN)O)O)=OGlucoseAmmPathways.txt,ProcessedData/G3SinglePathways/GlucoseAmmPathways/759e61526a_GlucoseAmmPathways.txt,C(C(C(CN)O)O)=O,759e61526a
ProcessedData/G3SinglePathways/GlucoseAmmPathways/*C(C(C(CO)(C)O)(CC=O)O)=OGlucoseAmmPathways.txt,ProcessedData/G3SinglePathways/GlucoseAmmPathways/ba59a2f9c3_GlucoseAmmPathways.txt,C(C(C(CO)(C)O)(CC=O)O)=O,ba59a2f9c3
ProcessedData/G3SinglePathways/GlucoseAmmPathways/*C(C(C(CO)(C)O)O)(CCO)=OGlucoseAmmPathways.txt,ProcessedData/G3SinglePathways/GlucoseAmmPathways/315389fbac_GlucoseAmmPathways.txt,C(C(C(CO)(C)O)O)(CCO)=O,315389fbac
ProcessedData/G3SinglePathways/GlucoseAmmPathways/*C(C(C(CO)(C)O)O)=OGlucoseAmmPathways.txt,ProcessedData/G3SinglePathways/GlucoseAmmPathways/ff41efceb0_GlucoseAmmPathways.txt,C(C(C(CO)(C)O)O)=O,ff41efceb0
ProcessedData/G3SinglePathways/GlucoseAmmPathways/*C(C(C(CO)(CCO)O)O)=OGlucoseAmmPathways.txt,ProcessedData/G3SinglePathways/GlucoseAmmPathways/845d228923_GlucoseAmmPathways.txt,C(C(C(CO)(CCO)O)O)=O,845d228923
ProcessedData/G3SinglePathways/GlucoseAmmPathways/*C(C(C(CO)(CN)O)O)=OGlucoseAmmPathways.txt,ProcessedData/G3SinglePathways/GlucoseAmmPathways/fc134d7463_GlucoseAmmPathways.txt,C(C(C(CO)(CN)O)O)=O,fc134d7463
ProcessedData/G3SinglePathways/GlucoseAmmPathways/*C(C(C(CO)(CO)O)O)=OGlucoseAmmPathways.txt,ProcessedData/G3SinglePathways/GlucoseAmmPathways/8ac17f3ab4_GlucoseAmmPathways.txt,C(C(C(CO)(CO)O)O)=O,8ac17f3ab4
ProcessedData/G3SinglePathways/GlucoseAmmPathways/*C(C(C(CO)=O)C(CO)O)=OGlucoseAmmPathways.txt,ProcessedData/G3SinglePathways/GlucoseAmmPathways/417f25ddda_GlucoseAmmPathways.txt,C(C(C(CO)=O)C(CO)O)=O,417f25ddda
ProcessedData/G3SinglePathways/GlucoseAmmPathways/*C(C(C(CO)C(CN)O)=O)=OGlucoseAmmPathways.txt,ProcessedData/G3SinglePathways/GlucoseAmmPathways/78b2d5aa91_GlucoseAmmPathways.txt,C(C(C(CO)C(CN)O)=O)=O,78b2d5aa91
ProcessedData/G3SinglePathways/GlucoseAmmPathways/*C(C(C(CO)C(CO)O)=O)=OGlucoseAmmPathways.txt,ProcessedData/G3SinglePathways/GlucoseAmmPathways/6c29bfb52d_GlucoseAmmPathways.txt,C(C(C(CO)C(CO)O)=O)=O,6c29bfb52d
ProcessedData/G3SinglePathways/GlucoseAmmPathways/*C(C(C(CO)N)(C(C=O)O)O)=OGlucoseAmmPathways.txt,ProcessedData/G3SinglePathways/GlucoseAmmPathways/44d68deff5_GlucoseAmmPathways.txt,C(C(C(CO)N)(C(C=O)O)O)=O,44d68deff5
ProcessedData/G3SinglePathways/GlucoseAmmPathways/*C(C(C(CO)N)O)(C(CN)O)=OGlucoseAmmPathways.txt,ProcessedData/G3SinglePathways/GlucoseAmmPathways/a484dbfd53_GlucoseAmmPathways.txt,C(C(C(CO)N)O)(C(CN)O)=O,a484dbfd53
ProcessedData/G3SinglePathways/GlucoseAmmPathways/*C(C(C(CO)N)O)(C(CO)O)=OGlucoseAmmPathways.txt,ProcessedData/G3SinglePathways/GlucoseAmmPathways/7f292499e7_GlucoseAmmPathways.txt,C(C(C(CO)N)O)(C(CO)O)=O,7f292499e7
ProcessedData/G3SinglePathways/GlucoseAmmPathways/*C(C(C(CO)N)O)(CCO)=OGlucoseAmmPathways.txt,ProcessedData/G3SinglePathways/GlucoseAmmPathways/7d953c9980_GlucoseAmmPathways.txt,C(C(C(CO)N)O)(CCO)=O,7d953c9980
ProcessedData/G3SinglePathways/GlucoseAmmPathways/*C(C(C(CO)N)O)(O)=OGlucoseAmmPathways.txt,ProcessedData/G3SinglePathways/GlucoseAmmPathways/2982e1057d_GlucoseAmmPathways.txt,C(C(C(CO)N)O)(O)=O,2982e1057d
ProcessedData/G3SinglePathways/GlucoseAmmPathways/*C(C(C(CO)N)O)=OGlucoseAmmPathways.txt,ProcessedData/G3SinglePathways/GlucoseAmmPathways/71b5312993_GlucoseAmmPathways.txt,C(C(C(CO)N)O)=O,71b5312993
ProcessedData/G3SinglePathways/GlucoseAmmPathways/*C(C(C(CO)NCC=O)O)(O)=OGlucoseAmmPathways.txt,ProcessedData/G3SinglePathways/GlucoseAmmPathways/d0f4a319d1_GlucoseAmmPathways.txt,C(C(C(CO)NCC=O)O)(O)=O,d0f4a319d1
ProcessedData/G3SinglePathways/GlucoseAmmPathways/*C(C(C(CO)O)(C(C)O)O)=OGlucoseAmmPathways.txt,ProcessedData/G3SinglePathways/GlucoseAmmPathways/4a5b5d75cc_GlucoseAmmPathways.txt,C(C(C(CO)O)(C(C)O)O)=O,4a5b5d75cc
ProcessedData/G3SinglePathways/GlucoseAmmPathways/*C(C(C(CO)O)(C(CN)O)O)=OGlucoseAmmPathways.txt,ProcessedData/G3SinglePathways/GlucoseAmmPathways/4f698e14c1_GlucoseAmmPathways.txt,C(C(C(CO)O)(C(CN)O)O)=O,4f698e14c1
ProcessedData/G3SinglePathways/GlucoseAmmPathways/*C(C(C(CO)O)(C(CO)N)O)=OGlucoseAmmPathways.txt,ProcessedData/G3SinglePathways/GlucoseAmmPathways/68e4d37642_GlucoseAmmPathways.txt,C(C(C(CO)O)(C(CO)N)O)=O,68e4d37642
ProcessedData/G3SinglePathways/GlucoseAmmPathways/*C(C(C(CO)O)(CC=O)O)=OGlucoseAmmPathways.txt,ProcessedData/G3SinglePathways/GlucoseAmmPathways/0fd9156a19_GlucoseAmmPathways.txt,C(C(C(CO)O)(CC=O)O)=O,0fd9156a19
ProcessedData/G3SinglePathways/GlucoseAmmPathways/*C(C(C(CO)O)=O)(CCO)=OGlucoseAmmPathways.txt,ProcessedData/G3SinglePathways/GlucoseAmmPathways/783800d443_GlucoseAmmPathways.txt,C(C(C(CO)O)=O)(CCO)=O,783800d443
ProcessedData/G3SinglePathways/GlucoseAmmPathways/*C(C(C(CO)O)C(C=O)O)=OGlucoseAmmPathways.txt,ProcessedData/G3SinglePathways/GlucoseAmmPathways/eef2399fa0_GlucoseAmmPathways.txt,C(C(C(CO)O)C(C=O)O)=O,eef2399fa0
ProcessedData/G3SinglePathways/GlucoseAmmPathways/*C(C(C(CO)O)N)(CCO)=OGlucoseAmmPathways.txt,ProcessedData/G3SinglePathways/GlucoseAmmPathways/43801c2d1d_GlucoseAmmPathways.txt,C(C(C(CO)O)N)(CCO)=O,43801c2d1d
ProcessedData/G3SinglePathways/GlucoseAmmPathways/*C(C(C(CO)O)N)=OGlucoseAmmPathways.txt,ProcessedData/G3SinglePathways/GlucoseAmmPathways/0b8ba3babe_GlucoseAmmPathways.txt,C(C(C(CO)O)N)=O,0b8ba3babe
ProcessedData/G3SinglePathways/GlucoseAmmPathways/*C(C(C(CO)O)N)OGlucoseAmmPathways.txt,ProcessedData/G3SinglePathways/GlucoseAmmPathways/d80f117c3f_GlucoseAmmPathways.txt,C(C(C(CO)O)N)O,d80f117c3f
ProcessedData/G3SinglePathways/GlucoseAmmPathways/*C(C(C(CO)O)O)(C(C)N)=OGlucoseAmmPathways.txt,ProcessedData/G3SinglePathways/GlucoseAmmPathways/daa2ddcbce_GlucoseAmmPathways.txt,C(C(C(CO)O)O)(C(C)N)=O,daa2ddcbce
ProcessedData/G3SinglePathways/GlucoseAmmPathways/*C(C(C(CO)O)O)(C(C)O)=OGlucoseAmmPathways.txt,ProcessedData/G3SinglePathways/GlucoseAmmPathways/26797d72e8_GlucoseAmmPathways.txt,C(C(C(CO)O)O)(C(C)O)=O,26797d72e8
ProcessedData/G3SinglePathways/GlucoseAmmPathways/*C(C(C(CO)O)O)(C(CN)O)=OGlucoseAmmPathways.txt,ProcessedData/G3SinglePathways/GlucoseAmmPathways/c8f92383f5_GlucoseAmmPathways.txt,C(C(C(CO)O)O)(C(CN)O)=O,c8f92383f5
ProcessedData/G3SinglePathways/GlucoseAmmPathways/*C(C(C(CO)O)O)(CCN)=OGlucoseAmmPathways.txt,ProcessedData/G3SinglePathways/GlucoseAmmPathways/bb1dccc65f_GlucoseAmmPathways.txt,C(C(C(CO)O)O)(CCN)=O,bb1dccc65f
ProcessedData/G3SinglePathways/GlucoseAmmPathways/*C(C(C(CO)O)O)(CCO)=OGlucoseAmmPathways.txt,ProcessedData/G3SinglePathways/GlucoseAmmPathways/4313d0d470_GlucoseAmmPathways.txt,C(C(C(CO)O)O)(CCO)=O,4313d0d470
ProcessedData/G3SinglePathways/GlucoseAmmPathways/*C(C(C(CO)O)O)(O)=OGlucoseAmmPathways.txt,ProcessedData/G3SinglePathways/GlucoseAmmPathways/98bd3e59b7_GlucoseAmmPathways.txt,C(C(C(CO)O)O)(O)=O,98bd3e59b7
ProcessedData/G3SinglePathways/GlucoseAmmPathways/*C(C(C(CO)O)O)=CC(O)=OGlucoseAmmPathways.txt,ProcessedData/G3SinglePathways/GlucoseAmmPathways/def98c2192_GlucoseAmmPathways.txt,C(C(C(CO)O)O)=CC(O)=O,def98c2192
ProcessedData/G3SinglePathways/GlucoseAmmPathways/*C(C(C(CO)O)O)=CC=OGlucoseAmmPathways.txt,ProcessedData/G3SinglePathways/GlucoseAmmPathways/da39c70f4f_GlucoseAmmPathways.txt,C(C(C(CO)O)O)=CC=O,da39c70f4f
ProcessedData/G3SinglePathways/GlucoseAmmPathways/*C(C(C(CO)O)O)=OGlucoseAmmPathways.txt,ProcessedData/G3SinglePathways/GlucoseAmmPathways/ef79d340d9_GlucoseAmmPathways.txt,C(C(C(CO)O)O)=O,ef79d340d9
ProcessedData/G3SinglePathways/GlucoseAmmPathways/*C(C(C(CO)O)O)OGlucoseAmmPathways.txt,ProcessedData/G3SinglePathways/GlucoseAmmPathways/bb1975f631_GlucoseAmmPathways.txt,C(C(C(CO)O)O)O,bb1975f631
ProcessedData/G3SinglePathways/GlucoseAmmPathways/*C(C(C)(C(C(C)=O)(CO)O)O)=OGlucoseAmmPathways.txt,ProcessedData/G3SinglePathways/GlucoseAmmPathways/3ec40df8e8_GlucoseAmmPathways.txt,C(C(C)(C(C(C)=O)(CO)O)O)=O,3ec40df8e8
ProcessedData/G3SinglePathways/GlucoseAmmPathways/*C(C(C)(C(C(CCO)=O)O)O)=OGlucoseAmmPathways.txt,ProcessedData/G3SinglePathways/GlucoseAmmPathways/275f4ae5cf_GlucoseAmmPathways.txt,C(C(C)(C(C(CCO)=O)O)O)=O,275f4ae5cf
ProcessedData/G3SinglePathways/GlucoseAmmPathways/*C(C(C)(C(C(CN)=O)O)O)=OGlucoseAmmPathways.txt,ProcessedData/G3SinglePathways/GlucoseAmmPathways/a6d536393e_GlucoseAmmPathways.txt,C(C(C)(C(C(CN)=O)O)O)=O,a6d536393e
ProcessedData/G3SinglePathways/GlucoseAmmPathways/*C(C(C)(C(C(CO)=O)O)O)=OGlucoseAmmPathways.txt,ProcessedData/G3SinglePathways/GlucoseAmmPathways/ba15f24a22_GlucoseAmmPathways.txt,C(C(C)(C(C(CO)=O)O)O)=O,ba15f24a22
ProcessedData/G3SinglePathways/GlucoseAmmPathways/*C(C(C)(CC(C=O)O)O)(O)=OGlucoseAmmPathways.txt,ProcessedData/G3SinglePathways/GlucoseAmmPathways/1f6c9b8358_GlucoseAmmPathways.txt,C(C(C)(CC(C=O)O)O)(O)=O,1f6c9b8358
ProcessedData/G3SinglePathways/GlucoseAmmPathways/*C(C(C)=O)(C(C(CO)O)O)=OGlucoseAmmPathways.txt,ProcessedData/G3SinglePathways/GlucoseAmmPathways/47600eeee9_GlucoseAmmPathways.txt,C(C(C)=O)(C(C(CO)O)O)=O,47600eeee9
ProcessedData/G3SinglePathways/GlucoseAmmPathways/*C(C(C)N)(C(C(CO)=O)O)=OGlucoseAmmPathways.txt,ProcessedData/G3SinglePathways/GlucoseAmmPathways/0c624f6773_GlucoseAmmPathways.txt,C(C(C)N)(C(C(CO)=O)O)=O,0c624f6773
ProcessedData/G3SinglePathways/GlucoseAmmPathways/*C(C(C)O)(C(C(CN)=O)O)=OGlucoseAmmPathways.txt,ProcessedData/G3SinglePathways/GlucoseAmmPathways/b37f80afb8_GlucoseAmmPathways.txt,C(C(C)O)(C(C(CN)=O)O)=O,b37f80afb8
ProcessedData/G3SinglePathways/GlucoseAmmPathways/*C(C(C)O)(C(C(CO)=O)O)=OGlucoseAmmPathways.txt,ProcessedData/G3SinglePathways/GlucoseAmmPathways/e0c2917fd8_GlucoseAmmPathways.txt,C(C(C)O)(C(C(CO)=O)O)=O,e0c2917fd8
ProcessedData/G3SinglePathways/GlucoseAmmPathways/*C(C(C=CC(C(CO)O)=O)O)=OGlucoseAmmPathways.txt,ProcessedData/G3SinglePathways/GlucoseAmmPathways/ec8e871c21_GlucoseAmmPathways.txt,C(C(C=CC(C(CO)O)=O)O)=O,ec8e871c21
ProcessedData/G3SinglePathways/GlucoseAmmPathways/*C(C(C=CC(CO)=O)(CO)O)=OGlucoseAmmPathways.txt,ProcessedData/G3SinglePathways/GlucoseAmmPathways/60362f68d1_GlucoseAmmPathways.txt,C(C(C=CC(CO)=O)(CO)O)=O,60362f68d1
ProcessedData/G3SinglePathways/GlucoseAmmPathways/*C(C(C=CC(CO)=O)O)(O)=OGlucoseAmmPathways.txt,ProcessedData/G3SinglePathways/GlucoseAmmPathways/0a04582914_GlucoseAmmPathways.txt,C(C(C=CC(CO)=O)O)(O)=O,0a04582914
ProcessedData/G3SinglePathways/GlucoseAmmPathways/*C(C(C=CC(CO)O)O)(O)=OGlucoseAmmPathways.txt,ProcessedData/G3SinglePathways/GlucoseAmmPathways/24e203f83d_GlucoseAmmPathways.txt,C(C(C=CC(CO)O)O)(O)=O,24e203f83d
ProcessedData/G3SinglePathways/GlucoseAmmPathways/*C(C(CC(C(C(C)=O)O)O)O)=OGlucoseAmmPathways.txt,ProcessedData/G3SinglePathways/GlucoseAmmPathways/b3e26efe3f_GlucoseAmmPathways.txt,C(C(CC(C(C(C)=O)O)O)O)=O,b3e26efe3f
ProcessedData/G3SinglePathways/GlucoseAmmPathways/*C(C(CC(C(C(O)=O)O)O)N)=OGlucoseAmmPathways.txt,ProcessedData/G3SinglePathways/GlucoseAmmPathways/f3d28bec3d_GlucoseAmmPathways.txt,C(C(CC(C(C(O)=O)O)O)N)=O,f3d28bec3d
ProcessedData/G3SinglePathways/GlucoseAmmPathways/*C(C(CC(C(C)=O)O)O)(O)=OGlucoseAmmPathways.txt,ProcessedData/G3SinglePathways/GlucoseAmmPathways/cb0738944a_GlucoseAmmPathways.txt,C(C(CC(C(C)=O)O)O)(O)=O,cb0738944a
ProcessedData/G3SinglePathways/GlucoseAmmPathways/*C(C(CC(C(C=O)O)N)O)=OGlucoseAmmPathways.txt,ProcessedData/G3SinglePathways/GlucoseAmmPathways/57a41d4a8f_GlucoseAmmPathways.txt,C(C(CC(C(C=O)O)N)O)=O,57a41d4a8f
ProcessedData/G3SinglePathways/GlucoseAmmPathways/*C(C(CC(C(C=O)O)O)N)(O)=OGlucoseAmmPathways.txt,ProcessedData/G3SinglePathways/GlucoseAmmPathways/a4776dda64_GlucoseAmmPathways.txt,C(C(CC(C(C=O)O)O)N)(O)=O,a4776dda64
ProcessedData/G3SinglePathways/GlucoseAmmPathways/*C(C(CC(C(C=O)O)O)N)=OGlucoseAmmPathways.txt,ProcessedData/G3SinglePathways/GlucoseAmmPathways/a4bf570d40_GlucoseAmmPathways.txt,C(C(CC(C(C=O)O)O)N)=O,a4bf570d40
ProcessedData/G3SinglePathways/GlucoseAmmPathways/*C(C(CC(C(CN)=O)O)N)=OGlucoseAmmPathways.txt,ProcessedData/G3SinglePathways/GlucoseAmmPathways/962dfaf4df_GlucoseAmmPathways.txt,C(C(CC(C(CN)=O)O)N)=O,962dfaf4df
ProcessedData/G3SinglePathways/GlucoseAmmPathways/*C(C(CC(C(CN)=O)O)O)=OGlucoseAmmPathways.txt,ProcessedData/G3SinglePathways/GlucoseAmmPathways/461ae31ad8_GlucoseAmmPathways.txt,C(C(CC(C(CN)=O)O)O)=O,461ae31ad8
ProcessedData/G3SinglePathways/GlucoseAmmPathways/*C(C(CC(C(CO)=O)N)O)(O)=OGlucoseAmmPathways.txt,ProcessedData/G3SinglePathways/GlucoseAmmPathways/6351d07af1_GlucoseAmmPathways.txt,C(C(CC(C(CO)=O)N)O)(O)=O,6351d07af1
ProcessedData/G3SinglePathways/GlucoseAmmPathways/*C(C(CC(C(CO)=O)O)N)=OGlucoseAmmPathways.txt,ProcessedData/G3SinglePathways/GlucoseAmmPathways/cb759715c8_GlucoseAmmPathways.txt,C(C(CC(C(CO)=O)O)N)=O,cb759715c8
ProcessedData/G3SinglePathways/GlucoseAmmPathways/*C(C(CC(C(CO)=O)O)O)=OGlucoseAmmPathways.txt,ProcessedData/G3SinglePathways/GlucoseAmmPathways/3347e6ae03_GlucoseAmmPathways.txt,C(C(CC(C(CO)=O)O)O)=O,3347e6ae03
ProcessedData/G3SinglePathways/GlucoseAmmPathways/*C(C(CC(C(CO)O)N)=O)(O)=OGlucoseAmmPathways.txt,ProcessedData/G3SinglePathways/GlucoseAmmPathways/13afd1476f_GlucoseAmmPathways.txt,C(C(CC(C(CO)O)N)=O)(O)=O,13afd1476f
ProcessedData/G3SinglePathways/GlucoseAmmPathways/*C(C(CC(C(CO)O)N)=O)=OGlucoseAmmPathways.txt,ProcessedData/G3SinglePathways/GlucoseAmmPathways/e6999a2ef5_GlucoseAmmPathways.txt,C(C(CC(C(CO)O)N)=O)=O,e6999a2ef5
ProcessedData/G3SinglePathways/GlucoseAmmPathways/*C(C(CC(C(CO)O)N)O)(O)=OGlucoseAmmPathways.txt,ProcessedData/G3SinglePathways/GlucoseAmmPathways/6bc6e72a40_GlucoseAmmPathways.txt,C(C(CC(C(CO)O)N)O)(O)=O,6bc6e72a40
ProcessedData/G3SinglePathways/GlucoseAmmPathways/*C(C(CC(C(CO)O)O)=O)=OGlucoseAmmPathways.txt,ProcessedData/G3SinglePathways/GlucoseAmmPathways/9699ce9c0c_GlucoseAmmPathways.txt,C(C(CC(C(CO)O)O)=O)=O,9699ce9c0c
ProcessedData/G3SinglePathways/GlucoseAmmPathways/*C(C(CC(C(CO)O)O)N)(O)=OGlucoseAmmPathways.txt,ProcessedData/G3SinglePathways/GlucoseAmmPathways/1062da145f_GlucoseAmmPathways.txt,C(C(CC(C(CO)O)O)N)(O)=O,1062da145f
ProcessedData/G3SinglePathways/GlucoseAmmPathways/*C(C(CC(C(CO)O)O)N)=OGlucoseAmmPathways.txt,ProcessedData/G3SinglePathways/GlucoseAmmPathways/628ac933da_GlucoseAmmPathways.txt,C(C(CC(C(CO)O)O)N)=O,628ac933da
ProcessedData/G3SinglePathways/GlucoseAmmPathways/*C(C(CC(C(CO)O)O)O)=OGlucoseAmmPathways.txt,ProcessedData/G3SinglePathways/GlucoseAmmPathways/0b75bc8ced_GlucoseAmmPathways.txt,C(C(CC(C(CO)O)O)O)=O,0b75bc8ced
ProcessedData/G3SinglePathways/GlucoseAmmPathways/*C(C(CC(CC(CO)=O)O)O)=OGlucoseAmmPathways.txt,ProcessedData/G3SinglePathways/GlucoseAmmPathways/550cdfc43e_GlucoseAmmPathways.txt,C(C(CC(CC(CO)=O)O)O)=O,550cdfc43e
ProcessedData/G3SinglePathways/GlucoseAmmPathways/*C(C(CC(CO)=O)O)(O)=OGlucoseAmmPathways.txt,ProcessedData/G3SinglePathways/GlucoseAmmPathways/893a621fc6_GlucoseAmmPathways.txt,C(C(CC(CO)=O)O)(O)=O,893a621fc6
ProcessedData/G3SinglePathways/GlucoseAmmPathways/*C(C(CCC(CO)=O)O)(O)=OGlucoseAmmPathways.txt,ProcessedData/G3SinglePathways/GlucoseAmmPathways/ce2a3972a0_GlucoseAmmPathways.txt,C(C(CCC(CO)=O)O)(O)=O,ce2a3972a0
ProcessedData/G3SinglePathways/GlucoseAmmPathways/*C(C(CCO)(C(C(C)=O)O)O)=OGlucoseAmmPathways.txt,ProcessedData/G3SinglePathways/GlucoseAmmPathways/86c8af2f38_GlucoseAmmPathways.txt,C(C(CCO)(C(C(C)=O)O)O)=O,86c8af2f38
ProcessedData/G3SinglePathways/GlucoseAmmPathways/*C(C(CCO)(C(C=O)O)O)=OGlucoseAmmPathways.txt,ProcessedData/G3SinglePathways/GlucoseAmmPathways/80edd417c8_GlucoseAmmPathways.txt,C(C(CCO)(C(C=O)O)O)=O,80edd417c8
ProcessedData/G3SinglePathways/GlucoseAmmPathways/*C(C(CCO)(CC(CO)=O)O)=OGlucoseAmmPathways.txt,ProcessedData/G3SinglePathways/GlucoseAmmPathways/a6f430d153_GlucoseAmmPathways.txt,C(C(CCO)(CC(CO)=O)O)=O,a6f430d153
ProcessedData/G3SinglePathways/GlucoseAmmPathways/*C(C(CCO)(CC=O)O)(O)=OGlucoseAmmPathways.txt,ProcessedData/G3SinglePathways/GlucoseAmmPathways/f4fd6c9a11_GlucoseAmmPathways.txt,C(C(CCO)(CC=O)O)(O)=O,f4fd6c9a11
ProcessedData/G3SinglePathways/GlucoseAmmPathways/*C(C(CCO)O)(C(CO)O)=OGlucoseAmmPathways.txt,ProcessedData/G3SinglePathways/GlucoseAmmPathways/560d11f7ef_GlucoseAmmPathways.txt,C(C(CCO)O)(C(CO)O)=O,560d11f7ef
ProcessedData/G3SinglePathways/GlucoseAmmPathways/*C(C(CCO)O)(O)=OGlucoseAmmPathways.txt,ProcessedData/G3SinglePathways/GlucoseAmmPathways/8b18073317_GlucoseAmmPathways.txt,C(C(CCO)O)(O)=O,8b18073317
ProcessedData/G3SinglePathways/GlucoseAmmPathways/*C(C(CN)(CC(CO)O)O)(O)=OGlucoseAmmPathways.txt,ProcessedData/G3SinglePathways/GlucoseAmmPathways/9c0e7c4ff9_GlucoseAmmPathways.txt,C(C(CN)(CC(CO)O)O)(O)=O,9c0e7c4ff9
ProcessedData/G3SinglePathways/GlucoseAmmPathways/*C(C(CN)=O)(CC(CO)N)=OGlucoseAmmPathways.txt,ProcessedData/G3SinglePathways/GlucoseAmmPathways/e2ff9593aa_GlucoseAmmPathways.txt,C(C(CN)=O)(CC(CO)N)=O,e2ff9593aa
ProcessedData/G3SinglePathways/GlucoseAmmPathways/*C(C(CN)=O)(CC(CO)O)=OGlucoseAmmPathways.txt,ProcessedData/G3SinglePathways/GlucoseAmmPathways/950c59128f_GlucoseAmmPathways.txt,C(C(CN)=O)(CC(CO)O)=O,950c59128f
ProcessedData/G3SinglePathways/GlucoseAmmPathways/*C(C(CN)O)(C(C(C)=O)O)=OGlucoseAmmPathways.txt,ProcessedData/G3SinglePathways/GlucoseAmmPathways/0b78eafd4d_GlucoseAmmPathways.txt,C(C(CN)O)(C(C(C)=O)O)=O,0b78eafd4d
ProcessedData/G3SinglePathways/GlucoseAmmPathways/*C(C(CN)O)(CC(CN)=O)=OGlucoseAmmPathways.txt,ProcessedData/G3SinglePathways/GlucoseAmmPathways/a10ee090fc_GlucoseAmmPathways.txt,C(C(CN)O)(CC(CN)=O)=O,a10ee090fc
ProcessedData/G3SinglePathways/GlucoseAmmPathways/*C(C(CN)O)(CC(CO)=O)=OGlucoseAmmPathways.txt,ProcessedData/G3SinglePathways/GlucoseAmmPathways/8387717f7c_GlucoseAmmPathways.txt,C(C(CN)O)(CC(CO)=O)=O,8387717f7c
ProcessedData/G3SinglePathways/GlucoseAmmPathways/*C(C(CN)O)(CC(CO)O)=OGlucoseAmmPathways.txt,ProcessedData/G3SinglePathways/GlucoseAmmPathways/a010ff9fcb_GlucoseAmmPathways.txt,C(C(CN)O)(CC(CO)O)=O,a010ff9fcb
ProcessedData/G3SinglePathways/GlucoseAmmPathways/*C(C(CNCC(CO)=O)O)=OGlucoseAmmPathways.txt,ProcessedData/G3SinglePathways/GlucoseAmmPathways/b7b18e8643_GlucoseAmmPathways.txt,C(C(CNCC(CO)=O)O)=O,b7b18e8643
ProcessedData/G3SinglePathways/GlucoseAmmPathways/*C(C(CO)(C(C(C)=O)O)O)=OGlucoseAmmPathways.txt,ProcessedData/G3SinglePathways/GlucoseAmmPathways/a1ed496d57_GlucoseAmmPathways.txt,C(C(CO)(C(C(C)=O)O)O)=O,a1ed496d57
ProcessedData/G3SinglePathways/GlucoseAmmPathways/*C(C(CO)(C(C(C=C)=O)O)O)=OGlucoseAmmPathways.txt,ProcessedData/G3SinglePathways/GlucoseAmmPathways/f56d00a6c9_GlucoseAmmPathways.txt,C(C(CO)(C(C(C=C)=O)O)O)=O,f56d00a6c9
ProcessedData/G3SinglePathways/GlucoseAmmPathways/*C(C(CO)(C(C)O)O)=OGlucoseAmmPathways.txt,ProcessedData/G3SinglePathways/GlucoseAmmPathways/d7977832cd_GlucoseAmmPathways.txt,C(C(CO)(C(C)O)O)=O,d7977832cd
ProcessedData/G3SinglePathways/GlucoseAmmPathways/*C(C(CO)(C(C=CC=O)O)O)=OGlucoseAmmPathways.txt,ProcessedData/G3SinglePathways/GlucoseAmmPathways/03252d6985_GlucoseAmmPathways.txt,C(C(CO)(C(C=CC=O)O)O)=O,03252d6985
ProcessedData/G3SinglePathways/GlucoseAmmPathways/*C(C(CO)(C(C=O)(C)O)O)=OGlucoseAmmPathways.txt,ProcessedData/G3SinglePathways/GlucoseAmmPathways/741068a3d1_GlucoseAmmPathways.txt,C(C(CO)(C(C=O)(C)O)O)=O,741068a3d1
ProcessedData/G3SinglePathways/GlucoseAmmPathways/*C(C(CO)(C(C=O)O)O)=OGlucoseAmmPathways.txt,ProcessedData/G3SinglePathways/GlucoseAmmPathways/3dade25cf9_GlucoseAmmPathways.txt,C(C(CO)(C(C=O)O)O)=O,3dade25cf9
ProcessedData/G3SinglePathways/GlucoseAmmPathways/*C(C(CO)(C(CN)O)O)=OGlucoseAmmPathways.txt,ProcessedData/G3SinglePathways/GlucoseAmmPathways/36e76547cd_GlucoseAmmPathways.txt,C(C(CO)(C(CN)O)O)=O,36e76547cd
ProcessedData/G3SinglePathways/GlucoseAmmPathways/*C(C(CO)(C(CO)(C)O)O)=OGlucoseAmmPathways.txt,ProcessedData/G3SinglePathways/GlucoseAmmPathways/1298596d3d_GlucoseAmmPathways.txt,C(C(CO)(C(CO)(C)O)O)=O,1298596d3d
ProcessedData/G3SinglePathways/GlucoseAmmPathways/*C(C(CO)(C(CO)(CN)O)O)=OGlucoseAmmPathways.txt,ProcessedData/G3SinglePathways/GlucoseAmmPathways/0059754b0e_GlucoseAmmPathways.txt,C(C(CO)(C(CO)(CN)O)O)=O,0059754b0e
ProcessedData/G3SinglePathways/GlucoseAmmPathways/*C(C(CO)(C(CO)N)O)=OGlucoseAmmPathways.txt,ProcessedData/G3SinglePathways/GlucoseAmmPathways/e80a7dc11b_GlucoseAmmPathways.txt,C(C(CO)(C(CO)N)O)=O,e80a7dc11b
ProcessedData/G3SinglePathways/GlucoseAmmPathways/*C(C(CO)(C(CO)O)O)=OGlucoseAmmPathways.txt,ProcessedData/G3SinglePathways/GlucoseAmmPathways/288f85c6a3_GlucoseAmmPathways.txt,C(C(CO)(C(CO)O)O)=O,288f85c6a3
ProcessedData/G3SinglePathways/GlucoseAmmPathways/*C(C(CO)(CC(CO)=O)O)=OGlucoseAmmPathways.txt,ProcessedData/G3SinglePathways/GlucoseAmmPathways/e17cd3d84d_GlucoseAmmPathways.txt,C(C(CO)(CC(CO)=O)O)=O,e17cd3d84d
ProcessedData/G3SinglePathways/GlucoseAmmPathways/*C(C(CO)(CO)O)=OGlucoseAmmPathways.txt,ProcessedData/G3SinglePathways/GlucoseAmmPathways/979cedda65_GlucoseAmmPathways.txt,C(C(CO)(CO)O)=O,979cedda65
ProcessedData/G3SinglePathways/GlucoseAmmPathways/*C(C(CO)=O)(CC(CO)N)=OGlucoseAmmPathways.txt,ProcessedData/G3SinglePathways/GlucoseAmmPathways/e34e8e0b0f_GlucoseAmmPathways.txt,C(C(CO)=O)(CC(CO)N)=O,e34e8e0b0f
ProcessedData/G3SinglePathways/GlucoseAmmPathways/*C(C(CO)=O)(CC(CO)O)=OGlucoseAmmPathways.txt,ProcessedData/G3SinglePathways/GlucoseAmmPathways/442959b45b_GlucoseAmmPathways.txt,C(C(CO)=O)(CC(CO)O)=O,442959b45b
ProcessedData/G3SinglePathways/GlucoseAmmPathways/*C(C(CO)N)(CC(CO)=O)=OGlucoseAmmPathways.txt,ProcessedData/G3SinglePathways/GlucoseAmmPathways/c4909cddf6_GlucoseAmmPathways.txt,C(C(CO)N)(CC(CO)=O)=O,c4909cddf6
ProcessedData/G3SinglePathways/GlucoseAmmPathways/*C(C(CO)N)(CC(CO)O)=OGlucoseAmmPathways.txt,ProcessedData/G3SinglePathways/GlucoseAmmPathways/0ee0910b7e_GlucoseAmmPathways.txt,C(C(CO)N)(CC(CO)O)=O,0ee0910b7e
ProcessedData/G3SinglePathways/GlucoseAmmPathways/*C(C(CO)O)(C(C(C)=O)O)=OGlucoseAmmPathways.txt,ProcessedData/G3SinglePathways/GlucoseAmmPathways/6e0afde9f6_GlucoseAmmPathways.txt,C(C(CO)O)(C(C(C)=O)O)=O,6e0afde9f6
ProcessedData/G3SinglePathways/GlucoseAmmPathways/*C(C(CO)O)(C(CCO)N)=OGlucoseAmmPathways.txt,ProcessedData/G3SinglePathways/GlucoseAmmPathways/d15abdfb41_GlucoseAmmPathways.txt,C(C(CO)O)(C(CCO)N)=O,d15abdfb41
ProcessedData/G3SinglePathways/GlucoseAmmPathways/*C(C(CO)O)(C(CO)O)=OGlucoseAmmPathways.txt,ProcessedData/G3SinglePathways/GlucoseAmmPathways/7e681e4da3_GlucoseAmmPathways.txt,C(C(CO)O)(C(CO)O)=O,7e681e4da3
ProcessedData/G3SinglePathways/GlucoseAmmPathways/*C(C(CO)O)(CC(C)O)=OGlucoseAmmPathways.txt,ProcessedData/G3SinglePathways/GlucoseAmmPathways/784a3d26b4_GlucoseAmmPathways.txt,C(C(CO)O)(CC(C)O)=O,784a3d26b4
ProcessedData/G3SinglePathways/GlucoseAmmPathways/*C(C(CO)O)(CC(CN)=O)=OGlucoseAmmPathways.txt,ProcessedData/G3SinglePathways/GlucoseAmmPathways/2e43933ead_GlucoseAmmPathways.txt,C(C(CO)O)(CC(CN)=O)=O,2e43933ead
ProcessedData/G3SinglePathways/GlucoseAmmPathways/*C(C(CO)O)(CC(CN)O)=OGlucoseAmmPathways.txt,ProcessedData/G3SinglePathways/GlucoseAmmPathways/f66a7ba063_GlucoseAmmPathways.txt,C(C(CO)O)(CC(CN)O)=O,f66a7ba063
ProcessedData/G3SinglePathways/GlucoseAmmPathways/*C(C(CO)O)(CC(CO)(C)O)=OGlucoseAmmPathways.txt,ProcessedData/G3SinglePathways/GlucoseAmmPathways/8bdd09ff11_GlucoseAmmPathways.txt,C(C(CO)O)(CC(CO)(C)O)=O,8bdd09ff11
ProcessedData/G3SinglePathways/GlucoseAmmPathways/*C(C(CO)O)(CC(CO)=O)=OGlucoseAmmPathways.txt,ProcessedData/G3SinglePathways/GlucoseAmmPathways/59b844bac5_GlucoseAmmPathways.txt,C(C(CO)O)(CC(CO)=O)=O,59b844bac5
ProcessedData/G3SinglePathways/GlucoseAmmPathways/*C(C(CO)O)(CC(CO)N)=OGlucoseAmmPathways.txt,ProcessedData/G3SinglePathways/GlucoseAmmPathways/209358702c_GlucoseAmmPathways.txt,C(C(CO)O)(CC(CO)N)=O,209358702c
ProcessedData/G3SinglePathways/GlucoseAmmPathways/*C(C(CO)O)(CC(CO)O)=OGlucoseAmmPathways.txt,ProcessedData/G3SinglePathways/GlucoseAmmPathways/04a5ffdb6e_GlucoseAmmPathways.txt,C(C(CO)O)(CC(CO)O)=O,04a5ffdb6e
ProcessedData/G3SinglePathways/GlucoseAmmPathways/*C(C(CO)O)(CCO)=OGlucoseAmmPathways.txt,ProcessedData/G3SinglePathways/GlucoseAmmPathways/dee1fab5fe_GlucoseAmmPathways.txt,C(C(CO)O)(CCO)=O,dee1fab5fe
ProcessedData/G3SinglePathways/GlucoseAmmPathways/*C(C(CO)O)(O)=OGlucoseAmmPathways.txt,ProcessedData/G3SinglePathways/GlucoseAmmPathways/8551c6866f_GlucoseAmmPathways.txt,C(C(CO)O)(O)=O,8551c6866f
ProcessedData/G3SinglePathways/GlucoseAmmPathways/*C(C(CO)O)=CC(C(O)=O)=OGlucoseAmmPathways.txt,ProcessedData/G3SinglePathways/GlucoseAmmPathways/c1ccf9bbd8_GlucoseAmmPathways.txt,C(C(CO)O)=CC(C(O)=O)=O,c1ccf9bbd8
ProcessedData/G3SinglePathways/GlucoseAmmPathways/*C(C(CO)O)=CC(CO)=OGlucoseAmmPathways.txt,ProcessedData/G3SinglePathways/GlucoseAmmPathways/e16eb4069f_GlucoseAmmPathways.txt,C(C(CO)O)=CC(CO)=O,e16eb4069f
ProcessedData/G3SinglePathways/GlucoseAmmPathways/*C(C(CO)O)OGlucoseAmmPathways.txt,ProcessedData/G3SinglePathways/GlucoseAmmPathways/22002e45d7_GlucoseAmmPathways.txt,C(C(CO)O)O,22002e45d7
ProcessedData/G3SinglePathways/GlucoseAmmPathways/*C(C)(C(C(C(CN)=O)O)N)=OGlucoseAmmPathways.txt,ProcessedData/G3SinglePathways/GlucoseAmmPathways/eba9fc5407_GlucoseAmmPathways.txt,C(C)(C(C(C(CN)=O)O)N)=O,eba9fc5407
ProcessedData/G3SinglePathways/GlucoseAmmPathways/*C(C)(C(C(C(CN)=O)O)O)=OGlucoseAmmPathways.txt,ProcessedData/G3SinglePathways/GlucoseAmmPathways/900f7a2d03_GlucoseAmmPathways.txt,C(C)(C(C(C(CN)=O)O)O)=O,900f7a2d03
ProcessedData/G3SinglePathways/GlucoseAmmPathways/*C(C)(C(C(C(CO)=O)O)N)=OGlucoseAmmPathways.txt,ProcessedData/G3SinglePathways/GlucoseAmmPathways/62698ec902_GlucoseAmmPathways.txt,C(C)(C(C(C(CO)=O)O)N)=O,62698ec902
ProcessedData/G3SinglePathways/GlucoseAmmPathways/*C(C)(C(C(C(CO)=O)O)O)=OGlucoseAmmPathways.txt,ProcessedData/G3SinglePathways/GlucoseAmmPathways/00ad249f62_GlucoseAmmPathways.txt,C(C)(C(C(C(CO)=O)O)O)=O,00ad249f62
ProcessedData/G3SinglePathways/GlucoseAmmPathways/*C(C)(C(C(C(CO)O)N)O)=OGlucoseAmmPathways.txt,ProcessedData/G3SinglePathways/GlucoseAmmPathways/abcceff714_GlucoseAmmPathways.txt,C(C)(C(C(C(CO)O)N)O)=O,abcceff714
ProcessedData/G3SinglePathways/GlucoseAmmPathways/*C(C)(C(C(C(CO)O)O)N)=OGlucoseAmmPathways.txt,ProcessedData/G3SinglePathways/GlucoseAmmPathways/5be388efc5_GlucoseAmmPathways.txt,C(C)(C(C(C(CO)O)O)N)=O,5be388efc5
ProcessedData/G3SinglePathways/GlucoseAmmPathways/*C(C)(C(C(C(CO)O)O)O)=OGlucoseAmmPathways.txt,ProcessedData/G3SinglePathways/GlucoseAmmPathways/81ff9d2541_GlucoseAmmPathways.txt,C(C)(C(C(C(CO)O)O)O)=O,81ff9d2541
ProcessedData/G3SinglePathways/GlucoseAmmPathways/*C(C)(C(C(C)(C(CO)O)O)O)=OGlucoseAmmPathways.txt,ProcessedData/G3SinglePathways/GlucoseAmmPathways/64ab7c7132_GlucoseAmmPathways.txt,C(C)(C(C(C)(C(CO)O)O)O)=O,64ab7c7132
ProcessedData/G3SinglePathways/GlucoseAmmPathways/*C(C)(C(C(C)O)(C(C=O)O)O)=OGlucoseAmmPathways.txt,ProcessedData/G3SinglePathways/GlucoseAmmPathways/72d3883042_GlucoseAmmPathways.txt,C(C)(C(C(C)O)(C(C=O)O)O)=O,72d3883042
ProcessedData/G3SinglePathways/GlucoseAmmPathways/*C(C)(C(C(CC(CO)=O)O)O)=OGlucoseAmmPathways.txt,ProcessedData/G3SinglePathways/GlucoseAmmPathways/834f17e34d_GlucoseAmmPathways.txt,C(C)(C(C(CC(CO)=O)O)O)=O,834f17e34d
ProcessedData/G3SinglePathways/GlucoseAmmPathways/*C(C)(C(C(CN)O)O)=OGlucoseAmmPathways.txt,ProcessedData/G3SinglePathways/GlucoseAmmPathways/f78190f97c_GlucoseAmmPathways.txt,C(C)(C(C(CN)O)O)=O,f78190f97c
ProcessedData/G3SinglePathways/GlucoseAmmPathways/*C(C)(C(C(CO)(C)O)O)=OGlucoseAmmPathways.txt,ProcessedData/G3SinglePathways/GlucoseAmmPathways/9c160e7890_GlucoseAmmPathways.txt,C(C)(C(C(CO)(C)O)O)=O,9c160e7890
ProcessedData/G3SinglePathways/GlucoseAmmPathways/*C(C)(C(C(CO)(CCO)O)O)=OGlucoseAmmPathways.txt,ProcessedData/G3SinglePathways/GlucoseAmmPathways/341c8c573c_GlucoseAmmPathways.txt,C(C)(C(C(CO)(CCO)O)O)=O,341c8c573c
ProcessedData/G3SinglePathways/GlucoseAmmPathways/*C(C)(C(C(CO)(CN)O)O)=OGlucoseAmmPathways.txt,ProcessedData/G3SinglePathways/GlucoseAmmPathways/4bf563d68b_GlucoseAmmPathways.txt,C(C)(C(C(CO)(CN)O)O)=O,4bf563d68b
ProcessedData/G3SinglePathways/GlucoseAmmPathways/*C(C)(C(C(CO)(CO)O)O)=OGlucoseAmmPathways.txt,ProcessedData/G3SinglePathways/GlucoseAmmPathways/7f9f261016_GlucoseAmmPathways.txt,C(C)(C(C(CO)(CO)O)O)=O,7f9f261016
ProcessedData/G3SinglePathways/GlucoseAmmPathways/*C(C)(C(C(CO)O)O)=OGlucoseAmmPathways.txt,ProcessedData/G3SinglePathways/GlucoseAmmPathways/9b80b68355_GlucoseAmmPathways.txt,C(C)(C(C(CO)O)O)=O,9b80b68355
ProcessedData/G3SinglePathways/GlucoseAmmPathways/*C(C)(C(CO)(C(C(C)=O)O)O)=OGlucoseAmmPathways.txt,ProcessedData/G3SinglePathways/GlucoseAmmPathways/e79822c946_GlucoseAmmPathways.txt,C(C)(C(CO)(C(C(C)=O)O)O)=O,e79822c946
ProcessedData/G3SinglePathways/GlucoseAmmPathways/*C(C)(C(CO)(C(C)O)O)=OGlucoseAmmPathways.txt,ProcessedData/G3SinglePathways/GlucoseAmmPathways/37273707fd_GlucoseAmmPathways.txt,C(C)(C(CO)(C(C)O)O)=O,37273707fd
ProcessedData/G3SinglePathways/GlucoseAmmPathways/*C(C)(C(CO)(C(C=O)O)O)=OGlucoseAmmPathways.txt,ProcessedData/G3SinglePathways/GlucoseAmmPathways/ec05b054eb_GlucoseAmmPathways.txt,C(C)(C(CO)(C(C=O)O)O)=O,ec05b054eb
ProcessedData/G3SinglePathways/GlucoseAmmPathways/*C(C)(C(CO)(C(CN)O)O)=OGlucoseAmmPathways.txt,ProcessedData/G3SinglePathways/GlucoseAmmPathways/c56f0d0446_GlucoseAmmPathways.txt,C(C)(C(CO)(C(CN)O)O)=O,c56f0d0446
ProcessedData/G3SinglePathways/GlucoseAmmPathways/*C(C)(C(CO)(C(CO)(C)O)O)=OGlucoseAmmPathways.txt,ProcessedData/G3SinglePathways/GlucoseAmmPathways/d10665507e_GlucoseAmmPathways.txt,C(C)(C(CO)(C(CO)(C)O)O)=O,d10665507e
ProcessedData/G3SinglePathways/GlucoseAmmPathways/*C(C)(C(CO)(C(CO)O)O)=OGlucoseAmmPathways.txt,ProcessedData/G3SinglePathways/GlucoseAmmPathways/a36bd69508_GlucoseAmmPathways.txt,C(C)(C(CO)(C(CO)O)O)=O,a36bd69508
ProcessedData/G3SinglePathways/GlucoseAmmPathways/*C(C)(C(CO)(CO)O)=OGlucoseAmmPathways.txt,ProcessedData/G3SinglePathways/GlucoseAmmPathways/5008286bc8_GlucoseAmmPathways.txt,C(C)(C(CO)(CO)O)=O,5008286bc8
ProcessedData/G3SinglePathways/GlucoseAmmPathways/*C(C)(C1C(C(C(O1)O)O)N)=OGlucoseAmmPathways.txt,ProcessedData/G3SinglePathways/GlucoseAmmPathways/8e0415dac9_GlucoseAmmPathways.txt,C(C)(C1C(C(C(O1)O)O)N)=O,8e0415dac9
ProcessedData/G3SinglePathways/GlucoseAmmPathways/*C(C)(C1C(C(C(O1)O)O)O)=OGlucoseAmmPathways.txt,ProcessedData/G3SinglePathways/GlucoseAmmPathways/22ffd6b6f3_GlucoseAmmPathways.txt,C(C)(C1C(C(C(O1)O)O)O)=O,22ffd6b6f3
ProcessedData/G3SinglePathways/GlucoseAmmPathways/*C(C1(C(C(C(C1)O)O)O)O)=OGlucoseAmmPathways.txt,ProcessedData/G3SinglePathways/GlucoseAmmPathways/55067dfc3f_GlucoseAmmPathways.txt,C(C1(C(C(C(C1)O)O)O)O)=O,55067dfc3f
ProcessedData/G3SinglePathways/GlucoseAmmPathways/*C(C1(C(C(C(CO)O1)N)O)O)OGlucoseAmmPathways.txt,ProcessedData/G3SinglePathways/GlucoseAmmPathways/327e9da2c5_GlucoseAmmPathways.txt,C(C1(C(C(C(CO)O1)N)O)O)O,327e9da2c5
ProcessedData/G3SinglePathways/GlucoseAmmPathways/*C(C1(C(C(CC1O)N)O)O)=OGlucoseAmmPathways.txt,ProcessedData/G3SinglePathways/GlucoseAmmPathways/a8d516c2f1_GlucoseAmmPathways.txt,C(C1(C(C(CC1O)N)O)O)=O,a8d516c2f1
ProcessedData/G3SinglePathways/GlucoseAmmPathways/*C(C1(C(C(CC1O)O)O)O)=OGlucoseAmmPathways.txt,ProcessedData/G3SinglePathways/GlucoseAmmPathways/4906b876b1_GlucoseAmmPathways.txt,C(C1(C(C(CC1O)O)O)O)=O,4906b876b1
ProcessedData/G3SinglePathways/GlucoseAmmPathways/*C(C1(C(C(CC1O)O)O)O)OGlucoseAmmPathways.txt,ProcessedData/G3SinglePathways/GlucoseAmmPathways/1f997ca924_GlucoseAmmPathways.txt,C(C1(C(C(CC1O)O)O)O)O,1f997ca924
ProcessedData/G3SinglePathways/GlucoseAmmPathways/*C(C1(C(C=CC1O)O)O)=OGlucoseAmmPathways.txt,ProcessedData/G3SinglePathways/GlucoseAmmPathways/383351b3d0_GlucoseAmmPathways.txt,C(C1(C(C=CC1O)O)O)=O,383351b3d0
ProcessedData/G3SinglePathways/GlucoseAmmPathways/*C(C1(C(CC(C1N)O)O)O)=OGlucoseAmmPathways.txt,ProcessedData/G3SinglePathways/GlucoseAmmPathways/58f6c29803_GlucoseAmmPathways.txt,C(C1(C(CC(C1N)O)O)O)=O,58f6c29803
ProcessedData/G3SinglePathways/GlucoseAmmPathways/*C(C1(C=CC(C1O)O)O)=OGlucoseAmmPathways.txt,ProcessedData/G3SinglePathways/GlucoseAmmPathways/b77e047423_GlucoseAmmPathways.txt,C(C1(C=CC(C1O)O)O)=O,b77e047423
ProcessedData/G3SinglePathways/GlucoseAmmPathways/*C(C1(CC(C(C1O)O)O)N)=OGlucoseAmmPathways.txt,ProcessedData/G3SinglePathways/GlucoseAmmPathways/4b19d03f57_GlucoseAmmPathways.txt,C(C1(CC(C(C1O)O)O)N)=O,4b19d03f57
ProcessedData/G3SinglePathways/GlucoseAmmPathways/*C(C1C(C(C(C(O)O1)O)N)O)OGlucoseAmmPathways.txt,ProcessedData/G3SinglePathways/GlucoseAmmPathways/69e0924737_GlucoseAmmPathways.txt,C(C1C(C(C(C(O)O1)O)N)O)O,69e0924737
ProcessedData/G3SinglePathways/GlucoseAmmPathways/*C(C1C(C(C(C)(O1)O)O)N)=OGlucoseAmmPathways.txt,ProcessedData/G3SinglePathways/GlucoseAmmPathways/ca6c7d89cf_GlucoseAmmPathways.txt,C(C1C(C(C(C)(O1)O)O)N)=O,ca6c7d89cf
ProcessedData/G3SinglePathways/GlucoseAmmPathways/*C(C1C(C(C(C)(O1)O)O)O)=OGlucoseAmmPathways.txt,ProcessedData/G3SinglePathways/GlucoseAmmPathways/948d6baef6_GlucoseAmmPathways.txt,C(C1C(C(C(C)(O1)O)O)O)=O,948d6baef6
ProcessedData/G3SinglePathways/GlucoseAmmPathways/*C(C1C(C(C(C1N)O)O)O)=OGlucoseAmmPathways.txt,ProcessedData/G3SinglePathways/GlucoseAmmPathways/fe84027d4c_GlucoseAmmPathways.txt,C(C1C(C(C(C1N)O)O)O)=O,fe84027d4c
ProcessedData/G3SinglePathways/GlucoseAmmPathways/*C(C1C(C(C(C1O)O)N)O)=OGlucoseAmmPathways.txt,ProcessedData/G3SinglePathways/GlucoseAmmPathways/72726c88d7_GlucoseAmmPathways.txt,C(C1C(C(C(C1O)O)N)O)=O,72726c88d7
ProcessedData/G3SinglePathways/GlucoseAmmPathways/*C(C1C(C(C(C1O)O)O)O)=OGlucoseAmmPathways.txt,ProcessedData/G3SinglePathways/GlucoseAmmPathways/4d8c6baf39_GlucoseAmmPathways.txt,C(C1C(C(C(C1O)O)O)O)=O,4d8c6baf39
ProcessedData/G3SinglePathways/GlucoseAmmPathways/*C(C1C(C(C(C1O)O)O)O)OGlucoseAmmPathways.txt,ProcessedData/G3SinglePathways/GlucoseAmmPathways/2a7d644d2a_GlucoseAmmPathways.txt,C(C1C(C(C(C1O)O)O)O)O,2a7d644d2a
ProcessedData/G3SinglePathways/GlucoseAmmPathways/*C(C1C(C(C(CN)(O)O1)O)N)OGlucoseAmmPathways.txt,ProcessedData/G3SinglePathways/GlucoseAmmPathways/390921ff7b_GlucoseAmmPathways.txt,C(C1C(C(C(CN)(O)O1)O)N)O,390921ff7b
ProcessedData/G3SinglePathways/GlucoseAmmPathways/*C(C1C(C(C(CN)(O)O1)O)O)OGlucoseAmmPathways.txt,ProcessedData/G3SinglePathways/GlucoseAmmPathways/dc5228f2ea_GlucoseAmmPathways.txt,C(C1C(C(C(CN)(O)O1)O)O)O,dc5228f2ea
ProcessedData/G3SinglePathways/GlucoseAmmPathways/*C(C1C(C(C(CO)O1)O)O)=OGlucoseAmmPathways.txt,ProcessedData/G3SinglePathways/GlucoseAmmPathways/b622762866_GlucoseAmmPathways.txt,C(C1C(C(C(CO)O1)O)O)=O,b622762866
ProcessedData/G3SinglePathways/GlucoseAmmPathways/*C(C1C(C(C(CO1)O)O)O)=OGlucoseAmmPathways.txt,ProcessedData/G3SinglePathways/GlucoseAmmPathways/ff7a45d92f_GlucoseAmmPathways.txt,C(C1C(C(C(CO1)O)O)O)=O,ff7a45d92f
ProcessedData/G3SinglePathways/GlucoseAmmPathways/*C(C=CC(C(CO)(CO)O)=O)=OGlucoseAmmPathways.txt,ProcessedData/G3SinglePathways/GlucoseAmmPathways/5363198a8b_GlucoseAmmPathways.txt,C(C=CC(C(CO)(CO)O)=O)=O,5363198a8b
ProcessedData/G3SinglePathways/GlucoseAmmPathways/*C(C=CC(C(CO)O)=O)(O)=OGlucoseAmmPathways.txt,ProcessedData/G3SinglePathways/GlucoseAmmPathways/67f78a17a3_GlucoseAmmPathways.txt,C(C=CC(C(CO)O)=O)(O)=O,67f78a17a3
ProcessedData/G3SinglePathways/GlucoseAmmPathways/*C(CC(C(C(C(C)=O)O)O)O)=OGlucoseAmmPathways.txt,ProcessedData/G3SinglePathways/GlucoseAmmPathways/4648994225_GlucoseAmmPathways.txt,C(CC(C(C(C(C)=O)O)O)O)=O,4648994225
ProcessedData/G3SinglePathways/GlucoseAmmPathways/*C(CC(C(C(C(O)=O)O)N)O)=OGlucoseAmmPathways.txt,ProcessedData/G3SinglePathways/GlucoseAmmPathways/4f17cb346a_GlucoseAmmPathways.txt,C(CC(C(C(C(O)=O)O)N)O)=O,4f17cb346a
ProcessedData/G3SinglePathways/GlucoseAmmPathways/*C(CC(C(C(C(O)=O)O)O)N)=OGlucoseAmmPathways.txt,ProcessedData/G3SinglePathways/GlucoseAmmPathways/95cf9e6812_GlucoseAmmPathways.txt,C(CC(C(C(C(O)=O)O)O)N)=O,95cf9e6812
ProcessedData/G3SinglePathways/GlucoseAmmPathways/*C(CC(C(C(C=O)N)O)O)=OGlucoseAmmPathways.txt,ProcessedData/G3SinglePathways/GlucoseAmmPathways/bdb959e1fd_GlucoseAmmPathways.txt,C(CC(C(C(C=O)N)O)O)=O,bdb959e1fd
ProcessedData/G3SinglePathways/GlucoseAmmPathways/*C(CC(C(C(C=O)O)N)O)(O)=OGlucoseAmmPathways.txt,ProcessedData/G3SinglePathways/GlucoseAmmPathways/6a65f424dd_GlucoseAmmPathways.txt,C(CC(C(C(C=O)O)N)O)(O)=O,6a65f424dd
ProcessedData/G3SinglePathways/GlucoseAmmPathways/*C(CC(C(C(C=O)O)N)O)=OGlucoseAmmPathways.txt,ProcessedData/G3SinglePathways/GlucoseAmmPathways/cf4750358e_GlucoseAmmPathways.txt,C(CC(C(C(C=O)O)N)O)=O,cf4750358e
ProcessedData/G3SinglePathways/GlucoseAmmPathways/*C(CC(C(C(C=O)O)O)N)(O)=OGlucoseAmmPathways.txt,ProcessedData/G3SinglePathways/GlucoseAmmPathways/6f789d1cc6_GlucoseAmmPathways.txt,C(CC(C(C(C=O)O)O)N)(O)=O,6f789d1cc6
ProcessedData/G3SinglePathways/GlucoseAmmPathways/*C(CC(C(C(C=O)O)O)N)=OGlucoseAmmPathways.txt,ProcessedData/G3SinglePathways/GlucoseAmmPathways/ec02fe8e25_GlucoseAmmPathways.txt,C(CC(C(C(C=O)O)O)N)=O,ec02fe8e25
ProcessedData/G3SinglePathways/GlucoseAmmPathways/*C(CC(C(C(C=O)O)O)O)=OGlucoseAmmPathways.txt,ProcessedData/G3SinglePathways/GlucoseAmmPathways/3e00000a69_GlucoseAmmPathways.txt,C(CC(C(C(C=O)O)O)O)=O,3e00000a69
ProcessedData/G3SinglePathways/GlucoseAmmPathways/*C(CC(C(C(CN)=O)O)N)=OGlucoseAmmPathways.txt,ProcessedData/G3SinglePathways/GlucoseAmmPathways/1eeee10f0c_GlucoseAmmPathways.txt,C(CC(C(C(CN)=O)O)N)=O,1eeee10f0c
ProcessedData/G3SinglePathways/GlucoseAmmPathways/*C(CC(C(C(CN)=O)O)O)(O)=OGlucoseAmmPathways.txt,ProcessedData/G3SinglePathways/GlucoseAmmPathways/8d0c1a2039_GlucoseAmmPathways.txt,C(CC(C(C(CN)=O)O)O)(O)=O,8d0c1a2039
ProcessedData/G3SinglePathways/GlucoseAmmPathways/*C(CC(C(C(CN)=O)O)O)=OGlucoseAmmPathways.txt,ProcessedData/G3SinglePathways/GlucoseAmmPathways/a9ba353761_GlucoseAmmPathways.txt,C(CC(C(C(CN)=O)O)O)=O,a9ba353761
ProcessedData/G3SinglePathways/GlucoseAmmPathways/*C(CC(C(C(CN)O)=O)O)=OGlucoseAmmPathways.txt,ProcessedData/G3SinglePathways/GlucoseAmmPathways/a0e2a7b8b9_GlucoseAmmPathways.txt,C(CC(C(C(CN)O)=O)O)=O,a0e2a7b8b9
ProcessedData/G3SinglePathways/GlucoseAmmPathways/*C(CC(C(C(CN)O)O)=O)=OGlucoseAmmPathways.txt,ProcessedData/G3SinglePathways/GlucoseAmmPathways/efee6f933c_GlucoseAmmPathways.txt,C(CC(C(C(CN)O)O)=O)=O,efee6f933c
ProcessedData/G3SinglePathways/GlucoseAmmPathways/*C(CC(C(C(CO)(C)O)O)=O)=OGlucoseAmmPathways.txt,ProcessedData/G3SinglePathways/GlucoseAmmPathways/aa9f86f07d_GlucoseAmmPathways.txt,C(CC(C(C(CO)(C)O)O)=O)=O,aa9f86f07d
ProcessedData/G3SinglePathways/GlucoseAmmPathways/*C(CC(C(C(CO)=O)O)N)=OGlucoseAmmPathways.txt,ProcessedData/G3SinglePathways/GlucoseAmmPathways/0d9f39d6f9_GlucoseAmmPathways.txt,C(CC(C(C(CO)=O)O)N)=O,0d9f39d6f9
ProcessedData/G3SinglePathways/GlucoseAmmPathways/*C(CC(C(C(CO)=O)O)O)=OGlucoseAmmPathways.txt,ProcessedData/G3SinglePathways/GlucoseAmmPathways/25a64223cb_GlucoseAmmPathways.txt,C(CC(C(C(CO)=O)O)O)=O,25a64223cb
ProcessedData/G3SinglePathways/GlucoseAmmPathways/*C(CC(C(C(CO)N)=O)O)=OGlucoseAmmPathways.txt,ProcessedData/G3SinglePathways/GlucoseAmmPathways/d6c6919eef_GlucoseAmmPathways.txt,C(CC(C(C(CO)N)=O)O)=O,d6c6919eef
ProcessedData/G3SinglePathways/GlucoseAmmPathways/*C(CC(C(C(CO)N)O)=O)(O)=OGlucoseAmmPathways.txt,ProcessedData/G3SinglePathways/GlucoseAmmPathways/c13523980c_GlucoseAmmPathways.txt,C(CC(C(C(CO)N)O)=O)(O)=O,c13523980c
ProcessedData/G3SinglePathways/GlucoseAmmPathways/*C(CC(C(C(CO)N)O)=O)=OGlucoseAmmPathways.txt,ProcessedData/G3SinglePathways/GlucoseAmmPathways/3aee825649_GlucoseAmmPathways.txt,C(CC(C(C(CO)N)O)=O)=O,3aee825649
ProcessedData/G3SinglePathways/GlucoseAmmPathways/*C(CC(C(C(CO)N)O)O)=OGlucoseAmmPathways.txt,ProcessedData/G3SinglePathways/GlucoseAmmPathways/e095a672a3_GlucoseAmmPathways.txt,C(CC(C(C(CO)N)O)O)=O,e095a672a3
ProcessedData/G3SinglePathways/GlucoseAmmPathways/*C(CC(C(C(CO)O)=O)N)(O)=OGlucoseAmmPathways.txt,ProcessedData/G3SinglePathways/GlucoseAmmPathways/43bd1998ac_GlucoseAmmPathways.txt,C(CC(C(C(CO)O)=O)N)(O)=O,43bd1998ac
ProcessedData/G3SinglePathways/GlucoseAmmPathways/*C(CC(C(C(CO)O)=O)O)=OGlucoseAmmPathways.txt,ProcessedData/G3SinglePathways/GlucoseAmmPathways/a51b84ad18_GlucoseAmmPathways.txt,C(CC(C(C(CO)O)=O)O)=O,a51b84ad18
ProcessedData/G3SinglePathways/GlucoseAmmPathways/*C(CC(C(C(CO)O)N)=O)(O)=OGlucoseAmmPathways.txt,ProcessedData/G3SinglePathways/GlucoseAmmPathways/77c0daf3b4_GlucoseAmmPathways.txt,C(CC(C(C(CO)O)N)=O)(O)=O,77c0daf3b4
ProcessedData/G3SinglePathways/GlucoseAmmPathways/*C(CC(C(C(CO)O)N)=O)=OGlucoseAmmPathways.txt,ProcessedData/G3SinglePathways/GlucoseAmmPathways/6f56473418_GlucoseAmmPathways.txt,C(CC(C(C(CO)O)N)=O)=O,6f56473418
ProcessedData/G3SinglePathways/GlucoseAmmPathways/*C(CC(C(C(CO)O)N)O)=OGlucoseAmmPathways.txt,ProcessedData/G3SinglePathways/GlucoseAmmPathways/190074b4c7_GlucoseAmmPathways.txt,C(CC(C(C(CO)O)N)O)=O,190074b4c7
ProcessedData/G3SinglePathways/GlucoseAmmPathways/*C(CC(C(C(CO)O)O)=O)=OGlucoseAmmPathways.txt,ProcessedData/G3SinglePathways/GlucoseAmmPathways/7bb6e534fb_GlucoseAmmPathways.txt,C(CC(C(C(CO)O)O)=O)=O,7bb6e534fb
ProcessedData/G3SinglePathways/GlucoseAmmPathways/*C(CC(C(C(CO)O)O)N)=OGlucoseAmmPathways.txt,ProcessedData/G3SinglePathways/GlucoseAmmPathways/76be23702b_GlucoseAmmPathways.txt,C(CC(C(C(CO)O)O)N)=O,76be23702b
ProcessedData/G3SinglePathways/GlucoseAmmPathways/*C(CC(C(C(CO)O)O)O)=OGlucoseAmmPathways.txt,ProcessedData/G3SinglePathways/GlucoseAmmPathways/f7c5db0331_GlucoseAmmPathways.txt,C(CC(C(C(CO)O)O)O)=O,f7c5db0331
ProcessedData/G3SinglePathways/GlucoseAmmPathways/*C(CC(C(C)=O)O)(C(CO)O)=OGlucoseAmmPathways.txt,ProcessedData/G3SinglePathways/GlucoseAmmPathways/db91371a56_GlucoseAmmPathways.txt,C(CC(C(C)=O)O)(C(CO)O)=O,db91371a56
ProcessedData/G3SinglePathways/GlucoseAmmPathways/*C(CC(C(CC(CO)=O)O)O)=OGlucoseAmmPathways.txt,ProcessedData/G3SinglePathways/GlucoseAmmPathways/a032d838dd_GlucoseAmmPathways.txt,C(CC(C(CC(CO)=O)O)O)=O,a032d838dd
ProcessedData/G3SinglePathways/GlucoseAmmPathways/*C(CC(C(CCO)=O)O)(CO)=OGlucoseAmmPathways.txt,ProcessedData/G3SinglePathways/GlucoseAmmPathways/b059119085_GlucoseAmmPathways.txt,C(CC(C(CCO)=O)O)(CO)=O,b059119085
ProcessedData/G3SinglePathways/GlucoseAmmPathways/*C(CC(C(CO)O)O)=OGlucoseAmmPathways.txt,ProcessedData/G3SinglePathways/GlucoseAmmPathways/8f7486a958_GlucoseAmmPathways.txt,C(CC(C(CO)O)O)=O,8f7486a958
ProcessedData/G3SinglePathways/GlucoseAmmPathways/*C(CC(C(O)=O)N)(C(CO)O)=OGlucoseAmmPathways.txt,ProcessedData/G3SinglePathways/GlucoseAmmPathways/1099b53b1c_GlucoseAmmPathways.txt,C(CC(C(O)=O)N)(C(CO)O)=O,1099b53b1c
ProcessedData/G3SinglePathways/GlucoseAmmPathways/*C(CC(C(O)=O)O)(C(CN)O)=OGlucoseAmmPathways.txt,ProcessedData/G3SinglePathways/GlucoseAmmPathways/dc2d890961_GlucoseAmmPathways.txt,C(CC(C(O)=O)O)(C(CN)O)=O,dc2d890961
ProcessedData/G3SinglePathways/GlucoseAmmPathways/*C(CC(C(O)=O)O)(C(CO)N)=OGlucoseAmmPathways.txt,ProcessedData/G3SinglePathways/GlucoseAmmPathways/0d0c86b267_GlucoseAmmPathways.txt,C(CC(C(O)=O)O)(C(CO)N)=O,0d0c86b267
ProcessedData/G3SinglePathways/GlucoseAmmPathways/*C(CC(C(O)=O)O)(CCO)=OGlucoseAmmPathways.txt,ProcessedData/G3SinglePathways/GlucoseAmmPathways/dc22e87ee3_GlucoseAmmPathways.txt,C(CC(C(O)=O)O)(CCO)=O,dc22e87ee3
ProcessedData/G3SinglePathways/GlucoseAmmPathways/*C(CC(C)(C(C(C=O)O)O)O)=OGlucoseAmmPathways.txt,ProcessedData/G3SinglePathways/GlucoseAmmPathways/ff84c86bb4_GlucoseAmmPathways.txt,C(CC(C)(C(C(C=O)O)O)O)=O,ff84c86bb4
ProcessedData/G3SinglePathways/GlucoseAmmPathways/*C(CC(C)(C(CO)O)O)=OGlucoseAmmPathways.txt,ProcessedData/G3SinglePathways/GlucoseAmmPathways/a490030a9a_GlucoseAmmPathways.txt,C(CC(C)(C(CO)O)O)=O,a490030a9a
ProcessedData/G3SinglePathways/GlucoseAmmPathways/*C(CC(C=O)N)(C(CN)O)=OGlucoseAmmPathways.txt,ProcessedData/G3SinglePathways/GlucoseAmmPathways/c4e8425aa0_GlucoseAmmPathways.txt,C(CC(C=O)N)(C(CN)O)=O,c4e8425aa0
ProcessedData/G3SinglePathways/GlucoseAmmPathways/*C(CC(C=O)N)(C(CO)N)=OGlucoseAmmPathways.txt,ProcessedData/G3SinglePathways/GlucoseAmmPathways/a8e1425f30_GlucoseAmmPathways.txt,C(CC(C=O)N)(C(CO)N)=O,a8e1425f30
ProcessedData/G3SinglePathways/GlucoseAmmPathways/*C(CC(C=O)N)(C(CO)O)=OGlucoseAmmPathways.txt,ProcessedData/G3SinglePathways/GlucoseAmmPathways/f48927a009_GlucoseAmmPathways.txt,C(CC(C=O)N)(C(CO)O)=O,f48927a009
ProcessedData/G3SinglePathways/GlucoseAmmPathways/*C(CC(C=O)O)(C(C(C)O)O)=OGlucoseAmmPathways.txt,ProcessedData/G3SinglePathways/GlucoseAmmPathways/a76ec23789_GlucoseAmmPathways.txt,C(CC(C=O)O)(C(C(C)O)O)=O,a76ec23789
ProcessedData/G3SinglePathways/GlucoseAmmPathways/*C(CC(C=O)O)(C(CN)O)=OGlucoseAmmPathways.txt,ProcessedData/G3SinglePathways/GlucoseAmmPathways/b64099ec0d_GlucoseAmmPathways.txt,C(CC(C=O)O)(C(CN)O)=O,b64099ec0d
ProcessedData/G3SinglePathways/GlucoseAmmPathways/*C(CC(C=O)O)(C(CO)N)=OGlucoseAmmPathways.txt,ProcessedData/G3SinglePathways/GlucoseAmmPathways/1a41a7d0cd_GlucoseAmmPathways.txt,C(CC(C=O)O)(C(CO)N)=O,1a41a7d0cd
ProcessedData/G3SinglePathways/GlucoseAmmPathways/*C(CC(C=O)O)(C(CO)O)=OGlucoseAmmPathways.txt,ProcessedData/G3SinglePathways/GlucoseAmmPathways/cfaa2effec_GlucoseAmmPathways.txt,C(CC(C=O)O)(C(CO)O)=O,cfaa2effec
ProcessedData/G3SinglePathways/GlucoseAmmPathways/*C(CC(CC(C(O)=O)O)O)=OGlucoseAmmPathways.txt,ProcessedData/G3SinglePathways/GlucoseAmmPathways/67b39aa6f6_GlucoseAmmPathways.txt,C(CC(CC(C(O)=O)O)O)=O,67b39aa6f6
ProcessedData/G3SinglePathways/GlucoseAmmPathways/*C(CC(CN)(C(CO)O)O)=OGlucoseAmmPathways.txt,ProcessedData/G3SinglePathways/GlucoseAmmPathways/ef3610339d_GlucoseAmmPathways.txt,C(CC(CN)(C(CO)O)O)=O,ef3610339d
ProcessedData/G3SinglePathways/GlucoseAmmPathways/*C(CC(CO)(C(C=O)O)O)=OGlucoseAmmPathways.txt,ProcessedData/G3SinglePathways/GlucoseAmmPathways/e7696d9cd2_GlucoseAmmPathways.txt,C(CC(CO)(C(C=O)O)O)=O,e7696d9cd2
ProcessedData/G3SinglePathways/GlucoseAmmPathways/*C(CC(CO)(C(CO)O)O)=OGlucoseAmmPathways.txt,ProcessedData/G3SinglePathways/GlucoseAmmPathways/5613eeb22d_GlucoseAmmPathways.txt,C(CC(CO)(C(CO)O)O)=O,5613eeb22d
ProcessedData/G3SinglePathways/GlucoseAmmPathways/*C(CC(CO)(CC(C=O)O)O)=OGlucoseAmmPathways.txt,ProcessedData/G3SinglePathways/GlucoseAmmPathways/d132ce3c02_GlucoseAmmPathways.txt,C(CC(CO)(CC(C=O)O)O)=O,d132ce3c02
ProcessedData/G3SinglePathways/GlucoseAmmPathways/*C(CC(CO)(CCO)O)=OGlucoseAmmPathways.txt,ProcessedData/G3SinglePathways/GlucoseAmmPathways/1be1a6de58_GlucoseAmmPathways.txt,C(CC(CO)(CCO)O)=O,1be1a6de58
ProcessedData/G3SinglePathways/GlucoseAmmPathways/*C(CC(CO)(CN)O)=OGlucoseAmmPathways.txt,ProcessedData/G3SinglePathways/GlucoseAmmPathways/e748f7de40_GlucoseAmmPathways.txt,C(CC(CO)(CN)O)=O,e748f7de40
ProcessedData/G3SinglePathways/GlucoseAmmPathways/*C(CC(CO)(CO)O)=OGlucoseAmmPathways.txt,ProcessedData/G3SinglePathways/GlucoseAmmPathways/cda3c2c248_GlucoseAmmPathways.txt,C(CC(CO)(CO)O)=O,cda3c2c248
ProcessedData/G3SinglePathways/GlucoseAmmPathways/*C(CC1C(C(C(O)O1)O)O)=OGlucoseAmmPathways.txt,ProcessedData/G3SinglePathways/GlucoseAmmPathways/33f51ad843_GlucoseAmmPathways.txt,C(CC1C(C(C(O)O1)O)O)=O,33f51ad843
ProcessedData/G3SinglePathways/GlucoseAmmPathways/*C(CC1C(C(C(O)O1)O)O)OGlucoseAmmPathways.txt,ProcessedData/G3SinglePathways/GlucoseAmmPathways/beb7169492_GlucoseAmmPathways.txt,C(CC1C(C(C(O)O1)O)O)O,beb7169492
ProcessedData/G3SinglePathways/GlucoseAmmPathways/*C(CCN)(C(C(CN)=O)O)=OGlucoseAmmPathways.txt,ProcessedData/G3SinglePathways/GlucoseAmmPathways/3958ccbc97_GlucoseAmmPathways.txt,C(CCN)(C(C(CN)=O)O)=O,3958ccbc97
ProcessedData/G3SinglePathways/GlucoseAmmPathways/*C(CCN)(C(C(CO)=O)O)=OGlucoseAmmPathways.txt,ProcessedData/G3SinglePathways/GlucoseAmmPathways/a28a46645d_GlucoseAmmPathways.txt,C(CCN)(C(C(CO)=O)O)=O,a28a46645d
ProcessedData/G3SinglePathways/GlucoseAmmPathways/*C(CCO)(C(C(CN)=O)N)=OGlucoseAmmPathways.txt,ProcessedData/G3SinglePathways/GlucoseAmmPathways/6d072ab3f6_GlucoseAmmPathways.txt,C(CCO)(C(C(CN)=O)N)=O,6d072ab3f6
ProcessedData/G3SinglePathways/GlucoseAmmPathways/*C(CCO)(C(C(CN)=O)O)=OGlucoseAmmPathways.txt,ProcessedData/G3SinglePathways/GlucoseAmmPathways/e589381707_GlucoseAmmPathways.txt,C(CCO)(C(C(CN)=O)O)=O,e589381707
ProcessedData/G3SinglePathways/GlucoseAmmPathways/*C(CCO)(C(C(CO)=O)N)=OGlucoseAmmPathways.txt,ProcessedData/G3SinglePathways/GlucoseAmmPathways/63e0942031_GlucoseAmmPathways.txt,C(CCO)(C(C(CO)=O)N)=O,63e0942031
ProcessedData/G3SinglePathways/GlucoseAmmPathways/*C(CCO)(C(C(CO)=O)O)=OGlucoseAmmPathways.txt,ProcessedData/G3SinglePathways/GlucoseAmmPathways/fccccc018b_GlucoseAmmPathways.txt,C(CCO)(C(C(CO)=O)O)=O,fccccc018b
ProcessedData/G3SinglePathways/GlucoseAmmPathways/*C(CN)(C(C(C(CO)O)N)O)=OGlucoseAmmPathways.txt,ProcessedData/G3SinglePathways/GlucoseAmmPathways/fe78101c57_GlucoseAmmPathways.txt,C(CN)(C(C(C(CO)O)N)O)=O,fe78101c57
ProcessedData/G3SinglePathways/GlucoseAmmPathways/*C(CN)(C(C(C(CO)O)O)O)=OGlucoseAmmPathways.txt,ProcessedData/G3SinglePathways/GlucoseAmmPathways/5d5dfbbc3b_GlucoseAmmPathways.txt,C(CN)(C(C(C(CO)O)O)O)=O,5d5dfbbc3b
ProcessedData/G3SinglePathways/GlucoseAmmPathways/*C(CN)(C(C(C)O)O)=OGlucoseAmmPathways.txt,ProcessedData/G3SinglePathways/GlucoseAmmPathways/3a194a96b2_GlucoseAmmPathways.txt,C(CN)(C(C(C)O)O)=O,3a194a96b2
ProcessedData/G3SinglePathways/GlucoseAmmPathways/*C(CN)(C(C(CCO)O)O)=OGlucoseAmmPathways.txt,ProcessedData/G3SinglePathways/GlucoseAmmPathways/53fd8c5f80_GlucoseAmmPathways.txt,C(CN)(C(C(CCO)O)O)=O,53fd8c5f80
ProcessedData/G3SinglePathways/GlucoseAmmPathways/*C(CN)(C(C(CN)O)O)=OGlucoseAmmPathways.txt,ProcessedData/G3SinglePathways/GlucoseAmmPathways/9b223fda70_GlucoseAmmPathways.txt,C(CN)(C(C(CN)O)O)=O,9b223fda70
ProcessedData/G3SinglePathways/GlucoseAmmPathways/*C(CN)(C(C(CO)(C)O)O)=OGlucoseAmmPathways.txt,ProcessedData/G3SinglePathways/GlucoseAmmPathways/bb1078f6f7_GlucoseAmmPathways.txt,C(CN)(C(C(CO)(C)O)O)=O,bb1078f6f7
ProcessedData/G3SinglePathways/GlucoseAmmPathways/*C(CN)(C(C(CO)(CN)O)O)=OGlucoseAmmPathways.txt,ProcessedData/G3SinglePathways/GlucoseAmmPathways/0ef343c5e5_GlucoseAmmPathways.txt,C(CN)(C(C(CO)(CN)O)O)=O,0ef343c5e5
ProcessedData/G3SinglePathways/GlucoseAmmPathways/*C(CN)(C(C(CO)(CO)O)O)=OGlucoseAmmPathways.txt,ProcessedData/G3SinglePathways/GlucoseAmmPathways/9b375f7510_GlucoseAmmPathways.txt,C(CN)(C(C(CO)(CO)O)O)=O,9b375f7510
ProcessedData/G3SinglePathways/GlucoseAmmPathways/*C(CN)(C(C(CO)O)O)=OGlucoseAmmPathways.txt,ProcessedData/G3SinglePathways/GlucoseAmmPathways/7d9f78999d_GlucoseAmmPathways.txt,C(CN)(C(C(CO)O)O)=O,7d9f78999d
ProcessedData/G3SinglePathways/GlucoseAmmPathways/*C(CN)(C(CC(CO)=O)O)=OGlucoseAmmPathways.txt,ProcessedData/G3SinglePathways/GlucoseAmmPathways/148404f5de_GlucoseAmmPathways.txt,C(CN)(C(CC(CO)=O)O)=O,148404f5de
ProcessedData/G3SinglePathways/GlucoseAmmPathways/*C(CN)(C(CN)O)=OGlucoseAmmPathways.txt,ProcessedData/G3SinglePathways/GlucoseAmmPathways/4d8ea015c3_GlucoseAmmPathways.txt,C(CN)(C(CN)O)=O,4d8ea015c3
ProcessedData/G3SinglePathways/GlucoseAmmPathways/*C(CN)(C(CNCC=O)O)=OGlucoseAmmPathways.txt,ProcessedData/G3SinglePathways/GlucoseAmmPathways/cdbdda1da3_GlucoseAmmPathways.txt,C(CN)(C(CNCC=O)O)=O,cdbdda1da3
ProcessedData/G3SinglePathways/GlucoseAmmPathways/*C(CN)(C(CO)O)=OGlucoseAmmPathways.txt,ProcessedData/G3SinglePathways/GlucoseAmmPathways/8b2cd0c42d_GlucoseAmmPathways.txt,C(CN)(C(CO)O)=O,8b2cd0c42d
ProcessedData/G3SinglePathways/GlucoseAmmPathways/*C(CNCC(C(CO)=O)O)=OGlucoseAmmPathways.txt,ProcessedData/G3SinglePathways/GlucoseAmmPathways/4ac2987012_GlucoseAmmPathways.txt,C(CNCC(C(CO)=O)O)=O,4ac2987012
ProcessedData/G3SinglePathways/GlucoseAmmPathways/*C(CO)(C(C(C(CO)O)N)O)=OGlucoseAmmPathways.txt,ProcessedData/G3SinglePathways/GlucoseAmmPathways/5482a14b43_GlucoseAmmPathways.txt,C(CO)(C(C(C(CO)O)N)O)=O,5482a14b43
ProcessedData/G3SinglePathways/GlucoseAmmPathways/*C(CO)(C(C(C)O)C(C=O)O)=OGlucoseAmmPathways.txt,ProcessedData/G3SinglePathways/GlucoseAmmPathways/a4affa381e_GlucoseAmmPathways.txt,C(CO)(C(C(C)O)C(C=O)O)=O,a4affa381e
ProcessedData/G3SinglePathways/GlucoseAmmPathways/*C(CO)(C(C(C)O)N)=OGlucoseAmmPathways.txt,ProcessedData/G3SinglePathways/GlucoseAmmPathways/d0cdb777df_GlucoseAmmPathways.txt,C(CO)(C(C(C)O)N)=O,d0cdb777df
ProcessedData/G3SinglePathways/GlucoseAmmPathways/*C(CO)(C(C(C)O)O)=OGlucoseAmmPathways.txt,ProcessedData/G3SinglePathways/GlucoseAmmPathways/9a0ac3b81d_GlucoseAmmPathways.txt,C(CO)(C(C(C)O)O)=O,9a0ac3b81d
ProcessedData/G3SinglePathways/GlucoseAmmPathways/*C(CO)(C(C(CCO)O)O)=OGlucoseAmmPathways.txt,ProcessedData/G3SinglePathways/GlucoseAmmPathways/58c0484bf0_GlucoseAmmPathways.txt,C(CO)(C(C(CCO)O)O)=O,58c0484bf0
ProcessedData/G3SinglePathways/GlucoseAmmPathways/*C(CO)(C(C(CN)O)O)=OGlucoseAmmPathways.txt,ProcessedData/G3SinglePathways/GlucoseAmmPathways/6e608165b8_GlucoseAmmPathways.txt,C(CO)(C(C(CN)O)O)=O,6e608165b8
ProcessedData/G3SinglePathways/GlucoseAmmPathways/*C(CO)(C(C(CO)(C)O)O)=OGlucoseAmmPathways.txt,ProcessedData/G3SinglePathways/GlucoseAmmPathways/f202669ee8_GlucoseAmmPathways.txt,C(CO)(C(C(CO)(C)O)O)=O,f202669ee8
ProcessedData/G3SinglePathways/GlucoseAmmPathways/*C(CO)(C(C(CO)(CN)O)O)=OGlucoseAmmPathways.txt,ProcessedData/G3SinglePathways/GlucoseAmmPathways/378b67d17f_GlucoseAmmPathways.txt,C(CO)(C(C(CO)(CN)O)O)=O,378b67d17f
ProcessedData/G3SinglePathways/GlucoseAmmPathways/*C(CO)(C(C(CO)O)O)=OGlucoseAmmPathways.txt,ProcessedData/G3SinglePathways/GlucoseAmmPathways/89d5b50c80_GlucoseAmmPathways.txt,C(CO)(C(C(CO)O)O)=O,89d5b50c80
ProcessedData/G3SinglePathways/GlucoseAmmPathways/*C(CO)(C(CC(CN)=O)N)=OGlucoseAmmPathways.txt,ProcessedData/G3SinglePathways/GlucoseAmmPathways/d67e3c536c_GlucoseAmmPathways.txt,C(CO)(C(CC(CN)=O)N)=O,d67e3c536c
ProcessedData/G3SinglePathways/GlucoseAmmPathways/*C(CO)(C(CC(CN)=O)O)=OGlucoseAmmPathways.txt,ProcessedData/G3SinglePathways/GlucoseAmmPathways/82502e48e7_GlucoseAmmPathways.txt,C(CO)(C(CC(CN)=O)O)=O,82502e48e7
ProcessedData/G3SinglePathways/GlucoseAmmPathways/*C(CO)(C(CC(CO)=O)O)=OGlucoseAmmPathways.txt,ProcessedData/G3SinglePathways/GlucoseAmmPathways/1d17230fb0_GlucoseAmmPathways.txt,C(CO)(C(CC(CO)=O)O)=O,1d17230fb0
ProcessedData/G3SinglePathways/GlucoseAmmPathways/*C(CO)(C(CC(CO)O)N)=OGlucoseAmmPathways.txt,ProcessedData/G3SinglePathways/GlucoseAmmPathways/95080ab16c_GlucoseAmmPathways.txt,C(CO)(C(CC(CO)O)N)=O,95080ab16c
ProcessedData/G3SinglePathways/GlucoseAmmPathways/*C(CO)(C(CC(CO)O)O)=OGlucoseAmmPathways.txt,ProcessedData/G3SinglePathways/GlucoseAmmPathways/8efe42f9a7_GlucoseAmmPathways.txt,C(CO)(C(CC(CO)O)O)=O,8efe42f9a7
ProcessedData/G3SinglePathways/GlucoseAmmPathways/*C(CO)(C(CN)O)=OGlucoseAmmPathways.txt,ProcessedData/G3SinglePathways/GlucoseAmmPathways/c9f8986deb_GlucoseAmmPathways.txt,C(CO)(C(CN)O)=O,c9f8986deb
ProcessedData/G3SinglePathways/GlucoseAmmPathways/*C(CO)(C(CO)(C(C)O)O)=OGlucoseAmmPathways.txt,ProcessedData/G3SinglePathways/GlucoseAmmPathways/e99ef90d9f_GlucoseAmmPathways.txt,C(CO)(C(CO)(C(C)O)O)=O,e99ef90d9f
ProcessedData/G3SinglePathways/GlucoseAmmPathways/*C(CO)(C(CO)(C(CN)O)O)=OGlucoseAmmPathways.txt,ProcessedData/G3SinglePathways/GlucoseAmmPathways/f815e9c096_GlucoseAmmPathways.txt,C(CO)(C(CO)(C(CN)O)O)=O,f815e9c096
ProcessedData/G3SinglePathways/GlucoseAmmPathways/*C(CO)(C(CO)(CO)O)=OGlucoseAmmPathways.txt,ProcessedData/G3SinglePathways/GlucoseAmmPathways/93626ea282_GlucoseAmmPathways.txt,C(CO)(C(CO)(CO)O)=O,93626ea282
ProcessedData/G3SinglePathways/GlucoseAmmPathways/*C(CO)(C(CO)C(C(C)=O)O)=OGlucoseAmmPathways.txt,ProcessedData/G3SinglePathways/GlucoseAmmPathways/fcfb49aeeb_GlucoseAmmPathways.txt,C(CO)(C(CO)C(C(C)=O)O)=O,fcfb49aeeb
ProcessedData/G3SinglePathways/GlucoseAmmPathways/*C(CO)(C(CO)C(C)O)=OGlucoseAmmPathways.txt,ProcessedData/G3SinglePathways/GlucoseAmmPathways/73feb09604_GlucoseAmmPathways.txt,C(CO)(C(CO)C(C)O)=O,73feb09604
ProcessedData/G3SinglePathways/GlucoseAmmPathways/*C(CO)(C(CO)C(C=O)O)=OGlucoseAmmPathways.txt,ProcessedData/G3SinglePathways/GlucoseAmmPathways/0e2ce6061c_GlucoseAmmPathways.txt,C(CO)(C(CO)C(C=O)O)=O,0e2ce6061c
ProcessedData/G3SinglePathways/GlucoseAmmPathways/*C(CO)(C(CO)C(CN)O)=OGlucoseAmmPathways.txt,ProcessedData/G3SinglePathways/GlucoseAmmPathways/6bf615d2a8_GlucoseAmmPathways.txt,C(CO)(C(CO)C(CN)O)=O,6bf615d2a8
ProcessedData/G3SinglePathways/GlucoseAmmPathways/*C(CO)(C(CO)C(CO)O)=OGlucoseAmmPathways.txt,ProcessedData/G3SinglePathways/GlucoseAmmPathways/806ed78351_GlucoseAmmPathways.txt,C(CO)(C(CO)C(CO)O)=O,806ed78351
ProcessedData/G3SinglePathways/GlucoseAmmPathways/*C(CO)(C(CO)CO)=OGlucoseAmmPathways.txt,ProcessedData/G3SinglePathways/GlucoseAmmPathways/03310a9733_GlucoseAmmPathways.txt,C(CO)(C(CO)CO)=O,03310a9733
ProcessedData/G3SinglePathways/GlucoseAmmPathways/*C(CO)(C(CO)N)=OGlucoseAmmPathways.txt,ProcessedData/G3SinglePathways/GlucoseAmmPathways/0cbaee66c2_GlucoseAmmPathways.txt,C(CO)(C(CO)N)=O,0cbaee66c2
ProcessedData/G3SinglePathways/GlucoseAmmPathways/*C(CO)(C(CO)O)=OGlucoseAmmPathways.txt,ProcessedData/G3SinglePathways/GlucoseAmmPathways/01ef7ed59a_GlucoseAmmPathways.txt,C(CO)(C(CO)O)=O,01ef7ed59a
ProcessedData/G3SinglePathways/GlucoseAmmPathways/*C(CO)(CC(C(CO)O)N)=OGlucoseAmmPathways.txt,ProcessedData/G3SinglePathways/GlucoseAmmPathways/c6f21486dd_GlucoseAmmPathways.txt,C(CO)(CC(C(CO)O)N)=O,c6f21486dd
ProcessedData/G3SinglePathways/GlucoseAmmPathways/*C(CO)(CC(C(CO)O)O)=OGlucoseAmmPathways.txt,ProcessedData/G3SinglePathways/GlucoseAmmPathways/d305eed827_GlucoseAmmPathways.txt,C(CO)(CC(C(CO)O)O)=O,d305eed827
ProcessedData/G3SinglePathways/GlucoseAmmPathways/*C(CO)(CC(C)(C(CO)O)O)=OGlucoseAmmPathways.txt,ProcessedData/G3SinglePathways/GlucoseAmmPathways/f9fcefd8d0_GlucoseAmmPathways.txt,C(CO)(CC(C)(C(CO)O)O)=O,f9fcefd8d0
ProcessedData/G3SinglePathways/GlucoseAmmPathways/*C(CO)(CC(CN)O)=OGlucoseAmmPathways.txt,ProcessedData/G3SinglePathways/GlucoseAmmPathways/164eea1559_GlucoseAmmPathways.txt,C(CO)(CC(CN)O)=O,164eea1559
ProcessedData/G3SinglePathways/GlucoseAmmPathways/*C(CO)(CC(CO)(C)O)=OGlucoseAmmPathways.txt,ProcessedData/G3SinglePathways/GlucoseAmmPathways/6ef10d9b03_GlucoseAmmPathways.txt,C(CO)(CC(CO)(C)O)=O,6ef10d9b03
ProcessedData/G3SinglePathways/GlucoseAmmPathways/*C(CO)(CC(CO)(CCO)O)=OGlucoseAmmPathways.txt,ProcessedData/G3SinglePathways/GlucoseAmmPathways/999f7bbd3b_GlucoseAmmPathways.txt,C(CO)(CC(CO)(CCO)O)=O,999f7bbd3b
ProcessedData/G3SinglePathways/GlucoseAmmPathways/*C(CO)(CC(CO)(CN)O)=OGlucoseAmmPathways.txt,ProcessedData/G3SinglePathways/GlucoseAmmPathways/11e70c5aff_GlucoseAmmPathways.txt,C(CO)(CC(CO)(CN)O)=O,11e70c5aff
ProcessedData/G3SinglePathways/GlucoseAmmPathways/*C(CO)(CC(CO)(CO)O)=OGlucoseAmmPathways.txt,ProcessedData/G3SinglePathways/GlucoseAmmPathways/59605a263f_GlucoseAmmPathways.txt,C(CO)(CC(CO)(CO)O)=O,59605a263f
ProcessedData/G3SinglePathways/GlucoseAmmPathways/*C(CO)(CC(CO)O)=OGlucoseAmmPathways.txt,ProcessedData/G3SinglePathways/GlucoseAmmPathways/928acf3255_GlucoseAmmPathways.txt,C(CO)(CC(CO)O)=O,928acf3255
ProcessedData/G3SinglePathways/GlucoseAmmPathways/*C(CO)=CC(C(CO)O)=OGlucoseAmmPathways.txt,ProcessedData/G3SinglePathways/GlucoseAmmPathways/a141e2693a_GlucoseAmmPathways.txt,C(CO)=CC(C(CO)O)=O,a141e2693a
ProcessedData/G3SinglePathways/GlucoseAmmPathways/*C1(C(C(C(C(C1)N)O)O)O)=OGlucoseAmmPathways.txt,ProcessedData/G3SinglePathways/GlucoseAmmPathways/6267791d60_GlucoseAmmPathways.txt,C1(C(C(C(C(C1)N)O)O)O)=O,6267791d60
ProcessedData/G3SinglePathways/GlucoseAmmPathways/*C1(C(C(C(C(C1)O)O)N)O)=OGlucoseAmmPathways.txt,ProcessedData/G3SinglePathways/GlucoseAmmPathways/d5293c3df6_GlucoseAmmPathways.txt,C1(C(C(C(C(C1)O)O)N)O)=O,d5293c3df6
ProcessedData/G3SinglePathways/GlucoseAmmPathways/*C1(C(C(C(C(C1)O)O)O)O)=OGlucoseAmmPathways.txt,ProcessedData/G3SinglePathways/GlucoseAmmPathways/230388672c_GlucoseAmmPathways.txt,C1(C(C(C(C(C1)O)O)O)O)=O,230388672c
ProcessedData/G3SinglePathways/GlucoseAmmPathways/*C1(C(C(C(C(CO)O)O1)N)O)=OGlucoseAmmPathways.txt,ProcessedData/G3SinglePathways/GlucoseAmmPathways/de1c3b3e52_GlucoseAmmPathways.txt,C1(C(C(C(C(CO)O)O1)N)O)=O,de1c3b3e52
ProcessedData/G3SinglePathways/GlucoseAmmPathways/*C1(C(C(C(C(CO)O1)O)N)O)=OGlucoseAmmPathways.txt,ProcessedData/G3SinglePathways/GlucoseAmmPathways/7781273b60_GlucoseAmmPathways.txt,C1(C(C(C(C(CO)O1)O)N)O)=O,7781273b60
ProcessedData/G3SinglePathways/GlucoseAmmPathways/*C1(C(C(C(C(CO1)O)O)N)O)=OGlucoseAmmPathways.txt,ProcessedData/G3SinglePathways/GlucoseAmmPathways/1cbc5f3d57_GlucoseAmmPathways.txt,C1(C(C(C(C(CO1)O)O)N)O)=O,1cbc5f3d57
ProcessedData/G3SinglePathways/GlucoseAmmPathways/*C1(C(C(C(C)(C1N)O)O)O)=OGlucoseAmmPathways.txt,ProcessedData/G3SinglePathways/GlucoseAmmPathways/52bd1c7842_GlucoseAmmPathways.txt,C1(C(C(C(C)(C1N)O)O)O)=O,52bd1c7842
ProcessedData/G3SinglePathways/GlucoseAmmPathways/*C1(C(C(C(C)(C1O)O)O)O)=OGlucoseAmmPathways.txt,ProcessedData/G3SinglePathways/GlucoseAmmPathways/de24934339_GlucoseAmmPathways.txt,C1(C(C(C(C)(C1O)O)O)O)=O,de24934339
ProcessedData/G3SinglePathways/GlucoseAmmPathways/*C1(C(C(C(C1(C)N)O)O)O)=OGlucoseAmmPathways.txt,ProcessedData/G3SinglePathways/GlucoseAmmPathways/20429698c5_GlucoseAmmPathways.txt,C1(C(C(C(C1(C)N)O)O)O)=O,20429698c5
ProcessedData/G3SinglePathways/GlucoseAmmPathways/*C1(C(C(C(C1(C)O)O)O)O)=OGlucoseAmmPathways.txt,ProcessedData/G3SinglePathways/GlucoseAmmPathways/41cd0f4824_GlucoseAmmPathways.txt,C1(C(C(C(C1(C)O)O)O)O)=O,41cd0f4824
ProcessedData/G3SinglePathways/GlucoseAmmPathways/*C1(C(C(C(C1)O)(CN)O)O)=OGlucoseAmmPathways.txt,ProcessedData/G3SinglePathways/GlucoseAmmPathways/14f68da123_GlucoseAmmPathways.txt,C1(C(C(C(C1)O)(CN)O)O)=O,14f68da123
ProcessedData/G3SinglePathways/GlucoseAmmPathways/*C1(C(C(C(C1)O)(CO)O)O)=OGlucoseAmmPathways.txt,ProcessedData/G3SinglePathways/GlucoseAmmPathways/64bc773def_GlucoseAmmPathways.txt,C1(C(C(C(C1)O)(CO)O)O)=O,64bc773def
ProcessedData/G3SinglePathways/GlucoseAmmPathways/*C1(C(C(C(C1)O)O)O)=OGlucoseAmmPathways.txt,ProcessedData/G3SinglePathways/GlucoseAmmPathways/f518f99463_GlucoseAmmPathways.txt,C1(C(C(C(C1)O)O)O)=O,f518f99463
ProcessedData/G3SinglePathways/GlucoseAmmPathways/*C1(C(C(C(C1CN)O)O)O)=OGlucoseAmmPathways.txt,ProcessedData/G3SinglePathways/GlucoseAmmPathways/7e16030c83_GlucoseAmmPathways.txt,C1(C(C(C(C1CN)O)O)O)=O,7e16030c83
ProcessedData/G3SinglePathways/GlucoseAmmPathways/*C1(C(C(C(C1CO)N)O)O)=OGlucoseAmmPathways.txt,ProcessedData/G3SinglePathways/GlucoseAmmPathways/2b140cd517_GlucoseAmmPathways.txt,C1(C(C(C(C1CO)N)O)O)=O,2b140cd517
ProcessedData/G3SinglePathways/GlucoseAmmPathways/*C1(C(C(C(C1CO)O)N)O)=OGlucoseAmmPathways.txt,ProcessedData/G3SinglePathways/GlucoseAmmPathways/1409880f97_GlucoseAmmPathways.txt,C1(C(C(C(C1CO)O)N)O)=O,1409880f97
ProcessedData/G3SinglePathways/GlucoseAmmPathways/*C1(C(C(C(C1CO)O)O)N)=OGlucoseAmmPathways.txt,ProcessedData/G3SinglePathways/GlucoseAmmPathways/19874f369a_GlucoseAmmPathways.txt,C1(C(C(C(C1CO)O)O)N)=O,19874f369a
ProcessedData/G3SinglePathways/GlucoseAmmPathways/*C1(C(C(C(C1CO)O)O)O)=OGlucoseAmmPathways.txt,ProcessedData/G3SinglePathways/GlucoseAmmPathways/5855bc8a84_GlucoseAmmPathways.txt,C1(C(C(C(C1CO)O)O)O)=O,5855bc8a84
ProcessedData/G3SinglePathways/GlucoseAmmPathways/*C1(C(C(C(CC1N)O)O)O)=OGlucoseAmmPathways.txt,ProcessedData/G3SinglePathways/GlucoseAmmPathways/af262fe1fe_GlucoseAmmPathways.txt,C1(C(C(C(CC1N)O)O)O)=O,af262fe1fe
ProcessedData/G3SinglePathways/GlucoseAmmPathways/*C1(C(C(C(CC1O)O)O)O)=OGlucoseAmmPathways.txt,ProcessedData/G3SinglePathways/GlucoseAmmPathways/51ef2eb447_GlucoseAmmPathways.txt,C1(C(C(C(CC1O)O)O)O)=O,51ef2eb447
ProcessedData/G3SinglePathways/GlucoseAmmPathways/*C1(C(C(C(CN)(C1)O)O)O)=OGlucoseAmmPathways.txt,ProcessedData/G3SinglePathways/GlucoseAmmPathways/724af6e9f6_GlucoseAmmPathways.txt,C1(C(C(C(CN)(C1)O)O)O)=O,724af6e9f6
ProcessedData/G3SinglePathways/GlucoseAmmPathways/*C1(C(C(C(CO)(C1)O)O)O)=OGlucoseAmmPathways.txt,ProcessedData/G3SinglePathways/GlucoseAmmPathways/95cefaabd3_GlucoseAmmPathways.txt,C1(C(C(C(CO)(C1)O)O)O)=O,95cefaabd3
ProcessedData/G3SinglePathways/GlucoseAmmPathways/*C1(C(C(C(CO)C1N)O)O)=OGlucoseAmmPathways.txt,ProcessedData/G3SinglePathways/GlucoseAmmPathways/2c227d66cf_GlucoseAmmPathways.txt,C1(C(C(C(CO)C1N)O)O)=O,2c227d66cf
ProcessedData/G3SinglePathways/GlucoseAmmPathways/*C1(C(C(C(CO)O1)O)O)=CNGlucoseAmmPathways.txt,ProcessedData/G3SinglePathways/GlucoseAmmPathways/ef7681f4c5_GlucoseAmmPathways.txt,C1(C(C(C(CO)O1)O)O)=CN,ef7681f4c5
ProcessedData/G3SinglePathways/GlucoseAmmPathways/*C1(C(C(C(CO1)O)O)O)=CNGlucoseAmmPathways.txt,ProcessedData/G3SinglePathways/GlucoseAmmPathways/bdf22f6950_GlucoseAmmPathways.txt,C1(C(C(C(CO1)O)O)O)=CN,bdf22f6950
ProcessedData/G3SinglePathways/GlucoseAmmPathways/*C1(C(C(C(O)OCC1)N)O)=OGlucoseAmmPathways.txt,ProcessedData/G3SinglePathways/GlucoseAmmPathways/722eb083cd_GlucoseAmmPathways.txt,C1(C(C(C(O)OCC1)N)O)=O,722eb083cd
ProcessedData/G3SinglePathways/GlucoseAmmPathways/*C1(C(C(C(O)OCC1)O)N)=OGlucoseAmmPathways.txt,ProcessedData/G3SinglePathways/GlucoseAmmPathways/dc5e95f84b_GlucoseAmmPathways.txt,C1(C(C(C(O)OCC1)O)N)=O,dc5e95f84b
ProcessedData/G3SinglePathways/GlucoseAmmPathways/*C1(C(C(C(O)OCC1)O)O)=OGlucoseAmmPathways.txt,ProcessedData/G3SinglePathways/GlucoseAmmPathways/2a045aa872_GlucoseAmmPathways.txt,C1(C(C(C(O)OCC1)O)O)=O,2a045aa872
ProcessedData/G3SinglePathways/GlucoseAmmPathways/*C1(C(C(CC(C1N)O)O)O)=OGlucoseAmmPathways.txt,ProcessedData/G3SinglePathways/GlucoseAmmPathways/375adc2cb9_GlucoseAmmPathways.txt,C1(C(C(CC(C1N)O)O)O)=O,375adc2cb9
ProcessedData/G3SinglePathways/GlucoseAmmPathways/*C1(C(C(CC(C1O)O)O)O)=OGlucoseAmmPathways.txt,ProcessedData/G3SinglePathways/GlucoseAmmPathways/2bc9dbe12a_GlucoseAmmPathways.txt,C1(C(C(CC(C1O)O)O)O)=O,2bc9dbe12a
ProcessedData/G3SinglePathways/GlucoseAmmPathways/*C1(C(C(CN)(O)OCC1)O)=OGlucoseAmmPathways.txt,ProcessedData/G3SinglePathways/GlucoseAmmPathways/c25fe916a8_GlucoseAmmPathways.txt,C1(C(C(CN)(O)OCC1)O)=O,c25fe916a8
ProcessedData/G3SinglePathways/GlucoseAmmPathways/*C1(C(C(CO)(O)OCC1)O)=OGlucoseAmmPathways.txt,ProcessedData/G3SinglePathways/GlucoseAmmPathways/058a05d8bc_GlucoseAmmPathways.txt,C1(C(C(CO)(O)OCC1)O)=O,058a05d8bc
ProcessedData/G3SinglePathways/GlucoseAmmPathways/*C1(C(C(CO)N)OC(C1)O)=OGlucoseAmmPathways.txt,ProcessedData/G3SinglePathways/GlucoseAmmPathways/a6df2ec1f5_GlucoseAmmPathways.txt,C1(C(C(CO)N)OC(C1)O)=O,a6df2ec1f5
ProcessedData/G3SinglePathways/GlucoseAmmPathways/*C1(C(C(CO)NCC1O)O)=OGlucoseAmmPathways.txt,ProcessedData/G3SinglePathways/GlucoseAmmPathways/bd4783fee6_GlucoseAmmPathways.txt,C1(C(C(CO)NCC1O)O)=O,bd4783fee6
ProcessedData/G3SinglePathways/GlucoseAmmPathways/*C1(C(C(CO)O)OC(C1)N)=OGlucoseAmmPathways.txt,ProcessedData/G3SinglePathways/GlucoseAmmPathways/729ae94da9_GlucoseAmmPathways.txt,C1(C(C(CO)O)OC(C1)N)=O,729ae94da9
ProcessedData/G3SinglePathways/GlucoseAmmPathways/*C1(C(C(CO)O)OC(C1)O)=OGlucoseAmmPathways.txt,ProcessedData/G3SinglePathways/GlucoseAmmPathways/580bc2a583_GlucoseAmmPathways.txt,C1(C(C(CO)O)OC(C1)O)=O,580bc2a583
ProcessedData/G3SinglePathways/GlucoseAmmPathways/*C1(C(C(CO)OC(C1)N)O)=OGlucoseAmmPathways.txt,ProcessedData/G3SinglePathways/GlucoseAmmPathways/28ab310b91_GlucoseAmmPathways.txt,C1(C(C(CO)OC(C1)N)O)=O,28ab310b91
ProcessedData/G3SinglePathways/GlucoseAmmPathways/*C1(C(C(CO)OC(C1)O)O)=OGlucoseAmmPathways.txt,ProcessedData/G3SinglePathways/GlucoseAmmPathways/30e1f54202_GlucoseAmmPathways.txt,C1(C(C(CO)OC(C1)O)O)=O,30e1f54202
ProcessedData/G3SinglePathways/GlucoseAmmPathways/*C1(C(C(COC(C1)N)O)O)=OGlucoseAmmPathways.txt,ProcessedData/G3SinglePathways/GlucoseAmmPathways/6252ae67bc_GlucoseAmmPathways.txt,C1(C(C(COC(C1)N)O)O)=O,6252ae67bc
ProcessedData/G3SinglePathways/GlucoseAmmPathways/*C1(C(C(COC(C1)O)N)O)=OGlucoseAmmPathways.txt,ProcessedData/G3SinglePathways/GlucoseAmmPathways/4763852694_GlucoseAmmPathways.txt,C1(C(C(COC(C1)O)N)O)=O,4763852694
ProcessedData/G3SinglePathways/GlucoseAmmPathways/*C1(C(C(COC(C1)O)O)N)=OGlucoseAmmPathways.txt,ProcessedData/G3SinglePathways/GlucoseAmmPathways/eaab7b0ca7_GlucoseAmmPathways.txt,C1(C(C(COC(C1)O)O)N)=O,eaab7b0ca7
ProcessedData/G3SinglePathways/GlucoseAmmPathways/*C1(C(C(COC(C1)O)O)O)=OGlucoseAmmPathways.txt,ProcessedData/G3SinglePathways/GlucoseAmmPathways/fd58a81c65_GlucoseAmmPathways.txt,C1(C(C(COC(C1)O)O)O)=O,fd58a81c65
ProcessedData/G3SinglePathways/GlucoseAmmPathways/*C1(C(C(N)OC(CO)C1)O)=OGlucoseAmmPathways.txt,ProcessedData/G3SinglePathways/GlucoseAmmPathways/25f74ff63d_GlucoseAmmPathways.txt,C1(C(C(N)OC(CO)C1)O)=O,25f74ff63d
ProcessedData/G3SinglePathways/GlucoseAmmPathways/*C1(C(C(N)OCC(C1)O)O)=OGlucoseAmmPathways.txt,ProcessedData/G3SinglePathways/GlucoseAmmPathways/a69cd16b99_GlucoseAmmPathways.txt,C1(C(C(N)OCC(C1)O)O)=O,a69cd16b99
ProcessedData/G3SinglePathways/GlucoseAmmPathways/*C1(C(C(O)OC(CO)C1)O)=OGlucoseAmmPathways.txt,ProcessedData/G3SinglePathways/GlucoseAmmPathways/0c00427fd5_GlucoseAmmPathways.txt,C1(C(C(O)OC(CO)C1)O)=O,0c00427fd5
ProcessedData/G3SinglePathways/GlucoseAmmPathways/*C1(C(C(O)OCC(C1)N)O)=OGlucoseAmmPathways.txt,ProcessedData/G3SinglePathways/GlucoseAmmPathways/2cedca2d12_GlucoseAmmPathways.txt,C1(C(C(O)OCC(C1)N)O)=O,2cedca2d12
ProcessedData/G3SinglePathways/GlucoseAmmPathways/*C1(C(C(O)OCC(C1)O)O)=OGlucoseAmmPathways.txt,ProcessedData/G3SinglePathways/GlucoseAmmPathways/9f89eade81_GlucoseAmmPathways.txt,C1(C(C(O)OCC(C1)O)O)=O,9f89eade81
ProcessedData/G3SinglePathways/GlucoseAmmPathways/*C1(C(C(O)OCCC1N)O)=OGlucoseAmmPathways.txt,ProcessedData/G3SinglePathways/GlucoseAmmPathways/8c6d31c308_GlucoseAmmPathways.txt,C1(C(C(O)OCCC1N)O)=O,8c6d31c308
ProcessedData/G3SinglePathways/GlucoseAmmPathways/*C1(C(C)OC(C(C1O)O)O)=OGlucoseAmmPathways.txt,ProcessedData/G3SinglePathways/GlucoseAmmPathways/0181782889_GlucoseAmmPathways.txt,C1(C(C)OC(C(C1O)O)O)=O,0181782889
ProcessedData/G3SinglePathways/GlucoseAmmPathways/*C1(C(CC(C(CO)O)O1)N)=OGlucoseAmmPathways.txt,ProcessedData/G3SinglePathways/GlucoseAmmPathways/fedcbc66bd_GlucoseAmmPathways.txt,C1(C(CC(C(CO)O)O1)N)=O,fedcbc66bd
ProcessedData/G3SinglePathways/GlucoseAmmPathways/*C1(C(CC(C(CO)O)O1)O)=OGlucoseAmmPathways.txt,ProcessedData/G3SinglePathways/GlucoseAmmPathways/faeccaa1cb_GlucoseAmmPathways.txt,C1(C(CC(C(CO)O)O1)O)=O,faeccaa1cb
ProcessedData/G3SinglePathways/GlucoseAmmPathways/*C1(C(CC(C(CO)O1)O)N)=OGlucoseAmmPathways.txt,ProcessedData/G3SinglePathways/GlucoseAmmPathways/c77ee2aca9_GlucoseAmmPathways.txt,C1(C(CC(C(CO)O1)O)N)=O,c77ee2aca9
ProcessedData/G3SinglePathways/GlucoseAmmPathways/*C1(C(CC(C(CO)O1)O)O)=OGlucoseAmmPathways.txt,ProcessedData/G3SinglePathways/GlucoseAmmPathways/21ae83f889_GlucoseAmmPathways.txt,C1(C(CC(C(CO)O1)O)O)=O,21ae83f889
ProcessedData/G3SinglePathways/GlucoseAmmPathways/*C1(C(CC(C(CO1)O)O)O)=OGlucoseAmmPathways.txt,ProcessedData/G3SinglePathways/GlucoseAmmPathways/7ee05d0915_GlucoseAmmPathways.txt,C1(C(CC(C(CO1)O)O)O)=O,7ee05d0915
ProcessedData/G3SinglePathways/GlucoseAmmPathways/*C1(C(CC(C1(CO)O)O)O)=OGlucoseAmmPathways.txt,ProcessedData/G3SinglePathways/GlucoseAmmPathways/622919cf76_GlucoseAmmPathways.txt,C1(C(CC(C1(CO)O)O)O)=O,622919cf76
ProcessedData/G3SinglePathways/GlucoseAmmPathways/*C1(C(CC(CO)(C1N)O)O)=OGlucoseAmmPathways.txt,ProcessedData/G3SinglePathways/GlucoseAmmPathways/0fcfd2202e_GlucoseAmmPathways.txt,C1(C(CC(CO)(C1N)O)O)=O,0fcfd2202e
ProcessedData/G3SinglePathways/GlucoseAmmPathways/*C1(C(CC(CO)(C1O)O)O)=OGlucoseAmmPathways.txt,ProcessedData/G3SinglePathways/GlucoseAmmPathways/060c91fc60_GlucoseAmmPathways.txt,C1(C(CC(CO)(C1O)O)O)=O,060c91fc60
ProcessedData/G3SinglePathways/GlucoseAmmPathways/*C1(C(CC(O)OCC1O)O)=OGlucoseAmmPathways.txt,ProcessedData/G3SinglePathways/GlucoseAmmPathways/ebdf7817d8_GlucoseAmmPathways.txt,C1(C(CC(O)OCC1O)O)=O,ebdf7817d8
ProcessedData/G3SinglePathways/GlucoseAmmPathways/*C1(C(CN)(O)OC(CO)C1)=OGlucoseAmmPathways.txt,ProcessedData/G3SinglePathways/GlucoseAmmPathways/b89a8c7a1e_GlucoseAmmPathways.txt,C1(C(CN)(O)OC(CO)C1)=O,b89a8c7a1e
ProcessedData/G3SinglePathways/GlucoseAmmPathways/*C1(C(CN)(O)OCC(C1)O)=OGlucoseAmmPathways.txt,ProcessedData/G3SinglePathways/GlucoseAmmPathways/b942a5d20c_GlucoseAmmPathways.txt,C1(C(CN)(O)OCC(C1)O)=O,b942a5d20c
ProcessedData/G3SinglePathways/GlucoseAmmPathways/*C1(C(CN)OC(C(C1)O)O)=OGlucoseAmmPathways.txt,ProcessedData/G3SinglePathways/GlucoseAmmPathways/e8a75fb405_GlucoseAmmPathways.txt,C1(C(CN)OC(C(C1)O)O)=O,e8a75fb405
ProcessedData/G3SinglePathways/GlucoseAmmPathways/*C1(C(CN)OC(CO)C1O)=OGlucoseAmmPathways.txt,ProcessedData/G3SinglePathways/GlucoseAmmPathways/57588f6098_GlucoseAmmPathways.txt,C1(C(CN)OC(CO)C1O)=O,57588f6098
ProcessedData/G3SinglePathways/GlucoseAmmPathways/*C1(C(CN)OCC(C1O)O)=OGlucoseAmmPathways.txt,ProcessedData/G3SinglePathways/GlucoseAmmPathways/6c160f3ccc_GlucoseAmmPathways.txt,C1(C(CN)OCC(C1O)O)=O,6c160f3ccc
ProcessedData/G3SinglePathways/GlucoseAmmPathways/*C1(C(CNC1C(CO)O)O)=OGlucoseAmmPathways.txt,ProcessedData/G3SinglePathways/GlucoseAmmPathways/72da8c8232_GlucoseAmmPathways.txt,C1(C(CNC1C(CO)O)O)=O,72da8c8232
ProcessedData/G3SinglePathways/GlucoseAmmPathways/*C1(C(CO)(O)OC(CO)C1)=OGlucoseAmmPathways.txt,ProcessedData/G3SinglePathways/GlucoseAmmPathways/f7e653844c_GlucoseAmmPathways.txt,C1(C(CO)(O)OC(CO)C1)=O,f7e653844c
ProcessedData/G3SinglePathways/GlucoseAmmPathways/*C1(C(CO)(O)OCC(C1)O)=OGlucoseAmmPathways.txt,ProcessedData/G3SinglePathways/GlucoseAmmPathways/bbb5b56883_GlucoseAmmPathways.txt,C1(C(CO)(O)OCC(C1)O)=O,bbb5b56883
ProcessedData/G3SinglePathways/GlucoseAmmPathways/*C1(C(CO)OC(C(C1)N)O)=OGlucoseAmmPathways.txt,ProcessedData/G3SinglePathways/GlucoseAmmPathways/7c0f5d9f35_GlucoseAmmPathways.txt,C1(C(CO)OC(C(C1)N)O)=O,7c0f5d9f35
ProcessedData/G3SinglePathways/GlucoseAmmPathways/*C1(C(CO)OC(C(C1)O)O)=OGlucoseAmmPathways.txt,ProcessedData/G3SinglePathways/GlucoseAmmPathways/1d5e6e52c1_GlucoseAmmPathways.txt,C1(C(CO)OC(C(C1)O)O)=O,1d5e6e52c1
ProcessedData/G3SinglePathways/GlucoseAmmPathways/*C1(C(CO)OC(CC1N)O)=OGlucoseAmmPathways.txt,ProcessedData/G3SinglePathways/GlucoseAmmPathways/4fd15b1ecc_GlucoseAmmPathways.txt,C1(C(CO)OC(CC1N)O)=O,4fd15b1ecc
ProcessedData/G3SinglePathways/GlucoseAmmPathways/*C1(C(CO)OC(CC1O)O)=OGlucoseAmmPathways.txt,ProcessedData/G3SinglePathways/GlucoseAmmPathways/c227a9f0a5_GlucoseAmmPathways.txt,C1(C(CO)OC(CC1O)O)=O,c227a9f0a5
ProcessedData/G3SinglePathways/GlucoseAmmPathways/*C1(C(CO)OC(CN)(C1)O)=OGlucoseAmmPathways.txt,ProcessedData/G3SinglePathways/GlucoseAmmPathways/54461e8c23_GlucoseAmmPathways.txt,C1(C(CO)OC(CN)(C1)O)=O,54461e8c23
ProcessedData/G3SinglePathways/GlucoseAmmPathways/*C1(C(CO)OC(CO)(C1)O)=OGlucoseAmmPathways.txt,ProcessedData/G3SinglePathways/GlucoseAmmPathways/4bf60de97a_GlucoseAmmPathways.txt,C1(C(CO)OC(CO)(C1)O)=O,4bf60de97a
ProcessedData/G3SinglePathways/GlucoseAmmPathways/*C1(C(CO)OC(CO)C1O)=OGlucoseAmmPathways.txt,ProcessedData/G3SinglePathways/GlucoseAmmPathways/071c5230c4_GlucoseAmmPathways.txt,C1(C(CO)OC(CO)C1O)=O,071c5230c4
ProcessedData/G3SinglePathways/GlucoseAmmPathways/*C1(C(CO)OCC(C1O)O)=OGlucoseAmmPathways.txt,ProcessedData/G3SinglePathways/GlucoseAmmPathways/ec3f6d85f4_GlucoseAmmPathways.txt,C1(C(CO)OCC(C1O)O)=O,ec3f6d85f4
ProcessedData/G3SinglePathways/GlucoseAmmPathways/*C1(C(COC(C(C1)N)O)O)=OGlucoseAmmPathways.txt,ProcessedData/G3SinglePathways/GlucoseAmmPathways/d510fe8105_GlucoseAmmPathways.txt,C1(C(COC(C(C1)N)O)O)=O,d510fe8105
ProcessedData/G3SinglePathways/GlucoseAmmPathways/*C1(C(COC(C(C1)O)O)O)=OGlucoseAmmPathways.txt,ProcessedData/G3SinglePathways/GlucoseAmmPathways/e3be664f98_GlucoseAmmPathways.txt,C1(C(COC(C(C1)O)O)O)=O,e3be664f98
ProcessedData/G3SinglePathways/GlucoseAmmPathways/*C1(C(COC(CC1N)O)O)=OGlucoseAmmPathways.txt,ProcessedData/G3SinglePathways/GlucoseAmmPathways/6f60e40c2f_GlucoseAmmPathways.txt,C1(C(COC(CC1N)O)O)=O,6f60e40c2f
ProcessedData/G3SinglePathways/GlucoseAmmPathways/*C1(C(COC(CN)(C1)O)O)=OGlucoseAmmPathways.txt,ProcessedData/G3SinglePathways/GlucoseAmmPathways/ffaefa2d5c_GlucoseAmmPathways.txt,C1(C(COC(CN)(C1)O)O)=O,ffaefa2d5c
ProcessedData/G3SinglePathways/GlucoseAmmPathways/*C1(C(COC(CO)(C1)O)O)=OGlucoseAmmPathways.txt,ProcessedData/G3SinglePathways/GlucoseAmmPathways/b1546d0441_GlucoseAmmPathways.txt,C1(C(COC(CO)(C1)O)O)=O,b1546d0441
ProcessedData/G3SinglePathways/GlucoseAmmPathways/*C1(C(O)OC(C(CO)O)C1)=OGlucoseAmmPathways.txt,ProcessedData/G3SinglePathways/GlucoseAmmPathways/6a4ab4ddb5_GlucoseAmmPathways.txt,C1(C(O)OC(C(CO)O)C1)=O,6a4ab4ddb5
ProcessedData/G3SinglePathways/GlucoseAmmPathways/*C1(C(O)OC(CO)C(C1)N)=OGlucoseAmmPathways.txt,ProcessedData/G3SinglePathways/GlucoseAmmPathways/a60a224e73_GlucoseAmmPathways.txt,C1(C(O)OC(CO)C(C1)N)=O,a60a224e73
ProcessedData/G3SinglePathways/GlucoseAmmPathways/*C1(C(O)OC(CO)C(C1)O)=OGlucoseAmmPathways.txt,ProcessedData/G3SinglePathways/GlucoseAmmPathways/74b0db226e_GlucoseAmmPathways.txt,C1(C(O)OC(CO)C(C1)O)=O,74b0db226e
ProcessedData/G3SinglePathways/GlucoseAmmPathways/*C1(C(O)OC(CO)CC1N)=OGlucoseAmmPathways.txt,ProcessedData/G3SinglePathways/GlucoseAmmPathways/beeccb777f_GlucoseAmmPathways.txt,C1(C(O)OC(CO)CC1N)=O,beeccb777f
ProcessedData/G3SinglePathways/GlucoseAmmPathways/*C1(C(O)OCC(C(C1)N)O)=OGlucoseAmmPathways.txt,ProcessedData/G3SinglePathways/GlucoseAmmPathways/aa2aa96285_GlucoseAmmPathways.txt,C1(C(O)OCC(C(C1)N)O)=O,aa2aa96285
ProcessedData/G3SinglePathways/GlucoseAmmPathways/*C1(C(O)OCC(C(C1)O)O)=OGlucoseAmmPathways.txt,ProcessedData/G3SinglePathways/GlucoseAmmPathways/0ac57a681c_GlucoseAmmPathways.txt,C1(C(O)OCC(C(C1)O)O)=O,0ac57a681c
ProcessedData/G3SinglePathways/GlucoseAmmPathways/*C1(C(O)OCC(CC1N)O)=OGlucoseAmmPathways.txt,ProcessedData/G3SinglePathways/GlucoseAmmPathways/7650385c89_GlucoseAmmPathways.txt,C1(C(O)OCC(CC1N)O)=O,7650385c89
ProcessedData/G3SinglePathways/GlucoseAmmPathways/*C1(C2(C(C(CC2O)O1)O)O)OGlucoseAmmPathways.txt,ProcessedData/G3SinglePathways/GlucoseAmmPathways/a27f1fe630_GlucoseAmmPathways.txt,C1(C2(C(C(CC2O)O1)O)O)O,a27f1fe630
ProcessedData/G3SinglePathways/GlucoseAmmPathways/*C1(C2C(C(C(C2O)O1)O)O)OGlucoseAmmPathways.txt,ProcessedData/G3SinglePathways/GlucoseAmmPathways/057c6b4167_GlucoseAmmPathways.txt,C1(C2C(C(C(C2O)O1)O)O)O,057c6b4167
ProcessedData/G3SinglePathways/GlucoseAmmPathways/*C1(CC(C(C(CO)O)O1)N)=OGlucoseAmmPathways.txt,ProcessedData/G3SinglePathways/GlucoseAmmPathways/ee2faba561_GlucoseAmmPathways.txt,C1(CC(C(C(CO)O)O1)N)=O,ee2faba561
ProcessedData/G3SinglePathways/GlucoseAmmPathways/*C1(CC(C(C(CO)O)O1)O)=OGlucoseAmmPathways.txt,ProcessedData/G3SinglePathways/GlucoseAmmPathways/64e1ea9c73_GlucoseAmmPathways.txt,C1(CC(C(C(CO)O)O1)O)=O,64e1ea9c73
ProcessedData/G3SinglePathways/GlucoseAmmPathways/*C1(CC(C(C(CO)O1)O)N)=OGlucoseAmmPathways.txt,ProcessedData/G3SinglePathways/GlucoseAmmPathways/2a96dcd274_GlucoseAmmPathways.txt,C1(CC(C(C(CO)O1)O)N)=O,2a96dcd274
ProcessedData/G3SinglePathways/GlucoseAmmPathways/*C1(CC(C(C(CO)O1)O)O)=OGlucoseAmmPathways.txt,ProcessedData/G3SinglePathways/GlucoseAmmPathways/1f69c10ccd_GlucoseAmmPathways.txt,C1(CC(C(C(CO)O1)O)O)=O,1f69c10ccd
ProcessedData/G3SinglePathways/GlucoseAmmPathways/*C1(CC(C(C(CO1)O)O)N)=OGlucoseAmmPathways.txt,ProcessedData/G3SinglePathways/GlucoseAmmPathways/58e755daaf_GlucoseAmmPathways.txt,C1(CC(C(C(CO1)O)O)N)=O,58e755daaf
ProcessedData/G3SinglePathways/GlucoseAmmPathways/*C1(CC(C(C(CO1)O)O)O)=OGlucoseAmmPathways.txt,ProcessedData/G3SinglePathways/GlucoseAmmPathways/1e03cae04f_GlucoseAmmPathways.txt,C1(CC(C(C(CO1)O)O)O)=O,1e03cae04f
ProcessedData/G3SinglePathways/GlucoseAmmPathways/*C1(CC(C(C1(CN)O)O)O)=OGlucoseAmmPathways.txt,ProcessedData/G3SinglePathways/GlucoseAmmPathways/ea4b55b8bf_GlucoseAmmPathways.txt,C1(CC(C(C1(CN)O)O)O)=O,ea4b55b8bf
ProcessedData/G3SinglePathways/GlucoseAmmPathways/*C1(CC(C(C1(CO)N)O)O)=OGlucoseAmmPathways.txt,ProcessedData/G3SinglePathways/GlucoseAmmPathways/7a6868f7f2_GlucoseAmmPathways.txt,C1(CC(C(C1(CO)N)O)O)=O,7a6868f7f2
ProcessedData/G3SinglePathways/GlucoseAmmPathways/*C1(CC(C(C1(CO)O)O)N)=OGlucoseAmmPathways.txt,ProcessedData/G3SinglePathways/GlucoseAmmPathways/6a5539ef2f_GlucoseAmmPathways.txt,C1(CC(C(C1(CO)O)O)N)=O,6a5539ef2f
ProcessedData/G3SinglePathways/GlucoseAmmPathways/*C1(CC(C(C1(CO)O)O)O)=OGlucoseAmmPathways.txt,ProcessedData/G3SinglePathways/GlucoseAmmPathways/5757f1c16f_GlucoseAmmPathways.txt,C1(CC(C(C1(CO)O)O)O)=O,5757f1c16f
ProcessedData/G3SinglePathways/GlucoseAmmPathways/*C1(COC(C(C(C1)N)O)O)=OGlucoseAmmPathways.txt,ProcessedData/G3SinglePathways/GlucoseAmmPathways/5310c37fe9_GlucoseAmmPathways.txt,C1(COC(C(C(C1)N)O)O)=O,5310c37fe9
ProcessedData/G3SinglePathways/GlucoseAmmPathways/*C1(COC(C(C(C1)O)O)O)=OGlucoseAmmPathways.txt,ProcessedData/G3SinglePathways/GlucoseAmmPathways/6b4395185b_GlucoseAmmPathways.txt,C1(COC(C(C(C1)O)O)O)=O,6b4395185b
ProcessedData/G3SinglePathways/GlucoseAmmPathways/*C1(COC(C(C1)O)(CN)O)=OGlucoseAmmPathways.txt,ProcessedData/G3SinglePathways/GlucoseAmmPathways/6851f475e5_GlucoseAmmPathways.txt,C1(COC(C(C1)O)(CN)O)=O,6851f475e5
ProcessedData/G3SinglePathways/GlucoseAmmPathways/*C1(COC(C(CC1N)O)O)=OGlucoseAmmPathways.txt,ProcessedData/G3SinglePathways/GlucoseAmmPathways/1320d4df07_GlucoseAmmPathways.txt,C1(COC(C(CC1N)O)O)=O,1320d4df07
ProcessedData/G3SinglePathways/GlucoseAmmPathways/*C1(COC(C(CC1O)O)O)=OGlucoseAmmPathways.txt,ProcessedData/G3SinglePathways/GlucoseAmmPathways/831228a565_GlucoseAmmPathways.txt,C1(COC(C(CC1O)O)O)=O,831228a565
ProcessedData/G3SinglePathways/GlucoseAmmPathways/*C1(COC(C(CO)O)(C1)O)=OGlucoseAmmPathways.txt,ProcessedData/G3SinglePathways/GlucoseAmmPathways/dc920caf46_GlucoseAmmPathways.txt,C1(COC(C(CO)O)(C1)O)=O,dc920caf46
ProcessedData/G3SinglePathways/GlucoseAmmPathways/*C1(COC(C(CO)O)C1O)=OGlucoseAmmPathways.txt,ProcessedData/G3SinglePathways/GlucoseAmmPathways/72a8da89d6_GlucoseAmmPathways.txt,C1(COC(C(CO)O)C1O)=O,72a8da89d6
ProcessedData/G3SinglePathways/GlucoseAmmPathways/*C1(COC(C)(C(C1O)O)O)=OGlucoseAmmPathways.txt,ProcessedData/G3SinglePathways/GlucoseAmmPathways/d1ea79941c_GlucoseAmmPathways.txt,C1(COC(C)(C(C1O)O)O)=O,d1ea79941c
ProcessedData/G3SinglePathways/GlucoseAmmPathways/*C1(COC(CC(C1O)O)O)=OGlucoseAmmPathways.txt,ProcessedData/G3SinglePathways/GlucoseAmmPathways/615600df21_GlucoseAmmPathways.txt,C1(COC(CC(C1O)O)O)=O,615600df21
ProcessedData/G3SinglePathways/GlucoseAmmPathways/*C1(COC(CCO)(C1O)O)=OGlucoseAmmPathways.txt,ProcessedData/G3SinglePathways/GlucoseAmmPathways/59ba70693d_GlucoseAmmPathways.txt,C1(COC(CCO)(C1O)O)=O,59ba70693d
ProcessedData/G3SinglePathways/GlucoseAmmPathways/*C1(COC(CO)(C(C1)O)O)=OGlucoseAmmPathways.txt,ProcessedData/G3SinglePathways/GlucoseAmmPathways/7d00999328_GlucoseAmmPathways.txt,C1(COC(CO)(C(C1)O)O)=O,7d00999328
ProcessedData/G3SinglePathways/GlucoseAmmPathways/*C1(COC(CO)(CC1O)O)=OGlucoseAmmPathways.txt,ProcessedData/G3SinglePathways/GlucoseAmmPathways/0642ee6b26_GlucoseAmmPathways.txt,C1(COC(CO)(CC1O)O)=O,0642ee6b26
ProcessedData/G3SinglePathways/GlucoseAmmPathways/*C1(COC(CO)C(C1N)O)=OGlucoseAmmPathways.txt,ProcessedData/G3SinglePathways/GlucoseAmmPathways/c7e751fb5a_GlucoseAmmPathways.txt,C1(COC(CO)C(C1N)O)=O,c7e751fb5a
ProcessedData/G3SinglePathways/GlucoseAmmPathways/*C1(COC(CO)C(C1O)N)=OGlucoseAmmPathways.txt,ProcessedData/G3SinglePathways/GlucoseAmmPathways/9ce4cff7e2_GlucoseAmmPathways.txt,C1(COC(CO)C(C1O)N)=O,9ce4cff7e2
ProcessedData/G3SinglePathways/GlucoseAmmPathways/*C1(COC(CO)C(C1O)O)=OGlucoseAmmPathways.txt,ProcessedData/G3SinglePathways/GlucoseAmmPathways/be7bfc1c95_GlucoseAmmPathways.txt,C1(COC(CO)C(C1O)O)=O,be7bfc1c95
ProcessedData/G3SinglePathways/GlucoseAmmPathways/*C1(COCC(C(C1N)O)O)=OGlucoseAmmPathways.txt,ProcessedData/G3SinglePathways/GlucoseAmmPathways/cf9130d510_GlucoseAmmPathways.txt,C1(COCC(C(C1N)O)O)=O,cf9130d510
ProcessedData/G3SinglePathways/GlucoseAmmPathways/*C1(COCC(C(C1O)N)O)=OGlucoseAmmPathways.txt,ProcessedData/G3SinglePathways/GlucoseAmmPathways/32aa137f70_GlucoseAmmPathways.txt,C1(COCC(C(C1O)N)O)=O,32aa137f70
ProcessedData/G3SinglePathways/GlucoseAmmPathways/*C1(COCC(C(C1O)O)O)=OGlucoseAmmPathways.txt,ProcessedData/G3SinglePathways/GlucoseAmmPathways/029be59b2c_GlucoseAmmPathways.txt,C1(COCC(C(C1O)O)O)=O,029be59b2c
ProcessedData/G3SinglePathways/GlucoseAmmPathways/*C12C(C(C(CC1O)(O)O2)O)OGlucoseAmmPathways.txt,ProcessedData/G3SinglePathways/GlucoseAmmPathways/f3f498f1c0_GlucoseAmmPathways.txt,C12C(C(C(CC1O)(O)O2)O)O,f3f498f1c0
ProcessedData/G3SinglePathways/GlucoseAmmPathways/*C1C(C(C(C(C(O)O1)O)N)O)OGlucoseAmmPathways.txt,ProcessedData/G3SinglePathways/GlucoseAmmPathways/be237b8d00_GlucoseAmmPathways.txt,C1C(C(C(C(C(O)O1)O)N)O)O,be237b8d00
ProcessedData/G3SinglePathways/GlucoseAmmPathways/*C1C(C(C(C(C=1)=O)O)O)OGlucoseAmmPathways.txt,ProcessedData/G3SinglePathways/GlucoseAmmPathways/aec14effb3_GlucoseAmmPathways.txt,C1C(C(C(C(C=1)=O)O)O)O,aec14effb3
ProcessedData/G3SinglePathways/GlucoseAmmPathways/*C1C(C(C(C(CN)(O)O1)O)N)OGlucoseAmmPathways.txt,ProcessedData/G3SinglePathways/GlucoseAmmPathways/ec8bec9c73_GlucoseAmmPathways.txt,C1C(C(C(C(CN)(O)O1)O)N)O,ec8bec9c73
ProcessedData/G3SinglePathways/GlucoseAmmPathways/*C1C(C(C(C(CN)(O)O1)O)O)OGlucoseAmmPathways.txt,ProcessedData/G3SinglePathways/GlucoseAmmPathways/d9b57387ed_GlucoseAmmPathways.txt,C1C(C(C(C(CN)(O)O1)O)O)O,d9b57387ed
ProcessedData/G3SinglePathways/GlucoseAmmPathways/*C1C(C(C(C(CN)O)(O)O1)O)OGlucoseAmmPathways.txt,ProcessedData/G3SinglePathways/GlucoseAmmPathways/8ef827dad3_GlucoseAmmPathways.txt,C1C(C(C(C(CN)O)(O)O1)O)O,8ef827dad3
ProcessedData/G3SinglePathways/GlucoseAmmPathways/*C1C(C(C(C(CO)(O)O1)O)N)OGlucoseAmmPathways.txt,ProcessedData/G3SinglePathways/GlucoseAmmPathways/3ad275cd48_GlucoseAmmPathways.txt,C1C(C(C(C(CO)(O)O1)O)N)O,3ad275cd48
ProcessedData/G3SinglePathways/GlucoseAmmPathways/*C1C(C(C(C=1)=O)(CO)O)OGlucoseAmmPathways.txt,ProcessedData/G3SinglePathways/GlucoseAmmPathways/0bbc5487ff_GlucoseAmmPathways.txt,C1C(C(C(C=1)=O)(CO)O)O,0bbc5487ff
ProcessedData/G3SinglePathways/GlucoseAmmPathways/*C1C(C(C(C=1C=O)O)O)OGlucoseAmmPathways.txt,ProcessedData/G3SinglePathways/GlucoseAmmPathways/bff9c2a2af_GlucoseAmmPathways.txt,C1C(C(C(C=1C=O)O)O)O,bff9c2a2af
ProcessedData/G3SinglePathways/GlucoseAmmPathways/*C1C(C(C(C=1CO)=O)O)OGlucoseAmmPathways.txt,ProcessedData/G3SinglePathways/GlucoseAmmPathways/c07a4aa33e_GlucoseAmmPathways.txt,C1C(C(C(C=1CO)=O)O)O,c07a4aa33e
ProcessedData/G3SinglePathways/GlucoseAmmPathways/*C1C(C(C(CCO)(O)O1)O)OGlucoseAmmPathways.txt,ProcessedData/G3SinglePathways/GlucoseAmmPathways/9c25d9d97e_GlucoseAmmPathways.txt,C1C(C(C(CCO)(O)O1)O)O,9c25d9d97e
ProcessedData/G3SinglePathways/GlucoseAmmPathways/*C1C(C(C(O)O1)O)OGlucoseAmmPathways.txt,ProcessedData/G3SinglePathways/GlucoseAmmPathways/3c2e92aef8_GlucoseAmmPathways.txt,C1C(C(C(O)O1)O)O,3c2e92aef8
ProcessedData/G3SinglePathways/GlucoseAmmPathways/*C1C(CO)OC(C(C=1N)O)OGlucoseAmmPathways.txt,ProcessedData/G3SinglePathways/GlucoseAmmPathways/1f39bebac7_GlucoseAmmPathways.txt,C1C(CO)OC(C(C=1N)O)O,1f39bebac7
ProcessedData/G3SinglePathways/GlucoseAmmPathways/*C1C(COC(C(C=1N)O)O)OGlucoseAmmPathways.txt,ProcessedData/G3SinglePathways/GlucoseAmmPathways/9d06ccc08c_GlucoseAmmPathways.txt,C1C(COC(C(C=1N)O)O)O,9d06ccc08c
ProcessedData/G3SinglePathways/GlucoseAmmPathways/*C1C(O)OC(CO)C(C=1N)OGlucoseAmmPathways.txt,ProcessedData/G3SinglePathways/GlucoseAmmPathways/cb02de3a99_GlucoseAmmPathways.txt,C1C(O)OC(CO)C(C=1N)O,cb02de3a99
ProcessedData/G3SinglePathways/GlucoseAmmPathways/*C1C(O)OCC(C(C=1N)O)OGlucoseAmmPathways.txt,ProcessedData/G3SinglePathways/GlucoseAmmPathways/ee6b05541c_GlucoseAmmPathways.txt,C1C(O)OCC(C(C=1N)O)O,ee6b05541c
ProcessedData/G3SinglePathways/GlucoseAmmPathways/*C1C2(C(C(C(CO)O2)O1)O)OGlucoseAmmPathways.txt,ProcessedData/G3SinglePathways/GlucoseAmmPathways/3181da2c2c_GlucoseAmmPathways.txt,C1C2(C(C(C(CO)O2)O1)O)O,3181da2c2c
ProcessedData/G3SinglePathways/GlucoseAmmPathways/*C1C2(C(C(C(CO1)O2)O)O)OGlucoseAmmPathways.txt,ProcessedData/G3SinglePathways/GlucoseAmmPathways/c3630ca1b6_GlucoseAmmPathways.txt,C1C2(C(C(C(CO1)O2)O)O)O,c3630ca1b6
ProcessedData/G3SinglePathways/GlucoseAmmPathways/*C1C2(C(C(C(CO2)O)O1)O)OGlucoseAmmPathways.txt,ProcessedData/G3SinglePathways/GlucoseAmmPathways/f162b5c819_GlucoseAmmPathways.txt,C1C2(C(C(C(CO2)O)O1)O)O,f162b5c819
ProcessedData/G3SinglePathways/GlucoseAmmPathways/*C1C2(C(C(C(CO2)O1)O)O)OGlucoseAmmPathways.txt,ProcessedData/G3SinglePathways/GlucoseAmmPathways/8df3da1bb6_GlucoseAmmPathways.txt,C1C2(C(C(C(CO2)O1)O)O)O,8df3da1bb6
ProcessedData/G3SinglePathways/GlucoseAmmPathways/*C=C1C(C(C(C1O)O)O)=OGlucoseAmmPathways.txt,ProcessedData/G3SinglePathways/GlucoseAmmPathways/0530c5d401_GlucoseAmmPathways.txt,C=C1C(C(C(C1O)O)O)=O,0530c5d401
ProcessedData/G3SinglePathways/GlucoseAmmPathways/*C=CC(C(C(CO)O)O)=OGlucoseAmmPathways.txt,ProcessedData/G3SinglePathways/GlucoseAmmPathways/5c5a6ce2a1_GlucoseAmmPathways.txt,C=CC(C(C(CO)O)O)=O,5c5a6ce2a1
ProcessedData/G3SinglePathways/GlucoseAmmPathways/*CC1(C(C(C(CO)O1)O)O)OGlucoseAmmPathways.txt,ProcessedData/G3SinglePathways/GlucoseAmmPathways/ca84765297_GlucoseAmmPathways.txt,CC1(C(C(C(CO)O1)O)O)O,ca84765297
ProcessedData/G3SinglePathways/GlucoseAmmPathways/*CC1(C(C(C(CO1)O)O)O)OGlucoseAmmPathways.txt,ProcessedData/G3SinglePathways/GlucoseAmmPathways/ecdb558d54_GlucoseAmmPathways.txt,CC1(C(C(C(CO1)O)O)O)O,ecdb558d54
ProcessedData/G3SinglePathways/GlucosePathways/*C(C(C(C(C(C)=O)O)O)O)=OGlucosePathways.txt,ProcessedData/G3SinglePathways/GlucosePathways/7c2a380bb1_GlucosePathways.txt,C(C(C(C(C(C)=O)O)O)O)=O,7c2a380bb1
ProcessedData/G3SinglePathways/GlucosePathways/*C(C(C(C(C)=O)O)O)(O)=OGlucosePathways.txt,ProcessedData/G3SinglePathways/GlucosePathways/85d2b8e343_GlucosePathways.txt,C(C(C(C(C)=O)O)O)(O)=O,85d2b8e343
ProcessedData/G3SinglePathways/GlucosePathways/*C(C(C(C(C=C)=O)O)O)(O)=OGlucosePathways.txt,ProcessedData/G3SinglePathways/GlucosePathways/4a949438fb_GlucosePathways.txt,C(C(C(C(C=C)=O)O)O)(O)=O,4a949438fb
ProcessedData/G3SinglePathways/GlucosePathways/*C(C(C(C(C=C)O)O)O)=OGlucosePathways.txt,ProcessedData/G3SinglePathways/GlucosePathways/236eb32251_GlucosePathways.txt,C(C(C(C(C=C)O)O)O)=O,236eb32251
ProcessedData/G3SinglePathways/GlucosePathways/*C(C(C(C(CCO)=O)O)O)(C)=OGlucosePathways.txt,ProcessedData/G3SinglePathways/GlucosePathways/4a448e8758_GlucosePathways.txt,C(C(C(C(CCO)=O)O)O)(C)=O,4a448e8758
ProcessedData/G3SinglePathways/GlucosePathways/*C(C(C(C(CCO)O)O)O)=OGlucosePathways.txt,ProcessedData/G3SinglePathways/GlucosePathways/6740f12f20_GlucosePathways.txt,C(C(C(C(CCO)O)O)O)=O,6740f12f20
ProcessedData/G3SinglePathways/GlucosePathways/*C(C(C(C(CCO)O)O)O)OGlucosePathways.txt,ProcessedData/G3SinglePathways/GlucosePathways/36fa95d382_GlucosePathways.txt,C(C(C(C(CCO)O)O)O)O,36fa95d382
ProcessedData/G3SinglePathways/GlucosePathways/*C(C(C(C)(C(CO)O)O)O)=OGlucosePathways.txt,ProcessedData/G3SinglePathways/GlucosePathways/604a0f832d_GlucosePathways.txt,C(C(C(C)(C(CO)O)O)O)=O,604a0f832d
ProcessedData/G3SinglePathways/GlucosePathways/*C(C(C(C)=O)(C(CO)O)O)=OGlucosePathways.txt,ProcessedData/G3SinglePathways/GlucosePathways/c054dfc2d4_GlucosePathways.txt,C(C(C(C)=O)(C(CO)O)O)=O,c054dfc2d4
ProcessedData/G3SinglePathways/GlucosePathways/*C(C(C(C)O)(C(C(C)=O)O)O)=OGlucosePathways.txt,ProcessedData/G3SinglePathways/GlucosePathways/b880f9603f_GlucosePathways.txt,C(C(C(C)O)(C(C(C)=O)O)O)=O,b880f9603f
ProcessedData/G3SinglePathways/GlucosePathways/*C(C(C(C)O)O)(C(CO)O)=OGlucosePathways.txt,ProcessedData/G3SinglePathways/GlucosePathways/4957241694_GlucosePathways.txt,C(C(C(C)O)O)(C(CO)O)=O,4957241694
ProcessedData/G3SinglePathways/GlucosePathways/*C(C(C(C)O)O)(CCO)=OGlucosePathways.txt,ProcessedData/G3SinglePathways/GlucosePathways/f09cc4de96_GlucosePathways.txt,C(C(C(C)O)O)(CCO)=O,f09cc4de96
ProcessedData/G3SinglePathways/GlucosePathways/*C(C(C(C=CC(O)=O)O)O)=OGlucosePathways.txt,ProcessedData/G3SinglePathways/GlucosePathways/b64ad6fb94_GlucosePathways.txt,C(C(C(C=CC(O)=O)O)O)=O,b64ad6fb94
ProcessedData/G3SinglePathways/GlucosePathways/*C(C(C(C=CC=O)O)O)(O)=OGlucosePathways.txt,ProcessedData/G3SinglePathways/GlucosePathways/98e5891571_GlucosePathways.txt,C(C(C(C=CC=O)O)O)(O)=O,98e5891571
ProcessedData/G3SinglePathways/GlucosePathways/*C(C(C(C=CCO)=O)O)(O)=OGlucosePathways.txt,ProcessedData/G3SinglePathways/GlucosePathways/45a5f6bd37_GlucosePathways.txt,C(C(C(C=CCO)=O)O)(O)=O,45a5f6bd37
ProcessedData/G3SinglePathways/GlucosePathways/*C(C(C(C=CCO)O)O)=OGlucosePathways.txt,ProcessedData/G3SinglePathways/GlucosePathways/3486054cc8_GlucosePathways.txt,C(C(C(C=CCO)O)O)=O,3486054cc8
ProcessedData/G3SinglePathways/GlucosePathways/*C(C(C(C=O)O)O)(C(C)O)=OGlucosePathways.txt,ProcessedData/G3SinglePathways/GlucosePathways/d2c971ff03_GlucosePathways.txt,C(C(C(C=O)O)O)(C(C)O)=O,d2c971ff03
ProcessedData/G3SinglePathways/GlucosePathways/*C(C(C(C=O)O)O)(CC(C)O)=OGlucosePathways.txt,ProcessedData/G3SinglePathways/GlucosePathways/daa2d9635b_GlucosePathways.txt,C(C(C(C=O)O)O)(CC(C)O)=O,daa2d9635b
ProcessedData/G3SinglePathways/GlucosePathways/*C(C(C(C=O)O)O)(CCO)=OGlucosePathways.txt,ProcessedData/G3SinglePathways/GlucosePathways/36e6a5a2c8_GlucosePathways.txt,C(C(C(C=O)O)O)(CCO)=O,36e6a5a2c8
ProcessedData/G3SinglePathways/GlucosePathways/*C(C(C(CC(C=O)O)O)O)=OGlucosePathways.txt,ProcessedData/G3SinglePathways/GlucosePathways/565450ce6d_GlucosePathways.txt,C(C(C(CC(C=O)O)O)O)=O,565450ce6d
ProcessedData/G3SinglePathways/GlucosePathways/*C(C(C(CC(CO)(C)O)=O)O)=OGlucosePathways.txt,ProcessedData/G3SinglePathways/GlucosePathways/b45a557ad8_GlucosePathways.txt,C(C(C(CC(CO)(C)O)=O)O)=O,b45a557ad8
ProcessedData/G3SinglePathways/GlucosePathways/*C(C(C(CC(CO)=O)O)O)=OGlucosePathways.txt,ProcessedData/G3SinglePathways/GlucosePathways/4d0e9702ef_GlucosePathways.txt,C(C(C(CC(CO)=O)O)O)=O,4d0e9702ef
ProcessedData/G3SinglePathways/GlucosePathways/*C(C(C(CC(CO)O)=O)O)=OGlucosePathways.txt,ProcessedData/G3SinglePathways/GlucosePathways/ef0a822f72_GlucosePathways.txt,C(C(C(CC(CO)O)=O)O)=O,ef0a822f72
ProcessedData/G3SinglePathways/GlucosePathways/*C(C(C(CC(CO)O)O)O)=OGlucosePathways.txt,ProcessedData/G3SinglePathways/GlucosePathways/9d9692134e_GlucosePathways.txt,C(C(C(CC(CO)O)O)O)=O,9d9692134e
ProcessedData/G3SinglePathways/GlucosePathways/*C(C(C(CO)(C)O)(CC=O)O)=OGlucosePathways.txt,ProcessedData/G3SinglePathways/GlucosePathways/ba59a2f9c3_GlucosePathways.txt,C(C(C(CO)(C)O)(CC=O)O)=O,ba59a2f9c3
ProcessedData/G3SinglePathways/GlucosePathways/*C(C(C(CO)(C)O)O)(CCO)=OGlucosePathways.txt,ProcessedData/G3SinglePathways/GlucosePathways/315389fbac_GlucosePathways.txt,C(C(C(CO)(C)O)O)(CCO)=O,315389fbac
ProcessedData/G3SinglePathways/GlucosePathways/*C(C(C(CO)(C)O)O)=OGlucosePathways.txt,ProcessedData/G3SinglePathways/GlucosePathways/ff41efceb0_GlucosePathways.txt,C(C(C(CO)(C)O)O)=O,ff41efceb0
ProcessedData/G3SinglePathways/GlucosePathways/*C(C(C(CO)(CCO)O)O)=OGlucosePathways.txt,ProcessedData/G3SinglePathways/GlucosePathways/845d228923_GlucosePathways.txt,C(C(C(CO)(CCO)O)O)=O,845d228923
ProcessedData/G3SinglePathways/GlucosePathways/*C(C(C(CO)(CO)O)O)=OGlucosePathways.txt,ProcessedData/G3SinglePathways/GlucosePathways/8ac17f3ab4_GlucosePathways.txt,C(C(C(CO)(CO)O)O)=O,8ac17f3ab4
ProcessedData/G3SinglePathways/GlucosePathways/*C(C(C(CO)=O)C(CO)O)=OGlucosePathways.txt,ProcessedData/G3SinglePathways/GlucosePathways/417f25ddda_GlucosePathways.txt,C(C(C(CO)=O)C(CO)O)=O,417f25ddda
ProcessedData/G3SinglePathways/GlucosePathways/*C(C(C(CO)C(CO)O)=O)=OGlucosePathways.txt,ProcessedData/G3SinglePathways/GlucosePathways/6c29bfb52d_GlucosePathways.txt,C(C(C(CO)C(CO)O)=O)=O,6c29bfb52d
ProcessedData/G3SinglePathways/GlucosePathways/*C(C(C(CO)O)(C(C)O)O)=OGlucosePathways.txt,ProcessedData/G3SinglePathways/GlucosePathways/4a5b5d75cc_GlucosePathways.txt,C(C(C(CO)O)(C(C)O)O)=O,4a5b5d75cc
ProcessedData/G3SinglePathways/GlucosePathways/*C(C(C(CO)O)(CC=O)O)=OGlucosePathways.txt,ProcessedData/G3SinglePathways/GlucosePathways/0fd9156a19_GlucosePathways.txt,C(C(C(CO)O)(CC=O)O)=O,0fd9156a19
ProcessedData/G3SinglePathways/GlucosePathways/*C(C(C(CO)O)=O)(CCO)=OGlucosePathways.txt,ProcessedData/G3SinglePathways/GlucosePathways/783800d443_GlucosePathways.txt,C(C(C(CO)O)=O)(CCO)=O,783800d443
ProcessedData/G3SinglePathways/GlucosePathways/*C(C(C(CO)O)C(C=O)O)=OGlucosePathways.txt,ProcessedData/G3SinglePathways/GlucosePathways/eef2399fa0_GlucosePathways.txt,C(C(C(CO)O)C(C=O)O)=O,eef2399fa0
ProcessedData/G3SinglePathways/GlucosePathways/*C(C(C(CO)O)O)(C(C)O)=OGlucosePathways.txt,ProcessedData/G3SinglePathways/GlucosePathways/26797d72e8_GlucosePathways.txt,C(C(C(CO)O)O)(C(C)O)=O,26797d72e8
ProcessedData/G3SinglePathways/GlucosePathways/*C(C(C(CO)O)O)(CCO)=OGlucosePathways.txt,ProcessedData/G3SinglePathways/GlucosePathways/4313d0d470_GlucosePathways.txt,C(C(C(CO)O)O)(CCO)=O,4313d0d470
ProcessedData/G3SinglePathways/GlucosePathways/*C(C(C(CO)O)O)(O)=OGlucosePathways.txt,ProcessedData/G3SinglePathways/GlucosePathways/98bd3e59b7_GlucosePathways.txt,C(C(C(CO)O)O)(O)=O,98bd3e59b7
ProcessedData/G3SinglePathways/GlucosePathways/*C(C(C(CO)O)O)=CC(O)=OGlucosePathways.txt,ProcessedData/G3SinglePathways/GlucosePathways/def98c2192_GlucosePathways.txt,C(C(C(CO)O)O)=CC(O)=O,def98c2192
ProcessedData/G3SinglePathways/GlucosePathways/*C(C(C(CO)O)O)=CC=OGlucosePathways.txt,ProcessedData/G3SinglePathways/GlucosePathways/da39c70f4f_GlucosePathways.txt,C(C(C(CO)O)O)=CC=O,da39c70f4f
ProcessedData/G3SinglePathways/GlucosePathways/*C(C(C(CO)O)O)=OGlucosePathways.txt,ProcessedData/G3SinglePathways/GlucosePathways/ef79d340d9_GlucosePathways.txt,C(C(C(CO)O)O)=O,ef79d340d9
ProcessedData/G3SinglePathways/GlucosePathways/*C(C(C(CO)O)O)OGlucosePathways.txt,ProcessedData/G3SinglePathways/GlucosePathways/bb1975f631_GlucosePathways.txt,C(C(C(CO)O)O)O,bb1975f631
ProcessedData/G3SinglePathways/GlucosePathways/*C(C(C)(C(C(C)=O)(CO)O)O)=OGlucosePathways.txt,ProcessedData/G3SinglePathways/GlucosePathways/3ec40df8e8_GlucosePathways.txt,C(C(C)(C(C(C)=O)(CO)O)O)=O,3ec40df8e8
ProcessedData/G3SinglePathways/GlucosePathways/*C(C(C)(C(C(CCO)=O)O)O)=OGlucosePathways.txt,ProcessedData/G3SinglePathways/GlucosePathways/275f4ae5cf_GlucosePathways.txt,C(C(C)(C(C(CCO)=O)O)O)=O,275f4ae5cf
ProcessedData/G3SinglePathways/GlucosePathways/*C(C(C)(C(C(CO)=O)O)O)=OGlucosePathways.txt,ProcessedData/G3SinglePathways/GlucosePathways/ba15f24a22_GlucosePathways.txt,C(C(C)(C(C(CO)=O)O)O)=O,ba15f24a22
ProcessedData/G3SinglePathways/GlucosePathways/*C(C(C)(CC(C=O)O)O)(O)=OGlucosePathways.txt,ProcessedData/G3SinglePathways/GlucosePathways/1f6c9b8358_GlucosePathways.txt,C(C(C)(CC(C=O)O)O)(O)=O,1f6c9b8358
ProcessedData/G3SinglePathways/GlucosePathways/*C(C(C)=O)(C(C(CO)O)O)=OGlucosePathways.txt,ProcessedData/G3SinglePathways/GlucosePathways/47600eeee9_GlucosePathways.txt,C(C(C)=O)(C(C(CO)O)O)=O,47600eeee9
ProcessedData/G3SinglePathways/GlucosePathways/*C(C(C)O)(C(C(CO)=O)O)=OGlucosePathways.txt,ProcessedData/G3SinglePathways/GlucosePathways/e0c2917fd8_GlucosePathways.txt,C(C(C)O)(C(C(CO)=O)O)=O,e0c2917fd8
ProcessedData/G3SinglePathways/GlucosePathways/*C(C(C=CC(CO)=O)O)(O)=OGlucosePathways.txt,ProcessedData/G3SinglePathways/GlucosePathways/0a04582914_GlucosePathways.txt,C(C(C=CC(CO)=O)O)(O)=O,0a04582914
ProcessedData/G3SinglePathways/GlucosePathways/*C(C(C=CC(CO)O)O)(O)=OGlucosePathways.txt,ProcessedData/G3SinglePathways/GlucosePathways/24e203f83d_GlucosePathways.txt,C(C(C=CC(CO)O)O)(O)=O,24e203f83d
ProcessedData/G3SinglePathways/GlucosePathways/*C(C(CC(C(C(C)=O)O)O)O)=OGlucosePathways.txt,ProcessedData/G3SinglePathways/GlucosePathways/b3e26efe3f_GlucosePathways.txt,C(C(CC(C(C(C)=O)O)O)O)=O,b3e26efe3f
ProcessedData/G3SinglePathways/GlucosePathways/*C(C(CC(C(C)=O)O)O)(O)=OGlucosePathways.txt,ProcessedData/G3SinglePathways/GlucosePathways/cb0738944a_GlucosePathways.txt,C(C(CC(C(C)=O)O)O)(O)=O,cb0738944a
ProcessedData/G3SinglePathways/GlucosePathways/*C(C(CC(C(CO)=O)O)O)=OGlucosePathways.txt,ProcessedData/G3SinglePathways/GlucosePathways/3347e6ae03_GlucosePathways.txt,C(C(CC(C(CO)=O)O)O)=O,3347e6ae03
ProcessedData/G3SinglePathways/GlucosePathways/*C(C(CC(C(CO)O)O)=O)=OGlucosePathways.txt,ProcessedData/G3SinglePathways/GlucosePathways/9699ce9c0c_GlucosePathways.txt,C(C(CC(C(CO)O)O)=O)=O,9699ce9c0c
ProcessedData/G3SinglePathways/GlucosePathways/*C(C(CC(C(CO)O)O)O)=OGlucosePathways.txt,ProcessedData/G3SinglePathways/GlucosePathways/0b75bc8ced_GlucosePathways.txt,C(C(CC(C(CO)O)O)O)=O,0b75bc8ced
ProcessedData/G3SinglePathways/GlucosePathways/*C(C(CC(CC(CO)=O)O)O)=OGlucosePathways.txt,ProcessedData/G3SinglePathways/GlucosePathways/550cdfc43e_GlucosePathways.txt,C(C(CC(CC(CO)=O)O)O)=O,550cdfc43e
ProcessedData/G3SinglePathways/GlucosePathways/*C(C(CCC(CO)=O)O)(O)=OGlucosePathways.txt,ProcessedData/G3SinglePathways/GlucosePathways/ce2a3972a0_GlucosePathways.txt,C(C(CCC(CO)=O)O)(O)=O,ce2a3972a0
ProcessedData/G3SinglePathways/GlucosePathways/*C(C(CCO)(C(C(C)=O)O)O)=OGlucosePathways.txt,ProcessedData/G3SinglePathways/GlucosePathways/86c8af2f38_GlucosePathways.txt,C(C(CCO)(C(C(C)=O)O)O)=O,86c8af2f38
ProcessedData/G3SinglePathways/GlucosePathways/*C(C(CCO)(C(C=O)O)O)=OGlucosePathways.txt,ProcessedData/G3SinglePathways/GlucosePathways/80edd417c8_GlucosePathways.txt,C(C(CCO)(C(C=O)O)O)=O,80edd417c8
ProcessedData/G3SinglePathways/GlucosePathways/*C(C(CCO)(CC(CO)=O)O)=OGlucosePathways.txt,ProcessedData/G3SinglePathways/GlucosePathways/a6f430d153_GlucosePathways.txt,C(C(CCO)(CC(CO)=O)O)=O,a6f430d153
ProcessedData/G3SinglePathways/GlucosePathways/*C(C(CCO)(CC=O)O)(O)=OGlucosePathways.txt,ProcessedData/G3SinglePathways/GlucosePathways/f4fd6c9a11_GlucosePathways.txt,C(C(CCO)(CC=O)O)(O)=O,f4fd6c9a11
ProcessedData/G3SinglePathways/GlucosePathways/*C(C(CCO)O)(C(CO)O)=OGlucosePathways.txt,ProcessedData/G3SinglePathways/GlucosePathways/560d11f7ef_GlucosePathways.txt,C(C(CCO)O)(C(CO)O)=O,560d11f7ef
ProcessedData/G3SinglePathways/GlucosePathways/*C(C(CCO)O)(O)=OGlucosePathways.txt,ProcessedData/G3SinglePathways/GlucosePathways/8b18073317_GlucosePathways.txt,C(C(CCO)O)(O)=O,8b18073317
ProcessedData/G3SinglePathways/GlucosePathways/*C(C(CO)=O)(CC(CO)O)=OGlucosePathways.txt,ProcessedData/G3SinglePathways/GlucosePathways/442959b45b_GlucosePathways.txt,C(C(CO)=O)(CC(CO)O)=O,442959b45b
ProcessedData/G3SinglePathways/GlucosePathways/*C(C(CO)O)(C(C(C)=O)O)=OGlucosePathways.txt,ProcessedData/G3SinglePathways/GlucosePathways/6e0afde9f6_GlucosePathways.txt,C(C(CO)O)(C(C(C)=O)O)=O,6e0afde9f6
ProcessedData/G3SinglePathways/GlucosePathways/*C(C(CO)O)(CC(C)O)=OGlucosePathways.txt,ProcessedData/G3SinglePathways/GlucosePathways/784a3d26b4_GlucosePathways.txt,C(C(CO)O)(CC(C)O)=O,784a3d26b4
ProcessedData/G3SinglePathways/GlucosePathways/*C(C(CO)O)(CC(CO)(C)O)=OGlucosePathways.txt,ProcessedData/G3SinglePathways/GlucosePathways/8bdd09ff11_GlucosePathways.txt,C(C(CO)O)(CC(CO)(C)O)=O,8bdd09ff11
ProcessedData/G3SinglePathways/GlucosePathways/*C(C(CO)O)(CC(CO)=O)=OGlucosePathways.txt,ProcessedData/G3SinglePathways/GlucosePathways/59b844bac5_GlucosePathways.txt,C(C(CO)O)(CC(CO)=O)=O,59b844bac5
ProcessedData/G3SinglePathways/GlucosePathways/*C(C(CO)O)(CC(CO)O)=OGlucosePathways.txt,ProcessedData/G3SinglePathways/GlucosePathways/04a5ffdb6e_GlucosePathways.txt,C(C(CO)O)(CC(CO)O)=O,04a5ffdb6e
ProcessedData/G3SinglePathways/GlucosePathways/*C(C(CO)O)=CC(C(O)=O)=OGlucosePathways.txt,ProcessedData/G3SinglePathways/GlucosePathways/c1ccf9bbd8_GlucosePathways.txt,C(C(CO)O)=CC(C(O)=O)=O,c1ccf9bbd8
ProcessedData/G3SinglePathways/GlucosePathways/*C(C(CO)O)=CC(CO)=OGlucosePathways.txt,ProcessedData/G3SinglePathways/GlucosePathways/e16eb4069f_GlucosePathways.txt,C(C(CO)O)=CC(CO)=O,e16eb4069f
ProcessedData/G3SinglePathways/GlucosePathways/*C(C)(C(C(C(CO)=O)O)O)=OGlucosePathways.txt,ProcessedData/G3SinglePathways/GlucosePathways/00ad249f62_GlucosePathways.txt,C(C)(C(C(C(CO)=O)O)O)=O,00ad249f62
ProcessedData/G3SinglePathways/GlucosePathways/*C(C)(C(C(C(CO)O)O)O)=OGlucosePathways.txt,ProcessedData/G3SinglePathways/GlucosePathways/81ff9d2541_GlucosePathways.txt,C(C)(C(C(C(CO)O)O)O)=O,81ff9d2541
ProcessedData/G3SinglePathways/GlucosePathways/*C(C)(C(C(C)(C(CO)O)O)O)=OGlucosePathways.txt,ProcessedData/G3SinglePathways/GlucosePathways/64ab7c7132_GlucosePathways.txt,C(C)(C(C(C)(C(CO)O)O)O)=O,64ab7c7132
ProcessedData/G3SinglePathways/GlucosePathways/*C(C)(C(C(C)O)(C(C=O)O)O)=OGlucosePathways.txt,ProcessedData/G3SinglePathways/GlucosePathways/72d3883042_GlucosePathways.txt,C(C)(C(C(C)O)(C(C=O)O)O)=O,72d3883042
ProcessedData/G3SinglePathways/GlucosePathways/*C(C)(C(C(CC(CO)=O)O)O)=OGlucosePathways.txt,ProcessedData/G3SinglePathways/GlucosePathways/834f17e34d_GlucosePathways.txt,C(C)(C(C(CC(CO)=O)O)O)=O,834f17e34d
ProcessedData/G3SinglePathways/GlucosePathways/*C(C)(C(C(CO)(C)O)O)=OGlucosePathways.txt,ProcessedData/G3SinglePathways/GlucosePathways/9c160e7890_GlucosePathways.txt,C(C)(C(C(CO)(C)O)O)=O,9c160e7890
ProcessedData/G3SinglePathways/GlucosePathways/*C(C)(C(C(CO)(CCO)O)O)=OGlucosePathways.txt,ProcessedData/G3SinglePathways/GlucosePathways/341c8c573c_GlucosePathways.txt,C(C)(C(C(CO)(CCO)O)O)=O,341c8c573c
ProcessedData/G3SinglePathways/GlucosePathways/*C(C)(C(C(CO)(CO)O)O)=OGlucosePathways.txt,ProcessedData/G3SinglePathways/GlucosePathways/7f9f261016_GlucosePathways.txt,C(C)(C(C(CO)(CO)O)O)=O,7f9f261016
ProcessedData/G3SinglePathways/GlucosePathways/*C(C)(C(C(CO)O)O)=OGlucosePathways.txt,ProcessedData/G3SinglePathways/GlucosePathways/9b80b68355_GlucosePathways.txt,C(C)(C(C(CO)O)O)=O,9b80b68355
ProcessedData/G3SinglePathways/GlucosePathways/*C(C)(C(CO)(C(C(C)=O)O)O)=OGlucosePathways.txt,ProcessedData/G3SinglePathways/GlucosePathways/e79822c946_GlucosePathways.txt,C(C)(C(CO)(C(C(C)=O)O)O)=O,e79822c946
ProcessedData/G3SinglePathways/GlucosePathways/*C(C)(C(CO)(C(C)O)O)=OGlucosePathways.txt,ProcessedData/G3SinglePathways/GlucosePathways/37273707fd_GlucosePathways.txt,C(C)(C(CO)(C(C)O)O)=O,37273707fd
ProcessedData/G3SinglePathways/GlucosePathways/*C(C)(C(CO)(C(CO)(C)O)O)=OGlucosePathways.txt,ProcessedData/G3SinglePathways/GlucosePathways/d10665507e_GlucosePathways.txt,C(C)(C(CO)(C(CO)(C)O)O)=O,d10665507e
ProcessedData/G3SinglePathways/GlucosePathways/*C(C)(C(CO)(C(CO)O)O)=OGlucosePathways.txt,ProcessedData/G3SinglePathways/GlucosePathways/a36bd69508_GlucosePathways.txt,C(C)(C(CO)(C(CO)O)O)=O,a36bd69508
ProcessedData/G3SinglePathways/GlucosePathways/*C(C)(C1C(C(C(O1)O)O)O)=OGlucosePathways.txt,ProcessedData/G3SinglePathways/GlucosePathways/22ffd6b6f3_GlucosePathways.txt,C(C)(C1C(C(C(O1)O)O)O)=O,22ffd6b6f3
ProcessedData/G3SinglePathways/GlucosePathways/*C(C1(C(C(C(C1)O)O)O)O)=OGlucosePathways.txt,ProcessedData/G3SinglePathways/GlucosePathways/55067dfc3f_GlucosePathways.txt,C(C1(C(C(C(C1)O)O)O)O)=O,55067dfc3f
ProcessedData/G3SinglePathways/GlucosePathways/*C(C1(C(C(CC1O)O)O)O)=OGlucosePathways.txt,ProcessedData/G3SinglePathways/GlucosePathways/4906b876b1_GlucosePathways.txt,C(C1(C(C(CC1O)O)O)O)=O,4906b876b1
ProcessedData/G3SinglePathways/GlucosePathways/*C(C1(C(C(CC1O)O)O)O)OGlucosePathways.txt,ProcessedData/G3SinglePathways/GlucosePathways/1f997ca924_GlucosePathways.txt,C(C1(C(C(CC1O)O)O)O)O,1f997ca924
ProcessedData/G3SinglePathways/GlucosePathways/*C(C1(C(C=CC1O)O)O)=OGlucosePathways.txt,ProcessedData/G3SinglePathways/GlucosePathways/383351b3d0_GlucosePathways.txt,C(C1(C(C=CC1O)O)O)=O,383351b3d0
ProcessedData/G3SinglePathways/GlucosePathways/*C(C1(C=CC(C1O)O)O)=OGlucosePathways.txt,ProcessedData/G3SinglePathways/GlucosePathways/b77e047423_GlucosePathways.txt,C(C1(C=CC(C1O)O)O)=O,b77e047423
ProcessedData/G3SinglePathways/GlucosePathways/*C(C1C(C(C(C)(O1)O)O)O)=OGlucosePathways.txt,ProcessedData/G3SinglePathways/GlucosePathways/948d6baef6_GlucosePathways.txt,C(C1C(C(C(C)(O1)O)O)O)=O,948d6baef6
ProcessedData/G3SinglePathways/GlucosePathways/*C(C1C(C(C(C1O)O)O)O)=OGlucosePathways.txt,ProcessedData/G3SinglePathways/GlucosePathways/4d8c6baf39_GlucosePathways.txt,C(C1C(C(C(C1O)O)O)O)=O,4d8c6baf39
ProcessedData/G3SinglePathways/GlucosePathways/*C(C1C(C(C(C1O)O)O)O)OGlucosePathways.txt,ProcessedData/G3SinglePathways/GlucosePathways/2a7d644d2a_GlucosePathways.txt,C(C1C(C(C(C1O)O)O)O)O,2a7d644d2a
ProcessedData/G3SinglePathways/GlucosePathways/*C(C1C(C(C(CO)O1)O)O)=OGlucosePathways.txt,ProcessedData/G3SinglePathways/GlucosePathways/b622762866_GlucosePathways.txt,C(C1C(C(C(CO)O1)O)O)=O,b622762866
ProcessedData/G3SinglePathways/GlucosePathways/*C(C1C(C(C(CO1)O)O)O)=OGlucosePathways.txt,ProcessedData/G3SinglePathways/GlucosePathways/ff7a45d92f_GlucosePathways.txt,C(C1C(C(C(CO1)O)O)O)=O,ff7a45d92f
ProcessedData/G3SinglePathways/GlucosePathways/*C(C=CC(C(CO)O)=O)(O)=OGlucosePathways.txt,ProcessedData/G3SinglePathways/GlucosePathways/67f78a17a3_GlucosePathways.txt,C(C=CC(C(CO)O)=O)(O)=O,67f78a17a3
ProcessedData/G3SinglePathways/GlucosePathways/*C(CC(C(C(C(C)=O)O)O)O)=OGlucosePathways.txt,ProcessedData/G3SinglePathways/GlucosePathways/4648994225_GlucosePathways.txt,C(CC(C(C(C(C)=O)O)O)O)=O,4648994225
ProcessedData/G3SinglePathways/GlucosePathways/*C(CC(C(C(C=O)O)O)O)=OGlucosePathways.txt,ProcessedData/G3SinglePathways/GlucosePathways/3e00000a69_GlucosePathways.txt,C(CC(C(C(C=O)O)O)O)=O,3e00000a69
ProcessedData/G3SinglePathways/GlucosePathways/*C(CC(C(C(CO)(C)O)O)=O)=OGlucosePathways.txt,ProcessedData/G3SinglePathways/GlucosePathways/aa9f86f07d_GlucosePathways.txt,C(CC(C(C(CO)(C)O)O)=O)=O,aa9f86f07d
ProcessedData/G3SinglePathways/GlucosePathways/*C(CC(C(C(CO)=O)O)O)=OGlucosePathways.txt,ProcessedData/G3SinglePathways/GlucosePathways/25a64223cb_GlucosePathways.txt,C(CC(C(C(CO)=O)O)O)=O,25a64223cb
ProcessedData/G3SinglePathways/GlucosePathways/*C(CC(C(C(CO)O)=O)O)=OGlucosePathways.txt,ProcessedData/G3SinglePathways/GlucosePathways/a51b84ad18_GlucosePathways.txt,C(CC(C(C(CO)O)=O)O)=O,a51b84ad18
ProcessedData/G3SinglePathways/GlucosePathways/*C(CC(C(C(CO)O)O)=O)=OGlucosePathways.txt,ProcessedData/G3SinglePathways/GlucosePathways/7bb6e534fb_GlucosePathways.txt,C(CC(C(C(CO)O)O)=O)=O,7bb6e534fb
ProcessedData/G3SinglePathways/GlucosePathways/*C(CC(C(C(CO)O)O)O)=OGlucosePathways.txt,ProcessedData/G3SinglePathways/GlucosePathways/f7c5db0331_GlucosePathways.txt,C(CC(C(C(CO)O)O)O)=O,f7c5db0331
ProcessedData/G3SinglePathways/GlucosePathways/*C(CC(C(C)=O)O)(C(CO)O)=OGlucosePathways.txt,ProcessedData/G3SinglePathways/GlucosePathways/db91371a56_GlucosePathways.txt,C(CC(C(C)=O)O)(C(CO)O)=O,db91371a56
ProcessedData/G3SinglePathways/GlucosePathways/*C(CC(C(CC(CO)=O)O)O)=OGlucosePathways.txt,ProcessedData/G3SinglePathways/GlucosePathways/a032d838dd_GlucosePathways.txt,C(CC(C(CC(CO)=O)O)O)=O,a032d838dd
ProcessedData/G3SinglePathways/GlucosePathways/*C(CC(C(CCO)=O)O)(CO)=OGlucosePathways.txt,ProcessedData/G3SinglePathways/GlucosePathways/b059119085_GlucosePathways.txt,C(CC(C(CCO)=O)O)(CO)=O,b059119085
ProcessedData/G3SinglePathways/GlucosePathways/*C(CC(C(CO)O)O)=OGlucosePathways.txt,ProcessedData/G3SinglePathways/GlucosePathways/8f7486a958_GlucosePathways.txt,C(CC(C(CO)O)O)=O,8f7486a958
ProcessedData/G3SinglePathways/GlucosePathways/*C(CC(C(O)=O)O)(CCO)=OGlucosePathways.txt,ProcessedData/G3SinglePathways/GlucosePathways/dc22e87ee3_GlucosePathways.txt,C(CC(C(O)=O)O)(CCO)=O,dc22e87ee3
ProcessedData/G3SinglePathways/GlucosePathways/*C(CC(C)(C(C(C=O)O)O)O)=OGlucosePathways.txt,ProcessedData/G3SinglePathways/GlucosePathways/ff84c86bb4_GlucosePathways.txt,C(CC(C)(C(C(C=O)O)O)O)=O,ff84c86bb4
ProcessedData/G3SinglePathways/GlucosePathways/*C(CC(C)(C(CO)O)O)=OGlucosePathways.txt,ProcessedData/G3SinglePathways/GlucosePathways/a490030a9a_GlucosePathways.txt,C(CC(C)(C(CO)O)O)=O,a490030a9a
ProcessedData/G3SinglePathways/GlucosePathways/*C(CC(C=O)O)(C(CO)O)=OGlucosePathways.txt,ProcessedData/G3SinglePathways/GlucosePathways/cfaa2effec_GlucosePathways.txt,C(CC(C=O)O)(C(CO)O)=O,cfaa2effec
ProcessedData/G3SinglePathways/GlucosePathways/*C(CC(CC(C(O)=O)O)O)=OGlucosePathways.txt,ProcessedData/G3SinglePathways/GlucosePathways/67b39aa6f6_GlucosePathways.txt,C(CC(CC(C(O)=O)O)O)=O,67b39aa6f6
ProcessedData/G3SinglePathways/GlucosePathways/*C(CC(CO)(C(C=O)O)O)=OGlucosePathways.txt,ProcessedData/G3SinglePathways/GlucosePathways/e7696d9cd2_GlucosePathways.txt,C(CC(CO)(C(C=O)O)O)=O,e7696d9cd2
ProcessedData/G3SinglePathways/GlucosePathways/*C(CC(CO)(C(CO)O)O)=OGlucosePathways.txt,ProcessedData/G3SinglePathways/GlucosePathways/5613eeb22d_GlucosePathways.txt,C(CC(CO)(C(CO)O)O)=O,5613eeb22d
ProcessedData/G3SinglePathways/GlucosePathways/*C(CC(CO)(CCO)O)=OGlucosePathways.txt,ProcessedData/G3SinglePathways/GlucosePathways/1be1a6de58_GlucosePathways.txt,C(CC(CO)(CCO)O)=O,1be1a6de58
ProcessedData/G3SinglePathways/GlucosePathways/*C(CC(CO)(CO)O)=OGlucosePathways.txt,ProcessedData/G3SinglePathways/GlucosePathways/cda3c2c248_GlucosePathways.txt,C(CC(CO)(CO)O)=O,cda3c2c248
ProcessedData/G3SinglePathways/GlucosePathways/*C(CC1C(C(C(O)O1)O)O)=OGlucosePathways.txt,ProcessedData/G3SinglePathways/GlucosePathways/33f51ad843_GlucosePathways.txt,C(CC1C(C(C(O)O1)O)O)=O,33f51ad843
ProcessedData/G3SinglePathways/GlucosePathways/*C(CC1C(C(C(O)O1)O)O)OGlucosePathways.txt,ProcessedData/G3SinglePathways/GlucosePathways/beb7169492_GlucosePathways.txt,C(CC1C(C(C(O)O1)O)O)O,beb7169492
ProcessedData/G3SinglePathways/GlucosePathways/*C(CCO)(C(C(CO)=O)O)=OGlucosePathways.txt,ProcessedData/G3SinglePathways/GlucosePathways/fccccc018b_GlucosePathways.txt,C(CCO)(C(C(CO)=O)O)=O,fccccc018b
ProcessedData/G3SinglePathways/GlucosePathways/*C(CO)(C(C(C)O)O)=OGlucosePathways.txt,ProcessedData/G3SinglePathways/GlucosePathways/9a0ac3b81d_GlucosePathways.txt,C(CO)(C(C(C)O)O)=O,9a0ac3b81d
ProcessedData/G3SinglePathways/GlucosePathways/*C(CO)(C(C(CCO)O)O)=OGlucosePathways.txt,ProcessedData/G3SinglePathways/GlucosePathways/58c0484bf0_GlucosePathways.txt,C(CO)(C(C(CCO)O)O)=O,58c0484bf0
ProcessedData/G3SinglePathways/GlucosePathways/*C(CO)(C(C(CO)(C)O)O)=OGlucosePathways.txt,ProcessedData/G3SinglePathways/GlucosePathways/f202669ee8_GlucosePathways.txt,C(CO)(C(C(CO)(C)O)O)=O,f202669ee8
ProcessedData/G3SinglePathways/GlucosePathways/*C(CO)(C(C(CO)O)O)=OGlucosePathways.txt,ProcessedData/G3SinglePathways/GlucosePathways/89d5b50c80_GlucosePathways.txt,C(CO)(C(C(CO)O)O)=O,89d5b50c80
ProcessedData/G3SinglePathways/GlucosePathways/*C(CO)(C(CC(CO)=O)O)=OGlucosePathways.txt,ProcessedData/G3SinglePathways/GlucosePathways/1d17230fb0_GlucosePathways.txt,C(CO)(C(CC(CO)=O)O)=O,1d17230fb0
ProcessedData/G3SinglePathways/GlucosePathways/*C(CO)(C(CC(CO)O)O)=OGlucosePathways.txt,ProcessedData/G3SinglePathways/GlucosePathways/8efe42f9a7_GlucosePathways.txt,C(CO)(C(CC(CO)O)O)=O,8efe42f9a7
ProcessedData/G3SinglePathways/GlucosePathways/*C(CO)(C(CO)(C(C)O)O)=OGlucosePathways.txt,ProcessedData/G3SinglePathways/GlucosePathways/e99ef90d9f_GlucosePathways.txt,C(CO)(C(CO)(C(C)O)O)=O,e99ef90d9f
ProcessedData/G3SinglePathways/GlucosePathways/*C(CO)(C(CO)C(C(C)=O)O)=OGlucosePathways.txt,ProcessedData/G3SinglePathways/GlucosePathways/fcfb49aeeb_GlucosePathways.txt,C(CO)(C(CO)C(C(C)=O)O)=O,fcfb49aeeb
ProcessedData/G3SinglePathways/GlucosePathways/*C(CO)(C(CO)C(C)O)=OGlucosePathways.txt,ProcessedData/G3SinglePathways/GlucosePathways/73feb09604_GlucosePathways.txt,C(CO)(C(CO)C(C)O)=O,73feb09604
ProcessedData/G3SinglePathways/GlucosePathways/*C(CO)(C(CO)C(CO)O)=OGlucosePathways.txt,ProcessedData/G3SinglePathways/GlucosePathways/806ed78351_GlucosePathways.txt,C(CO)(C(CO)C(CO)O)=O,806ed78351
ProcessedData/G3SinglePathways/GlucosePathways/*C(CO)(C(CO)O)=OGlucosePathways.txt,ProcessedData/G3SinglePathways/GlucosePathways/01ef7ed59a_GlucosePathways.txt,C(CO)(C(CO)O)=O,01ef7ed59a
ProcessedData/G3SinglePathways/GlucosePathways/*C(CO)(CC(C(CO)O)O)=OGlucosePathways.txt,ProcessedData/G3SinglePathways/GlucosePathways/d305eed827_GlucosePathways.txt,C(CO)(CC(C(CO)O)O)=O,d305eed827
ProcessedData/G3SinglePathways/GlucosePathways/*C(CO)(CC(C)(C(CO)O)O)=OGlucosePathways.txt,ProcessedData/G3SinglePathways/GlucosePathways/f9fcefd8d0_GlucosePathways.txt,C(CO)(CC(C)(C(CO)O)O)=O,f9fcefd8d0
ProcessedData/G3SinglePathways/GlucosePathways/*C(CO)(CC(CO)(C)O)=OGlucosePathways.txt,ProcessedData/G3SinglePathways/GlucosePathways/6ef10d9b03_GlucosePathways.txt,C(CO)(CC(CO)(C)O)=O,6ef10d9b03
ProcessedData/G3SinglePathways/GlucosePathways/*C(CO)(CC(CO)(CCO)O)=OGlucosePathways.txt,ProcessedData/G3SinglePathways/GlucosePathways/999f7bbd3b_GlucosePathways.txt,C(CO)(CC(CO)(CCO)O)=O,999f7bbd3b
ProcessedData/G3SinglePathways/GlucosePathways/*C(CO)(CC(CO)(CO)O)=OGlucosePathways.txt,ProcessedData/G3SinglePathways/GlucosePathways/59605a263f_GlucosePathways.txt,C(CO)(CC(CO)(CO)O)=O,59605a263f
ProcessedData/G3SinglePathways/GlucosePathways/*C(CO)(CC(CO)O)=OGlucosePathways.txt,ProcessedData/G3SinglePathways/GlucosePathways/928acf3255_GlucosePathways.txt,C(CO)(CC(CO)O)=O,928acf3255
ProcessedData/G3SinglePathways/GlucosePathways/*C(CO)=CC(C(CO)O)=OGlucosePathways.txt,ProcessedData/G3SinglePathways/GlucosePathways/a141e2693a_GlucosePathways.txt,C(CO)=CC(C(CO)O)=O,a141e2693a
ProcessedData/G3SinglePathways/GlucosePathways/*C1(C(C(C(C(C1)O)O)O)O)=OGlucosePathways.txt,ProcessedData/G3SinglePathways/GlucosePathways/230388672c_GlucosePathways.txt,C1(C(C(C(C(C1)O)O)O)O)=O,230388672c
ProcessedData/G3SinglePathways/GlucosePathways/*C1(C(C(C(C)(C1O)O)O)O)=OGlucosePathways.txt,ProcessedData/G3SinglePathways/GlucosePathways/de24934339_GlucosePathways.txt,C1(C(C(C(C)(C1O)O)O)O)=O,de24934339
ProcessedData/G3SinglePathways/GlucosePathways/*C1(C(C(C(C1(C)O)O)O)O)=OGlucosePathways.txt,ProcessedData/G3SinglePathways/GlucosePathways/41cd0f4824_GlucosePathways.txt,C1(C(C(C(C1(C)O)O)O)O)=O,41cd0f4824
ProcessedData/G3SinglePathways/GlucosePathways/*C1(C(C(C(C1)O)(CO)O)O)=OGlucosePathways.txt,ProcessedData/G3SinglePathways/GlucosePathways/64bc773def_GlucosePathways.txt,C1(C(C(C(C1)O)(CO)O)O)=O,64bc773def
ProcessedData/G3SinglePathways/GlucosePathways/*C1(C(C(C(C1)O)O)O)=OGlucosePathways.txt,ProcessedData/G3SinglePathways/GlucosePathways/f518f99463_GlucosePathways.txt,C1(C(C(C(C1)O)O)O)=O,f518f99463
ProcessedData/G3SinglePathways/GlucosePathways/*C1(C(C(C(C1CO)O)O)O)=OGlucosePathways.txt,ProcessedData/G3SinglePathways/GlucosePathways/5855bc8a84_GlucosePathways.txt,C1(C(C(C(C1CO)O)O)O)=O,5855bc8a84
ProcessedData/G3SinglePathways/GlucosePathways/*C1(C(C(C(CC1O)O)O)O)=OGlucosePathways.txt,ProcessedData/G3SinglePathways/GlucosePathways/51ef2eb447_GlucosePathways.txt,C1(C(C(C(CC1O)O)O)O)=O,51ef2eb447
ProcessedData/G3SinglePathways/GlucosePathways/*C1(C(C(C(CO)(C1)O)O)O)=OGlucosePathways.txt,ProcessedData/G3SinglePathways/GlucosePathways/95cefaabd3_GlucosePathways.txt,C1(C(C(C(CO)(C1)O)O)O)=O,95cefaabd3
ProcessedData/G3SinglePathways/GlucosePathways/*C1(C(C(C(O)OCC1)O)O)=OGlucosePathways.txt,ProcessedData/G3SinglePathways/GlucosePathways/2a045aa872_GlucosePathways.txt,C1(C(C(C(O)OCC1)O)O)=O,2a045aa872
ProcessedData/G3SinglePathways/GlucosePathways/*C1(C(C(CC(C1O)O)O)O)=OGlucosePathways.txt,ProcessedData/G3SinglePathways/GlucosePathways/2bc9dbe12a_GlucosePathways.txt,C1(C(C(CC(C1O)O)O)O)=O,2bc9dbe12a
ProcessedData/G3SinglePathways/GlucosePathways/*C1(C(C(CO)(O)OCC1)O)=OGlucosePathways.txt,ProcessedData/G3SinglePathways/GlucosePathways/058a05d8bc_GlucosePathways.txt,C1(C(C(CO)(O)OCC1)O)=O,058a05d8bc
ProcessedData/G3SinglePathways/GlucosePathways/*C1(C(C(CO)O)OC(C1)O)=OGlucosePathways.txt,ProcessedData/G3SinglePathways/GlucosePathways/580bc2a583_GlucosePathways.txt,C1(C(C(CO)O)OC(C1)O)=O,580bc2a583
ProcessedData/G3SinglePathways/GlucosePathways/*C1(C(C(CO)OC(C1)O)O)=OGlucosePathways.txt,ProcessedData/G3SinglePathways/GlucosePathways/30e1f54202_GlucosePathways.txt,C1(C(C(CO)OC(C1)O)O)=O,30e1f54202
ProcessedData/G3SinglePathways/GlucosePathways/*C1(C(C(COC(C1)O)O)O)=OGlucosePathways.txt,ProcessedData/G3SinglePathways/GlucosePathways/fd58a81c65_GlucosePathways.txt,C1(C(C(COC(C1)O)O)O)=O,fd58a81c65
ProcessedData/G3SinglePathways/GlucosePathways/*C1(C(C(O)OC(CO)C1)O)=OGlucosePathways.txt,ProcessedData/G3SinglePathways/GlucosePathways/0c00427fd5_GlucosePathways.txt,C1(C(C(O)OC(CO)C1)O)=O,0c00427fd5
ProcessedData/G3SinglePathways/GlucosePathways/*C1(C(C(O)OCC(C1)O)O)=OGlucosePathways.txt,ProcessedData/G3SinglePathways/GlucosePathways/9f89eade81_GlucosePathways.txt,C1(C(C(O)OCC(C1)O)O)=O,9f89eade81
ProcessedData/G3SinglePathways/GlucosePathways/*C1(C(C)OC(C(C1O)O)O)=OGlucosePathways.txt,ProcessedData/G3SinglePathways/GlucosePathways/0181782889_GlucosePathways.txt,C1(C(C)OC(C(C1O)O)O)=O,0181782889
ProcessedData/G3SinglePathways/GlucosePathways/*C1(C(CC(C(CO)O)O1)O)=OGlucosePathways.txt,ProcessedData/G3SinglePathways/GlucosePathways/faeccaa1cb_GlucosePathways.txt,C1(C(CC(C(CO)O)O1)O)=O,faeccaa1cb
ProcessedData/G3SinglePathways/GlucosePathways/*C1(C(CC(C(CO)O1)O)O)=OGlucosePathways.txt,ProcessedData/G3SinglePathways/GlucosePathways/21ae83f889_GlucosePathways.txt,C1(C(CC(C(CO)O1)O)O)=O,21ae83f889
ProcessedData/G3SinglePathways/GlucosePathways/*C1(C(CC(C(CO1)O)O)O)=OGlucosePathways.txt,ProcessedData/G3SinglePathways/GlucosePathways/7ee05d0915_GlucosePathways.txt,C1(C(CC(C(CO1)O)O)O)=O,7ee05d0915
ProcessedData/G3SinglePathways/GlucosePathways/*C1(C(CC(C1(CO)O)O)O)=OGlucosePathways.txt,ProcessedData/G3SinglePathways/GlucosePathways/622919cf76_GlucosePathways.txt,C1(C(CC(C1(CO)O)O)O)=O,622919cf76
ProcessedData/G3SinglePathways/GlucosePathways/*C1(C(CC(CO)(C1O)O)O)=OGlucosePathways.txt,ProcessedData/G3SinglePathways/GlucosePathways/060c91fc60_GlucosePathways.txt,C1(C(CC(CO)(C1O)O)O)=O,060c91fc60
ProcessedData/G3SinglePathways/GlucosePathways/*C1(C(CC(O)OCC1O)O)=OGlucosePathways.txt,ProcessedData/G3SinglePathways/GlucosePathways/ebdf7817d8_GlucosePathways.txt,C1(C(CC(O)OCC1O)O)=O,ebdf7817d8
ProcessedData/G3SinglePathways/GlucosePathways/*C1(C(CO)(O)OC(CO)C1)=OGlucosePathways.txt,ProcessedData/G3SinglePathways/GlucosePathways/f7e653844c_GlucosePathways.txt,C1(C(CO)(O)OC(CO)C1)=O,f7e653844c
ProcessedData/G3SinglePathways/GlucosePathways/*C1(C(CO)(O)OCC(C1)O)=OGlucosePathways.txt,ProcessedData/G3SinglePathways/GlucosePathways/bbb5b56883_GlucosePathways.txt,C1(C(CO)(O)OCC(C1)O)=O,bbb5b56883
ProcessedData/G3SinglePathways/GlucosePathways/*C1(C(CO)OC(C(C1)O)O)=OGlucosePathways.txt,ProcessedData/G3SinglePathways/GlucosePathways/1d5e6e52c1_GlucosePathways.txt,C1(C(CO)OC(C(C1)O)O)=O,1d5e6e52c1
ProcessedData/G3SinglePathways/GlucosePathways/*C1(C(CO)OC(CC1O)O)=OGlucosePathways.txt,ProcessedData/G3SinglePathways/GlucosePathways/c227a9f0a5_GlucosePathways.txt,C1(C(CO)OC(CC1O)O)=O,c227a9f0a5
ProcessedData/G3SinglePathways/GlucosePathways/*C1(C(CO)OC(CO)(C1)O)=OGlucosePathways.txt,ProcessedData/G3SinglePathways/GlucosePathways/4bf60de97a_GlucosePathways.txt,C1(C(CO)OC(CO)(C1)O)=O,4bf60de97a
ProcessedData/G3SinglePathways/GlucosePathways/*C1(C(CO)OC(CO)C1O)=OGlucosePathways.txt,ProcessedData/G3SinglePathways/GlucosePathways/071c5230c4_GlucosePathways.txt,C1(C(CO)OC(CO)C1O)=O,071c5230c4
ProcessedData/G3SinglePathways/GlucosePathways/*C1(C(CO)OCC(C1O)O)=OGlucosePathways.txt,ProcessedData/G3SinglePathways/GlucosePathways/ec3f6d85f4_GlucosePathways.txt,C1(C(CO)OCC(C1O)O)=O,ec3f6d85f4
ProcessedData/G3SinglePathways/GlucosePathways/*C1(C(COC(C(C1)O)O)O)=OGlucosePathways.txt,ProcessedData/G3SinglePathways/GlucosePathways/e3be664f98_GlucosePathways.txt,C1(C(COC(C(C1)O)O)O)=O,e3be664f98
ProcessedData/G3SinglePathways/GlucosePathways/*C1(C(COC(CO)(C1)O)O)=OGlucosePathways.txt,ProcessedData/G3SinglePathways/GlucosePathways/b1546d0441_GlucosePathways.txt,C1(C(COC(CO)(C1)O)O)=O,b1546d0441
ProcessedData/G3SinglePathways/GlucosePathways/*C1(C(O)OC(C(CO)O)C1)=OGlucosePathways.txt,ProcessedData/G3SinglePathways/GlucosePathways/6a4ab4ddb5_GlucosePathways.txt,C1(C(O)OC(C(CO)O)C1)=O,6a4ab4ddb5
ProcessedData/G3SinglePathways/GlucosePathways/*C1(C(O)OC(CO)C(C1)O)=OGlucosePathways.txt,ProcessedData/G3SinglePathways/GlucosePathways/74b0db226e_GlucosePathways.txt,C1(C(O)OC(CO)C(C1)O)=O,74b0db226e
ProcessedData/G3SinglePathways/GlucosePathways/*C1(C(O)OCC(C(C1)O)O)=OGlucosePathways.txt,ProcessedData/G3SinglePathways/GlucosePathways/0ac57a681c_GlucosePathways.txt,C1(C(O)OCC(C(C1)O)O)=O,0ac57a681c
ProcessedData/G3SinglePathways/GlucosePathways/*C1(C2(C(C(CC2O)O1)O)O)OGlucosePathways.txt,ProcessedData/G3SinglePathways/GlucosePathways/a27f1fe630_GlucosePathways.txt,C1(C2(C(C(CC2O)O1)O)O)O,a27f1fe630
ProcessedData/G3SinglePathways/GlucosePathways/*C1(C2C(C(C(C2O)O1)O)O)OGlucosePathways.txt,ProcessedData/G3SinglePathways/GlucosePathways/057c6b4167_GlucosePathways.txt,C1(C2C(C(C(C2O)O1)O)O)O,057c6b4167
ProcessedData/G3SinglePathways/GlucosePathways/*C1(CC(C(C(CO)O)O1)O)=OGlucosePathways.txt,ProcessedData/G3SinglePathways/GlucosePathways/64e1ea9c73_GlucosePathways.txt,C1(CC(C(C(CO)O)O1)O)=O,64e1ea9c73
ProcessedData/G3SinglePathways/GlucosePathways/*C1(CC(C(C(CO)O1)O)O)=OGlucosePathways.txt,ProcessedData/G3SinglePathways/GlucosePathways/1f69c10ccd_GlucosePathways.txt,C1(CC(C(C(CO)O1)O)O)=O,1f69c10ccd
ProcessedData/G3SinglePathways/GlucosePathways/*C1(CC(C(C(CO1)O)O)O)=OGlucosePathways.txt,ProcessedData/G3SinglePathways/GlucosePathways/1e03cae04f_GlucosePathways.txt,C1(CC(C(C(CO1)O)O)O)=O,1e03cae04f
ProcessedData/G3SinglePathways/GlucosePathways/*C1(CC(C(C1(CO)O)O)O)=OGlucosePathways.txt,ProcessedData/G3SinglePathways/GlucosePathways/5757f1c16f_GlucosePathways.txt,C1(CC(C(C1(CO)O)O)O)=O,5757f1c16f
ProcessedData/G3SinglePathways/GlucosePathways/*C1(COC(C(C(C1)O)O)O)=OGlucosePathways.txt,ProcessedData/G3SinglePathways/GlucosePathways/6b4395185b_GlucosePathways.txt,C1(COC(C(C(C1)O)O)O)=O,6b4395185b
ProcessedData/G3SinglePathways/GlucosePathways/*C1(COC(C(CC1O)O)O)=OGlucosePathways.txt,ProcessedData/G3SinglePathways/GlucosePathways/831228a565_GlucosePathways.txt,C1(COC(C(CC1O)O)O)=O,831228a565
ProcessedData/G3SinglePathways/GlucosePathways/*C1(COC(C(CO)O)(C1)O)=OGlucosePathways.txt,ProcessedData/G3SinglePathways/GlucosePathways/dc920caf46_GlucosePathways.txt,C1(COC(C(CO)O)(C1)O)=O,dc920caf46
ProcessedData/G3SinglePathways/GlucosePathways/*C1(COC(C(CO)O)C1O)=OGlucosePathways.txt,ProcessedData/G3SinglePathways/GlucosePathways/72a8da89d6_GlucosePathways.txt,C1(COC(C(CO)O)C1O)=O,72a8da89d6
ProcessedData/G3SinglePathways/GlucosePathways/*C1(COC(C)(C(C1O)O)O)=OGlucosePathways.txt,ProcessedData/G3SinglePathways/GlucosePathways/d1ea79941c_GlucosePathways.txt,C1(COC(C)(C(C1O)O)O)=O,d1ea79941c
ProcessedData/G3SinglePathways/GlucosePathways/*C1(COC(CC(C1O)O)O)=OGlucosePathways.txt,ProcessedData/G3SinglePathways/GlucosePathways/615600df21_GlucosePathways.txt,C1(COC(CC(C1O)O)O)=O,615600df21
ProcessedData/G3SinglePathways/GlucosePathways/*C1(COC(CCO)(C1O)O)=OGlucosePathways.txt,ProcessedData/G3SinglePathways/GlucosePathways/59ba70693d_GlucosePathways.txt,C1(COC(CCO)(C1O)O)=O,59ba70693d
ProcessedData/G3SinglePathways/GlucosePathways/*C1(COC(CO)(C(C1)O)O)=OGlucosePathways.txt,ProcessedData/G3SinglePathways/GlucosePathways/7d00999328_GlucosePathways.txt,C1(COC(CO)(C(C1)O)O)=O,7d00999328
ProcessedData/G3SinglePathways/GlucosePathways/*C1(COC(CO)(CC1O)O)=OGlucosePathways.txt,ProcessedData/G3SinglePathways/GlucosePathways/0642ee6b26_GlucosePathways.txt,C1(COC(CO)(CC1O)O)=O,0642ee6b26
ProcessedData/G3SinglePathways/GlucosePathways/*C1(COC(CO)C(C1O)O)=OGlucosePathways.txt,ProcessedData/G3SinglePathways/GlucosePathways/be7bfc1c95_GlucosePathways.txt,C1(COC(CO)C(C1O)O)=O,be7bfc1c95
ProcessedData/G3SinglePathways/GlucosePathways/*C1(COCC(C(C1O)O)O)=OGlucosePathways.txt,ProcessedData/G3SinglePathways/GlucosePathways/029be59b2c_GlucosePathways.txt,C1(COCC(C(C1O)O)O)=O,029be59b2c
ProcessedData/G3SinglePathways/GlucosePathways/*C12C(C(C(CC1O)(O)O2)O)OGlucosePathways.txt,ProcessedData/G3SinglePathways/GlucosePathways/f3f498f1c0_GlucosePathways.txt,C12C(C(C(CC1O)(O)O2)O)O,f3f498f1c0
ProcessedData/G3SinglePathways/GlucosePathways/*C1C(C(C(C(C=1)=O)O)O)OGlucosePathways.txt,ProcessedData/G3SinglePathways/GlucosePathways/aec14effb3_GlucosePathways.txt,C1C(C(C(C(C=1)=O)O)O)O,aec14effb3
ProcessedData/G3SinglePathways/GlucosePathways/*C1C(C(C(C=1)=O)(CO)O)OGlucosePathways.txt,ProcessedData/G3SinglePathways/GlucosePathways/0bbc5487ff_GlucosePathways.txt,C1C(C(C(C=1)=O)(CO)O)O,0bbc5487ff
ProcessedData/G3SinglePathways/GlucosePathways/*C1C(C(C(C=1C=O)O)O)OGlucosePathways.txt,ProcessedData/G3SinglePathways/GlucosePathways/bff9c2a2af_GlucosePathways.txt,C1C(C(C(C=1C=O)O)O)O,bff9c2a2af
ProcessedData/G3SinglePathways/GlucosePathways/*C1C(C(C(C=1CO)=O)O)OGlucosePathways.txt,ProcessedData/G3SinglePathways/GlucosePathways/c07a4aa33e_GlucosePathways.txt,C1C(C(C(C=1CO)=O)O)O,c07a4aa33e
ProcessedData/G3SinglePathways/GlucosePathways/*C1C(C(C(CCO)(O)O1)O)OGlucosePathways.txt,ProcessedData/G3SinglePathways/GlucosePathways/9c25d9d97e_GlucosePathways.txt,C1C(C(C(CCO)(O)O1)O)O,9c25d9d97e
ProcessedData/G3SinglePathways/GlucosePathways/*C1C(C(C(O)O1)O)OGlucosePathways.txt,ProcessedData/G3SinglePathways/GlucosePathways/3c2e92aef8_GlucosePathways.txt,C1C(C(C(O)O1)O)O,3c2e92aef8
ProcessedData/G3SinglePathways/GlucosePathways/*C1C2(C(C(C(CO)O2)O1)O)OGlucosePathways.txt,ProcessedData/G3SinglePathways/GlucosePathways/3181da2c2c_GlucosePathways.txt,C1C2(C(C(C(CO)O2)O1)O)O,3181da2c2c
ProcessedData/G3SinglePathways/GlucosePathways/*C1C2(C(C(C(CO1)O2)O)O)OGlucosePathways.txt,ProcessedData/G3SinglePathways/GlucosePathways/c3630ca1b6_GlucosePathways.txt,C1C2(C(C(C(CO1)O2)O)O)O,c3630ca1b6
ProcessedData/G3SinglePathways/GlucosePathways/*C1C2(C(C(C(CO2)O)O1)O)OGlucosePathways.txt,ProcessedData/G3SinglePathways/GlucosePathways/f162b5c819_GlucosePathways.txt,C1C2(C(C(C(CO2)O)O1)O)O,f162b5c819
ProcessedData/G3SinglePathways/GlucosePathways/*C1C2(C(C(C(CO2)O1)O)O)OGlucosePathways.txt,ProcessedData/G3SinglePathways/GlucosePathways/8df3da1bb6_GlucosePathways.txt,C1C2(C(C(C(CO2)O1)O)O)O,8df3da1bb6
ProcessedData/G3SinglePathways/GlucosePathways/*C=C1C(C(C(C1O)O)O)=OGlucosePathways.txt,ProcessedData/G3SinglePathways/GlucosePathways/0530c5d401_GlucosePathways.txt,C=C1C(C(C(C1O)O)O)=O,0530c5d401
ProcessedData/G3SinglePathways/GlucosePathways/*C=CC(C(C(CO)O)O)=OGlucosePathways.txt,ProcessedData/G3SinglePathways/GlucosePathways/5c5a6ce2a1_GlucosePathways.txt,C=CC(C(C(CO)O)O)=O,5c5a6ce2a1
ProcessedData/G3SinglePathways/GlucosePathways/*CC1(C(C(C(CO)O1)O)O)OGlucosePathways.txt,ProcessedData/G3SinglePathways/GlucosePathways/ca84765297_GlucosePathways.txt,CC1(C(C(C(CO)O1)O)O)O,ca84765297
ProcessedData/G3SinglePathways/GlucosePathways/*CC1(C(C(C(CO1)O)O)O)OGlucosePathways.txt,ProcessedData/G3SinglePathways/GlucosePathways/ecdb558d54_GlucosePathways.txt,CC1(C(C(C(CO1)O)O)O)O,ecdb558d54
ProcessedData/G3SinglePathways/PyruvicAcidPathways/*C(C(C(C(C)O)C(C)O)=O)(O)=OPyruvicAcidPathways.txt,ProcessedData/G3SinglePathways/PyruvicAcidPathways/557ef793ae_PyruvicAcidPathways.txt,C(C(C(C(C)O)C(C)O)=O)(O)=O,557ef793ae
ProcessedData/G3SinglePathways/PyruvicAcidPathways/*C(C(C(C)O)C(C(O)=O)(C)O)=OPyruvicAcidPathways.txt,ProcessedData/G3SinglePathways/PyruvicAcidPathways/98d2d1a495_PyruvicAcidPathways.txt,C(C(C(C)O)C(C(O)=O)(C)O)=O,98d2d1a495
ProcessedData/G3SinglePathways/PyruvicAcidPathways/*C(C(C)(CC(CC=O)O)O)(O)=OPyruvicAcidPathways.txt,ProcessedData/G3SinglePathways/PyruvicAcidPathways/6955a4d047_PyruvicAcidPathways.txt,C(C(C)(CC(CC=O)O)O)(O)=O,6955a4d047
ProcessedData/G3SinglePathways/PyruvicAcidPathways/*C(C(CC(C)O)(CC=O)O)(O)=OPyruvicAcidPathways.txt,ProcessedData/G3SinglePathways/PyruvicAcidPathways/bdbbadf16f_PyruvicAcidPathways.txt,C(C(CC(C)O)(CC=O)O)(O)=O,bdbbadf16f
ProcessedData/G3SinglePathways/PyruvicAcidPathways/*C(C(CC(CC(C)O)O)=O)(O)=OPyruvicAcidPathways.txt,ProcessedData/G3SinglePathways/PyruvicAcidPathways/5aade7a9dc_PyruvicAcidPathways.txt,C(C(CC(CC(C)O)O)=O)(O)=O,5aade7a9dc
ProcessedData/G3TargetNucleosidePathways/NoLimit/FormoseAmmPathways/*C(C(C(C(CO)O)O)O)=OFormoseAmmPathways.txt,ProcessedData/G3TargetNucleosidePathways/NoLimit/FormoseAmmPathways/317630011e_FormoseAmmPathways.txt,C(C(C(C(CO)O)O)O)=O,317630011e
ProcessedData/G3TargetNucleosidePathways/NoLimit/FormoseAmmPathways/*C(C(C(CO)O)O)=OFormoseAmmPathways.txt,ProcessedData/G3TargetNucleosidePathways/NoLimit/FormoseAmmPathways/ef79d340d9_FormoseAmmPathways.txt,C(C(C(CO)O)O)=O,ef79d340d9
ProcessedData/G3TargetNucleosidePathways/NoLimit/FormoseAmmPathways/*C(C(CN)O)OFormoseAmmPathways.txt,ProcessedData/G3TargetNucleosidePathways/NoLimit/FormoseAmmPathways/21ce83c459_FormoseAmmPathways.txt,C(C(CN)O)O,21ce83c459
ProcessedData/G3TargetNucleosidePathways/NoLimit/FormoseAmmPathways/*C(C(CO)O)OFormoseAmmPathways.txt,ProcessedData/G3TargetNucleosidePathways/NoLimit/FormoseAmmPathways/22002e45d7_FormoseAmmPathways.txt,C(C(CO)O)O,22002e45d7
ProcessedData/G3TargetNucleosidePathways/NoLimit/FormoseAmmPathways/*C(CC(C(CO)O)O)=OFormoseAmmPathways.txt,ProcessedData/G3TargetNucleosidePathways/NoLimit/FormoseAmmPathways/8f7486a958_FormoseAmmPathways.txt,C(CC(C(CO)O)O)=O,8f7486a958
ProcessedData/G3TargetNucleosidePathways/NoLimit/FormoseAmmPathways/*C1C(C(C(C(O)O1)O)O)OFormoseAmmPathways.txt,ProcessedData/G3TargetNucleosidePathways/NoLimit/FormoseAmmPathways/85ace16d04_FormoseAmmPathways.txt,C1C(C(C(C(O)O1)O)O)O,85ace16d04
ProcessedData/G3TargetNucleosidePathways/NoLimit/FormosePathways/*C(C(C(C(CO)O)O)O)=OFormosePathways.txt,ProcessedData/G3TargetNucleosidePathways/NoLimit/FormosePathways/317630011e_FormosePathways.txt,C(C(C(C(CO)O)O)O)=O,317630011e
ProcessedData/G3TargetNucleosidePathways/NoLimit/FormosePathways/*C(C(C(CO)O)O)=OFormosePathways.txt,ProcessedData/G3TargetNucleosidePathways/NoLimit/FormosePathways/ef79d340d9_FormosePathways.txt,C(C(C(CO)O)O)=O,ef79d340d9
ProcessedData/G3TargetNucleosidePathways/NoLimit/FormosePathways/*C(C(CO)O)OFormosePathways.txt,ProcessedData/G3TargetNucleosidePathways/NoLimit/FormosePathways/22002e45d7_FormosePathways.txt,C(C(CO)O)O,22002e45d7
ProcessedData/G3TargetNucleosidePathways/NoLimit/FormosePathways/*C(CC(C(CO)O)O)=OFormosePathways.txt,ProcessedData/G3TargetNucleosidePathways/NoLimit/FormosePathways/8f7486a958_FormosePathways.txt,C(CC(C(CO)O)O)=O,8f7486a958
ProcessedData/G3TargetNucleosidePathways/NoLimit/FormosePathways/*C1C(C(C(C(O)O1)O)O)OFormosePathways.txt,ProcessedData/G3TargetNucleosidePathways/NoLimit/FormosePathways/85ace16d04_FormosePathways.txt,C1C(C(C(C(O)O1)O)O)O,85ace16d04
ProcessedData/G3TargetNucleosidePathways/Threshold100/GlucoseAmmPathways/*C(C(C(C(CO)O)O)O)=OGlucoseAmmPathways.txt,ProcessedData/G3TargetNucleosidePathways/Threshold100/GlucoseAmmPathways/317630011e_GlucoseAmmPathways.txt,C(C(C(C(CO)O)O)O)=O,317630011e
ProcessedData/G3TargetNucleosidePathways/Threshold100/GlucoseAmmPathways/*C(C(C(CO)O)O)=OGlucoseAmmPathways.txt,ProcessedData/G3TargetNucleosidePathways/Threshold100/GlucoseAmmPathways/ef79d340d9_GlucoseAmmPathways.txt,C(C(C(CO)O)O)=O,ef79d340d9
ProcessedData/G3TargetNucleosidePathways/Threshold100/GlucoseAmmPathways/*C(C(CO)O)OGlucoseAmmPathways.txt,ProcessedData/G3TargetNucleosidePathways/Threshold100/GlucoseAmmPathways/22002e45d7_GlucoseAmmPathways.txt,C(C(CO)O)O,22002e45d7
ProcessedData/G3TargetNucleosidePathways/Threshold100/GlucoseAmmPathways/*C(CC(C(CO)O)O)=OGlucoseAmmPathways.txt,ProcessedData/G3TargetNucleosidePathways/Threshold100/GlucoseAmmPathways/8f7486a958_GlucoseAmmPathways.txt,C(CC(C(CO)O)O)=O,8f7486a958
ProcessedData/G3TargetNucleosidePathways/Threshold100/GlucosePathways/*C(C(C(CO)O)O)=OGlucosePathways.txt,ProcessedData/G3TargetNucleosidePathways/Threshold100/GlucosePathways/ef79d340d9_GlucosePathways.txt,C(C(C(CO)O)O)=O,ef79d340d9
ProcessedData/G3TargetNucleosidePathways/Threshold100/GlucosePathways/*C(CC(C(CO)O)O)=OGlucosePathways.txt,ProcessedData/G3TargetNucleosidePathways/Threshold100/GlucosePathways/8f7486a958_GlucosePathways.txt,C(CC(C(CO)O)O)=O,8f7486a958
ProcessedData/G3TargetNucleosidePathways/Threshold1000/GlucoseAmmPathways/*C(C(C(C(CO)O)O)O)=OGlucoseAmmPathways.txt,ProcessedData/G3TargetNucleosidePathways/Threshold1000/GlucoseAmmPathways/317630011e_GlucoseAmmPathways.txt,C(C(C(C(CO)O)O)O)=O,317630011e
ProcessedData/G3TargetNucleosidePathways/Threshold1000/GlucoseAmmPathways/*C(C(C(CO)O)O)=OGlucoseAmmPathways.txt,ProcessedData/G3TargetNucleosidePathways/Threshold1000/GlucoseAmmPathways/ef79d340d9_GlucoseAmmPathways.txt,C(C(C(CO)O)O)=O,ef79d340d9
ProcessedData/G3TargetNucleosidePathways/Threshold1000/GlucoseAmmPathways/*C(C(CO)O)OGlucoseAmmPathways.txt,ProcessedData/G3TargetNucleosidePathways/Threshold1000/GlucoseAmmPathways/22002e45d7_GlucoseAmmPathways.txt,C(C(CO)O)O,22002e45d7
ProcessedData/G3TargetNucleosidePathways/Threshold1000/GlucoseAmmPathways/*C(CC(C(CO)O)O)=OGlucoseAmmPathways.txt,ProcessedData/G3TargetNucleosidePathways/Threshold1000/GlucoseAmmPathways/8f7486a958_GlucoseAmmPathways.txt,C(CC(C(CO)O)O)=O,8f7486a958
ProcessedData/G3TargetNucleosidePathways/Threshold1000/GlucosePathways/*C(C(C(CO)O)O)=OGlucosePathways.txt,ProcessedData/G3TargetNucleosidePathways/Threshold1000/GlucosePathways/ef79d340d9_GlucosePathways.txt,C(C(C(CO)O)O)=O,ef79d340d9
ProcessedData/G3TargetNucleosidePathways/Threshold1000/GlucosePathways/*C(CC(C(CO)O)O)=OGlucosePathways.txt,ProcessedData/G3TargetNucleosidePathways/Threshold1000/GlucosePathways/8f7486a958_GlucosePathways.txt,C(CC(C(CO)O)O)=O,8f7486a958
ProcessedData/G3TargetNucleosidePathways/Threshold10000/GlucoseAmmPathways/*C(C(C(C(CO)O)O)O)=OGlucoseAmmPathways.txt,ProcessedData/G3TargetNucleosidePathways/Threshold10000/GlucoseAmmPathways/317630011e_GlucoseAmmPathways.txt,C(C(C(C(CO)O)O)O)=O,317630011e
ProcessedData/G3TargetNucleosidePathways/Threshold10000/GlucoseAmmPathways/*C(C(C(CO)O)O)=OGlucoseAmmPathways.txt,ProcessedData/G3TargetNucleosidePathways/Threshold10000/GlucoseAmmPathways/ef79d340d9_GlucoseAmmPathways.txt,C(C(C(CO)O)O)=O,ef79d340d9
ProcessedData/G3TargetNucleosidePathways/Threshold10000/GlucoseAmmPathways/*C(C(CO)O)OGlucoseAmmPathways.txt,ProcessedData/G3TargetNucleosidePathways/Threshold10000/GlucoseAmmPathways/22002e45d7_GlucoseAmmPathways.txt,C(C(CO)O)O,22002e45d7
ProcessedData/G3TargetNucleosidePathways/Threshold10000/GlucoseAmmPathways/*C(CC(C(CO)O)O)=OGlucoseAmmPathways.txt,ProcessedData/G3TargetNucleosidePathways/Threshold10000/GlucoseAmmPathways/8f7486a958_GlucoseAmmPathways.txt,C(CC(C(CO)O)O)=O,8f7486a958
ProcessedData/G3TargetNucleosidePathways/Threshold10000/GlucosePathways/*C(C(C(CO)O)O)=OGlucosePathways.txt,ProcessedData/G3TargetNucleosidePathways/Threshold10000/GlucosePathways/ef79d340d9_GlucosePathways.txt,C(C(C(CO)O)O)=O,ef79d340d9
ProcessedData/G3TargetNucleosidePathways/Threshold10000/GlucosePathways/*C(CC(C(CO)O)O)=OGlucosePathways.txt,ProcessedData/G3TargetNucleosidePathways/Threshold10000/GlucosePathways/8f7486a958_GlucosePathways.txt,C(CC(C(CO)O)O)=O,8f7486a958
