Network	Generation	Smiles
Formose	G1	C(C(C(CO)O)O)=O
Formose	G2	C(C(C(C(CO)O)O)O)=O
Formose	G2	C(C(C(CO)O)O)(O)=O
Formose	G2	C(C(C(CO)O)O)O
Formose	G2	C(C(CO)(C(CO)O)O)=O
Formose	G2	C(C(CO)(CO)O)=O
Formose	G2	C(C(CO)O)(O)=O
Formose	G2	C(C(CO)O)O
Formose	G2	C(CO)(C(CO)O)=O
Formose	G2	C1C(C(C(O)O1)O)O
Formose	G3	C(C(C(C(C(C)=O)O)O)O)=O
Formose	G3	C(C(C(C(C)=O)O)O)(O)=O
Formose	G3	C(C(C(C(CO)=O)O)O)=O
Formose	G3	C(C(C(C(CO)O)=O)CO)=O
Formose	G3	C(C(C(C(CO)O)O)=O)=O
Formose	G3	C(C(C(C(CO)O)O)O)O
Formose	G3	C(C(C(C)=O)(C(CO)O)O)=O
Formose	G3	C(C(C(C)O)O)(C(CO)O)=O
Formose	G3	C(C(C(C)O)O)(O)=O
Formose	G3	C(C(C(C=O)O)O)(CCO)=O
Formose	G3	C(C(C(C=O)O)O)(O)=O
Formose	G3	C(C(C(CC(C=O)O)O)O)=O
Formose	G3	C(C(C(CC(CO)=O)O)O)=O
Formose	G3	C(C(C(CC(CO)O)=O)O)=O
Formose	G3	C(C(C(CCO)=O)(CO)O)=O
Formose	G3	C(C(C(CCO)=O)O)(O)=O
Formose	G3	C(C(C(CO)(CO)O)O)=O
Formose	G3	C(C(C(CO)=O)C(CO)O)=O
Formose	G3	C(C(C(CO)C(CO)O)=O)=O
Formose	G3	C(C(C(CO)O)(C(C)O)O)=O
Formose	G3	C(C(C(CO)O)(CC=O)O)=O
Formose	G3	C(C(C(CO)O)C(C=O)O)=O
Formose	G3	C(C(C)(C(C(CO)=O)O)O)=O
Formose	G3	C(C(C)(C(C(O)=O)O)O)=O
Formose	G3	C(C(C=O)C(C(CO)O)O)=O
Formose	G3	C(C(C=O)C(CO)(CO)O)=O
Formose	G3	C(C(CC(C(CO)O)O)=O)=O
Formose	G3	C(C(CC(CO)(CO)O)=O)=O
Formose	G3	C(C(CC(CO)=O)O)(O)=O
Formose	G3	C(C(CC(CO)O)=O)(O)=O
Formose	G3	C(C(CCO)(C(C=O)O)O)=O
Formose	G3	C(C(CCO)O)(O)=O
Formose	G3	C(C(CO)(C(C(C)=O)O)O)=O
Formose	G3	C(C(CO)(C(C)O)O)(O)=O
Formose	G3	C(C(CO)(C(C)O)O)=O
Formose	G3	C(C(CO)(C(C=O)(C)O)O)=O
Formose	G3	C(C(CO)(C(C=O)O)O)=O
Formose	G3	C(C(CO)(C(CC=O)O)O)=O
Formose	G3	C(C(CO)(C(CO)O)O)O
Formose	G3	C(C(CO)(CC(CO)=O)O)=O
Formose	G3	C(C(CO)(CO)O)(O)=O
Formose	G3	C(C(CO)(CO)O)O
Formose	G3	C(C(CO)O)(C(CO)O)=O
Formose	G3	C(C)(C(C(C(CO)=O)O)O)=O
Formose	G3	C(CC(C(C(C=O)O)O)O)=O
Formose	G3	C(CC(C(C(CO)=O)O)O)=O
Formose	G3	C(CC(C(C(CO)O)O)=O)=O
Formose	G3	C(CC(C(C(CO)O)O)O)=O
Formose	G3	C(CC(C(C(O)=O)O)O)=O
Formose	G3	C(CC(C(CO)(CO)O)O)=O
Formose	G3	C(CC(C(CO)O)=O)(O)=O
Formose	G3	C(CC(C(CO)O)O)=O
Formose	G3	C(CC(C=O)O)(C(CO)O)=O
Formose	G3	C(CC(CO)(C(C=O)O)O)=O
Formose	G3	C(CC(CO)(C(CO)O)O)=O
Formose	G3	C(CC(CO)(CO)O)=O
Formose	G3	C(CO)(C(C(C)O)O)=O
Formose	G3	C(CO)(C(C(CO)O)O)=O
Formose	G3	C(CO)(C(CO)(C(C)O)O)=O
Formose	G3	C(CO)(C(CO)(CO)O)=O
Formose	G3	C1(C(C(C(CO)O1)O)O)=O
Formose	G3	C1(C(C(C(CO1)O)O)O)=O
Formose	G3	C1C(C(C(C(O)O1)O)O)O
Formose	G3	C1C(C(C(O)O1)(CO)O)O
Formose	G4	C(C(C(C(C(C)O)=O)O)O)(C)=O
Formose	G4	C(C(C(C(C(C)O)O)=O)CO)=O
Formose	G4	C(C(C(C(C(C)O)O)O)O)=O
Formose	G4	C(C(C(C(C(CO)=O)O)=C)O)=O
Formose	G4	C(C(C(C(C)O)=O)(CO)O)=O
Formose	G4	C(C(C(C(C)O)=O)O)(O)=O
Formose	G4	C(C(C(C(C)O)O)O)=O
Formose	G4	C(C(C(C(C=C)=O)O)O)(O)=O
Formose	G4	C(C(C(C(C=O)O)=C)(CO)O)=O
Formose	G4	C(C(C(C(C=O)O)=C)O)(O)=O
Formose	G4	C(C(C(C(C=O)O)O)C(C)O)=O
Formose	G4	C(C(C(C(C=O)O)O)O)=O
Formose	G4	C(C(C(C(CC(C)O)O)O)=O)=O
Formose	G4	C(C(C(C(CCO)=O)O)O)(C)=O
Formose	G4	C(C(C(C(CCO)O)=O)O)=O
Formose	G4	C(C(C(C(CCO)O)O)=O)=O
Formose	G4	C(C(C(C(CCO)O)O)O)=O
Formose	G4	C(C(C(C(CCO)O)O)O)O
Formose	G4	C(C(C(C(CO)(C)O)O)=O)=O
Formose	G4	C(C(C(C(CO)C(C)O)=O)O)=O
Formose	G4	C(C(C(C(CO)CO)=O)O)=O
Formose	G4	C(C(C(C(CO)O)=O)(C)O)=O
Formose	G4	C(C(C(C(CO)O)=O)C(C)O)=O
Formose	G4	C(C(C(C(CO)O)=O)O)=O
Formose	G4	C(C(C(C(CO)O)C(C)O)=O)=O
Formose	G4	C(C(C(C(CO)O)O)CC=O)=O
Formose	G4	C(C(C(C(CO)O)O)O)=CC=O
Formose	G4	C(C(C(C)(C(C(C)=O)O)O)O)=O
Formose	G4	C(C(C(C)(C(CCO)O)O)=O)=O
Formose	G4	C(C(C(C)(C(CO)(C)O)O)=O)=O
Formose	G4	C(C(C(C)(C(CO)O)O)=O)=O
Formose	G4	C(C(C(C)(C(CO)O)O)O)=O
Formose	G4	C(C(C(C)(CC(CO)=O)O)O)=O
Formose	G4	C(C(C(C)(CCO)O)O)=O
Formose	G4	C(C(C(C)=O)(C(C)O)O)(O)=O
Formose	G4	C(C(C(C)=O)(C(CCO)O)O)=O
Formose	G4	C(C(C(C)=O)(C(CO)(C)O)O)=O
Formose	G4	C(C(C(C)=O)(CO)O)(O)=O
Formose	G4	C(C(C(C)=O)C(C(CO)O)O)=O
Formose	G4	C(C(C(C)=O)C(CO)O)(O)=O
Formose	G4	C(C(C(C)O)(C(C(C)=O)O)O)=O
Formose	G4	C(C(C(C)O)(C(C)O)O)(O)=O
Formose	G4	C(C(C(C)O)(C(C)O)O)=O
Formose	G4	C(C(C(C)O)(C(C=O)(C)O)O)=O
Formose	G4	C(C(C(C)O)(C(C=O)O)O)=O
Formose	G4	C(C(C(C)O)(C(CCO)O)O)=O
Formose	G4	C(C(C(C)O)(C(CO)(C)O)O)=O
Formose	G4	C(C(C(C)O)(CC(CO)=O)O)=O
Formose	G4	C(C(C(C)O)(CC(O)=O)O)=O
Formose	G4	C(C(C(C)O)(CC=O)O)(O)=O
Formose	G4	C(C(C(C)O)(CCO)O)(O)=O
Formose	G4	C(C(C(C)O)(CCO)O)=O
Formose	G4	C(C(C(C)O)=O)(C(CO)O)=O
Formose	G4	C(C(C(C)O)C(C(CO)=O)O)=O
Formose	G4	C(C(C(C)O)C(C(CO)O)O)=O
Formose	G4	C(C(C(C)O)C(C(O)=O)(C)O)=O
Formose	G4	C(C(C(C)O)C(C(O)=O)O)=O
Formose	G4	C(C(C(C)O)C(C)(CO)O)=O
Formose	G4	C(C(C(C)O)C(C=O)(CO)O)=O
Formose	G4	C(C(C(C)O)C(C=O)O)(O)=O
Formose	G4	C(C(C(C)O)C(CCO)O)=O
Formose	G4	C(C(C(C)O)C(CO)(CO)O)=O
Formose	G4	C(C(C(C)O)O)(C(C(C)O)O)=O
Formose	G4	C(C(C(C)O)O)(CCO)=O
Formose	G4	C(C(C(C=C(CO)CO)=O)O)=O
Formose	G4	C(C(C(C=CC(CO)O)=O)O)=O
Formose	G4	C(C(C(C=CC=O)O)O)(O)=O
Formose	G4	C(C(C(C=CCO)=O)O)(O)=O
Formose	G4	C(C(C(C=O)=C)(C(CO)O)O)=O
Formose	G4	C(C(C(C=O)=C)(CO)O)(O)=O
Formose	G4	C(C(C(C=O)=CCO)O)(O)=O
Formose	G4	C(C(C(C=O)O)O)(C(C)O)=O
Formose	G4	C(C(C(C=O)O)O)(CC(C)O)=O
Formose	G4	C(C(C(CC(C(C)=O)O)O)O)=O
Formose	G4	C(C(C(CC(C)O)=O)(CO)O)=O
Formose	G4	C(C(C(CC(C)O)=O)O)(O)=O
Formose	G4	C(C(C(CC(C)O)O)O)(O)=O
Formose	G4	C(C(C(CC(C)O)O)O)=O
Formose	G4	C(C(C(CC(CCO)O)=O)O)=O
Formose	G4	C(C(C(CC(CO)(C)O)=O)O)=O
Formose	G4	C(C(C(CC(CO)O)O)=O)=O
Formose	G4	C(C(C(CC(CO)O)O)O)=O
Formose	G4	C(C(C(CC(O)=O)O)C(C)O)=O
Formose	G4	C(C(C(CC=O)O)(C(C)O)O)=O
Formose	G4	C(C(C(CC=O)O)(CCO)O)=O
Formose	G4	C(C(C(CC=O)O)C(CO)O)=O
Formose	G4	C(C(C(CCO)=O)(C(C)O)O)=O
Formose	G4	C(C(C(CCO)O)(CC=O)O)=O
Formose	G4	C(C(C(CCO)O)=O)(O)=O
Formose	G4	C(C(C(CCO)O)C(C=O)O)=O
Formose	G4	C(C(C(CCO)O)O)(CCO)=O
Formose	G4	C(C(C(CCO)O)O)(O)=O
Formose	G4	C(C(C(CCO)O)O)=O
Formose	G4	C(C(C(CCO)O)O)O
Formose	G4	C(C(C(CO)(C(C)O)O)=O)=O
Formose	G4	C(C(C(CO)(C(C)O)O)O)=O
Formose	G4	C(C(C(CO)(C)O)(CC=O)O)=O
Formose	G4	C(C(C(CO)(C)O)C(C=O)O)=O
Formose	G4	C(C(C(CO)(C)O)O)(CCO)=O
Formose	G4	C(C(C(CO)(C)O)O)(O)=O
Formose	G4	C(C(C(CO)(C)O)O)=O
Formose	G4	C(C(C(CO)(CCO)O)O)=O
Formose	G4	C(C(C(CO)(CCO)O)O)O
Formose	G4	C(C(C(CO)(CO)C(C)O)=O)=O
Formose	G4	C(C(C(CO)(CO)CO)=O)=O
Formose	G4	C(C(C(CO)(CO)O)=O)=O
Formose	G4	C(C(C(CO)(CO)O)CC=O)=O
Formose	G4	C(C(C(CO)=O)(CCO)O)=O
Formose	G4	C(C(C(CO)=O)(CO)C(C)O)=O
Formose	G4	C(C(C(CO)=O)(CO)CO)=O
Formose	G4	C(C(C(CO)=O)(CO)O)=O
Formose	G4	C(C(C(CO)=O)C(C)O)(O)=O
Formose	G4	C(C(C(CO)=O)C(CCO)O)=O
Formose	G4	C(C(C(CO)=O)C(CO)(C)O)=O
Formose	G4	C(C(C(CO)=O)CO)(O)=O
Formose	G4	C(C(C(CO)=O)O)(O)=O
Formose	G4	C(C(C(CO)C(C(C)=O)O)O)=O
Formose	G4	C(C(C(CO)C(C)(CO)O)=O)=O
Formose	G4	C(C(C(CO)C(C)O)=O)(O)=O
Formose	G4	C(C(C(CO)C(C)O)O)(O)=O
Formose	G4	C(C(C(CO)C(C)O)O)=O
Formose	G4	C(C(C(CO)C(C=O)O)O)=O
Formose	G4	C(C(C(CO)C(CCO)O)=O)=O
Formose	G4	C(C(C(CO)C(CO)O)O)=O
Formose	G4	C(C(C(CO)CO)(CC=O)O)=O
Formose	G4	C(C(C(CO)CO)=O)(O)=O
Formose	G4	C(C(C(CO)CO)O)(O)=O
Formose	G4	C(C(C(CO)CO)O)=O
Formose	G4	C(C(C(CO)O)(CCO)O)=O
Formose	G4	C(C(C(CO)O)=O)(CCO)=O
Formose	G4	C(C(C(CO)O)=O)(O)=O
Formose	G4	C(C(C(CO)O)C(C(C)=O)O)=O
Formose	G4	C(C(C(CO)O)C(C)(CO)O)=O
Formose	G4	C(C(C(CO)O)C(C)O)=O
Formose	G4	C(C(C(CO)O)C(C=O)(C)O)=O
Formose	G4	C(C(C(CO)O)C(CCO)O)=O
Formose	G4	C(C(C(CO)O)C(CO)O)=O
Formose	G4	C(C(C(CO)O)O)(C(C)O)=O
Formose	G4	C(C(C(CO)O)O)(CCO)=O
Formose	G4	C(C(C(CO)O)O)=C(C=O)C=O
Formose	G4	C(C(C(CO)O)O)=CC(C=O)=O
Formose	G4	C(C(C(CO)O)O)=CC=O
Formose	G4	C(C(C)(C(C(C)=O)(CO)O)O)=O
Formose	G4	C(C(C)(C(C(C)=O)O)O)(O)=O
Formose	G4	C(C(C)(C(C(C=C)=O)O)O)(O)=O
Formose	G4	C(C(C)(C(C(C=O)O)O)O)=O
Formose	G4	C(C(C)(C(C(CC=O)O)O)O)=O
Formose	G4	C(C(C)(C(C(CCO)=O)O)O)=O
Formose	G4	C(C(C)(C(C(CO)=O)CO)O)=O
Formose	G4	C(C(C)(C(C)O)O)(O)=O
Formose	G4	C(C(C)(C(C=CC=O)O)O)(O)=O
Formose	G4	C(C(C)(C(C=O)(C)O)O)(O)=O
Formose	G4	C(C(C)(C(C=O)O)O)(O)=O
Formose	G4	C(C(C)(C(CC(C)O)O)O)(O)=O
Formose	G4	C(C(C)(C(CC=O)O)O)(O)=O
Formose	G4	C(C(C)(C(CCO)O)O)(O)=O
Formose	G4	C(C(C)(C(CO)(C)O)O)(O)=O
Formose	G4	C(C(C)(C(CO)(CC=O)O)O)=O
Formose	G4	C(C(C)(C(CO)(CO)O)O)=O
Formose	G4	C(C(C)(C(CO)C(C=O)O)O)=O
Formose	G4	C(C(C)(C(CO)O)O)(O)=O
Formose	G4	C(C(C)(C(CO)O)O)=O
Formose	G4	C(C(C)(CC(C(C=O)O)O)O)=O
Formose	G4	C(C(C)(CC(C(CO)O)=O)O)=O
Formose	G4	C(C(C)(CC(C(O)=O)O)O)=O
Formose	G4	C(C(C)(CC(CO)=O)O)(O)=O
Formose	G4	C(C(C)=O)(C(C(CCO)O)O)=O
Formose	G4	C(C(C)=O)(C(C(CO)(C)O)O)=O
Formose	G4	C(C(C)=O)(C(C(CO)O)O)=O
Formose	G4	C(C(C)O)(C(C(CO)=O)O)=O
Formose	G4	C(C(C1(CC(CO1)O)O)O)=O
Formose	G4	C(C(C1C(C(CC1O)O)O)=O)=O
Formose	G4	C(C(C1C(O)OCC1O)O)=O
Formose	G4	C(C(C=C)(C(C(CO)=O)O)O)=O
Formose	G4	C(C(C=C)(C(C(CO)O)O)O)=O
Formose	G4	C(C(C=C)(C(C(O)=O)(C)O)O)=O
Formose	G4	C(C(C=C)(C(C(O)=O)O)O)=O
Formose	G4	C(C(C=C)(C(C=O)(CO)O)O)=O
Formose	G4	C(C(C=C)(C(CO)O)O)(O)=O
Formose	G4	C(C(C=C)(C(CO)O)O)=O
Formose	G4	C(C(C=C)(CO)O)(O)=O
Formose	G4	C(C(C=CC(C(CO)=O)O)O)=O
Formose	G4	C(C(C=CC=O)(C(CO)O)O)=O
Formose	G4	C(C(C=CC=O)(CO)O)(O)=O
Formose	G4	C(C(C=O)(C(CO)O)O)=O
Formose	G4	C(C(C=O)(CO)C(C)(CO)O)=O
Formose	G4	C(C(C=O)(CO)C(CCO)O)=O
Formose	G4	C(C(C=O)(CO)C(CO)O)=O
Formose	G4	C(C(C=O)(CO)O)(O)=O
Formose	G4	C(C(C=O)C(C(C(C)O)O)O)=O
Formose	G4	C(C(C=O)C(C(CCO)O)O)=O
Formose	G4	C(C(C=O)C(C)(C(CO)O)O)=O
Formose	G4	C(C(C=O)C(C)(CO)O)(O)=O
Formose	G4	C(C(C=O)C(CC(C)O)O)(O)=O
Formose	G4	C(C(C=O)C(CC(CO)O)O)=O
Formose	G4	C(C(C=O)C(CCO)O)(O)=O
Formose	G4	C(C(C=O)C(CO)(CCO)O)=O
Formose	G4	C(C(C=O)C(CO)O)(O)=O
Formose	G4	C(C(CC(C(C(C)=O)O)O)O)=O
Formose	G4	C(C(CC(C(C(C)O)O)O)=O)=O
Formose	G4	C(C(CC(C(C)=O)O)O)(O)=O
Formose	G4	C(C(CC(C(CCO)O)O)=O)=O
Formose	G4	C(C(CC(C(CO)=O)O)O)=O
Formose	G4	C(C(CC(C(CO)O)O)O)=O
Formose	G4	C(C(CC(C)(C(CO)O)O)=O)=O
Formose	G4	C(C(CC(C)(CO)O)=O)(O)=O
Formose	G4	C(C(CC(C)O)(C(C=O)O)O)=O
Formose	G4	C(C(CC(C)O)O)(O)=O
Formose	G4	C(C(CC(C=O)O)O)(O)=O
Formose	G4	C(C(CC(CC(C)O)O)=O)(O)=O
Formose	G4	C(C(CC(CC(CO)=O)O)O)=O
Formose	G4	C(C(CC(CC(CO)O)O)=O)=O
Formose	G4	C(C(CC(CCO)O)=O)(O)=O
Formose	G4	C(C(CC(CCO)O)O)=O
Formose	G4	C(C(CC(CO)(CCO)O)=O)=O
Formose	G4	C(C(CC(CO)O)(CC=O)O)=O
Formose	G4	C(C(CC(CO)O)O)(O)=O
Formose	G4	C(C(CCC(C(CO)O)O)=O)=O
Formose	G4	C(C(CCC(CO)(CO)O)=O)=O
Formose	G4	C(C(CCO)(C(C(C)=O)O)O)=O
Formose	G4	C(C(CCO)(C(C=O)(C)O)O)=O
Formose	G4	C(C(CCO)(C(CCO)O)O)=O
Formose	G4	C(C(CCO)(C(CO)(C)O)O)=O
Formose	G4	C(C(CCO)(CC(CO)=O)O)=O
Formose	G4	C(C(CCO)(CC(O)=O)O)=O
Formose	G4	C(C(CCO)(CC=O)O)(O)=O
Formose	G4	C(C(CCO)(CCO)O)=O
Formose	G4	C(C(CCO)O)(CCO)=O
Formose	G4	C(C(CCO)O)O
Formose	G4	C(C(CO)(C(C(C=C)=O)O)O)=O
Formose	G4	C(C(CO)(C(C)(CC=O)O)O)=O
Formose	G4	C(C(CO)(C(C)O)C(C=O)O)=O
Formose	G4	C(C(CO)(C(C=CC=O)O)O)=O
Formose	G4	C(C(CO)(C(CC(C)O)O)O)=O
Formose	G4	C(C(CO)(C(CCO)O)O)=O
Formose	G4	C(C(CO)(C(CCO)O)O)O
Formose	G4	C(C(CO)(C(CO)(C)O)O)=O
Formose	G4	C(C(CO)(C(CO)O)O)=CC=O
Formose	G4	C(C(CO)(C)O)(O)=O
Formose	G4	C(C(CO)(CC(C=O)O)O)=O
Formose	G4	C(C(CO)(CC(CC=O)O)O)=O
Formose	G4	C(C(CO)(CC(O)=O)O)=O
Formose	G4	C(C(CO)(CC=O)O)(CCO)=O
Formose	G4	C(C(CO)(CC=O)O)(O)=O
Formose	G4	C(C(CO)(CCO)O)(O)=O
Formose	G4	C(C(CO)(CCO)O)=O
Formose	G4	C(C(CO)(CCO)O)O
Formose	G4	C(C(CO)(CO)C(C=O)O)=O
Formose	G4	C(C(CO)(CO)O)=CC=O
Formose	G4	C(C(CO)=O)(C(CO)CO)=O
Formose	G4	C(C(CO)=O)(C(CO)O)=O
Formose	G4	C(C(CO)=O)(CC(CCO)O)=O
Formose	G4	C(C(CO)=O)(CC(CO)(C)O)=O
Formose	G4	C(C(CO)=O)(CC(CO)O)=O
Formose	G4	C(C(CO)C(C(C(C)=O)O)O)=O
Formose	G4	C(C(CO)C(C(C(C)O)=O)O)=O
Formose	G4	C(C(CO)C(C(C(C)O)O)O)=O
Formose	G4	C(C(CO)C(C(C)=O)(CO)O)=O
Formose	G4	C(C(CO)C(C(C=O)CO)O)=O
Formose	G4	C(C(CO)C(C(C=O)O)O)=O
Formose	G4	C(C(CO)C(C(CC=O)O)O)=O
Formose	G4	C(C(CO)C(C(CCO)=O)O)=O
Formose	G4	C(C(CO)C(C(CCO)O)O)=O
Formose	G4	C(C(CO)C(C(CO)=O)(C)O)=O
Formose	G4	C(C(CO)C(C(CO)=O)O)=O
Formose	G4	C(C(CO)C(C(CO)O)O)=O
Formose	G4	C(C(CO)C(C(O)=O)(C)O)=O
Formose	G4	C(C(CO)C(C(O)=O)O)=O
Formose	G4	C(C(CO)C(C)(C(C=O)O)O)=O
Formose	G4	C(C(CO)C(C)(C(CO)O)O)=O
Formose	G4	C(C(CO)C(C)(CO)O)=O
Formose	G4	C(C(CO)C(C=O)(C(C)O)O)=O
Formose	G4	C(C(CO)C(C=O)(CCO)O)=O
Formose	G4	C(C(CO)C(C=O)(CO)O)=O
Formose	G4	C(C(CO)C(C=O)O)(O)=O
Formose	G4	C(C(CO)C(CC(C)O)O)=O
Formose	G4	C(C(CO)C(CC(C=O)O)O)=O
Formose	G4	C(C(CO)C(CC(CO)=O)O)=O
Formose	G4	C(C(CO)C(CC(CO)O)O)=O
Formose	G4	C(C(CO)C(CC(O)=O)O)=O
Formose	G4	C(C(CO)C(CCO)O)=O
Formose	G4	C(C(CO)C(CO)(CC=O)O)=O
Formose	G4	C(C(CO)C(CO)(CCO)O)=O
Formose	G4	C(C(CO)C(CO)(CO)O)=O
Formose	G4	C(C(CO)C(CO)O)=O
Formose	G4	C(C(CO)C1(C(O)OCC1)O)=O
Formose	G4	C(C(CO)C1(COC(C1)O)O)=O
Formose	G4	C(C(CO)C1(COCC1O)O)=O
Formose	G4	C(C(CO)O)(C(C(C)=O)O)=O
Formose	G4	C(C(CO)O)(C(C(C=O)=C)O)=O
Formose	G4	C(C(CO)O)(C(C)O)=O
Formose	G4	C(C(CO)O)(C(C=C)O)=O
Formose	G4	C(C(CO)O)(C(C=CC=O)O)=O
Formose	G4	C(C(CO)O)(C(CO)CO)=O
Formose	G4	C(C(CO)O)(CC(C)O)=O
Formose	G4	C(C(CO)O)(CC(CCO)O)=O
Formose	G4	C(C(CO)O)(CC(CO)(C)O)=O
Formose	G4	C(C(CO)O)(CC(CO)=O)=O
Formose	G4	C(C(CO)O)(CC(CO)O)=O
Formose	G4	C(C(CO)O)(CCO)=O
Formose	G4	C(C)(C(C(C(C(C)=O)O)O)O)=O
Formose	G4	C(C)(C(C(C(C(C)O)O)O)O)=O
Formose	G4	C(C)(C(C(C(CCO)O)O)O)=O
Formose	G4	C(C)(C(C(C(CO)O)O)O)=O
Formose	G4	C(C)(C(C(C)(C(CO)O)O)O)=O
Formose	G4	C(C)(C(C(C)O)(C(C=O)O)O)=O
Formose	G4	C(C)(C(C(CC(C)O)O)O)=O
Formose	G4	C(C)(C(C(CC(CO)=O)O)O)=O
Formose	G4	C(C)(C(C(CC(CO)O)O)O)=O
Formose	G4	C(C)(C(C(CCO)O)O)=O
Formose	G4	C(C)(C(C(CO)(C)O)O)=O
Formose	G4	C(C)(C(C(CO)(CCO)O)O)=O
Formose	G4	C(C)(C(C(CO)(CO)O)O)=O
Formose	G4	C(C)(C(C(CO)=O)(CO)O)=O
Formose	G4	C(C)(C(C(CO)O)(CC=O)O)=O
Formose	G4	C(C)(C(C(CO)O)O)=O
Formose	G4	C(C)(C(CO)(C(C(C)=O)O)O)=O
Formose	G4	C(C)(C(CO)(C(C)O)O)=O
Formose	G4	C(C)(C(CO)(C(C=O)O)O)=O
Formose	G4	C(C)(C(CO)(C(CCO)O)O)=O
Formose	G4	C(C)(C(CO)(C(CO)(C)O)O)=O
Formose	G4	C(C)(C(CO)(C(CO)O)O)=O
Formose	G4	C(C)(C(CO)(CC(CO)=O)O)=O
Formose	G4	C(C)(C(CO)(CO)O)=O
Formose	G4	C(C)(C1(C(C(C(C1)=O)O)O)O)=O
Formose	G4	C(C)(C1(C(CC(C1O)=O)O)O)=O
Formose	G4	C(C)(C1(C(O)OCC1O)O)=O
Formose	G4	C(C)(C1C(C(C(O1)O)O)O)=O
Formose	G4	C(C1(C(C(C(C1)=O)O)O)O)=O
Formose	G4	C(C1(C(C(C(C1)O)O)O)O)=O
Formose	G4	C(C1(C(C(CC1O)O)O)O)=O
Formose	G4	C(C1(C(C(CO1)O)O)O)=O
Formose	G4	C(C1(C(C)(CC(C1O)=O)O)O)=O
Formose	G4	C(C1(C(C)(O)OCC1O)O)=O
Formose	G4	C(C1(C(CC(C)(C1O)O)=O)O)=O
Formose	G4	C(C1(C(CC(C1(C)O)O)=O)O)=O
Formose	G4	C(C1(C(CC(C1)O)O)O)=O
Formose	G4	C(C1(C(CC(C1O)=O)O)O)=O
Formose	G4	C(C1(C(CC(C1O)O)=O)O)=O
Formose	G4	C(C1(C(CC(CC1O)O)=O)O)=O
Formose	G4	C(C1(C(CO)C(C(C1)=O)O)O)=O
Formose	G4	C(C1(C(CO)C(CO1)O)O)=O
Formose	G4	C(C1(C(CO)OC(C1)O)O)=O
Formose	G4	C(C1(C=O)C(C(CC1O)O)O)=O
Formose	G4	C(C1(CC(C(C(C1)=O)O)O)O)=O
Formose	G4	C(C1(CC(C(CO)O1)O)O)=O
Formose	G4	C(C1(CC(C(CO1)O)O)O)=O
Formose	G4	C(C1(CC(CC(C1O)=O)O)O)=O
Formose	G4	C(C1(CC(CC1(C=O)O)O)O)=O
Formose	G4	C(C1(CC(CO)(CO1)O)O)=O
Formose	G4	C(C1(CC(CO1)O)O)(O)=O
Formose	G4	C(C1(CC(O)OC1CO)O)O
Formose	G4	C(C1(COC(C)(C1O)O)O)=O
Formose	G4	C(C1(COC(C1(C)O)O)O)=O
Formose	G4	C(C1(COC(C1O)O)O)=O
Formose	G4	C(C1(COC(CO)(C1)O)O)=O
Formose	G4	C(C1C(C(C(C)(C1O)O)O)=O)=O
Formose	G4	C(C1C(C(C(C)(O1)O)O)O)=O
Formose	G4	C(C1C(C(C(C1(C)O)O)O)=O)=O
Formose	G4	C(C1C(C(C(C1O)=O)CO)O)=O
Formose	G4	C(C1C(C(C(C1O)O)O)=O)=O
Formose	G4	C(C1C(C(C(C1O)O)O)O)=O
Formose	G4	C(C1C(C(C(CC1O)O)O)=O)=O
Formose	G4	C(C1C(C(C=O)(CC1O)O)O)=O
Formose	G4	C(C1C(C(C=O)C(C1O)O)O)=O
Formose	G4	C(C1C(C(CC(C1O)=O)O)O)=O
Formose	G4	C(C1C(C(CC1(C=O)O)O)O)=O
Formose	G4	C(C1C(C(CC1O)O)O)=O
Formose	G4	C(C1C(C(O)OCC1O)O)=O
Formose	G4	C(C1C(CC(C(C1O)O)=O)O)=O
Formose	G4	C(C1C(CC(C1(C=O)O)O)O)=O
Formose	G4	C(C1C(CC(CO)(O1)O)O)=O
Formose	G4	C(C1C(CO)(CC(C1O)=O)O)=O
Formose	G4	C(C1C(CO)(CC(O1)O)O)=O
Formose	G4	C(C1C(CO)(O)OCC1O)=O
Formose	G4	C(C1C(CO)OC(C1O)O)=O
Formose	G4	C(C1C(O)OC(CO)C1O)=O
Formose	G4	C(C1C(O)OCC(C1O)O)=O
Formose	G4	C(C1C(O)OCC1(CO)O)=O
Formose	G4	C(C=C(C=O)C(C(CO)O)O)=O
Formose	G4	C(C=CC(C(CO)O)=O)(O)=O
Formose	G4	C(CC(C(C(C(C)=O)O)O)O)=O
Formose	G4	C(CC(C(C(C)=O)(CO)O)O)=O
Formose	G4	C(CC(C(C(C)=O)O)O)(O)=O
Formose	G4	C(CC(C(C(C)O)=O)O)(CO)=O
Formose	G4	C(CC(C(C(C)O)O)=O)(O)=O
Formose	G4	C(CC(C(C(C)O)O)O)=O
Formose	G4	C(CC(C(C(CC=O)O)O)O)=O
Formose	G4	C(CC(C(C(CCO)=O)O)O)=O
Formose	G4	C(CC(C(C(CCO)O)O)=O)=O
Formose	G4	C(CC(C(C(CO)(C)O)O)=O)=O
Formose	G4	C(CC(C(C(CO)=O)CO)O)=O
Formose	G4	C(CC(C(C(CO)CO)=O)O)=O
Formose	G4	C(CC(C(C(CO)O)=O)O)=O
Formose	G4	C(CC(C(C)(C(C=O)O)O)O)=O
Formose	G4	C(CC(C(C)=O)O)(C(CO)O)=O
Formose	G4	C(CC(C(C=O)O)O)(O)=O
Formose	G4	C(CC(C(CC(CO)=O)O)O)=O
Formose	G4	C(CC(C(CC(CO)O)=O)O)=O
Formose	G4	C(CC(C(CC=O)O)O)(O)=O
Formose	G4	C(CC(C(CCO)=O)O)(CO)=O
Formose	G4	C(CC(C(CCO)=O)O)(O)=O
Formose	G4	C(CC(C(CCO)O)O)=O
Formose	G4	C(CC(C(CO)(C(C)O)O)=O)=O
Formose	G4	C(CC(C(CO)(C(C)O)O)O)=O
Formose	G4	C(CC(C(CO)(CC=O)O)O)=O
Formose	G4	C(CC(C(CO)(CO)O)=O)=O
Formose	G4	C(CC(C(CO)=O)O)(O)=O
Formose	G4	C(CC(C(CO)C(C=O)O)O)=O
Formose	G4	C(CC(C(CO)C(CO)O)=O)=O
Formose	G4	C(CC(C(CO)O)(CC=O)O)=O
Formose	G4	C(CC(C(CO)O)O)(O)=O
Formose	G4	C(CC(C(O)=O)O)(O)=O
Formose	G4	C(CC(C)(C(C(C=O)O)O)O)=O
Formose	G4	C(CC(C)(C(C(O)=O)O)O)=O
Formose	G4	C(CC(C)(C(C=O)O)O)(O)=O
Formose	G4	C(CC(C)(C(CO)O)O)=O
Formose	G4	C(CC(C=O)O)(C(C(C)O)O)=O
Formose	G4	C(CC(CC(C(C=O)O)O)O)=O
Formose	G4	C(CC(CC(C(CO)O)=O)O)=O
Formose	G4	C(CC(CC(C(CO)O)O)=O)=O
Formose	G4	C(CC(CC(C(CO)O)O)O)=O
Formose	G4	C(CC(CC(C(O)=O)O)O)=O
Formose	G4	C(CC(CC(C=O)O)O)(O)=O
Formose	G4	C(CC(CC(CO)(CO)O)O)=O
Formose	G4	C(CC(CC(CO)=O)O)(O)=O
Formose	G4	C(CC(CC(CO)O)O)=O
Formose	G4	C(CC(CCO)(C(C=O)O)O)=O
Formose	G4	C(CC(CO)(C(C(C)=O)O)O)=O
Formose	G4	C(CC(CO)(C(C(C)O)O)O)=O
Formose	G4	C(CC(CO)(C(C)O)O)=O
Formose	G4	C(CC(CO)(CC(C=O)O)O)=O
Formose	G4	C(CC(CO)(CC(CO)=O)O)=O
Formose	G4	C(CC(CO)(CC=O)O)(O)=O
Formose	G4	C(CC(CO)(CCO)O)=O
Formose	G4	C(CC(CO)(CO)O)(O)=O
Formose	G4	C(CC(CO)O)(O)=O
Formose	G4	C(CC1(C(C(C(C1)=O)O)O)O)=O
Formose	G4	C(CC1(C(C(CO1)O)O)O)=O
Formose	G4	C(CC1(C(CC(C1O)=O)O)O)=O
Formose	G4	C(CC1(C(O)OCC1O)O)=O
Formose	G4	C(CC1(COC(C1O)O)O)=O
Formose	G4	C(CCC=O)(C(C(CO)O)O)=O
Formose	G4	C(CCO)(C(C(CO)=O)O)=O
Formose	G4	C(CCO)(C(CO)(CO)O)=O
Formose	G4	C(CO)(C(C(C(C)O)O)O)=O
Formose	G4	C(CO)(C(C(C(C=C)=O)O)O)=O
Formose	G4	C(CO)(C(C(C)O)(C(C)O)O)=O
Formose	G4	C(CO)(C(C(C)O)C(C=O)O)=O
Formose	G4	C(CO)(C(C(C=CC=O)O)O)=O
Formose	G4	C(CO)(C(C(C=O)=C)(CO)O)=O
Formose	G4	C(CO)(C(C(C=O)=CCO)O)=O
Formose	G4	C(CO)(C(C(CC(C)O)O)O)=O
Formose	G4	C(CO)(C(C(CCO)O)O)=O
Formose	G4	C(CO)(C(C(CO)(C)O)O)=O
Formose	G4	C(CO)(C(C(CO)=CC=O)O)=O
Formose	G4	C(CO)(C(C(CO)=O)CO)=O
Formose	G4	C(CO)(C(C(CO)=O)O)=O
Formose	G4	C(CO)(C(C)(C(C(C)=O)O)O)=O
Formose	G4	C(CO)(C(C)(C(C=O)O)O)=O
Formose	G4	C(CO)(C(C)(CC(CO)=O)O)=O
Formose	G4	C(CO)(C(C=C)(CO)O)=O
Formose	G4	C(CO)(C(C=CC(CO)=O)O)=O
Formose	G4	C(CO)(C(C=CC=O)(CO)O)=O
Formose	G4	C(CO)(C(CC(CO)=O)O)=O
Formose	G4	C(CO)(C(CO)(CC=O)O)=O
Formose	G4	C(CO)(C(CO)C(C(C)=O)O)=O
Formose	G4	C(CO)(C(CO)C(C)O)=O
Formose	G4	C(CO)(C(CO)C(C=O)O)=O
Formose	G4	C(CO)(C(CO)C(CCO)O)=O
Formose	G4	C(CO)(C(CO)C(CO)(C)O)=O
Formose	G4	C(CO)(C(CO)C(CO)O)=O
Formose	G4	C(CO)(C(CO)CO)=O
Formose	G4	C(CO)(C1C(CC(C1O)=O)O)=O
Formose	G4	C(CO)(C1C(O)OCC1O)=O
Formose	G4	C(CO)(CC(C(C(C)O)O)O)=O
Formose	G4	C(CO)(CC(C(CCO)O)O)=O
Formose	G4	C(CO)(CC(C(CO)O)O)=O
Formose	G4	C(CO)(CC(C)(C(CO)O)O)=O
Formose	G4	C(CO)(CC(CC(C)O)O)=O
Formose	G4	C(CO)(CC(CC(CO)=O)O)=O
Formose	G4	C(CO)(CC(CC(CO)O)O)=O
Formose	G4	C(CO)(CC(CCO)O)=O
Formose	G4	C(CO)(CC(CO)(C)O)=O
Formose	G4	C(CO)(CC(CO)(CCO)O)=O
Formose	G4	C(CO)(CC(CO)(CO)O)=O
Formose	G4	C(CO)(CC(CO)O)=O
Formose	G4	C(CO)(CC1(COC(C1)O)O)=O
Formose	G4	C1(C(C(C(C(C1)O)=O)CO)O)=O
Formose	G4	C1(C(C(C(C(C1)O)O)O)O)=O
Formose	G4	C1(C(C(C(C)(C1O)O)O)O)=O
Formose	G4	C1(C(C(C(C1)O)(CO)O)O)=O
Formose	G4	C1(C(C(C(C1)O)C(C=O)O)O)=O
Formose	G4	C1(C(C(C(C1)O)O)O)=O
Formose	G4	C1(C(C(C(C1CO)O)O)O)=O
Formose	G4	C1(C(C(C(C1O)O)O)O)=O
Formose	G4	C1(C(C(C(CC(C1)O)=O)O)O)=O
Formose	G4	C1(C(C(C(CO)(C1)O)O)O)=O
Formose	G4	C1(C(C(C(O)OCC1)O)O)=O
Formose	G4	C1(C(C(C)O)(C(CO1)O)O)=O
Formose	G4	C1(C(C(CC(C1)O)O)O)=O
Formose	G4	C1(C(C(CC(C1O)O)O)O)=O
Formose	G4	C1(C(C(CCO)O)(O)OCC1)=O
Formose	G4	C1(C(C(CCO)O)OC(C1)O)=O
Formose	G4	C1(C(C(CCO)O)OCC1O)=O
Formose	G4	C1(C(C(CO)(C)O)(O)OCC1)=O
Formose	G4	C1(C(C(CO)(C)O)OC(C1)O)=O
Formose	G4	C1(C(C(CO)(C)O)OCC1O)=O
Formose	G4	C1(C(C(CO)(CO1)O)O)=O
Formose	G4	C1(C(C(CO)O)(O)OCC1)=O
Formose	G4	C1(C(C(CO)O)C(CO1)O)=O
Formose	G4	C1(C(C(CO)O)OC(C1)O)=O
Formose	G4	C1(C(C(CO)O)OCC1O)=O
Formose	G4	C1(C(C(CO)OC(C1)O)O)=O
Formose	G4	C1(C(C(CO1)O)C(C)(CO)O)=O
Formose	G4	C1(C(C(CO1)O)C(CCO)O)=O
Formose	G4	C1(C(C(COC(C1)O)O)O)=O
Formose	G4	C1(C(C(O)OC(CO)C1)O)=O
Formose	G4	C1(C(C(O)OCC(C1)O)O)=O
Formose	G4	C1(C(CC(C(C=O)O)(C1)O)O)=O
Formose	G4	C1(C(CC(C1CO)O)O)=O
Formose	G4	C1(C(CO)(C(CO1)O)O)=O
Formose	G4	C1(C(CO)C(C(CO)O1)O)=O
Formose	G4	C1(C(CO)C(C(CO1)O)O)=O
Formose	G4	C1(C(CO)C(C=O)(CC1O)O)=O
Formose	G4	C1(C(CO)OC(C(C1)O)O)=O
Formose	G4	C1(C(CO)OC(C1CO)O)=O
Formose	G4	C1(C(COC(C(C1)O)O)O)=O
Formose	G4	C1(C(COC(C1CO)O)O)=O
Formose	G4	C1(C(O)OC(C(CO)O)C1)=O
Formose	G4	C1(C(O)OC(CO)(CO)C1)=O
Formose	G4	C1(C(O)OC(CO)C(C1)O)=O
Formose	G4	C1(C(O)OC(CO)C1CO)=O
Formose	G4	C1(C(O)OC(CO)C1O)=O
Formose	G4	C1(C(O)OCC(C(C1)O)O)=O
Formose	G4	C1(C(O)OCC(C1CO)O)=O
Formose	G4	C1(C(O)OCC(C1O)O)=O
Formose	G4	C1(C(O)OCC(CO)(C1)O)=O
Formose	G4	C1(C(O)OCC1C(CCO)O)=O
Formose	G4	C1(C(O)OCC1C(CO)(C)O)=O
Formose	G4	C1(C(O)OCC1C(CO)O)=O
Formose	G4	C1(CC(C(C(CO)O)O1)O)=O
Formose	G4	C1(CC(C(C(CO)O1)O)O)=O
Formose	G4	C1(CC(C(C(CO1)O)O)O)=O
Formose	G4	C1(CC(C(C1(CO)O)O)O)=O
Formose	G4	C1(CC(C(CC(C1O)O)=O)O)=O
Formose	G4	C1(CCOC(C1(CO)O)O)=O
Formose	G4	C1(COC(C(C(C1)O)O)O)=O
Formose	G4	C1(COC(C(C)(C1O)O)O)=O
Formose	G4	C1(COC(C(C1O)O)O)=O
Formose	G4	C1(COC(C(CO)(C1)O)O)=O
Formose	G4	C1(COC(C(CO)O)C1O)=O
Formose	G4	C1(COC(C)(C(C1O)O)O)=O
Formose	G4	C1(COC(C1C(CCO)O)O)=O
Formose	G4	C1(COC(C1C(CO)(C)O)O)=O
Formose	G4	C1(COC(C1C(CO)O)O)=O
Formose	G4	C1(COC(CC(C1O)O)O)=O
Formose	G4	C1(COC(CO)C(C1O)O)=O
Formose	G4	C1(COCC(C(C1O)O)O)=O
Formose	G4	C1(COCC1(C(CCO)O)O)=O
Formose	G4	C1(COCC1(C(CO)(C)O)O)=O
Formose	G4	C1(COCC1(C(CO)O)O)=O
Formose	G4	C1C(C(C(CO)(O)O1)O)O
Formose	G4	C1C(C(C(O)O1)(C(C)O)O)O
Formose	G4	C1C(CO)(C(C(O)O1)O)O
Formose	G4	C=C(C(C=O)=O)C(C(CO)O)O
Formose	G4	C=C(C(C=O)=O)C(CO)(CO)O
Formose	G4	CC(C(CO)(C(CO)O)O)O
Formose	G4	CC(C(CO)(CO)O)O
Formose	G4	CC(C(CO)O)O
Formose	G5	C(C(C(C(C(C)=O)CO)O)O)=O
Formose	G5	C(C(C(C(C(C)=O)O)=C)O)(O)=O
Formose	G5	C(C(C(C(C(C)O)=C)=O)O)(O)=O
Formose	G5	C(C(C(C(C(C)O)O)=O)(C)O)=O
Formose	G5	C(C(C(C(C(C)O)O)=O)C)(O)=O
Formose	G5	C(C(C(C(C(C)O)O)=O)O)=O
Formose	G5	C(C(C(C(C(C)O)O)O)=O)=O
Formose	G5	C(C(C(C(C(C=C)=O)O)O)O)=O
Formose	G5	C(C(C(C(C(C=C)O)=O)O)O)=O
Formose	G5	C(C(C(C(C(C=C)O)O)=O)O)=O
Formose	G5	C(C(C(C(C(C=O)=C)O)O)O)=O
Formose	G5	C(C(C(C(C(C=O)O)O)=C)O)=O
Formose	G5	C(C(C(C(C(CO)=C)=O)O)O)=O
Formose	G5	C(C(C(C(C(CO)=O)=C)O)O)=O
Formose	G5	C(C(C(C(C(CO)O)=C)=O)O)=O
Formose	G5	C(C(C(C(C(CO)O)=O)=C)O)=O
Formose	G5	C(C(C(C(C(CO)O)O)=C)O)=O
Formose	G5	C(C(C(C(C(O)=O)=C)(C)O)O)=O
Formose	G5	C(C(C(C(C(O)=O)=O)O)O)=CC
Formose	G5	C(C(C(C(C(O)=O)O)=C)(C)O)=O
Formose	G5	C(C(C(C(C(O)=O)O)=C)CO)=O
Formose	G5	C(C(C(C(C)(C(C)O)O)=O)O)=O
Formose	G5	C(C(C(C(C)(CCO)O)O)O)=O
Formose	G5	C(C(C(C(C)=CC=O)O)O)(O)=O
Formose	G5	C(C(C(C(C)=O)(C=C)O)O)(O)=O
Formose	G5	C(C(C(C(C)O)(C(C)O)O)=O)=O
Formose	G5	C(C(C(C(C)O)(C(C)O)O)O)=O
Formose	G5	C(C(C(C(C)O)(CCO)O)=O)=O
Formose	G5	C(C(C(C(C)O)=C)O)(O)=O
Formose	G5	C(C(C(C(C)O)=O)(C(C)O)O)=O
Formose	G5	C(C(C(C(C)O)=O)(C)O)(O)=O
Formose	G5	C(C(C(C(C)O)=O)(CCO)O)=O
Formose	G5	C(C(C(C(C)O)=O)C(CO)O)=O
Formose	G5	C(C(C(C(C)O)C(C)O)=O)(O)=O
Formose	G5	C(C(C(C(C)O)C(C)O)O)(O)=O
Formose	G5	C(C(C(C(C)O)O)(CC=O)O)=O
Formose	G5	C(C(C(C(C)O)O)=O)(CCO)=O
Formose	G5	C(C(C(C(C)O)O)=O)(O)=O
Formose	G5	C(C(C(C(C)O)O)C(C=O)O)=O
Formose	G5	C(C(C(C(C)O)O)O)(C(C)O)=O
Formose	G5	C(C(C(C(C)O)O)O)(CCO)=O
Formose	G5	C(C(C(C(C)O)O)O)(O)=O
Formose	G5	C(C(C(C(C=C)(CO)O)O)O)=O
Formose	G5	C(C(C(C(C=C)=O)(CO)O)O)=O
Formose	G5	C(C(C(C(C=C)O)=O)(C)O)(O)=O
Formose	G5	C(C(C(C(C=C)O)=O)(CO)O)=O
Formose	G5	C(C(C(C(C=C)O)=O)O)(O)=O
Formose	G5	C(C(C(C(C=C)O)O)O)(O)=O
Formose	G5	C(C(C(C(C=C)O)O)O)=O
Formose	G5	C(C(C(C(C=CC)=O)O)O)(O)=O
Formose	G5	C(C(C(C(C=CC=O)O)O)O)=O
Formose	G5	C(C(C(C(C=CCO)=O)O)O)=O
Formose	G5	C(C(C(C(C=O)=C)(C)O)O)(O)=O
Formose	G5	C(C(C(C(C=O)=C)(CO)O)O)=O
Formose	G5	C(C(C(C(C=O)=C)CO)O)(O)=O
Formose	G5	C(C(C(C(C=O)=C)O)O)(O)=O
Formose	G5	C(C(C(C(C=O)=CC)O)O)(O)=O
Formose	G5	C(C(C(C(C=O)=CCO)O)O)=O
Formose	G5	C(C(C(C(C=O)=O)O)O)=CCO
Formose	G5	C(C(C(C(C=O)O)=C)(C)O)(O)=O
Formose	G5	C(C(C(C(C=O)O)O)CCO)=O
Formose	G5	C(C(C(C(CC(C)O)O)=O)O)=O
Formose	G5	C(C(C(C(CC(C)O)O)O)O)=O
Formose	G5	C(C(C(C(CC)=O)O)O)(CO)=O
Formose	G5	C(C(C(C(CC=C)=O)O)O)(O)=O
Formose	G5	C(C(C(C(CC=O)O)=C)O)(O)=O
Formose	G5	C(C(C(C(CCO)O)=O)(C)O)=O
Formose	G5	C(C(C(C(CCO)O)=O)C)(O)=O
Formose	G5	C(C(C(C(CCO)O)=O)CO)=O
Formose	G5	C(C(C(C(CO)(C)O)=O)O)=O
Formose	G5	C(C(C(C(CO)(C)O)O)O)=O
Formose	G5	C(C(C(C(CO)(CO)O)=C)O)=O
Formose	G5	C(C(C(C(CO)=C)=O)(CO)O)=O
Formose	G5	C(C(C(C(CO)=C)=O)O)(O)=O
Formose	G5	C(C(C(C(CO)=CC)=O)O)(O)=O
Formose	G5	C(C(C(C(CO)=CC=O)O)O)=O
Formose	G5	C(C(C(C(CO)=CCO)=O)O)=O
Formose	G5	C(C(C(C(CO)=O)(C=C)O)O)=O
Formose	G5	C(C(C(C(CO)=O)=C)(C)O)(O)=O
Formose	G5	C(C(C(C(CO)=O)=C)(CO)O)=O
Formose	G5	C(C(C(C(CO)=O)=C)O)(O)=O
Formose	G5	C(C(C(C(CO)=O)C=C)O)(O)=O
Formose	G5	C(C(C(C(CO)C(C)O)O)=O)=O
Formose	G5	C(C(C(C(CO)C(C)O)O)O)=O
Formose	G5	C(C(C(C(CO)CO)=O)CO)=O
Formose	G5	C(C(C(C(CO)CO)O)=O)=O
Formose	G5	C(C(C(C(CO)CO)O)O)=O
Formose	G5	C(C(C(C(CO)O)=C)(C)O)(O)=O
Formose	G5	C(C(C(C(CO)O)=C)(CO)O)=O
Formose	G5	C(C(C(C(CO)O)=C)CO)=O
Formose	G5	C(C(C(C(CO)O)=C)O)(O)=O
Formose	G5	C(C(C(C(CO)O)=C)O)=O
Formose	G5	C(C(C(C(CO)O)=O)(C=C)O)=O
Formose	G5	C(C(C(C(CO)O)=O)C)(O)=O
Formose	G5	C(C(C(C(CO)O)=O)C=C)(O)=O
Formose	G5	C(C(C(C(CO)O)=O)CCO)=O
Formose	G5	C(C(C(C(CO)O)O)=O)(CC)=O
Formose	G5	C(C(C(C(CO)O)O)O)=CCO
Formose	G5	C(C(C(C(O)=O)=C)(C(C)O)O)=O
Formose	G5	C(C(C(C(O)=O)=C)(C)O)(O)=O
Formose	G5	C(C(C(C(O)=O)=C)(CCO)O)=O
Formose	G5	C(C(C(C(O)=O)=C)(CO)O)=O
Formose	G5	C(C(C(C(O)=O)=C)C(CO)O)=O
Formose	G5	C(C(C(C(O)=O)=C)O)(O)=O
Formose	G5	C(C(C(C(O)=O)=CCO)CO)=O
Formose	G5	C(C(C(C(O)=O)=O)CO)=CCO
Formose	G5	C(C(C(C(O)=O)=O)O)=CCO
Formose	G5	C(C(C(C(O)=O)O)O)(CC)=O
Formose	G5	C(C(C(C)(C(C(C)O)O)O)=O)=O
Formose	G5	C(C(C(C)(C(C(C)O)O)O)O)=O
Formose	G5	C(C(C(C)(C(C)O)O)=O)(O)=O
Formose	G5	C(C(C(C)(C(C)O)O)O)(O)=O
Formose	G5	C(C(C(C)(C(CCO)O)O)O)=O
Formose	G5	C(C(C(C)(C(CO)CO)O)O)=O
Formose	G5	C(C(C(C)(CCO)O)O)(O)=O
Formose	G5	C(C(C(C)=CC(CO)=O)O)(O)=O
Formose	G5	C(C(C(C)=O)(C(C(C)O)O)O)=O
Formose	G5	C(C(C(C)=O)(C(C=C)O)O)(O)=O
Formose	G5	C(C(C(C)=O)(C(CO)=C)O)(O)=O
Formose	G5	C(C(C(C)=O)(C(CO)CO)O)=O
Formose	G5	C(C(C(C)=O)(C=CCO)O)(O)=O
Formose	G5	C(C(C(C)=O)(CCO)O)(O)=O
Formose	G5	C(C(C(C)=O)(CO)C(C)O)(O)=O
Formose	G5	C(C(C(C)=O)(CO)C(CO)O)=O
Formose	G5	C(C(C(C)=O)(CO)CO)(O)=O
Formose	G5	C(C(C(C)=O)C(C(C)O)O)(O)=O
Formose	G5	C(C(C(C)=O)C(C)(CO)O)(O)=O
Formose	G5	C(C(C(C)=O)C(CCO)O)(O)=O
Formose	G5	C(C(C(C)=O)C(CO)(CO)O)=O
Formose	G5	C(C(C(C)C(C(C)O)O)=O)(O)=O
Formose	G5	C(C(C(C)C(C(CO)O)O)=O)=O
Formose	G5	C(C(C(C)C(C)(CO)O)=O)(O)=O
Formose	G5	C(C(C(C)C(C=O)O)O)(O)=O
Formose	G5	C(C(C(C)C(CCO)O)=O)(O)=O
Formose	G5	C(C(C(C)C(CO)(CO)O)=O)=O
Formose	G5	C(C(C(C)C(CO)O)=O)(O)=O
Formose	G5	C(C(C(C)O)(C(C(C)O)O)O)=O
Formose	G5	C(C(C(C)O)(C(C=C)O)O)(O)=O
Formose	G5	C(C(C(C)O)(C(C=C)O)O)=O
Formose	G5	C(C(C(C)O)(C(CO)CO)O)=O
Formose	G5	C(C(C(C)O)(CC(C)O)O)(O)=O
Formose	G5	C(C(C(C)O)=O)(C(C(C)O)O)=O
Formose	G5	C(C(C(C)O)=O)(C(CCO)O)=O
Formose	G5	C(C(C(C)O)=O)(C(CO)(C)O)=O
Formose	G5	C(C(C(C)O)C(C(C)=O)O)(O)=O
Formose	G5	C(C(C(C)O)C(C(C)O)O)(O)=O
Formose	G5	C(C(C(C)O)C(C(C)O)O)=O
Formose	G5	C(C(C(C)O)C(C)(CO)O)(O)=O
Formose	G5	C(C(C(C)O)C(C)O)(O)=O
Formose	G5	C(C(C(C)O)C(C=C)O)(O)=O
Formose	G5	C(C(C(C)O)C(C=O)(C)O)(O)=O
Formose	G5	C(C(C(C)O)C(CCO)O)(O)=O
Formose	G5	C(C(C(C)O)CC(CO)=O)(O)=O
Formose	G5	C(C(C(C)O)O)(C(C(C)=O)O)=O
Formose	G5	C(C(C(C)O)O)(C(C)O)=O
Formose	G5	C(C(C(C)O)O)(C(C=C)O)=O
Formose	G5	C(C(C(C)O)O)(C(CO)CO)=O
Formose	G5	C(C(C(C)O)O)(CC(C)O)=O
Formose	G5	C(C(C(C)O)O)(CC(CO)=O)=O
Formose	G5	C(C(C(C)O)O)(CC(CO)O)=O
Formose	G5	C(C(C(C)O)O)=CC(C(O)=O)=O
Formose	G5	C(C(C(C=C(C=O)C)O)O)(O)=O
Formose	G5	C(C(C(C=C(C=O)CO)O)O)=O
Formose	G5	C(C(C(C=C(CO)C)=O)O)(O)=O
Formose	G5	C(C(C(C=C(CO)CO)O)O)=O
Formose	G5	C(C(C(C=C)(C(C=O)O)O)O)=O
Formose	G5	C(C(C(C=C)(CC=O)O)O)(O)=O
Formose	G5	C(C(C(C=C)(CO)O)O)(C)=O
Formose	G5	C(C(C(C=C)(CO)O)O)(CO)=O
Formose	G5	C(C(C(C=C)(CO)O)O)(O)=O
Formose	G5	C(C(C(C=C)(CO)O)O)=O
Formose	G5	C(C(C(C=C)=O)(C(C)O)O)(O)=O
Formose	G5	C(C(C(C=C)=O)(C(CO)O)O)=O
Formose	G5	C(C(C(C=C)=O)(CO)O)(O)=O
Formose	G5	C(C(C(C=C)CO)O)(O)=O
Formose	G5	C(C(C(C=C)O)O)(C(C)O)=O
Formose	G5	C(C(C(C=C)O)O)(C(CO)O)=O
Formose	G5	C(C(C(C=C)O)O)(CCO)=O
Formose	G5	C(C(C(C=C)O)O)(O)=O
Formose	G5	C(C(C(C=CC(C)=O)O)O)(O)=O
Formose	G5	C(C(C(C=CC(CO)=O)O)O)=O
Formose	G5	C(C(C(C=CC(CO)O)O)O)=O
Formose	G5	C(C(C(C=CC(O)=O)(C)O)O)=O
Formose	G5	C(C(C(C=CC(O)=O)O)O)=O
Formose	G5	C(C(C(C=CC)O)O)(O)=O
Formose	G5	C(C(C(C=CC=O)(C)O)O)(O)=O
Formose	G5	C(C(C(C=CC=O)(CO)O)O)=O
Formose	G5	C(C(C(C=CC=O)CO)O)(O)=O
Formose	G5	C(C(C(C=CCCO)=O)O)(O)=O
Formose	G5	C(C(C(C=CCO)=O)(CO)O)=O
Formose	G5	C(C(C(C=CCO)O)O)(O)=O
Formose	G5	C(C(C(C=CCO)O)O)=O
Formose	G5	C(C(C(C=O)(C(C=C)O)O)O)=O
Formose	G5	C(C(C(C=O)(CC=C)O)O)(O)=O
Formose	G5	C(C(C(C=O)=C)(C(C)O)O)(O)=O
Formose	G5	C(C(C(C=O)=C)(CCO)O)(O)=O
Formose	G5	C(C(C(C=O)=CC(C)O)O)(O)=O
Formose	G5	C(C(C(C=O)=CCO)(C)O)(O)=O
Formose	G5	C(C(C(C=O)=O)(CO)O)=CCO
Formose	G5	C(C(C(C=O)=O)O)=C(CO)CO
Formose	G5	C(C(C(C=O)=O)O)=CC(CO)O
Formose	G5	C(C(C(C=O)C(C=C)O)O)(O)=O
Formose	G5	C(C(C(C=O)O)C(C=C)O)(O)=O
Formose	G5	C(C(C(C=O)O)O)(CCCO)=O
Formose	G5	C(C(C(CC(C(C)O)O)=O)O)=O
Formose	G5	C(C(C(CC(C(O)=O)O)=C)O)=O
Formose	G5	C(C(C(CC(C)=O)O)O)(O)=O
Formose	G5	C(C(C(CC(C)O)=O)(C)O)(O)=O
Formose	G5	C(C(C(CC(C)O)=O)CO)(O)=O
Formose	G5	C(C(C(CC(C)O)O)=O)(O)=O
Formose	G5	C(C(C(CC(C=C)O)=O)O)(O)=O
Formose	G5	C(C(C(CC(C=O)=C)O)O)(O)=O
Formose	G5	C(C(C(CC(CCO)O)O)=O)=O
Formose	G5	C(C(C(CC(CCO)O)O)O)=O
Formose	G5	C(C(C(CC(CCO)O)O)O)O
Formose	G5	C(C(C(CC(CO)(C)O)O)=O)=O
Formose	G5	C(C(C(CC(CO)(C)O)O)O)=O
Formose	G5	C(C(C(CC(CO)=O)=C)O)(O)=O
Formose	G5	C(C(C(CC(CO)CO)=O)O)=O
Formose	G5	C(C(C(CC(CO)O)=O)C)(O)=O
Formose	G5	C(C(C(CC(CO)O)=O)CO)=O
Formose	G5	C(C(C(CC(CO)O)O)O)O
Formose	G5	C(C(C(CC=C)O)O)(O)=O
Formose	G5	C(C(C(CC=CC=O)O)O)(O)=O
Formose	G5	C(C(C(CC=O)O)C(C)O)(O)=O
Formose	G5	C(C(C(CCC(C)O)=O)O)(O)=O
Formose	G5	C(C(C(CCC(CO)=O)O)O)=O
Formose	G5	C(C(C(CCC(CO)O)=O)O)=O
Formose	G5	C(C(C(CCCCO)=O)O)(O)=O
Formose	G5	C(C(C(CCCO)=O)(C)O)(O)=O
Formose	G5	C(C(C(CCCO)=O)(CO)O)=O
Formose	G5	C(C(C(CCCO)=O)O)(O)=O
Formose	G5	C(C(C(CCCO)O)O)=O
Formose	G5	C(C(C(CCO)(CCO)O)O)=O
Formose	G5	C(C(C(CCO)=O)(C)O)(O)=O
Formose	G5	C(C(C(CCO)=O)(C=C)O)(O)=O
Formose	G5	C(C(C(CCO)=O)(CCO)O)=O
Formose	G5	C(C(C(CCO)=O)C(C)O)(O)=O
Formose	G5	C(C(C(CCO)=O)C(CO)O)=O
Formose	G5	C(C(C(CCO)=O)CCO)(O)=O
Formose	G5	C(C(C(CCO)=O)CO)(O)=O
Formose	G5	C(C(C(CCO)C(CO)O)=O)=O
Formose	G5	C(C(C(CCO)O)=CC=O)(O)=O
Formose	G5	C(C(C(CCO)O)=O)(CCO)=O
Formose	G5	C(C(C(CCO)O)CC(O)=O)=O
Formose	G5	C(C(C(CCO)O)CC=O)(O)=O
Formose	G5	C(C(C(CCO)O)O)(C(C)O)=O
Formose	G5	C(C(C(CO)(C(C=C)O)O)O)=O
Formose	G5	C(C(C(CO)(C)O)=O)(O)=O
Formose	G5	C(C(C(CO)(C)O)O)(C(C)O)=O
Formose	G5	C(C(C(CO)(CC(C)=O)O)O)=O
Formose	G5	C(C(C(CO)(CC(C)O)O)=O)=O
Formose	G5	C(C(C(CO)(CC(C)O)O)O)=O
Formose	G5	C(C(C(CO)(CCO)O)=O)=O
Formose	G5	C(C(C(CO)(CO)C(C)O)O)=O
Formose	G5	C(C(C(CO)(CO)CO)O)=O
Formose	G5	C(C(C(CO)(CO)O)O)=CC=O
Formose	G5	C(C(C(CO)=C)(C(C)O)O)(O)=O
Formose	G5	C(C(C(CO)=C)(C(C)O)O)=O
Formose	G5	C(C(C(CO)=C)(C(C=O)O)O)=O
Formose	G5	C(C(C(CO)=C)(C(CO)O)O)=O
Formose	G5	C(C(C(CO)=C)(C)O)(O)=O
Formose	G5	C(C(C(CO)=C)(CC(O)=O)O)=O
Formose	G5	C(C(C(CO)=C)(CC=O)O)(O)=O
Formose	G5	C(C(C(CO)=C)(CCO)O)(O)=O
Formose	G5	C(C(C(CO)=C)(CCO)O)=O
Formose	G5	C(C(C(CO)=C)(CO)O)(O)=O
Formose	G5	C(C(C(CO)=C)(CO)O)=O
Formose	G5	C(C(C(CO)=C)C(C(O)=O)O)=O
Formose	G5	C(C(C(CO)=C)C(C=O)O)(O)=O
Formose	G5	C(C(C(CO)=C)C(CO)O)=O
Formose	G5	C(C(C(CO)=C)O)(O)=O
Formose	G5	C(C(C(CO)=CC(C)=O)O)(O)=O
Formose	G5	C(C(C(CO)=CC(O)=O)CO)=O
Formose	G5	C(C(C(CO)=CC)O)(O)=O
Formose	G5	C(C(C(CO)=CCO)(C)O)(O)=O
Formose	G5	C(C(C(CO)=CCO)CO)=O
Formose	G5	C(C(C(CO)=CCO)O)(O)=O
Formose	G5	C(C(C(CO)=O)(C(C)O)O)=O
Formose	G5	C(C(C(CO)=O)(C(C=C)O)O)=O
Formose	G5	C(C(C(CO)=O)(C)O)(O)=O
Formose	G5	C(C(C(CO)=O)(C=C)O)(O)=O
Formose	G5	C(C(C(CO)=O)(CC(C)O)O)=O
Formose	G5	C(C(C(CO)=O)C(C(C)O)O)=O
Formose	G5	C(C(C(CO)=O)C(C=C)O)(O)=O
Formose	G5	C(C(C(CO)=O)C(CO)=C)(O)=O
Formose	G5	C(C(C(CO)=O)C(CO)CO)=O
Formose	G5	C(C(C(CO)=O)C=CCO)(O)=O
Formose	G5	C(C(C(CO)=O)CC(CO)O)=O
Formose	G5	C(C(C(CO)=O)CCO)(O)=O
Formose	G5	C(C(C(CO)=O)O)(C(C=C)O)=O
Formose	G5	C(C(C(CO)C(C(C)O)O)=O)=O
Formose	G5	C(C(C(CO)C(CCO)O)O)=O
Formose	G5	C(C(C(CO)C(CCO)O)O)O
Formose	G5	C(C(C(CO)C(CO)(C)O)O)=O
Formose	G5	C(C(C(CO)C(CO)CO)=O)=O
Formose	G5	C(C(C(CO)CC(CO)=O)O)=O
Formose	G5	C(C(C(CO)CC(CO)O)=O)=O
Formose	G5	C(C(C(CO)CCO)=O)(O)=O
Formose	G5	C(C(C(CO)CO)C(C=O)O)=O
Formose	G5	C(C(C(CO)CO)CC(O)=O)=O
Formose	G5	C(C(C(CO)CO)CC=O)(O)=O
Formose	G5	C(C(C(CO)CO)O)(C(C)O)=O
Formose	G5	C(C(C(CO)CO)O)(CCO)=O
Formose	G5	C(C(C(CO)CO)O)=CC=O
Formose	G5	C(C(C(CO)O)(C(C=C)O)O)=O
Formose	G5	C(C(C(CO)O)(CC(C)O)O)=O
Formose	G5	C(C(C(CO)O)(CC)O)(O)=O
Formose	G5	C(C(C(CO)O)=O)(C(CO)C)=O
Formose	G5	C(C(C(CO)O)=O)(CC(C)O)=O
Formose	G5	C(C(C(CO)O)=O)(CCCO)=O
Formose	G5	C(C(C(CO)O)C(C(C)O)O)=O
Formose	G5	C(C(C(CO)O)C(C)O)(O)=O
Formose	G5	C(C(C(CO)O)C(C=C)O)(O)=O
Formose	G5	C(C(C(CO)O)C(C=C)O)=O
Formose	G5	C(C(C(CO)O)C(C=O)CO)=O
Formose	G5	C(C(C(CO)O)C(CO)O)O
Formose	G5	C(C(C(CO)O)CC(CO)=O)=O
Formose	G5	C(C(C(CO)O)CC(O)=O)=O
Formose	G5	C(C(C(CO)O)CC=O)(O)=O
Formose	G5	C(C(C(CO)O)O)(C(C=C)O)=O
Formose	G5	C(C(C(CO)O)O)(CC(C)=O)=O
Formose	G5	C(C(C(CO)O)O)(CC(C)O)=O
Formose	G5	C(C(C(CO)O)O)(CCCO)=O
Formose	G5	C(C(C(CO)O)O)=C(C=O)CO
Formose	G5	C(C(C(CO)O)O)=CC(CO)=O
Formose	G5	C(C(C(CO)O)O)=CC(O)=O
Formose	G5	C(C(C(CO)O)O)=CCO
Formose	G5	C(C(C(O)=O)(C)O)(O)=O
Formose	G5	C(C(C(O)=O)(C=C)O)(O)=O
Formose	G5	C(C(C(O)=O)C(C)O)(O)=O
Formose	G5	C(C(C(O)=O)C(C=C)O)(O)=O
Formose	G5	C(C(C(O)=O)C(C=CC)O)(O)=O
Formose	G5	C(C(C(O)=O)C(CC=C)O)(O)=O
Formose	G5	C(C(C(O)=O)CO)(O)=O
Formose	G5	C(C(C(O)=O)O)(C(C=C)CO)=O
Formose	G5	C(C(C(O)=O)O)(CC(CO)=C)=O
Formose	G5	C(C(C(O)=O)O)(CC=CCO)=O
Formose	G5	C(C(C)(C(C(C(C)=O)O)O)O)=O
Formose	G5	C(C(C)(C(C(C(C)O)=O)O)O)=O
Formose	G5	C(C(C)(C(C(C(C)O)O)O)O)=O
Formose	G5	C(C(C)(C(C(C)=O)(C)O)O)(O)=O
Formose	G5	C(C(C)(C(C(C)O)O)O)(O)=O
Formose	G5	C(C(C)(C(C(C)O)O)O)=O
Formose	G5	C(C(C)(C(C(C=C)O)O)O)(O)=O
Formose	G5	C(C(C)(C(C(C=C)O)O)O)=O
Formose	G5	C(C(C)(C(C(C=O)=C)O)O)(O)=O
Formose	G5	C(C(C)(C(C(CC)=O)O)O)(O)=O
Formose	G5	C(C(C)(C(C(CCO)O)O)O)=O
Formose	G5	C(C(C)(C(C(CO)=O)(C)O)O)=O
Formose	G5	C(C(C)(C(C(CO)=O)C)O)(O)=O
Formose	G5	C(C(C)(C(C(CO)CO)O)O)=O
Formose	G5	C(C(C)(C(C(CO)O)O)O)=O
Formose	G5	C(C(C)(C(C)(C(C=O)O)O)O)=O
Formose	G5	C(C(C)(C(C)(C(CO)O)O)O)=O
Formose	G5	C(C(C)(C(C)(CC(O)=O)O)O)=O
Formose	G5	C(C(C)(C(C)(CC=O)O)O)(O)=O
Formose	G5	C(C(C)(C(C=C)(CO)O)O)(O)=O
Formose	G5	C(C(C)(C(C=C)(CO)O)O)=O
Formose	G5	C(C(C)(C(C=C)O)O)(O)=O
Formose	G5	C(C(C)(C(C=CC(O)=O)O)O)=O
Formose	G5	C(C(C)(C(C=CC)O)O)(O)=O
Formose	G5	C(C(C)(C(C=CCO)O)O)(O)=O
Formose	G5	C(C(C)(C(C=CCO)O)O)=O
Formose	G5	C(C(C)(C(C=O)(CC)O)O)(O)=O
Formose	G5	C(C(C)(C(C=O)O)O)(C(C)O)=O
Formose	G5	C(C(C)(C(CC(C)=O)O)O)(O)=O
Formose	G5	C(C(C)(C(CC(C)O)O)O)=O
Formose	G5	C(C(C)(C(CC(C=O)O)O)O)=O
Formose	G5	C(C(C)(C(CC(CO)=O)O)O)=O
Formose	G5	C(C(C)(C(CC(CO)O)O)O)=O
Formose	G5	C(C(C)(C(CC(O)=O)O)O)=O
Formose	G5	C(C(C)(C(CC=C)O)O)(O)=O
Formose	G5	C(C(C)(C(CCC=O)O)O)(O)=O
Formose	G5	C(C(C)(C(CCO)O)O)=O
Formose	G5	C(C(C)(C(CO)(C(C)O)O)O)=O
Formose	G5	C(C(C)(C(CO)(C)O)O)=O
Formose	G5	C(C(C)(C(CO)(CCO)O)O)=O
Formose	G5	C(C(C)(C(CO)C(C)O)O)(O)=O
Formose	G5	C(C(C)(C(CO)C(C)O)O)=O
Formose	G5	C(C(C)(C(CO)C(CO)O)O)=O
Formose	G5	C(C(C)(C(CO)CC(O)=O)O)=O
Formose	G5	C(C(C)(C(CO)CC=O)O)(O)=O
Formose	G5	C(C(C)(C(CO)CO)O)(O)=O
Formose	G5	C(C(C)(C(CO)CO)O)=O
Formose	G5	C(C(C)(CC(C(C)O)=O)O)(O)=O
Formose	G5	C(C(C)(CC(C(CO)=O)O)O)=O
Formose	G5	C(C(C)(CC(C(CO)O)O)O)=O
Formose	G5	C(C(C)(CC(C=O)O)O)(O)=O
Formose	G5	C(C(C)(CC(CC(O)=O)O)O)=O
Formose	G5	C(C(C)(CC(CC=O)O)O)(O)=O
Formose	G5	C(C(C)(CC(CCO)=O)O)(O)=O
Formose	G5	C(C(C)(CC(CCO)O)O)=O
Formose	G5	C(C(C)(CC(O)=O)O)(O)=O
Formose	G5	C(C(C)(CC=O)O)(C(CO)O)=O
Formose	G5	C(C(C)(CCC(CO)=O)O)(O)=O
Formose	G5	C(C(C)(CCC(O)=O)O)(O)=O
Formose	G5	C(C(C)(CCO)O)(O)=O
Formose	G5	C(C(C)=O)(C(C(C(C)O)O)O)=O
Formose	G5	C(C(C)=O)(C(C)(C(CO)O)O)=O
Formose	G5	C(C(C)=O)(C(CC(CO)O)O)=O
Formose	G5	C(C(C)=O)(C(CO)(C(C)O)O)=O
Formose	G5	C(C(C)=O)(C(CO)(CCO)O)=O
Formose	G5	C(C(C)=O)(C(CO)(CO)O)=O
Formose	G5	C(C(C)=O)(C(CO)C(CO)O)=O
Formose	G5	C(C(C)=O)(CC(C(CO)O)O)=O
Formose	G5	C(C(C)=O)(CC(CO)(CO)O)=O
Formose	G5	C(C(C)C(C(C(CO)O)=O)O)=O
Formose	G5	C(C(C)C(C(CO)=O)(CO)O)=O
Formose	G5	C(C(C)C(C(O)=O)(C(C)O)O)=O
Formose	G5	C(C(C)C(C(O)=O)(CCO)O)=O
Formose	G5	C(C(C)C(C(O)=O)(CO)O)=O
Formose	G5	C(C(C)C(C=O)(C(CO)O)O)=O
Formose	G5	C(C(C)O)(C(C(C(C)O)=O)O)=O
Formose	G5	C(C(C)O)(C(C(C(O)=O)=C)O)=O
Formose	G5	C(C(C)O)(C(C(C)=O)(CO)O)=O
Formose	G5	C(C(C)O)(C(C(CO)=O)(C)O)=O
Formose	G5	C(C(C)O)(C(C(CO)=O)CO)=O
Formose	G5	C(C(C)O)(C(C)(C(CO)O)O)=O
Formose	G5	C(C(C)O)(C(CO)(C(C)O)O)=O
Formose	G5	C(C(C)O)(C(CO)(C)O)=O
Formose	G5	C(C(C)O)(C(CO)(CCO)O)=O
Formose	G5	C(C(C)O)(C(CO)(CO)O)=O
Formose	G5	C(C(C)O)(CC(C(C=O)O)O)=O
Formose	G5	C(C(C1(C(CC(C1)O)O)O)=O)=O
Formose	G5	C(C(C1(C=C(CO1)CO)O)O)=O
Formose	G5	C(C(C1(C=CC(CO)O1)O)O)=O
Formose	G5	C(C(C1(C=CC(CO1)O)O)O)=O
Formose	G5	C(C(C1(C=CCO1)O)O)(O)=O
Formose	G5	C(C(C1C(O)OCC(C=1)O)O)=O
Formose	G5	C(C(C1C(O)OCC1(C)O)O)=O
Formose	G5	C(C(C1C(O)OCC=1)O)(O)=O
Formose	G5	C(C(C1C(O)OCC=1CO)O)=O
Formose	G5	C(C(C1C(OC(C=1)CO)O)O)=O
Formose	G5	C(C(C1C(OCC=1)O)(C)O)(O)=O
Formose	G5	C(C(C1C(OCC=1)O)(CO)O)=O
Formose	G5	C(C(C1CC(C(C1O)O)O)=O)=O
Formose	G5	C(C(C1COC(C1(C)O)O)O)=O
Formose	G5	C(C(C1COC(C=1)O)(C)O)(O)=O
Formose	G5	C(C(C1COC(C=1)O)O)(O)=O
Formose	G5	C(C(C=C(C=O)CO)(C)O)(O)=O
Formose	G5	C(C(C=C)(C(C(C)=O)O)O)(O)=O
Formose	G5	C(C(C=C)(C(C(C)O)O)O)(O)=O
Formose	G5	C(C(C=C)(C(C(C)O)O)O)=O
Formose	G5	C(C(C=C)(C(C(C=O)O)O)O)=O
Formose	G5	C(C(C=C)(C(C(O)=O)CO)O)=O
Formose	G5	C(C(C=C)(C(C)O)O)(O)=O
Formose	G5	C(C(C=C)(C(C=C)O)O)(O)=O
Formose	G5	C(C(C=C)(C(C=O)(C)O)O)(O)=O
Formose	G5	C(C(C=C)(C(C=O)CO)O)(O)=O
Formose	G5	C(C(C=C)(C(C=O)O)O)(O)=O
Formose	G5	C(C(C=C)(C(CC(O)=O)O)O)=O
Formose	G5	C(C(C=C)(C(CC=O)O)O)(O)=O
Formose	G5	C(C(C=C)(C(CCO)O)O)(O)=O
Formose	G5	C(C(C=C)(C(CCO)O)O)=O
Formose	G5	C(C(C=C)(C(CO)(C)O)O)(O)=O
Formose	G5	C(C(C=C)(C(CO)(C)O)O)=O
Formose	G5	C(C(C=C)(C(CO)(CO)O)O)=O
Formose	G5	C(C(C=C)(C(CO)CO)O)=O
Formose	G5	C(C(C=C)(CC(C(O)=O)O)O)=O
Formose	G5	C(C(C=C)(CC(CO)=O)O)(O)=O
Formose	G5	C(C(C=C)(CCC(O)=O)O)(O)=O
Formose	G5	C(C(C=C)(CCO)O)(O)=O
Formose	G5	C(C(C=C)C(C(C(O)=O)O)O)=O
Formose	G5	C(C(C=C)C(C(CO)O)O)=O
Formose	G5	C(C(C=C)C(C(O)=O)(CO)O)=O
Formose	G5	C(C(C=C)C(CO)(CO)O)=O
Formose	G5	C(C(C=CC(C(C)=O)O)O)(O)=O
Formose	G5	C(C(C=CC(C(C=O)O)O)O)=O
Formose	G5	C(C(C=CC(C(CO)O)=O)O)=O
Formose	G5	C(C(C=CC(C(CO)O)O)O)=O
Formose	G5	C(C(C=CC(C(O)=O)O)CO)=O
Formose	G5	C(C(C=CC(C)O)(CO)O)(O)=O
Formose	G5	C(C(C=CC(C)O)O)(O)=O
Formose	G5	C(C(C=CC(CC=O)O)O)(O)=O
Formose	G5	C(C(C=CC(CCO)=O)O)(O)=O
Formose	G5	C(C(C=CC(CO)=O)(C)O)(O)=O
Formose	G5	C(C(C=CC(CO)O)CO)=O
Formose	G5	C(C(C=CC(O)=O)(C(C)O)O)=O
Formose	G5	C(C(C=CC(O)=O)(C)O)(O)=O
Formose	G5	C(C(C=CC(O)=O)(CCO)O)=O
Formose	G5	C(C(C=CC(O)=O)(CO)O)=O
Formose	G5	C(C(C=CC(O)=O)C(CO)O)=O
Formose	G5	C(C(C=CC(O)=O)O)(O)=O
Formose	G5	C(C(C=CC)(C(C(O)=O)O)O)=O
Formose	G5	C(C(C=CC=O)(C(C)O)O)(O)=O
Formose	G5	C(C(C=CC=O)(CCO)O)(O)=O
Formose	G5	C(C(C=CCC(C(O)=O)O)O)=O
Formose	G5	C(C(C=CCC(CO)=O)O)(O)=O
Formose	G5	C(C(C=CCO)(C(C)O)O)(O)=O
Formose	G5	C(C(C=CCO)(C(C)O)O)=O
Formose	G5	C(C(C=CCO)(C(C=O)O)O)=O
Formose	G5	C(C(C=CCO)(C(CO)O)O)=O
Formose	G5	C(C(C=CCO)(C)O)(O)=O
Formose	G5	C(C(C=CCO)(CC(O)=O)O)=O
Formose	G5	C(C(C=CCO)(CC=O)O)(O)=O
Formose	G5	C(C(C=CCO)(CCO)O)(O)=O
Formose	G5	C(C(C=CCO)(CCO)O)=O
Formose	G5	C(C(C=CCO)(CO)O)(O)=O
Formose	G5	C(C(C=CCO)(CO)O)=O
Formose	G5	C(C(C=CCO)C(C(O)=O)O)=O
Formose	G5	C(C(C=CCO)C(C=O)O)(O)=O
Formose	G5	C(C(C=CCO)C(CO)O)=O
Formose	G5	C(C(C=CCO)O)(O)=O
Formose	G5	C(C(C=O)(C(C)O)C(C)O)(O)=O
Formose	G5	C(C(C=O)(C(C)O)O)(O)=O
Formose	G5	C(C(C=O)(C(C=C)(CO)O)O)=O
Formose	G5	C(C(C=O)(C(C=C)O)O)(O)=O
Formose	G5	C(C(C=O)(C(C=CC)O)O)(O)=O
Formose	G5	C(C(C=O)(C(CC=C)O)O)(O)=O
Formose	G5	C(C(C=O)(C(CO)(C)O)O)=O
Formose	G5	C(C(C=O)(C(CO)CO)O)=O
Formose	G5	C(C(C=O)(CCO)O)(O)=O
Formose	G5	C(C(C=O)(CO)C(C(C)O)O)=O
Formose	G5	C(C(C=O)(CO)C(C)O)(O)=O
Formose	G5	C(C(C=O)(CO)C(C=C)O)(O)=O
Formose	G5	C(C(C=O)(CO)CO)(O)=O
Formose	G5	C(C(C=O)C(C(C)O)O)(O)=O
Formose	G5	C(C(C=O)C(C(C=C)O)O)(O)=O
Formose	G5	C(C(C=O)C(C(CO)CO)O)=O
Formose	G5	C(C(C=O)C(C(CO)O)=C)(O)=O
Formose	G5	C(C(C=O)C(C=C)(CO)O)(O)=O
Formose	G5	C(C(C=O)C(C=CCO)O)(O)=O
Formose	G5	C(C(C=O)C(CO)(C(C)O)O)=O
Formose	G5	C(C(C=O)C(CO)(CO)CO)=O
Formose	G5	C(C(C=O)C(CO)=CCO)(O)=O
Formose	G5	C(C(C=O)C(CO)C(CO)O)=O
Formose	G5	C(C(C=O)C=CC(CO)O)(O)=O
Formose	G5	C(C(C=O)CC(C(CO)O)O)=O
Formose	G5	C(C(C=O)CC(CO)(CO)O)=O
Formose	G5	C(C(CC(C(C(C)O)=O)O)O)=O
Formose	G5	C(C(CC(C(C(O)=O)=C)O)O)=O
Formose	G5	C(C(CC(C(C)=O)(CO)O)O)=O
Formose	G5	C(C(CC(C(C)O)O)=O)(O)=O
Formose	G5	C(C(CC(C(C=C)=O)O)O)(O)=O
Formose	G5	C(C(CC(C(C=C)O)=O)O)(O)=O
Formose	G5	C(C(CC(C(C=O)=C)O)O)(O)=O
Formose	G5	C(C(CC(C(CCO)O)O)O)=O
Formose	G5	C(C(CC(C(CO)=O)(C)O)O)=O
Formose	G5	C(C(CC(C(CO)CO)O)=O)=O
Formose	G5	C(C(CC(C(CO)CO)O)O)=O
Formose	G5	C(C(CC(C(CO)CO)O)O)O
Formose	G5	C(C(CC(C(O)=O)=O)O)=CCO
Formose	G5	C(C(CC(C(O)=O)O)CCO)=O
Formose	G5	C(C(CC(C)(C(C=O)O)O)O)=O
Formose	G5	C(C(CC(C)(C(CO)O)O)O)=O
Formose	G5	C(C(CC(C)O)(CC(O)=O)O)=O
Formose	G5	C(C(CC(C)O)(CC=O)O)(O)=O
Formose	G5	C(C(CC(C)O)C(C(O)=O)O)=O
Formose	G5	C(C(CC(C)O)O)(C(C)O)=O
Formose	G5	C(C(CC(C)O)O)(C(CO)O)=O
Formose	G5	C(C(CC(C=CC=O)O)O)(O)=O
Formose	G5	C(C(CC(C=O)=CCO)O)(O)=O
Formose	G5	C(C(CC(C=O)O)(C(C)O)O)=O
Formose	G5	C(C(CC(C=O)O)(CCO)O)=O
Formose	G5	C(C(CC(C=O)O)O)(CCO)=O
Formose	G5	C(C(CC(CC(C)O)O)O)(O)=O
Formose	G5	C(C(CC(CCO)O)O)(O)=O
Formose	G5	C(C(CC(CCO)O)O)O
Formose	G5	C(C(CC(CO)(C(C)O)O)=O)=O
Formose	G5	C(C(CC(CO)(C)O)O)(O)=O
Formose	G5	C(C(CC(CO)(C)O)O)=O
Formose	G5	C(C(CC(CO)(CCO)O)O)=O
Formose	G5	C(C(CC(CO)(CO)CO)=O)=O
Formose	G5	C(C(CC(CO)(CO)O)O)=O
Formose	G5	C(C(CC(CO)=CC=O)O)(O)=O
Formose	G5	C(C(CC(CO)C(C)O)=O)(O)=O
Formose	G5	C(C(CC(CO)C(CO)O)=O)=O
Formose	G5	C(C(CC(CO)CCO)=O)(O)=O
Formose	G5	C(C(CC(CO)CO)=O)(O)=O
Formose	G5	C(C(CC(CO)O)C(C=O)O)=O
Formose	G5	C(C(CC(CO)O)O)(C(C)O)=O
Formose	G5	C(C(CC(CO)O)O)=O
Formose	G5	C(C(CC)(C(C(C)=O)O)O)(O)=O
Formose	G5	C(C(CC)(C(C(CO)=O)O)O)=O
Formose	G5	C(C(CC)(C(C(O)=O)O)O)=O
Formose	G5	C(C(CC)(C(C=O)(C)O)O)(O)=O
Formose	G5	C(C(CC)(C(C=O)(CO)O)O)=O
Formose	G5	C(C(CC)(C(C=O)O)O)(O)=O
Formose	G5	C(C(CC)(CC(CO)=O)O)(O)=O
Formose	G5	C(C(CC)=O)(C(CO)(CO)O)=O
Formose	G5	C(C(CC=C(C=O)CO)O)(O)=O
Formose	G5	C(C(CC=CC(CO)=O)O)(O)=O
Formose	G5	C(C(CC=O)(C(C=C)O)O)(O)=O
Formose	G5	C(C(CCC(C(C)=O)O)O)(O)=O
Formose	G5	C(C(CCC(C)O)O)(O)=O
Formose	G5	C(C(CCC(C=O)O)O)(O)=O
Formose	G5	C(C(CCC(CCO)O)=O)(O)=O
Formose	G5	C(C(CCC(CO)=O)O)(O)=O
Formose	G5	C(C(CCC(CO)CO)=O)(O)=O
Formose	G5	C(C(CCC(CO)O)=O)(O)=O
Formose	G5	C(C(CCC(CO)O)O)(O)=O
Formose	G5	C(C(CCC(O)=O)(C(C)O)O)=O
Formose	G5	C(C(CCC(O)=O)(CCO)O)=O
Formose	G5	C(C(CCC(O)=O)(CO)CO)=O
Formose	G5	C(C(CCC(O)=O)C(C)O)(O)=O
Formose	G5	C(C(CCC(O)=O)C(CO)O)=O
Formose	G5	C(C(CCC(O)=O)CO)(O)=O
Formose	G5	C(C(CCC=O)(C(C)O)O)(O)=O
Formose	G5	C(C(CCC=O)(C(CO)O)O)=O
Formose	G5	C(C(CCC=O)(CCO)O)(O)=O
Formose	G5	C(C(CCC=O)C(CO)O)(O)=O
Formose	G5	C(C(CCCC(CO)=O)O)(O)=O
Formose	G5	C(C(CCCCO)O)(O)=O
Formose	G5	C(C(CCCO)(C(C=O)O)O)=O
Formose	G5	C(C(CCCO)C(C(O)=O)O)=O
Formose	G5	C(C(CCCO)O)(O)=O
Formose	G5	C(C(CCO)(C(C(C)O)O)O)=O
Formose	G5	C(C(CCO)(C(C=C)O)O)(O)=O
Formose	G5	C(C(CCO)(C(C=C)O)O)=O
Formose	G5	C(C(CCO)(C(CCO)O)O)O
Formose	G5	C(C(CCO)(C(CO)CO)O)=O
Formose	G5	C(C(CCO)(C(CO)CO)O)O
Formose	G5	C(C(CCO)(CC(C)O)O)=O
Formose	G5	C(C(CCO)(CC(CO)O)O)=O
Formose	G5	C(C(CCO)(CCO)O)(O)=O
Formose	G5	C(C(CCO)(CCO)O)O
Formose	G5	C(C(CCO)=O)(C(CO)(C)O)=O
Formose	G5	C(C(CCO)=O)(C(CO)CO)=O
Formose	G5	C(C(CCO)=O)(CC(CO)O)=O
Formose	G5	C(C(CCO)C(C(CO)=O)O)=O
Formose	G5	C(C(CCO)C(C(CO)O)O)=O
Formose	G5	C(C(CCO)C(C(O)=O)(C)O)=O
Formose	G5	C(C(CCO)C(C(O)=O)O)=O
Formose	G5	C(C(CCO)C(C=O)(CO)O)=O
Formose	G5	C(C(CCO)C(CO)(CO)O)=O
Formose	G5	C(C(CCO)C(CO)O)=O
Formose	G5	C(C(CCO)CC(CO)=O)(O)=O
Formose	G5	C(C(CCO)O)(C(C(C)=O)O)=O
Formose	G5	C(C(CCO)O)(C(C)O)=O
Formose	G5	C(C(CCO)O)(C(CCO)O)=O
Formose	G5	C(C(CCO)O)(C(CO)(C)O)=O
Formose	G5	C(C(CCO)O)(C(CO)CO)=O
Formose	G5	C(C(CCO)O)(C(CO)O)=O
Formose	G5	C(C(CCO)O)(CC(C)O)=O
Formose	G5	C(C(CCO)O)(CC(CO)=O)=O
Formose	G5	C(C(CCO)O)(CC(CO)O)=O
Formose	G5	C(C(CCO)O)=C(C(O)=O)C=O
Formose	G5	C(C(CCO)O)=C(C=O)CO
Formose	G5	C(C(CCO)O)=CC(C(O)=O)=O
Formose	G5	C(C(CCO)O)=CC(CO)=O
Formose	G5	C(C(CO)(C(C(C)=O)(C)O)O)=O
Formose	G5	C(C(CO)(C(C(C)O)O)O)=O
Formose	G5	C(C(CO)(C(C(C=C)O)O)O)=O
Formose	G5	C(C(CO)(C(C(C=O)=C)O)O)=O
Formose	G5	C(C(CO)(C(C(C=O)=O)O)O)=C
Formose	G5	C(C(CO)(C(C(CC)=O)O)O)=O
Formose	G5	C(C(CO)(C(C(CO)=O)C)O)=O
Formose	G5	C(C(CO)(C(C)(CCO)O)O)=O
Formose	G5	C(C(CO)(C(C)CC=O)O)(O)=O
Formose	G5	C(C(CO)(C(C)O)C(C)O)=O
Formose	G5	C(C(CO)(C(C)O)O)=CC=O
Formose	G5	C(C(CO)(C(C=C)(CO)O)O)=O
Formose	G5	C(C(CO)(C(C=C)O)O)(O)=O
Formose	G5	C(C(CO)(C(C=C)O)O)=O
Formose	G5	C(C(CO)(C(C=CC)O)O)(O)=O
Formose	G5	C(C(CO)(C(C=CC)O)O)=O
Formose	G5	C(C(CO)(C(C=CCO)O)O)=O
Formose	G5	C(C(CO)(C(C=O)O)O)(CC)=O
Formose	G5	C(C(CO)(C(CC(C)=O)O)O)=O
Formose	G5	C(C(CO)(C(CC=C)O)O)(O)=O
Formose	G5	C(C(CO)(C(CC=C)O)O)=O
Formose	G5	C(C(CO)(C(CCC=O)O)O)=O
Formose	G5	C(C(CO)(C(CO)C(C)O)O)=O
Formose	G5	C(C(CO)(C(CO)CC=O)O)=O
Formose	G5	C(C(CO)(C(CO)CO)O)=O
Formose	G5	C(C(CO)(C(CO)CO)O)O
Formose	G5	C(C(CO)(C(CO)O)C(C)O)=O
Formose	G5	C(C(CO)(C(CO)O)CC=O)=O
Formose	G5	C(C(CO)(C(CO)O)O)=CCO
Formose	G5	C(C(CO)(C)O)(C(C(C)=O)O)=O
Formose	G5	C(C(CO)(C1C=CC(O1)O)O)=O
Formose	G5	C(C(CO)(CC(C(C)O)=O)O)=O
Formose	G5	C(C(CO)(CC(C(O)=O)=O)O)=C
Formose	G5	C(C(CO)(CC(C)=O)O)(O)=O
Formose	G5	C(C(CO)(CC(C)O)O)(O)=O
Formose	G5	C(C(CO)(CC(CCO)=O)O)=O
Formose	G5	C(C(CO)(CC(CCO)O)O)=O
Formose	G5	C(C(CO)(CC(CCO)O)O)O
Formose	G5	C(C(CO)(CC(CO)O)O)=O
Formose	G5	C(C(CO)(CC)O)(O)=O
Formose	G5	C(C(CO)(CC=O)O)(C(C)O)=O
Formose	G5	C(C(CO)(CCC(CO)=O)O)=O
Formose	G5	C(C(CO)(CCC(O)=O)O)=O
Formose	G5	C(C(CO)(CCC=O)O)(O)=O
Formose	G5	C(C(CO)(CCCC=O)O)(O)=O
Formose	G5	C(C(CO)(CO)C(C(C)=O)O)=O
Formose	G5	C(C(CO)(CO)C(C(C)O)O)=O
Formose	G5	C(C(CO)(CO)C(C)(CO)O)=O
Formose	G5	C(C(CO)(CO)C(C)O)=O
Formose	G5	C(C(CO)(CO)C(C=C)O)=O
Formose	G5	C(C(CO)(CO)C(C=O)(C)O)=O
Formose	G5	C(C(CO)(CO)C(CC=O)O)=O
Formose	G5	C(C(CO)(CO)C(CCO)O)=O
Formose	G5	C(C(CO)(CO)C(CO)O)=O
Formose	G5	C(C(CO)(CO)CC(CO)=O)=O
Formose	G5	C(C(CO)(CO)CO)=O
Formose	G5	C(C(CO)(CO)O)(C(C=C)O)=O
Formose	G5	C(C(CO)(CO)O)(CC(C)=O)=O
Formose	G5	C(C(CO)(CO)O)=CC(O)=O
Formose	G5	C(C(CO)(CO)O)=CCO
Formose	G5	C(C(CO)=CC(CO)=O)(O)=O
Formose	G5	C(C(CO)=CC=O)(C(CO)O)=O
Formose	G5	C(C(CO)=O)(C(C(C)O)O)=O
Formose	G5	C(C(CO)=O)(C(C)(C(C)O)O)=O
Formose	G5	C(C(CO)=O)(C(C)C(CO)O)=O
Formose	G5	C(C(CO)=O)(C(CC(C)O)O)=O
Formose	G5	C(C(CO)=O)(C(CCO)O)=O
Formose	G5	C(C(CO)=O)(C(CO)(C)O)=O
Formose	G5	C(C(CO)=O)(C(CO)C(C)O)=O
Formose	G5	C(C(CO)=O)(C(CO)CCO)=O
Formose	G5	C(C(CO)=O)(CC(C(C)O)O)=O
Formose	G5	C(C(CO)=O)(CCC(CO)O)=O
Formose	G5	C(C(CO)C(C(C(O)=O)=C)O)=O
Formose	G5	C(C(CO)C(C(C)=O)(C)O)(O)=O
Formose	G5	C(C(CO)C(C(C)=O)O)(O)=O
Formose	G5	C(C(CO)C(C(C)O)O)(O)=O
Formose	G5	C(C(CO)C(C(C)O)O)=O
Formose	G5	C(C(CO)C(C(C=C)=O)O)(O)=O
Formose	G5	C(C(CO)C(C(C=C)O)O)(O)=O
Formose	G5	C(C(CO)C(C(C=C)O)O)=O
Formose	G5	C(C(CO)C(C(C=O)(C)O)O)=O
Formose	G5	C(C(CO)C(C(C=O)=C)O)(O)=O
Formose	G5	C(C(CO)C(C(CC)=O)O)(O)=O
Formose	G5	C(C(CO)C(C(CCO)O)O)O
Formose	G5	C(C(CO)C(C(CO)=O)CO)=O
Formose	G5	C(C(CO)C(C(CO)CO)O)=O
Formose	G5	C(C(CO)C(C(CO)O)O)O
Formose	G5	C(C(CO)C(C(O)=O)(CC)O)=O
Formose	G5	C(C(CO)C(C)(CC(O)=O)O)=O
Formose	G5	C(C(CO)C(C)(CC=O)O)(O)=O
Formose	G5	C(C(CO)C(C)(CO)O)(O)=O
Formose	G5	C(C(CO)C(C)O)(O)=O
Formose	G5	C(C(CO)C(C=C)(CO)O)(O)=O
Formose	G5	C(C(CO)C(C=C)(CO)O)=O
Formose	G5	C(C(CO)C(C=C)O)(O)=O
Formose	G5	C(C(CO)C(C=CC(O)=O)O)=O
Formose	G5	C(C(CO)C(C=CC)O)(O)=O
Formose	G5	C(C(CO)C(C=CC=O)O)(O)=O
Formose	G5	C(C(CO)C(C=CCO)O)(O)=O
Formose	G5	C(C(CO)C(C=CCO)O)=O
Formose	G5	C(C(CO)C(C=O)(C)O)(O)=O
Formose	G5	C(C(CO)C(C=O)(CC)O)(O)=O
Formose	G5	C(C(CO)C(C=O)O)(C(C)O)=O
Formose	G5	C(C(CO)C(C=O)O)(CCO)=O
Formose	G5	C(C(CO)C(CC(C)=O)O)(O)=O
Formose	G5	C(C(CO)C(CC(C)O)O)(O)=O
Formose	G5	C(C(CO)C(CC=C)O)(O)=O
Formose	G5	C(C(CO)C(CC=O)O)(O)=O
Formose	G5	C(C(CO)C(CCC(O)=O)O)=O
Formose	G5	C(C(CO)C(CCC=O)O)(O)=O
Formose	G5	C(C(CO)C(CCO)O)(O)=O
Formose	G5	C(C(CO)C(CCO)O)O
Formose	G5	C(C(CO)C(CO)(C(C)O)O)=O
Formose	G5	C(C(CO)C(CO)C(C=O)O)=O
Formose	G5	C(C(CO)C(CO)CC(O)=O)=O
Formose	G5	C(C(CO)C(CO)CC=O)(O)=O
Formose	G5	C(C(CO)C(CO)O)(O)=O
Formose	G5	C(C(CO)C(CO)O)O
Formose	G5	C(C(CO)C1C(CC(O)O1)O)=O
Formose	G5	C(C(CO)C1CC(C(O)O1)O)=O
Formose	G5	C(C(CO)CC(C(C=O)O)O)=O
Formose	G5	C(C(CO)CC(C(CO)O)=O)=O
Formose	G5	C(C(CO)CC(C(O)=O)O)=O
Formose	G5	C(C(CO)CC(CO)=O)(O)=O
Formose	G5	C(C(CO)CC=O)(C(CO)O)=O
Formose	G5	C(C(CO)CCC(C(O)=O)O)=O
Formose	G5	C(C(CO)CCC(CO)=O)(O)=O
Formose	G5	C(C(CO)CO)(C(C(C)=O)O)=O
Formose	G5	C(C(CO)CO)(CC(CO)=O)=O
Formose	G5	C(C(CO)CO)(O)=O
Formose	G5	C(C(CO)CO)O
Formose	G5	C(C(CO)O)(C(C(C)=O)CO)=O
Formose	G5	C(C(CO)O)(C(C(C=C)=O)O)=O
Formose	G5	C(C(CO)O)(C(C(CO)=C)O)=O
Formose	G5	C(C(CO)O)(C(C)(C(C)O)O)=O
Formose	G5	C(C(CO)O)(C(C=C)(CO)O)=O
Formose	G5	C(C(CO)O)(C(C=CCO)O)=O
Formose	G5	C(C(CO)O)(C(CO)(C)O)=O
Formose	G5	C(C(CO)O)(C(CO)C(C)O)=O
Formose	G5	C(C(CO)O)(C1C=CC(O1)O)=O
Formose	G5	C(C(CO)O)(CC(C(C)O)=O)=O
Formose	G5	C(C(CO)O)(CC(C(C)O)O)=O
Formose	G5	C(C(CO)O)(CC(C(O)=O)=C)=O
Formose	G5	C(C(CO)O)(CC(CO)=C)=O
Formose	G5	C(C(CO)O)(CC=CC(O)=O)=O
Formose	G5	C(C(CO)O)(CC=CCO)=O
Formose	G5	C(C(CO)O)(CCCO)=O
Formose	G5	C(C(CO)O)=C1C(C(OC1)O)=O
Formose	G5	C(C(CO)O)=C1C(COC1O)=O
Formose	G5	C(C(CO)O)=C1C(OCC1O)=O
Formose	G5	C(C(CO)O)=CC(C(CO)=O)=O
Formose	G5	C(C(CO)O)=CC(C(CO)O)=O
Formose	G5	C(C(CO)O)=CC(CO)=O
Formose	G5	C(C(CO)O)=CC(O)=O
Formose	G5	C(C(CO)O)=CCO
Formose	G5	C(C)(C(C(C(C(O)=O)=C)O)O)=O
Formose	G5	C(C)(C(C(C(C)O)O)O)=O
Formose	G5	C(C)(C(C(C(C=C)O)O)O)=O
Formose	G5	C(C)(C(C(C(CO)CO)O)O)=O
Formose	G5	C(C)(C(C(C(CO)O)=C)O)=O
Formose	G5	C(C)(C(C(C(O)=O)=C)(CO)O)=O
Formose	G5	C(C)(C(C(C(O)=O)=CCO)O)=O
Formose	G5	C(C)(C(C(C)O)(C(C)O)O)=O
Formose	G5	C(C)(C(C(C)O)(CC(O)=O)O)=O
Formose	G5	C(C)(C(C(C)O)(CCO)O)=O
Formose	G5	C(C)(C(C(C=CC(O)=O)O)O)=O
Formose	G5	C(C)(C(C(C=CCO)O)O)=O
Formose	G5	C(C)(C(C(CO)(C(C)O)O)O)=O
Formose	G5	C(C)(C(C(CO)=C)(CO)O)=O
Formose	G5	C(C)(C(C(CO)=CC(O)=O)O)=O
Formose	G5	C(C)(C(C(CO)=CCO)O)=O
Formose	G5	C(C)(C(C(CO)=O)(C(C)O)O)=O
Formose	G5	C(C)(C(C(CO)=O)(CO)CO)=O
Formose	G5	C(C)(C(C(CO)=O)C(CO)O)=O
Formose	G5	C(C)(C(C(CO)C(C)O)O)=O
Formose	G5	C(C)(C(C(CO)C(CO)O)O)=O
Formose	G5	C(C)(C(C(CO)CO)O)=O
Formose	G5	C(C)(C(C(CO)O)(C(C)O)O)=O
Formose	G5	C(C)(C(C(CO)O)(CCO)O)=O
Formose	G5	C(C)(C(C)(C(C(CO)=O)O)O)=O
Formose	G5	C(C)(C(C)(C(C(O)=O)O)O)=O
Formose	G5	C(C)(C(C1C(O)OCC1O)O)=O
Formose	G5	C(C)(C(C1COC(C1O)O)O)=O
Formose	G5	C(C)(C(C=CC(CO)O)O)=O
Formose	G5	C(C)(C(C=CC(O)=O)(CO)O)=O
Formose	G5	C(C)(C(C=CCO)(CO)O)=O
Formose	G5	C(C)(C(CC(C(CO)=O)O)O)=O
Formose	G5	C(C)(C(CC(C(CO)O)O)O)=O
Formose	G5	C(C)(C(CC(CCO)O)O)=O
Formose	G5	C(C)(C(CCO)(C(C=O)O)O)=O
Formose	G5	C(C)(C(CO)(C(C(C)O)O)O)=O
Formose	G5	C(C)(C(CO)(C(C=C)O)O)=O
Formose	G5	C(C)(C(CO)(C(CO)CO)O)=O
Formose	G5	C(C)(C(CO)(CC(O)=O)O)=O
Formose	G5	C(C)(C(CO)(CCO)O)=O
Formose	G5	C(C)(C(CO)C(C(CO)O)O)=O
Formose	G5	C(C)(C(CO)C(C(O)=O)O)=O
Formose	G5	C(C)(C(CO)C(CO)O)=O
Formose	G5	C(C)(C1(C(C(C(C1)O)O)O)O)=O
Formose	G5	C(C)(C1(C(C(CC1O)O)O)O)=O
Formose	G5	C(C)(C1(C(C(CO1)(C)O)O)O)=O
Formose	G5	C(C)(C1(C(C(CO1)O)O)O)=O
Formose	G5	C(C)(C1(C(C)OC(C1O)O)O)=O
Formose	G5	C(C)(C1(C(C=CC1O)O)O)=O
Formose	G5	C(C)(C1(C(CC(C1)O)O)O)=O
Formose	G5	C(C)(C1(C(O)OCC1(C)O)O)=O
Formose	G5	C(C)(C1(CC(C(C1O)=O)O)O)=O
Formose	G5	C(C)(C1(CO)C(CC(O1)O)O)=O
Formose	G5	C(C)(C1(COC(C)(C1O)O)O)=O
Formose	G5	C(C)(C1(COC(C1(C)O)O)O)=O
Formose	G5	C(C)(C1(COC(C1CO)O)O)=O
Formose	G5	C(C)(C1(COC(C1O)O)O)=O
Formose	G5	C(C)(C1(COC(CO)(C1)O)O)=O
Formose	G5	C(C)(C1C(C(C(C)(O1)O)O)O)=O
Formose	G5	C(C)(C1C(C(CO)C(O1)O)O)=O
Formose	G5	C(C)(C1C(C)(C(C(O1)O)O)O)=O
Formose	G5	C(C)(C1C(CC(CO)(O1)O)O)=O
Formose	G5	C(C)(C1C(CO)(CC(O1)O)O)=O
Formose	G5	C(C)(C1C(CO)C(C(O1)O)O)=O
Formose	G5	C(C)(C1C(O)OC(CO)C1O)=O
Formose	G5	C(C)(C1C(O)OCC(C1O)O)=O
Formose	G5	C(C)(CC(C(C(CO)=O)O)O)=O
Formose	G5	C(C)=C(C(C(CO)O)=O)C(O)=O
Formose	G5	C(C)=C(C=O)C(C(CO)O)O
Formose	G5	C(C)=C(C=O)C(CO)(CO)O
Formose	G5	C(C1(C(C(C(C1)=O)CO)O)O)=O
Formose	G5	C(C1(C(C(C(C1)O)O)=O)O)=O
Formose	G5	C(C1(C(C(C(CO)O1)O)=C)O)=O
Formose	G5	C(C1(C(C(C(CO1)O)O)=C)O)=O
Formose	G5	C(C1(C(C(C(O)OC1)O)=C)O)=O
Formose	G5	C(C1(C(C(C(O1)O)O)=C)CO)=O
Formose	G5	C(C1(C(C(C)(C(C1)O)O)=O)O)=O
Formose	G5	C(C1(C(C(C)(CC1O)O)O)O)=O
Formose	G5	C(C1(C(C(CC(C1)O)O)=O)O)=O
Formose	G5	C(C1(C(C(CC1(C)O)O)=O)O)=O
Formose	G5	C(C1(C(C(CC1O)O)=O)CO)=O
Formose	G5	C(C1(C(C(CC1O)O)=O)O)=O
Formose	G5	C(C1(C(C(CC1O)O)O)O)O
Formose	G5	C(C1(C(C(CO)(CO1)O)=C)O)=O
Formose	G5	C(C1(C(C(CO)C(C1)O)=O)O)=O
Formose	G5	C(C1(C(C(CO)C(C1)O)O)O)=O
Formose	G5	C(C1(C(C(CO1)(C)O)O)O)=O
Formose	G5	C(C1(C(C(O)OC1)=C)O)(O)=O
Formose	G5	C(C1(C(C(O)OC1)=CCO)O)=O
Formose	G5	C(C1(C(C(O)OC1CO)=C)O)=O
Formose	G5	C(C1(C(C(O)OCC1O)=C)O)=O
Formose	G5	C(C1(C(C)(C(C(C1)=O)O)O)O)=O
Formose	G5	C(C1(C(C)(C(CO1)(C)O)O)O)=O
Formose	G5	C(C1(C(C)(C(CO1)O)O)O)=O
Formose	G5	C(C1(C(C)(O)OCC1(C)O)O)=O
Formose	G5	C(C1(C(C)C(C(C1O)=O)O)O)=O
Formose	G5	C(C1(C(C)OC(C)(C1O)O)O)=O
Formose	G5	C(C1(C(C)OC(C1(C)O)O)O)=O
Formose	G5	C(C1(C(C)OC(C1CO)O)O)=O
Formose	G5	C(C1(C(C)OC(C1O)O)O)=O
Formose	G5	C(C1(C(C=CC1O)O)O)(O)=O
Formose	G5	C(C1(C(C=CC1O)O)O)=O
Formose	G5	C(C1(C(CC(C(C1)=O)O)O)O)=O
Formose	G5	C(C1(C(CC(C1(C)O)O)O)O)=O
Formose	G5	C(C1(C(CC(C1)=O)O)O)(O)=O
Formose	G5	C(C1(C(CC(C1)O)=O)O)(O)=O
Formose	G5	C(C1(C(CC(C1)O)O)O)(O)=O
Formose	G5	C(C1(C(CC(C1CO)O)=O)O)=O
Formose	G5	C(C1(C(CC(C1CO)O)O)O)=O
Formose	G5	C(C1(C(CC(C1O)O)=O)CO)=O
Formose	G5	C(C1(C(CC(CC1O)O)O)O)=O
Formose	G5	C(C1(C(CC(CO)(C1)O)=O)O)=O
Formose	G5	C(C1(C(CC(CO)C1O)=O)O)=O
Formose	G5	C(C1(C(CCC(C1O)=O)O)O)=O
Formose	G5	C(C1(C(CCC1(C=O)O)O)O)=O
Formose	G5	C(C1(C(CCC1(CO)O)=O)O)=O
Formose	G5	C(C1(C(CCC1O)=O)O)(O)=O
Formose	G5	C(C1(C(CO)(CC(C1)=O)O)O)=O
Formose	G5	C(C1(C(CO)=C(CO)CO1)O)=O
Formose	G5	C(C1(C(CO)=CC(CO)O1)O)=O
Formose	G5	C(C1(C(CO)=CC(CO1)O)O)=O
Formose	G5	C(C1(C(CO)=CC(O)OC1)O)=O
Formose	G5	C(C1(C(CO)=CC(O1)O)CO)=O
Formose	G5	C(C1(C(CO)C(CCO1)O)O)=O
Formose	G5	C(C1(C(CO)C(CO1)(C)O)O)=O
Formose	G5	C(C1(C(CO)CC(C1O)=O)O)=O
Formose	G5	C(C1(C(CO)OC(C1O)=C)O)=O
Formose	G5	C(C1(C(COC(C1O)=C)O)O)=O
Formose	G5	C(C1(C(O)OCC1(C)O)CO)=O
Formose	G5	C(C1(C(O)OCC1O)CO)=O
Formose	G5	C(C1(C(O)OCC1O)O)=CC=O
Formose	G5	C(C1(C(O)OCC1O)O)=O
Formose	G5	C(C1(C(OC(CO)C1O)=C)O)=O
Formose	G5	C(C1(C(OCC(C1O)O)=C)O)=O
Formose	G5	C(C1(C(OCC1(CO)O)=C)O)=O
Formose	G5	C(C1(C)C(CO)C(C(O1)O)O)=O
Formose	G5	C(C1(C2C(C(CC2O)O1)O)O)=O
Formose	G5	C(C1(C2CC(C1C(O)O2)O)O)=O
Formose	G5	C(C1(C=C(CO)C(CO)O1)O)=O
Formose	G5	C(C1(C=C(CO)C(CO1)O)O)=O
Formose	G5	C(C1(C=C(CO1)C(CO)O)O)=O
Formose	G5	C(C1(C=CC(C(CO)O)O1)O)=O
Formose	G5	C(C1(C=CC(C(CO)O1)O)O)=O
Formose	G5	C(C1(C=CC(C(CO1)O)O)O)=O
Formose	G5	C(C1(C=CC(C1(CO)O)O)O)=O
Formose	G5	C(C1(C=CC(C1O)O)O)(O)=O
Formose	G5	C(C1(C=CC(C1O)O)O)=O
Formose	G5	C(C1(C=CC(CO)(C1O)O)O)=O
Formose	G5	C(C1(C=CC(CO)(CO)O1)O)=O
Formose	G5	C(C1(C=CC(CO)(CO1)O)O)=O
Formose	G5	C(C1(C=CC(CO)(O)OC1)O)=O
Formose	G5	C(C1(C=CC(CO)(O1)O)CO)=O
Formose	G5	C(C1(C=CC(CO)O1)O)(O)=O
Formose	G5	C(C1(C=CC(CO1)O)O)(O)=O
Formose	G5	C(C1(C=CC(O)OC1)O)(O)=O
Formose	G5	C(C1(C=CC(O)OC1CO)O)=O
Formose	G5	C(C1(C=CC(O)OCC1O)O)=O
Formose	G5	C(C1(C=CC(O1)O)C(CO)O)=O
Formose	G5	C(C1(C=O)C(C=CC1O)O)(O)=O
Formose	G5	C(C1(CC(C(C(C1)O)=O)O)O)=O
Formose	G5	C(C1(CC(C(C1(C)O)O)O)O)=O
Formose	G5	C(C1(CC(C(C1)=O)(CO)O)O)=O
Formose	G5	C(C1(CC(C(C1)=O)O)O)(O)=O
Formose	G5	C(C1(CC(C(C1CO)O)O)O)=O
Formose	G5	C(C1(CC(C(C1O)=O)(C)O)O)=O
Formose	G5	C(C1(CC(C(C1O)=O)CO)O)=O
Formose	G5	C(C1(CC(C(C1O)=O)O)O)=O
Formose	G5	C(C1(CC(C(C1O)O)O)O)O
Formose	G5	C(C1(CC(C(CCO)O1)O)O)=O
Formose	G5	C(C1(CC(C(CCO)O1)O)O)O
Formose	G5	C(C1(CC(C(CO)O1)O)O)O
Formose	G5	C(C1(CC(C)(C(CO)O1)O)O)=O
Formose	G5	C(C1(CC(C=O)(CC1O)O)O)=O
Formose	G5	C(C1(CC(CC(C)O1)O)O)(O)=O
Formose	G5	C(C1(CC(CC(CO)O1)O)O)=O
Formose	G5	C(C1(CC(CC(CO)O1)O)O)O
Formose	G5	C(C1(CC(CC1(CO)O)O)O)=O
Formose	G5	C(C1(CC(CC1O)O)O)O
Formose	G5	C(C1(CC(CO)(CC1O)O)O)=O
Formose	G5	C(C1(CC(CO1)(C)O)O)(O)=O
Formose	G5	C(C1(CC(CO1)(CCO)O)O)=O
Formose	G5	C(C1(CC(O)OC1CCO)O)=O
Formose	G5	C(C1(CC(O)OCC1(C)O)O)=O
Formose	G5	C(C1(CC(O)OCC1)O)(O)=O
Formose	G5	C(C1(CC(O)OCC1CO)O)=O
Formose	G5	C(C1(CC2(C(C1CO2)O)O)O)=O
Formose	G5	C(C1(CC2C(C1C(O)O2)O)O)=O
Formose	G5	C(C1(CC2CC1(C(O)O2)O)O)=O
Formose	G5	C(C1(CCC(C(C1O)=O)O)O)=O
Formose	G5	C(C1(CCC(C1O)=O)O)(O)=O
Formose	G5	C(C1(CCCC(C1O)=O)O)(O)=O
Formose	G5	C(C1(CCCC1(C=O)O)O)(O)=O
Formose	G5	C(C1(CCO)C(CC(O1)O)O)=O
Formose	G5	C(C1(CCOC(C1(C)O)O)O)=O
Formose	G5	C(C1(CCOC(C1CO)O)O)=O
Formose	G5	C(C1(CO)C(C(C(C1)=O)O)O)=O
Formose	G5	C(C1(CO)C(C(C(O1)=C)O)O)=O
Formose	G5	C(C1(CO)C(C(CC1O)O)O)=O
Formose	G5	C(C1(CO)C(C)OC(C1O)O)=O
Formose	G5	C(C1(CO)C(C=CC(O1)O)O)=O
Formose	G5	C(C1(CO)C(C=CC1O)O)=O
Formose	G5	C(C1(CO)C(CC(C1O)=O)O)=O
Formose	G5	C(C1(CO)CC(CC(O)O1)O)O
Formose	G5	C(C1(CO)CC(CC(O1)O)O)=O
Formose	G5	C(C1(COC(C(C1O)O)=C)O)=O
Formose	G5	C(C1(COC(C1(C=C)O)O)O)=O
Formose	G5	C(C1(COC(C1)O)O)(O)=O
Formose	G5	C(C1(COC(C1C(C)O)O)O)=O
Formose	G5	C(C1(COC(C1CO)O)O)=O
Formose	G5	C(C1(COC(C1O)=C)O)(O)=O
Formose	G5	C(C1(COC(C1O)O)CO)=O
Formose	G5	C(C1(COC(C=C)(C1O)O)O)=O
Formose	G5	C(C1(COC(C=CC1O)O)O)=O
Formose	G5	C(C1(COC(CC1(C)O)O)O)=O
Formose	G5	C(C12C(C(C(O1)O)C(C2)O)O)=O
Formose	G5	C(C12C(O)OC(C1O)CC2O)=O
Formose	G5	C(C1C(C(C(C(C1)=O)O)O)O)=O
Formose	G5	C(C1C(C(C(C1(C)O)=O)O)O)=O
Formose	G5	C(C1C(C(C(C1(C)O)O)O)O)=O
Formose	G5	C(C1C(C(C(C1)=O)(CO)O)O)=O
Formose	G5	C(C1C(C(C(C1)=O)O)O)(O)=O
Formose	G5	C(C1C(C(C(C1C=O)O)O)O)=O
Formose	G5	C(C1C(C(C(C1CO)O)O)=O)=O
Formose	G5	C(C1C(C(C(C1O)=O)(C)O)O)=O
Formose	G5	C(C1C(C(C(C1O)=O)O)O)=O
Formose	G5	C(C1C(C(C(C1O)O)O)O)O
Formose	G5	C(C1C(C(C(CC1O)O)O)O)=O
Formose	G5	C(C1C(C(C(CO)(C1)O)O)=O)=O
Formose	G5	C(C1C(C(C(CO)(O1)O)O)=C)=O
Formose	G5	C(C1C(C(C(CO)C1O)O)=O)=O
Formose	G5	C(C1C(C(C(CO)O1)O)O)=O
Formose	G5	C(C1C(C(C(CO1)O)O)O)=O
Formose	G5	C(C1C(C(C(O1)=C)O)O)(O)=O
Formose	G5	C(C1C(C(C(O1)O)(CO)O)=C)=O
Formose	G5	C(C1C(C(C(O1)O)O)=C)(O)=O
Formose	G5	C(C1C(C(C)(C(C1O)O)O)=O)=O
Formose	G5	C(C1C(C(C)(C(C1O)O)O)O)=O
Formose	G5	C(C1C(C(C)(C(O1)O)O)O)=O
Formose	G5	C(C1C(C(C)(CC1O)O)O)=O
Formose	G5	C(C1C(C(C=O)(C(C1)O)O)O)=O
Formose	G5	C(C1C(C(CC(C1O)O)O)=O)=O
Formose	G5	C(C1C(C(CC1(CO)O)O)=O)=O
Formose	G5	C(C1C(C(CC1(CO)O)O)O)=O
Formose	G5	C(C1C(C(CC1O)O)=O)(O)=O
Formose	G5	C(C1C(C(CC1O)O)O)(O)=O
Formose	G5	C(C1C(C(CC1O)O)O)O
Formose	G5	C(C1C(C(CO)(C(C1)O)O)=O)=O
Formose	G5	C(C1C(C(CO)(CC1O)O)O)=O
Formose	G5	C(C1C(C(CO)(CO1)O)O)=O
Formose	G5	C(C1C(C(CO)C(C1O)O)=O)=O
Formose	G5	C(C1C(C(CO)C(C1O)O)O)=O
Formose	G5	C(C1C(C(O)OC1(C)CO)O)=O
Formose	G5	C(C1C(C(O)OCC1(C)O)O)=O
Formose	G5	C(C1C(C)(C(C(C)(O1)O)O)O)=O
Formose	G5	C(C1C(C)(C(C(C1O)=O)O)O)=O
Formose	G5	C(C1C(C)(C(CO)C(O1)O)O)=O
Formose	G5	C(C1C(C)(CC(CO)(O1)O)O)=O
Formose	G5	C(C1C(C)(O)OC(CO)C1O)=O
Formose	G5	C(C1C(C)(O)OCC(C1O)O)=O
Formose	G5	C(C1C(C)(O)OCC1O)(O)=O
Formose	G5	C(C1C(C)OC(C(C1O)O)O)=O
Formose	G5	C(C1C(C)OC(C1(CO)O)O)=O
Formose	G5	C(C1C(C)OC(C1O)O)(O)=O
Formose	G5	C(C1C(C2(CC1(CO2)O)O)O)=O
Formose	G5	C(C1C(C2CC1(C(O)O2)O)O)=O
Formose	G5	C(C1C(CC(C(C1O)=O)O)O)=O
Formose	G5	C(C1C(CC(C1(C)O)O)O)=O
Formose	G5	C(C1C(CC(C1(CO)O)=O)O)=O
Formose	G5	C(C1C(CC(C1(CO)O)O)=O)=O
Formose	G5	C(C1C(CC(C1(CO)O)O)O)=O
Formose	G5	C(C1C(CC(C1O)=O)O)(O)=O
Formose	G5	C(C1C(CC(C1O)O)=O)(O)=O
Formose	G5	C(C1C(CC(CC1O)O)O)=O
Formose	G5	C(C1C(CC(CO)(C1O)O)=O)=O
Formose	G5	C(C1C(CC(O1)O)O)(CCO)=O
Formose	G5	C(C1C(CCO)OC(C1O)O)=O
Formose	G5	C(C1C(CO)(C(C(C1)=O)O)O)=O
Formose	G5	C(C1C(CO)(C(CO1)O)O)=O
Formose	G5	C(C1C(CO)(O)OCC1(C)O)=O
Formose	G5	C(C1C(CO)(O)OCCC1O)=O
Formose	G5	C(C1C(CO)=CC(O1)O)(O)=O
Formose	G5	C(C1C(CO)C(C(C)(O1)O)O)=O
Formose	G5	C(C1C(CO)C(C(C1O)=O)O)=O
Formose	G5	C(C1C(CO)C(C(O1)O)O)=O
Formose	G5	C(C1C(CO)C(C)(C(O1)O)O)=O
Formose	G5	C(C1C(CO)C(CC(O1)O)O)=O
Formose	G5	C(C1C(CO)OC(C)(C1O)O)=O
Formose	G5	C(C1C(CO)OC(C1(C)O)O)=O
Formose	G5	C(C1C(CO)OC(CC1O)O)=O
Formose	G5	C(C1C(COC(C)(C1O)O)O)=O
Formose	G5	C(C1C(COC(C1(C)O)O)O)=O
Formose	G5	C(C1C(COC(CC1O)O)O)=O
Formose	G5	C(C1C(O)OC(C)C(C1O)O)=O
Formose	G5	C(C1C(O)OC(C1O)C(C)O)=O
Formose	G5	C(C1C(O)OC(C1O)CCO)=O
Formose	G5	C(C1C(O)OC(CO)C1(C)O)=O
Formose	G5	C(C1C(O)OC(CO)CC1O)=O
Formose	G5	C(C1C(O)OCC(C1(C)O)O)=O
Formose	G5	C(C1C(O)OCC1(C)O)(O)=O
Formose	G5	C(C1C(O)OCC1(CCO)O)=O
Formose	G5	C(C1C(O)OCC1O)(O)=O
Formose	G5	C(C1C(O)OCCC1(CO)O)=O
Formose	G5	C(C1C2(CC(C(C2)(O1)O)O)O)=O
Formose	G5	C(C1C2C(C(C(O)O2)C1O)O)=O
Formose	G5	C(C1C2C(CC(C1O)(O)O2)O)=O
Formose	G5	C(C1C2C(CC(C2O)(O1)O)O)=O
Formose	G5	C(C1C2C(CC1(C(O)O2)O)O)=O
Formose	G5	C(C1C2CC(C(O)O2)(C1O)O)=O
Formose	G5	C(C1C2CC(C1(C(O)O2)O)O)=O
Formose	G5	C(C1C=CC(CO)(O1)O)(O)=O
Formose	G5	C(C1CC(C(C(C1O)=O)O)O)=O
Formose	G5	C(C1CC(C(C)(O1)O)O)(O)=O
Formose	G5	C(C1CC(C(C1(C=O)O)O)O)=O
Formose	G5	C(C1CC(C(C1(CO)O)=O)O)=O
Formose	G5	C(C1CC(C(C1O)=O)(CO)O)=O
Formose	G5	C(C1CC(C(CO)C(O1)O)O)=O
Formose	G5	C(C1CC(C(O)=O)(C(C1)O)O)=O
Formose	G5	C(C1CC(CC(CO)(O1)O)O)=O
Formose	G5	C(C1CC(CC(O)O1)O)O
Formose	G5	C(C1CC(CC(O1)O)O)(O)=O
Formose	G5	C(C1CC(O)OC(CO)C1O)=O
Formose	G5	C(C1CC(O)OC1(CO)CO)=O
Formose	G5	C(C1CC(O)OC1C(CO)O)=O
Formose	G5	C(C1CC(O)OCC(C1O)O)=O
Formose	G5	C(C1CC(O)OCC1(CO)O)=O
Formose	G5	C(C1COC(C(C1(C)O)O)O)=O
Formose	G5	C(C1COC(C(C1O)O)O)=O
Formose	G5	C(C1COC(C(CO)C1O)O)=O
Formose	G5	C(C1COC(C)(C(C1O)O)O)=O
Formose	G5	C(C1COC(C)(C1(CO)O)O)=O
Formose	G5	C(C1COC(C1(C(C)O)O)O)=O
Formose	G5	C(C1COC(C1(CCO)O)O)=O
Formose	G5	C(C1COC(C1(CO)O)O)=O
Formose	G5	C(C1COC(C1O)(CCO)O)=O
Formose	G5	C(C1COC(C1O)O)(O)=O
Formose	G5	C(C1COC(CC(C1O)O)O)=O
Formose	G5	C(C1COC(CC1(CO)O)O)=O
Formose	G5	C(C1COC(CO)(C1(C)O)O)=O
Formose	G5	C(C1COC(CO)(C1O)O)=O
Formose	G5	C(C1COC(CO)(CC1O)O)=O
Formose	G5	C(C=C(C(O)=O)C)(C(CO)O)=O
Formose	G5	C(C=C(C=O)C(CCO)O)(O)=O
Formose	G5	C(C=C(C=O)CO)(C(CO)O)=O
Formose	G5	C(C=CC(C(C(C)O)O)=O)(O)=O
Formose	G5	C(C=CC(C(C(CO)O)O)=O)=O
Formose	G5	C(C=CC(C(CO)(CO)O)=O)=O
Formose	G5	C(C=CC(CO)=O)(C(CO)O)=O
Formose	G5	C(CC(C(C(C(C)O)=O)O)O)=O
Formose	G5	C(CC(C(C(C(C)O)O)=O)O)=O
Formose	G5	C(CC(C(C(C(C)O)O)O)=O)=O
Formose	G5	C(CC(C(C(C(C)O)O)O)O)=O
Formose	G5	C(CC(C(C(C(O)=O)=C)O)O)=O
Formose	G5	C(CC(C(C(C(O)=O)=O)O)O)=C
Formose	G5	C(CC(C(C(C(O)=O)O)O)=C)=O
Formose	G5	C(CC(C(C(C)(CO)O)O)O)=O
Formose	G5	C(CC(C(C(C)O)=O)O)(O)=O
Formose	G5	C(CC(C(C(C)O)O)O)(O)=O
Formose	G5	C(CC(C(C(C=C)=O)O)O)(O)=O
Formose	G5	C(CC(C(C(C=C)O)O)=O)(O)=O
Formose	G5	C(CC(C(C(C=O)=C)O)O)(O)=O
Formose	G5	C(CC(C(C(CCO)O)=O)O)=O
Formose	G5	C(CC(C(C(CCO)O)O)O)=O
Formose	G5	C(CC(C(C(CO)(C)O)=O)O)=O
Formose	G5	C(CC(C(C(CO)=C)O)=O)(O)=O
Formose	G5	C(CC(C(C(CO)=O)(C)O)O)=O
Formose	G5	C(CC(C(C(CO)=O)=C)O)(O)=O
Formose	G5	C(CC(C(C(CO)CO)O)=O)=O
Formose	G5	C(CC(C(C(CO)CO)O)O)=O
Formose	G5	C(CC(C(C(O)=O)=C)(CO)O)=O
Formose	G5	C(CC(C(C(O)=O)=C)O)(O)=O
Formose	G5	C(CC(C(C(O)=O)=CCO)O)=O
Formose	G5	C(CC(C(C)(C(CO)O)O)=O)=O
Formose	G5	C(CC(C(C)(C(CO)O)O)O)=O
Formose	G5	C(CC(C(C)(CC=O)O)O)(O)=O
Formose	G5	C(CC(C(C)(CCO)O)O)=O
Formose	G5	C(CC(C(C)O)(C(C=O)O)O)=O
Formose	G5	C(CC(C(C)O)C(C(O)=O)O)=O
Formose	G5	C(CC(C(C=C)(CO)O)O)=O
Formose	G5	C(CC(C(C=CC(O)=O)O)O)=O
Formose	G5	C(CC(C(C=CCO)O)=O)(O)=O
Formose	G5	C(CC(C(C=O)=C)(CO)O)(O)=O
Formose	G5	C(CC(C(C=O)=CCO)O)(O)=O
Formose	G5	C(CC(C(CC(C)O)=O)O)(O)=O
Formose	G5	C(CC(C(CC(C=O)O)O)O)=O
Formose	G5	C(CC(C(CC(CO)O)O)=O)=O
Formose	G5	C(CC(C(CCC=O)O)O)(O)=O
Formose	G5	C(CC(C(CCO)O)=O)(O)=O
Formose	G5	C(CC(C(CCO)O)O)(O)=O
Formose	G5	C(CC(C(CCO)O)O)O
Formose	G5	C(CC(C(CO)(CCO)O)=O)=O
Formose	G5	C(CC(C(CO)(CCO)O)O)=O
Formose	G5	C(CC(C(CO)(CO)CO)=O)=O
Formose	G5	C(CC(C(CO)=CC(O)=O)O)=O
Formose	G5	C(CC(C(CO)=O)O)(C(C)O)=O
Formose	G5	C(CC(C(CO)=O)O)(CCO)=O
Formose	G5	C(CC(C(CO)C(C)O)O)(O)=O
Formose	G5	C(CC(C(CO)C(C)O)O)=O
Formose	G5	C(CC(C(CO)C(CO)O)O)=O
Formose	G5	C(CC(C(CO)CC=O)O)(O)=O
Formose	G5	C(CC(C(CO)CO)=O)(O)=O
Formose	G5	C(CC(C(CO)CO)O)(O)=O
Formose	G5	C(CC(C(CO)CO)O)=O
Formose	G5	C(CC(C(CO)O)(C(C)O)O)=O
Formose	G5	C(CC(C(CO)O)C(C)O)=O
Formose	G5	C(CC(C(CO)O)C(C=O)O)=O
Formose	G5	C(CC(C(CO)O)C(CO)O)=O
Formose	G5	C(CC(C(CO)O)CC=O)(O)=O
Formose	G5	C(CC(C(CO)O)O)(CCO)=O
Formose	G5	C(CC(C(CO)O)O)=CC=O
Formose	G5	C(CC(C(O)=O)=O)=CC(CO)O
Formose	G5	C(CC(C(O)=O)O)(C(C)O)=O
Formose	G5	C(CC(C(O)=O)O)(CCO)=O
Formose	G5	C(CC(C)(C(C(C)=O)O)O)(O)=O
Formose	G5	C(CC(C)(C(C(CO)=O)O)O)=O
Formose	G5	C(CC(C)(C(C(CO)O)O)O)=O
Formose	G5	C(CC(C)(C(CC=O)O)O)(O)=O
Formose	G5	C(CC(C)(C(CCO)O)O)=O
Formose	G5	C(CC(C)(C(CO)(CO)O)O)=O
Formose	G5	C(CC(C)(C(CO)O)O)(O)=O
Formose	G5	C(CC(C)(CC(CO)=O)O)(O)=O
Formose	G5	C(CC(C)(CO)O)(O)=O
Formose	G5	C(CC(C)C(C(C(O)=O)O)O)=O
Formose	G5	C(CC(C)C(C(CO)O)O)=O
Formose	G5	C(CC(C)C(CO)(CO)O)=O
Formose	G5	C(CC(C)O)(C(C(CO)=O)O)=O
Formose	G5	C(CC(C)O)(C(CO)(CO)O)=O
Formose	G5	C(CC(C1(CC(CO1)O)O)O)=O
Formose	G5	C(CC(C1C(O)OCC1O)O)=O
Formose	G5	C(CC(C1COC(C1O)O)O)=O
Formose	G5	C(CC(C=C(C=O)CO)O)(O)=O
Formose	G5	C(CC(C=C(CO)CO)O)=O
Formose	G5	C(CC(C=C)(CO)O)(CO)=O
Formose	G5	C(CC(C=C)O)(C(CO)O)=O
Formose	G5	C(CC(C=CC(CO)=O)O)(O)=O
Formose	G5	C(CC(C=CC(CO)O)O)=O
Formose	G5	C(CC(C=CC(O)=O)(CO)O)=O
Formose	G5	C(CC(C=O)(C(C=C)O)O)(O)=O
Formose	G5	C(CC(C=O)O)(C(CCO)O)=O
Formose	G5	C(CC(C=O)O)(C(CO)CO)=O
Formose	G5	C(CC(CC(C(C)=O)O)O)(O)=O
Formose	G5	C(CC(CC(C(C)O)O)=O)(O)=O
Formose	G5	C(CC(CC(C(CO)=O)O)O)=O
Formose	G5	C(CC(CC(C)(CO)O)=O)(O)=O
Formose	G5	C(CC(CC(C)(CO)O)O)=O
Formose	G5	C(CC(CC(C)O)O)(O)=O
Formose	G5	C(CC(CC(CC=O)O)O)(O)=O
Formose	G5	C(CC(CC(CCO)O)=O)(O)=O
Formose	G5	C(CC(CC(CCO)O)O)=O
Formose	G5	C(CC(CC(CO)(CO)O)=O)=O
Formose	G5	C(CC(CC(CO)O)=O)(O)=O
Formose	G5	C(CC(CC(CO)O)O)(O)=O
Formose	G5	C(CC(CC(O)=O)O)(O)=O
Formose	G5	C(CC(CCC(C(O)=O)O)O)=O
Formose	G5	C(CC(CCC(CO)=O)O)(O)=O
Formose	G5	C(CC(CCC=O)(CO)O)(O)=O
Formose	G5	C(CC(CCO)(C(CO)O)O)=O
Formose	G5	C(CC(CCO)C(C(O)=O)O)=O
Formose	G5	C(CC(CCO)C(CO)O)=O
Formose	G5	C(CC(CCO)O)(O)=O
Formose	G5	C(CC(CCO)O)O
Formose	G5	C(CC(CO)(C(C)(CO)O)O)=O
Formose	G5	C(CC(CO)(C(C)O)O)(O)=O
Formose	G5	C(CC(CO)(C(C=C)O)O)=O
Formose	G5	C(CC(CO)(C(CCO)O)O)=O
Formose	G5	C(CC(CO)(C(CO)CO)O)=O
Formose	G5	C(CC(CO)(CC(C)O)O)=O
Formose	G5	C(CC(CO)(CC(CO)O)O)=O
Formose	G5	C(CC(CO)(CCO)O)(O)=O
Formose	G5	C(CC(CO)(CO)C(C)O)=O
Formose	G5	C(CC(CO)(CO)C(C=O)O)=O
Formose	G5	C(CC(CO)(CO)C(CO)O)=O
Formose	G5	C(CC(CO)(CO)CC=O)(O)=O
Formose	G5	C(CC(CO)(CO)CCO)=O
Formose	G5	C(CC(CO)(CO)CO)=O
Formose	G5	C(CC(CO)(CO)O)=CC=O
Formose	G5	C(CC(CO)=CC(CO)=O)(O)=O
Formose	G5	C(CC(CO)C(C(C)=O)O)(O)=O
Formose	G5	C(CC(CO)C(C(C=O)O)O)=O
Formose	G5	C(CC(CO)C(C(CO)=O)O)=O
Formose	G5	C(CC(CO)C(C(CO)O)O)=O
Formose	G5	C(CC(CO)C(C(O)=O)O)=O
Formose	G5	C(CC(CO)C(C)O)(O)=O
Formose	G5	C(CC(CO)C(C=O)O)(O)=O
Formose	G5	C(CC(CO)C(CC=O)O)(O)=O
Formose	G5	C(CC(CO)C(CCO)O)(O)=O
Formose	G5	C(CC(CO)C(CCO)O)=O
Formose	G5	C(CC(CO)C(CO)(CO)O)=O
Formose	G5	C(CC(CO)C(CO)CO)(O)=O
Formose	G5	C(CC(CO)C(CO)CO)=O
Formose	G5	C(CC(CO)C(CO)O)(O)=O
Formose	G5	C(CC(CO)C(CO)O)=O
Formose	G5	C(CC(CO)CC(C(O)=O)O)=O
Formose	G5	C(CC(CO)CC(C=O)O)(O)=O
Formose	G5	C(CC(CO)CC(CO)=O)(O)=O
Formose	G5	C(CC(CO)CC(O)=O)(O)=O
Formose	G5	C(CC(CO)CCO)(O)=O
Formose	G5	C(CC(CO)CO)(O)=O
Formose	G5	C(CC(CO)O)(C(C(C)=O)O)=O
Formose	G5	C(CC(CO)O)(CC(CO)=O)=O
Formose	G5	C(CC(CO)O)(CCO)=O
Formose	G5	C(CC(O)=O)(C(C=C)(CO)O)=O
Formose	G5	C(CC1(C(C(CCO1)O)O)O)=O
Formose	G5	C(CC1(C(C(CO1)(C)O)O)O)=O
Formose	G5	C(CC1(C(C)(O)OCC1O)O)=O
Formose	G5	C(CC1(C(CO)C(CO1)O)O)=O
Formose	G5	C(CC1(C(O)OC(CO)C1)O)=O
Formose	G5	C(CC1(C(O)OCC1(C)O)O)=O
Formose	G5	C(CC1(C(O)OCC1)O)(O)=O
Formose	G5	C(CC1(C(O)OCC1CO)O)=O
Formose	G5	C(CC1(CC(C(C1O)=O)O)O)=O
Formose	G5	C(CC1(CC(C(CO)O1)O)O)=O
Formose	G5	C(CC1(CC(C(CO1)O)O)O)=O
Formose	G5	C(CC1(CO)C(CC(O)O1)O)=O
Formose	G5	C(CC1(COC(C)(C1O)O)O)=O
Formose	G5	C(CC1(COC(C1(C)O)O)O)=O
Formose	G5	C(CC1(COC(C1)O)O)(O)=O
Formose	G5	C(CC1(COC(C1CO)O)O)=O
Formose	G5	C(CC1(COC(CO)(C1)O)O)=O
Formose	G5	C(CC1(COC(CO)C1O)O)=O
Formose	G5	C(CC1(COCC1O)O)(O)=O
Formose	G5	C(CC1C(C(C(C)(O)O1)O)O)=O
Formose	G5	C(CC1C(C(C(C1O)=O)O)O)=O
Formose	G5	C(CC1C(C(C(C1O)O)O)O)=O
Formose	G5	C(CC1C(C(C(O)O1)CO)O)=O
Formose	G5	C(CC1C(C(C)(C(O)O1)O)O)=O
Formose	G5	C(CC1C(C)(C(C(O)O1)O)O)=O
Formose	G5	C(CC1C(CC(CO)(O)O1)O)=O
Formose	G5	C(CC1C(CC(O)O1)O)(O)=O
Formose	G5	C(CC1C(CC(O)O1)O)O
Formose	G5	C(CC1C(CO)(CC(O)O1)O)=O
Formose	G5	C(CC1C(CO)C(C(O)O1)O)=O
Formose	G5	C(CC1C(O)OC(CO)C1O)=O
Formose	G5	C(CC1C(O)OCC(C1O)O)=O
Formose	G5	C(CC1C(O)OCC1(CO)O)=O
Formose	G5	C(CC1CC(C(O)O1)O)(O)=O
Formose	G5	C(CC1CC(C(O)O1)O)O
Formose	G5	C(CC=CC(C(C(O)=O)O)O)=O
Formose	G5	C(CC=CC(C(CO)O)=O)(O)=O
Formose	G5	C(CC=CC(C(CO)O)O)=O
Formose	G5	C(CC=CC(CO)(CO)O)=O
Formose	G5	C(CCC(C(C(C)=O)O)O)(O)=O
Formose	G5	C(CCC(C(C(C)O)=O)O)(O)=O
Formose	G5	C(CCC(C(C(C)O)O)O)(O)=O
Formose	G5	C(CCC(C(C(C)O)O)O)=O
Formose	G5	C(CCC(C(C(C=O)O)O)O)=O
Formose	G5	C(CCC(C(C(CO)=O)O)O)=O
Formose	G5	C(CCC(C(C(CO)O)=O)O)=O
Formose	G5	C(CCC(C(C(CO)O)O)O)=O
Formose	G5	C(CCC(C(C(O)=O)O)O)=O
Formose	G5	C(CCC(C(C)=O)(CO)O)(O)=O
Formose	G5	C(CCC(C(C=O)O)O)(O)=O
Formose	G5	C(CCC(C(CC=O)O)O)(O)=O
Formose	G5	C(CCC(C(CCO)=O)O)(O)=O
Formose	G5	C(CCC(C(CCO)O)O)(O)=O
Formose	G5	C(CCC(C(CCO)O)O)=O
Formose	G5	C(CCC(C(CO)(CO)O)O)=O
Formose	G5	C(CCC(C(CO)=O)(C)O)(O)=O
Formose	G5	C(CCC(C(CO)=O)(CO)O)=O
Formose	G5	C(CCC(C(CO)=O)CO)(O)=O
Formose	G5	C(CCC(C(CO)=O)O)(O)=O
Formose	G5	C(CCC(C(CO)O)=O)(CO)=O
Formose	G5	C(CCC(C(CO)O)O)(O)=O
Formose	G5	C(CCC(C(CO)O)O)=O
Formose	G5	C(CCC(C(O)=O)O)(O)=O
Formose	G5	C(CCC(C)(C(C(O)=O)O)O)=O
Formose	G5	C(CCC(C)(C(C=O)O)O)(O)=O
Formose	G5	C(CCC(C)(C(CO)O)O)(O)=O
Formose	G5	C(CCC(C)(C(CO)O)O)=O
Formose	G5	C(CCC(C)(CC(O)=O)O)(O)=O
Formose	G5	C(CCC(C)(CCO)O)(O)=O
Formose	G5	C(CCC(C=CC(O)=O)O)(O)=O
Formose	G5	C(CCC(CC(C(O)=O)O)O)=O
Formose	G5	C(CCC(CC(C)O)O)(O)=O
Formose	G5	C(CCC(CC(C=O)O)O)(O)=O
Formose	G5	C(CCC(CC(CO)=O)O)(O)=O
Formose	G5	C(CCC(CC(CO)O)O)(O)=O
Formose	G5	C(CCC(CC(CO)O)O)=O
Formose	G5	C(CCC(CC(O)=O)O)(O)=O
Formose	G5	C(CCC(CCO)O)(O)=O
Formose	G5	C(CCC(CO)(C(C)O)O)(O)=O
Formose	G5	C(CCC(CO)(C(C)O)O)=O
Formose	G5	C(CCC(CO)(C(C=O)O)O)=O
Formose	G5	C(CCC(CO)(C(CO)O)O)=O
Formose	G5	C(CCC(CO)(CC=O)O)(O)=O
Formose	G5	C(CCC(CO)(CCO)O)(O)=O
Formose	G5	C(CCC(CO)(CCO)O)=O
Formose	G5	C(CCC(CO)(CO)O)(O)=O
Formose	G5	C(CCC(CO)(CO)O)=O
Formose	G5	C(CCC(CO)C(C(O)=O)O)=O
Formose	G5	C(CCC(CO)C(C)O)(O)=O
Formose	G5	C(CCC(CO)C(C=O)O)(O)=O
Formose	G5	C(CCC(CO)C(CO)O)(O)=O
Formose	G5	C(CCC(CO)C(CO)O)=O
Formose	G5	C(CCC(CO)CO)(O)=O
Formose	G5	C(CCC(CO)O)(O)=O
Formose	G5	C(CCC(O)=O)(C(CO)O)=O
Formose	G5	C(CCC1(C(C(CO1)O)O)O)=O
Formose	G5	C(CCC1(C(O)OCC1O)O)=O
Formose	G5	C(CCC1(COC(C1O)O)O)=O
Formose	G5	C(CCC1C(C(C(O)O1)O)O)=O
Formose	G5	C(CCC=O)(C(CO)(CO)O)=O
Formose	G5	C(CCCC(C(C(O)=O)O)O)=O
Formose	G5	C(CCCC(C(C=O)O)O)(O)=O
Formose	G5	C(CCCC(C(CO)=O)O)(O)=O
Formose	G5	C(CCCC(C(CO)O)=O)(O)=O
Formose	G5	C(CCCC(C(CO)O)O)(O)=O
Formose	G5	C(CCCC(C(CO)O)O)=O
Formose	G5	C(CCCC(C(O)=O)O)(O)=O
Formose	G5	C(CCCC(CC(O)=O)O)(O)=O
Formose	G5	C(CCCC(CCO)O)(O)=O
Formose	G5	C(CCCO)(C(C(CO)=O)O)=O
Formose	G5	C(CCO)(C(C(C(C)O)=O)O)=O
Formose	G5	C(CCO)(C(C(C(O)=O)=C)O)=O
Formose	G5	C(CCO)(C(C(C)=O)(CO)O)=O
Formose	G5	C(CCO)(C(C(CCO)=O)O)=O
Formose	G5	C(CCO)(C(C(CO)=C)O)=O
Formose	G5	C(CCO)(C(C(CO)=O)CO)=O
Formose	G5	C(CCO)(C(C=CC(O)=O)O)=O
Formose	G5	C(CCO)(C(C=CCO)O)=O
Formose	G5	C(CCO)(C(CO)(C(C)O)O)=O
Formose	G5	C(CCO)(C(CO)(CCO)O)=O
Formose	G5	C(CCO)(C(CO)C(CO)O)=O
Formose	G5	C(CCO)(C(CO)CO)=O
Formose	G5	C(CCO)(CC(C(C=O)O)O)=O
Formose	G5	C(CCO)(CC(C(CO)O)=O)=O
Formose	G5	C(CCO)=CC(C(CO)O)=O
Formose	G5	C(CO)(C(C(C(C=C)O)O)O)=O
Formose	G5	C(CO)(C(C(C(C=O)=C)O)O)=O
Formose	G5	C(CO)(C(C(C(CO)=O)=C)O)=O
Formose	G5	C(CO)(C(C(C(CO)O)=C)O)=O
Formose	G5	C(CO)(C(C(C(O)=O)=C)(C)O)=O
Formose	G5	C(CO)(C(C(C(O)=O)=C)CO)=O
Formose	G5	C(CO)(C(C(C(O)=O)=C)O)=O
Formose	G5	C(CO)(C(C(C)O)(CC=O)O)=O
Formose	G5	C(CO)(C(C(C)O)C(C)O)=O
Formose	G5	C(CO)(C(C(C)O)CC(O)=O)=O
Formose	G5	C(CO)(C(C(C=C)=O)(CO)O)=O
Formose	G5	C(CO)(C(C(C=C)O)O)=O
Formose	G5	C(CO)(C(C(C=CC)O)O)=O
Formose	G5	C(CO)(C(C(C=CCO)=O)O)=O
Formose	G5	C(CO)(C(C(C=CCO)O)O)=O
Formose	G5	C(CO)(C(C(CC=C)O)O)=O
Formose	G5	C(CO)(C(C(CO)=C)(CO)O)=O
Formose	G5	C(CO)(C(C(CO)=C)CO)=O
Formose	G5	C(CO)(C(C(CO)=C)O)=O
Formose	G5	C(CO)(C(C(CO)=CCO)O)=O
Formose	G5	C(CO)(C(C(CO)=O)(C)O)=O
Formose	G5	C(CO)(C(C(CO)=O)C(C)O)=O
Formose	G5	C(CO)(C(C(CO)C(C)O)O)=O
Formose	G5	C(CO)(C(C(CO)CO)O)=O
Formose	G5	C(CO)(C(C(CO)O)C(C)O)=O
Formose	G5	C(CO)(C(C(CO)O)CC=O)=O
Formose	G5	C(CO)(C(C(CO)O)O)=CC=O
Formose	G5	C(CO)(C(C)(C(C(C)O)O)O)=O
Formose	G5	C(CO)(C(C)(C(C)O)O)=O
Formose	G5	C(CO)(C(C)(C(C=C)O)O)=O
Formose	G5	C(CO)(C(C)(C(CCO)O)O)=O
Formose	G5	C(CO)(C(C)(C(CO)(C)O)O)=O
Formose	G5	C(CO)(C(C)(C(CO)CO)O)=O
Formose	G5	C(CO)(C(C)(C(CO)O)O)=O
Formose	G5	C(CO)(C(C)(CC(O)=O)O)=O
Formose	G5	C(CO)(C(C)(CCO)O)=O
Formose	G5	C(CO)(C(C)C(C(CO)=O)O)=O
Formose	G5	C(CO)(C(C)C(C(O)=O)O)=O
Formose	G5	C(CO)(C(C)O)=CC(O)=O
Formose	G5	C(CO)(C(C1C(O)OCC=1)O)=O
Formose	G5	C(CO)(C(C1C=CC(O)O1)O)=O
Formose	G5	C(CO)(C(C1COC(C=1)O)O)=O
Formose	G5	C(CO)(C(C=C(C=O)CO)O)=O
Formose	G5	C(CO)(C(C=C)(C(C)O)O)=O
Formose	G5	C(CO)(C(C=C)(C(CO)O)O)=O
Formose	G5	C(CO)(C(C=CC(CO)O)O)=O
Formose	G5	C(CO)(C(C=CC(O)=O)CO)=O
Formose	G5	C(CO)(C(C=CC(O)=O)O)=O
Formose	G5	C(CO)(C(C=CCO)(CO)O)=O
Formose	G5	C(CO)(C(C=CCO)CO)=O
Formose	G5	C(CO)(C(C=CCO)O)=O
Formose	G5	C(CO)(C(CC(C)O)O)=O
Formose	G5	C(CO)(C(CC(CCO)O)O)=O
Formose	G5	C(CO)(C(CC(CO)(C)O)O)=O
Formose	G5	C(CO)(C(CC(CO)O)O)=O
Formose	G5	C(CO)(C(CC)(C(C=O)O)O)=O
Formose	G5	C(CO)(C(CCO)(CC=O)O)=O
Formose	G5	C(CO)(C(CCO)CC(O)=O)=O
Formose	G5	C(CO)(C(CCO)O)=O
Formose	G5	C(CO)(C(CO)(C(C=C)O)O)=O
Formose	G5	C(CO)(C(CO)(C)O)=O
Formose	G5	C(CO)(C(CO)(CCO)O)=O
Formose	G5	C(CO)(C(CO)(CO)C(C)O)=O
Formose	G5	C(CO)(C(CO)(CO)CC=O)=O
Formose	G5	C(CO)(C(CO)(CO)CO)=O
Formose	G5	C(CO)(C(CO)C(C(C)O)O)=O
Formose	G5	C(CO)(C(CO)C(C=C)O)=O
Formose	G5	C(CO)(C(CO)CC(CO)=O)=O
Formose	G5	C(CO)(C(CO)CC(O)=O)=O
Formose	G5	C(CO)(C(CO)CCO)=O
Formose	G5	C(CO)(C(CO)O)=CCO
Formose	G5	C(CO)(C)=CC(C(CO)O)=O
Formose	G5	C(CO)(C1(C(C(O)OC1)=C)O)=O
Formose	G5	C(CO)(C1(C(C=CC1O)O)O)=O
Formose	G5	C(CO)(C1(C(CC(C1)=O)O)O)=O
Formose	G5	C(CO)(C1(C(O)OCC1)O)=O
Formose	G5	C(CO)(C1(C=CC(C1O)O)O)=O
Formose	G5	C(CO)(C1(CC(C(C1)=O)O)O)=O
Formose	G5	C(CO)(C1(CC(CO1)O)O)=O
Formose	G5	C(CO)(C1(CCC(C1O)=O)O)=O
Formose	G5	C(CO)(C1(COC(C1)O)O)=O
Formose	G5	C(CO)(C1(COC(C1O)=C)O)=O
Formose	G5	C(CO)(C1(COCC1O)O)=O
Formose	G5	C(CO)(C1C(C(C(C1)=O)O)O)=O
Formose	G5	C(CO)(C1C(C(C(O1)=C)O)O)=O
Formose	G5	C(CO)(C1C(C(C(O1)O)O)=C)=O
Formose	G5	C(CO)(C1C(C(CC1O)O)O)=O
Formose	G5	C(CO)(C1C(C(CO1)O)O)=O
Formose	G5	C(CO)(C1C(C=CC(O)O1)O)=O
Formose	G5	C(CO)(C1C(C=CC1O)O)=O
Formose	G5	C(CO)(C1C(CO)=CC(O1)O)=O
Formose	G5	C(CO)(C1C(O)OCC1(C)O)=O
Formose	G5	C(CO)(C1C=CC(CO)(O1)O)=O
Formose	G5	C(CO)(C1COC(C)(C1O)O)=O
Formose	G5	C(CO)(C1COC(C1(C)O)O)=O
Formose	G5	C(CO)(C1COC(C1O)O)=O
Formose	G5	C(CO)(C1COC(CC1O)O)=O
Formose	G5	C(CO)(CC(C(C(O)=O)=C)O)=O
Formose	G5	C(CO)(CC(C(C)O)O)=O
Formose	G5	C(CO)(CC(C(C=C)O)O)=O
Formose	G5	C(CO)(CC(C(CO)CO)O)=O
Formose	G5	C(CO)(CC(C(CO)O)=C)=O
Formose	G5	C(CO)(CC(C(O)=O)=CCO)=O
Formose	G5	C(CO)(CC(C=CC(O)=O)O)=O
Formose	G5	C(CO)(CC(C=CCO)O)=O
Formose	G5	C(CO)(CC(CO)(C(C)O)O)=O
Formose	G5	C(CO)(CC(CO)=CC(O)=O)=O
Formose	G5	C(CO)(CC(CO)=CCO)=O
Formose	G5	C(CO)(CC1C(CC(O)O1)O)=O
Formose	G5	C(CO)(CC1CC(C(O)O1)O)=O
Formose	G5	C(CO)(CC=CC(CO)O)=O
Formose	G5	C(CO)(CCC(C(CO)=O)O)=O
Formose	G5	C(CO)(CCC(C(CO)O)O)=O
Formose	G5	C(CO)(CCC(CCO)O)=O
Formose	G5	C(CO)(CCC(CO)(CO)O)=O
Formose	G5	C(CO)(CCC(CO)CO)=O
Formose	G5	C(CO)(CCC(CO)O)=O
Formose	G5	C(CO)(CO)=C1C(C(O)OC1)=O
Formose	G5	C(CO)(CO)=C1C(COC1O)=O
Formose	G5	C(CO)(CO)=C1C(OCC1O)=O
Formose	G5	C(CO)(CO)=CC(C(CO)=O)=O
Formose	G5	C(CO)(CO)=CC(C(CO)O)=O
Formose	G5	C(CO)(CO)=CC(CO)=O
Formose	G5	C(CO)(CO)=CC(O)=O
Formose	G5	C(CO)(OC(CO)CO)=O
Formose	G5	C(CO)=C(C(C(CO)O)=O)C=O
Formose	G5	C(CO)=C(C(C(O)=O)=O)CO
Formose	G5	C(CO)=C(C(CO)=O)CO
Formose	G5	C(CO)=C(C(O)=O)C(C)O
Formose	G5	C(CO)=C(C(O)=O)C(CCO)O
Formose	G5	C(CO)=C(C(O)=O)C(CO)=O
Formose	G5	C(CO)=C(C(O)=O)C(CO)O
Formose	G5	C(CO)=C(C(O)=O)CO
Formose	G5	C(CO)=C(C=O)C(C(CO)O)O
Formose	G5	C(CO)=C(C=O)C(CCO)O
Formose	G5	C(CO)=C(C=O)C(CO)O
Formose	G5	C(CO)=C(CO)C(C(C=O)=O)O
Formose	G5	C(CO)=C(CO)CC(C(O)=O)=O
Formose	G5	C(CO)=C(CO)CO
Formose	G5	C(CO)=CC(C(CO)O)=O
Formose	G5	C1(C(C(C(C(C)(C1)O)=O)O)O)=O
Formose	G5	C1(C(C(C(C(C)(C1)O)O)O)=O)=O
Formose	G5	C1(C(C(C(C(C)(C1)O)O)O)O)=O
Formose	G5	C1(C(C(C(C(C)O)(C1)O)O)O)=O
Formose	G5	C1(C(C(C(C(C)O)O1)O)O)=O
Formose	G5	C1(C(C(C(C(C1)=O)O)O)O)=O
Formose	G5	C1(C(C(C(C(C1)O)(C)O)O)=O)=O
Formose	G5	C1(C(C(C(C(C1)O)=O)(C)O)O)=O
Formose	G5	C1(C(C(C(C(C1)O)CO)O)O)=O
Formose	G5	C1(C(C(C(C(C1)O)O)O)=O)=O
Formose	G5	C1(C(C(C(C(C1C)O)=O)O)O)=O
Formose	G5	C1(C(C(C(C(C1C)O)O)O)=O)=O
Formose	G5	C1(C(C(C(C(C1O)=C)O)O)O)=O
Formose	G5	C1(C(C(C(C(C=O)O)C1)O)O)=O
Formose	G5	C1(C(C(C(C(CC1)O)=O)O)O)=O
Formose	G5	C1(C(C(C(C(CC1)O)O)O)=O)=O
Formose	G5	C1(C(C(C(C(CO)C1)=O)O)O)=O
Formose	G5	C1(C(C(C(C(O1)=C)O)O)O)=O
Formose	G5	C1(C(C(C(C)(C1(C)O)O)O)O)=O
Formose	G5	C1(C(C(C(C)(C1)O)O)O)=O
Formose	G5	C1(C(C(C(C)(C1CO)O)O)O)=O
Formose	G5	C1(C(C(C(C)(C1O)O)O)=O)=O
Formose	G5	C1(C(C(C(C)(O)OCC1)O)O)=O
Formose	G5	C1(C(C(C(C)O)O)(O)OCC1)=O
Formose	G5	C1(C(C(C(C)O)O)OC(C1)O)=O
Formose	G5	C1(C(C(C(C)O)O)OCC1O)=O
Formose	G5	C1(C(C(C(C1(C)O)O)O)=O)=O
Formose	G5	C1(C(C(C(C1(C)O)O)O)O)=O
Formose	G5	C1(C(C(C(C1(CO)O)=C)O)O)=O
Formose	G5	C1(C(C(C(C1)O)(C(C)O)O)O)=O
Formose	G5	C1(C(C(C(C1)O)(C)O)O)=O
Formose	G5	C1(C(C(C(C1)O)(CCO)O)O)=O
Formose	G5	C1(C(C(C(C1)O)C(C)O)O)=O
Formose	G5	C1(C(C(C(C1)O)C(CO)O)O)=O
Formose	G5	C1(C(C(C(C1)O)CO)O)=O
Formose	G5	C1(C(C(C(C1)O)O)(CC=O)O)=O
Formose	G5	C1(C(C(C(C1C(C)O)O)O)O)=O
Formose	G5	C1(C(C(C(C1C)O)(CO)O)=O)=O
Formose	G5	C1(C(C(C(C1CCO)O)O)=O)=O
Formose	G5	C1(C(C(C(C1CO)=O)O)O)=O
Formose	G5	C1(C(C(C(C1O)=C)O)O)=O
Formose	G5	C1(C(C(C(C1O)=CCO)O)O)=O
Formose	G5	C1(C(C(C(C1O)O)C(C)O)O)=O
Formose	G5	C1(C(C(C(C1O)O)O)=O)=O
Formose	G5	C1(C(C(C(C=1)=O)O)O)C(CO)O
Formose	G5	C1(C(C(C(C=CC1O)O)O)O)=O
Formose	G5	C1(C(C(C(CC(C1)O)O)O)=O)=O
Formose	G5	C1(C(C(C(CC(C1)O)O)O)O)=O
Formose	G5	C1(C(C(C(CC1)(CO)O)O)=O)=O
Formose	G5	C1(C(C(C(CC1CO)O)O)=O)=O
Formose	G5	C1(C(C(C(CC1O)=O)O)O)=O
Formose	G5	C1(C(C(C(CC1O)O)O)O)=O
Formose	G5	C1(C(C(C(CCO)(C1)O)O)=O)=O
Formose	G5	C1(C(C(C(CCO)(C1)O)O)O)=O
Formose	G5	C1(C(C(C(CCO)O1)O)O)=O
Formose	G5	C1(C(C(C(CCO1)O)O)O)=O
Formose	G5	C1(C(C(C(CO)C1(C)O)O)O)=O
Formose	G5	C1(C(C(C(CO)C1O)O)O)=O
Formose	G5	C1(C(C(C(O)OC(C)C1)O)O)=O
Formose	G5	C1(C(C(C(O)OCC1)(C)O)O)=O
Formose	G5	C1(C(C(C(O)OCC1)CO)O)=O
Formose	G5	C1(C(C(C(OC1CO)=C)O)O)=O
Formose	G5	C1(C(C(C(OCC1O)=C)O)O)=O
Formose	G5	C1(C(C(C)(C(C(C1)=O)O)O)O)=O
Formose	G5	C1(C(C(C)(C(C(C1)O)O)O)O)=O
Formose	G5	C1(C(C(C)(C(C1(C)O)O)O)O)=O
Formose	G5	C1(C(C(C)(C(C1CO)O)O)O)=O
Formose	G5	C1(C(C(C)(C(CO)(C1)O)O)O)=O
Formose	G5	C1(C(C(C)(C(CO)O1)O)O)=O
Formose	G5	C1(C(C(C)(C(CO1)O)O)O)=O
Formose	G5	C1(C(C(C)(O)OCC1O)O)=O
Formose	G5	C1(C(C(C)O)(C(C)(CO1)O)O)=O
Formose	G5	C1(C(C(C)O)(C(CCO1)O)O)=O
Formose	G5	C1(C(C(C)O)(O)OC(CO)C1)=O
Formose	G5	C1(C(C(C)O)(O)OCC(C1)O)=O
Formose	G5	C1(C(C(C)O)(O)OCC1CO)=O
Formose	G5	C1(C(C(C)O)(O)OCC1O)=O
Formose	G5	C1(C(C(C)O)C(C(CO)O1)O)=O
Formose	G5	C1(C(C(C)O)C(C(CO1)O)O)=O
Formose	G5	C1(C(C(C)O)OC(C(C1)O)O)=O
Formose	G5	C1(C(C(C)O)OC(C1CO)O)=O
Formose	G5	C1(C(C(C)O)OC(CO)C1O)=O
Formose	G5	C1(C(C(C)O)OCC(C1O)O)=O
Formose	G5	C1(C(C(C)O)OCC1(CO)O)=O
Formose	G5	C1(C(C(C)OC(C(C1)O)O)O)=O
Formose	G5	C1(C(C(C)OC(C1CO)O)O)=O
Formose	G5	C1(C(C(C=C(CO)C1O)O)O)=O
Formose	G5	C1(C(C(C=C)(C(C1)O)O)O)=O
Formose	G5	C1(C(C(C=C)(C(C1O)O)O)O)=O
Formose	G5	C1(C(C(C=C)(C(OC1)O)O)O)=O
Formose	G5	C1(C(C(C=C)O)(O)OCC1O)=O
Formose	G5	C1(C(C(C=CC(C1O)O)O)O)=O
Formose	G5	C1(C(C(C=CC1(CO)O)O)O)=O
Formose	G5	C1(C(C(C=CC1O)(CO)O)O)=O
Formose	G5	C1(C(C(C=CC1O)O)O)=O
Formose	G5	C1(C(C(CC(C(C1)=O)O)O)O)=O
Formose	G5	C1(C(C(CC(C(C1)O)O)O)O)=O
Formose	G5	C1(C(C(CC(C1CO)O)O)O)=O
Formose	G5	C1(C(C(CC(C1O)O)O)=O)=O
Formose	G5	C1(C(C(CC(CO)(C1)O)O)O)=O
Formose	G5	C1(C(C(CC(CO)O1)O)O)=O
Formose	G5	C1(C(C(CC(CO1)O)O)O)=O
Formose	G5	C1(C(C(CC1(C)O)O)O)=O
Formose	G5	C1(C(C(CC1(CO)O)O)O)=O
Formose	G5	C1(C(C(CC1)(C(C=O)O)O)O)=O
Formose	G5	C1(C(C(CC1CO)O)O)=O
Formose	G5	C1(C(C(CC1O)O)(CC=O)O)=O
Formose	G5	C1(C(C(CC1O)O)C(C=O)O)=O
Formose	G5	C1(C(C(CC1O)O)O)=O
Formose	G5	C1(C(C(CCO)OC(C1)O)O)=O
Formose	G5	C1(C(C(CO)(C(C)(C1)O)O)O)=O
Formose	G5	C1(C(C(CO)(C)OC(C1)O)O)=O
Formose	G5	C1(C(C(CO)(CC(C1)O)O)O)=O
Formose	G5	C1(C(C(CO)(CC1(C)O)O)O)=O
Formose	G5	C1(C(C(CO)(CCO1)O)O)=O
Formose	G5	C1(C(C(CO)(O)OCC1)O)=O
Formose	G5	C1(C(C(CO)=C)(C(CO1)O)O)=O
Formose	G5	C1(C(C(CO)C(C(C1)=O)O)O)=O
Formose	G5	C1(C(C(CO)C(C(C1)O)O)O)=O
Formose	G5	C1(C(C(CO)C(C1(C)O)O)O)=O
Formose	G5	C1(C(C(CO)C(C1CO)O)=O)=O
Formose	G5	C1(C(C(CO)C(C1CO)O)O)=O
Formose	G5	C1(C(C(CO)C(CO)(C1)O)O)=O
Formose	G5	C1(C(C(CO)C(CO)O1)O)=O
Formose	G5	C1(C(C(CO)C(CO)O1)O)O
Formose	G5	C1(C(C(CO)C(CO1)O)O)=O
Formose	G5	C1(C(C(CO)O)(CC(C1)=O)O)=O
Formose	G5	C1(C(C(CO)O)(CCO1)O)=O
Formose	G5	C1(C(C(CO)O)(O)OC(C)C1)=O
Formose	G5	C1(C(C(CO)O)C(C(C1)=O)O)=O
Formose	G5	C1(C(C(CO)O)C(C)(CO1)O)=O
Formose	G5	C1(C(C(CO)O)C(CCO1)O)=O
Formose	G5	C1(C(C(CO)O)CC(C1O)=O)=O
Formose	G5	C1(C(C(CO)O)OC(CC1)O)=O
Formose	G5	C1(C(C(CO)OC(CC1)O)O)=O
Formose	G5	C1(C(C(CO)OCC1O)O)=O
Formose	G5	C1(C(C(CO1)(CCO)O)O)=O
Formose	G5	C1(C(C(CO1)C(CCO)O)O)=O
Formose	G5	C1(C(C(CO1)C(CO)(C)O)O)=O
Formose	G5	C1(C(C(CO1)C(CO)O)O)=O
Formose	G5	C1(C(C(CO1)O)(C(C=C)O)O)=O
Formose	G5	C1(C(C(CO1)O)(CCO)O)=O
Formose	G5	C1(C(C(CO1)O)C(C(C)O)O)=O
Formose	G5	C1(C(C(COC(C1)O)(C)O)O)=O
Formose	G5	C1(C(C(COCC1O)O)O)=O
Formose	G5	C1(C(C(O)OC(C)C1CO)O)=O
Formose	G5	C1(C(C(O)OC(CCO)C1)O)=O
Formose	G5	C1(C(C(O)OC(CO)(C)C1)O)=O
Formose	G5	C1(C(C(O)OCC(C)(C1)O)O)=O
Formose	G5	C1(C(C(O)OCC1C(C)O)O)=O
Formose	G5	C1(C(C(O)OCC1CO)O)=O
Formose	G5	C1(C(C(O)OCC1O)O)=O
Formose	G5	C1(C(C)(C(C(C(C)O)O1)O)O)=O
Formose	G5	C1(C(C)(C(C(C(C)O1)O)O)O)=O
Formose	G5	C1(C(C)(C(C(C(C1)=O)O)O)O)=O
Formose	G5	C1(C(C)(C(C(C1CO)=O)O)O)=O
Formose	G5	C1(C(C)(C(C(CCO)O1)O)O)=O
Formose	G5	C1(C(C)(C(C(CCO1)O)O)O)=O
Formose	G5	C1(C(C)(C(C)(C(CO)O1)O)O)=O
Formose	G5	C1(C(C)(C(C)(C(CO1)O)O)O)=O
Formose	G5	C1(C(C)(C(C=O)(CC1O)O)O)=O
Formose	G5	C1(C(C)(C(CC(C1O)=O)O)O)=O
Formose	G5	C1(C(C)(C(CC(CO)O1)O)O)=O
Formose	G5	C1(C(C)(C(CC(CO1)O)O)O)=O
Formose	G5	C1(C(C)(C(CO)(CCO1)O)O)=O
Formose	G5	C1(C(C)(C(CO)(CO1)O)O)=O
Formose	G5	C1(C(C)(C(CO1)(CCO)O)O)=O
Formose	G5	C1(C(C)(O)OC(CCO)C1O)=O
Formose	G5	C1(C(C)(O)OC(CO)(C)C1O)=O
Formose	G5	C1(C(C)(O)OC(CO)C1O)=O
Formose	G5	C1(C(C)(O)OCC(C)(C1O)O)=O
Formose	G5	C1(C(C)(O)OCC(C1O)O)=O
Formose	G5	C1(C(C)(O)OCCC(C1O)O)=O
Formose	G5	C1(C(C)C(C(C1(CO)O)=O)O)=O
Formose	G5	C1(C(C)C(C(C1O)=O)(CO)O)=O
Formose	G5	C1(C(C)OC(C(C1O)O)(C)O)=O
Formose	G5	C1(C(C)OC(C(C1O)O)O)=O
Formose	G5	C1(C(C)OC(C(CO)C1O)O)=O
Formose	G5	C1(C(C)OC(C1(CO)O)O)=O
Formose	G5	C1(C(C)OC(CC1O)(CO)O)=O
Formose	G5	C1(C(C)OC(CO)(C1O)O)=O
Formose	G5	C1(C(C2(C(C1)OC(C2)O)O)O)=O
Formose	G5	C1(C(C2(C(C1C(C2)O)O)O)O)=O
Formose	G5	C1(C(C2(C(CCO2)(C1)O)O)O)=O
Formose	G5	C1(C(C2(C(O)OC(C2)C1)O)O)=O
Formose	G5	C1(C(C2(C)C(C1C(O)O2)O)O)=O
Formose	G5	C1(C(C2(COCC2(C1)O)O)O)=O
Formose	G5	C1(C(C2C(C(CO2)O)(C1)O)O)=O
Formose	G5	C1(C(C2C(C)(C1C(O)O2)O)O)=O
Formose	G5	C1(C(C2C(C1)OC(C2O)O)O)=O
Formose	G5	C1(C(C2C(C1C(C2O)O)O)O)=O
Formose	G5	C1(C(C2C(C1C(O)O2)O)O)=O
Formose	G5	C1(C(C2C(CC(O)O2)(C1)O)O)=O
Formose	G5	C1(C(C2C(O)OC(C2O)C1)O)=O
Formose	G5	C1(C(C2C(O)OCC1C2O)O)=O
Formose	G5	C1(C(C2C(O)OCC2(C1)O)O)=O
Formose	G5	C1(C(C2CC(C(O)O2)(C1)O)O)=O
Formose	G5	C1(C(C2CC(C1C(O)O2)O)O)=O
Formose	G5	C1(C(C2COC(C2(C1)O)O)O)=O
Formose	G5	C1(C(C=C)(C(C(CO)O1)O)O)=O
Formose	G5	C1(C(C=C)(C(C(CO1)O)O)O)=O
Formose	G5	C1(C(C=CCO)(C(CO1)O)O)=O
Formose	G5	C1(C(CC(C(C(C1)O)O)O)O)=O
Formose	G5	C1(C(CC(C(C1CO)=O)O)O)=O
Formose	G5	C1(C(CC(C(C1CO)O)O)=O)=O
Formose	G5	C1(C(CC(C(CO)O)(C1)O)=O)=O
Formose	G5	C1(C(CC(C(CO)O)(C1)O)O)=O
Formose	G5	C1(C(CC(C(CO)O)O1)O)=O
Formose	G5	C1(C(CC(C(CO)O1)O)O)=O
Formose	G5	C1(C(CC(C(CO1)O)O)O)=O
Formose	G5	C1(C(CC(C)(C1(CO)O)O)=O)=O
Formose	G5	C1(C(CC(C1(C(C)=O)O)O)O)=O
Formose	G5	C1(C(CC(C1(C)O)O)O)=O
Formose	G5	C1(C(CC(C1(CO)CO)O)=O)=O
Formose	G5	C1(C(CC(C1(CO)CO)O)O)=O
Formose	G5	C1(C(CC(C1(CO)O)O)=O)=O
Formose	G5	C1(C(CC(C1(CO)O)O)O)=O
Formose	G5	C1(C(CC(C1)O)(C(C=O)O)O)=O
Formose	G5	C1(C(CC(C1C(C)O)O)O)=O
Formose	G5	C1(C(CC(C1C(CO)=O)O)O)=O
Formose	G5	C1(C(CC(C1C(CO)O)O)=O)=O
Formose	G5	C1(C(CC(C1C(CO)O)O)O)=O
Formose	G5	C1(C(CC(CC(C1)O)O)O)=O
Formose	G5	C1(C(CC(CC1O)O)O)=O
Formose	G5	C1(C(CC(CO)(C(C1)O)O)=O)=O
Formose	G5	C1(C(CC(CO)(C1(C)O)O)O)=O
Formose	G5	C1(C(CC(CO)(C1)O)O)=O
Formose	G5	C1(C(CC(CO)(C1CO)O)=O)=O
Formose	G5	C1(C(CC(CO)(C1CO)O)O)=O
Formose	G5	C1(C(CC(CO)(C1O)O)O)=O
Formose	G5	C1(C(CC(CO)(CO)O1)O)=O
Formose	G5	C1(C(CC(CO)(CO1)O)O)=O
Formose	G5	C1(C(CC(CO)(O)OCC1)O)=O
Formose	G5	C1(C(CC(O)OC(CO)C1)O)=O
Formose	G5	C1(C(CC(O)OCC1CO)O)=O
Formose	G5	C1(C(CC(O)OCC1O)O)=O
Formose	G5	C1(C(CC2(C(C1CO2)O)O)O)=O
Formose	G5	C1(C(CC2(C(O)OCC12)O)O)=O
Formose	G5	C1(C(CCC(C1(CO)O)O)=O)=O
Formose	G5	C1(C(CCO)(C(C(C1)=O)O)O)=O
Formose	G5	C1(C(CCO)(C(C)(CO1)O)O)=O
Formose	G5	C1(C(CCO)(C(CCO1)O)O)=O
Formose	G5	C1(C(CCO)(O)OCC1O)=O
Formose	G5	C1(C(CCO)C(C(C1O)=O)O)=O
Formose	G5	C1(C(CCO)OC(C1O)O)=O
Formose	G5	C1(C(CCO1)(C(C(C)O)O)O)=O
Formose	G5	C1(C(CCO1)(C(CCO)O)O)=O
Formose	G5	C1(C(CCO1)(C(CO)(C)O)O)=O
Formose	G5	C1(C(CCOC(C1O)O)O)=O
Formose	G5	C1(C(CO)(C(C(C1)=O)(C)O)O)=O
Formose	G5	C1(C(CO)(C(C(C1)=O)O)O)=O
Formose	G5	C1(C(CO)(C(C(C1O)=C)O)O)=O
Formose	G5	C1(C(CO)(C(C(O1)=C)O)O)=O
Formose	G5	C1(C(CO)(C(C)(CO1)O)O)=O
Formose	G5	C1(C(CO)(C(C)O)C(CO1)O)=O
Formose	G5	C1(C(CO)(C(C=CC1O)O)O)=O
Formose	G5	C1(C(CO)(C(C=O)(CC1)O)O)=O
Formose	G5	C1(C(CO)(C(CC(C)O1)O)O)=O
Formose	G5	C1(C(CO)(C(CC(C1)=O)O)O)=O
Formose	G5	C1(C(CO)(C(CCO1)O)O)=O
Formose	G5	C1(C(CO)(CC(C1CO)O)O)=O
Formose	G5	C1(C(CO)(CC(C1O)=O)O)=O
Formose	G5	C1(C(CO)(CO)C(C(C1)=O)O)=O
Formose	G5	C1(C(CO)(CO)C(CO1)O)=O
Formose	G5	C1(C(CO)(O)OC(C)C1CO)=O
Formose	G5	C1(C(CO)(O)OC(CCO)C1)=O
Formose	G5	C1(C(CO)(O)OC(CO)(C)C1)=O
Formose	G5	C1(C(CO)(O)OC(CO)C1)=O
Formose	G5	C1(C(CO)(O)OCC(C)(C1)O)=O
Formose	G5	C1(C(CO)(O)OCC(C1)O)=O
Formose	G5	C1(C(CO)(O)OCC1C(C)O)=O
Formose	G5	C1(C(CO)(O)OCC1CO)=O
Formose	G5	C1(C(CO)(O)OCC1O)=O
Formose	G5	C1(C(CO)(O)OCCC(C1)O)=O
Formose	G5	C1(C(CO)C(C(C(C1)=O)O)O)=O
Formose	G5	C1(C(CO)C(C(C1)=O)(CO)O)=O
Formose	G5	C1(C(CO)C(C(C1CO)=O)O)=O
Formose	G5	C1(C(CO)C(C(C1O)=O)CO)=O
Formose	G5	C1(C(CO)C(C(C1O)=O)O)=O
Formose	G5	C1(C(CO)C(C(CCO)O1)O)O
Formose	G5	C1(C(CO)C(C(CO)O1)O)O
Formose	G5	C1(C(CO)C(C=O)C(C1O)O)=O
Formose	G5	C1(C(CO)C(CC(C1O)=O)O)=O
Formose	G5	C1(C(CO)C(CC(CO)O1)O)O
Formose	G5	C1(C(CO)C(CO1)(CO)O)=O
Formose	G5	C1(C(CO)OC(C(C)(C1)O)O)=O
Formose	G5	C1(C(CO)OC(C(C1)O)(C)O)=O
Formose	G5	C1(C(CO)OC(C(C1O)=C)O)=O
Formose	G5	C1(C(CO)OC(C)(C1O)O)=O
Formose	G5	C1(C(CO)OC(C1(C)O)O)=O
Formose	G5	C1(C(CO)OC(C1C(C)O)O)=O
Formose	G5	C1(C(CO)OC(C1O)O)=O
Formose	G5	C1(C(CO)OC(C=CC1O)O)=O
Formose	G5	C1(C(CO)OC(CC(C1)O)O)=O
Formose	G5	C1(C(CO)OC(CC1O)O)=O
Formose	G5	C1(C(CO)OC(CO)(C1)O)=O
Formose	G5	C1(C(CO)OC(CO)C1O)=O
Formose	G5	C1(C(CO)OCC(C1O)O)=O
Formose	G5	C1(C(CO)OCC1(C(C)O)O)=O
Formose	G5	C1(C(CO)OCC1(CO)O)=O
Formose	G5	C1(C(COC(C(C)(C1)O)O)O)=O
Formose	G5	C1(C(COC(C(C1)O)(C)O)O)=O
Formose	G5	C1(C(COC(C(C1O)=C)O)O)=O
Formose	G5	C1(C(COC(C1(C)O)O)O)=O
Formose	G5	C1(C(COC(C1C(C)O)O)O)=O
Formose	G5	C1(C(COC(CO)(C1)O)O)=O
Formose	G5	C1(C(COC1(CO)C(C)O)O)=O
Formose	G5	C1(C(COC1(CO)CO)O)=O
Formose	G5	C1(C(O)OC(C(C(C)O)O)C1)=O
Formose	G5	C1(C(O)OC(C(C1)O)C(C)O)=O
Formose	G5	C1(C(O)OC(C(C1)O)CCO)=O
Formose	G5	C1(C(O)OC(C(CCO)O)C1)=O
Formose	G5	C1(C(O)OC(C)(C(CO)O)C1)=O
Formose	G5	C1(C(O)OC(C)C(C(C1)O)O)=O
Formose	G5	C1(C(O)OC(C)C1(CO)CO)=O
Formose	G5	C1(C(O)OC(C)C1(CO)O)=O
Formose	G5	C1(C(O)OC(C)C1C(CO)O)=O
Formose	G5	C1(C(O)OC(C)CC(C1O)O)=O
Formose	G5	C1(C(O)OC(CC(C)O)C1O)=O
Formose	G5	C1(C(O)OC(CC(CO)O)C1)=O
Formose	G5	C1(C(O)OC(CC1)C(CO)O)=O
Formose	G5	C1(C(O)OC(CCO)C1(C)O)=O
Formose	G5	C1(C(O)OC(CCO)C1CO)=O
Formose	G5	C1(C(O)OC(CCO)C1O)=O
Formose	G5	C1(C(O)OC(CO)(C)C1(C)O)=O
Formose	G5	C1(C(O)OC(CO)(C)C1CO)=O
Formose	G5	C1(C(O)OC(CO)(C)C1O)=O
Formose	G5	C1(C(O)OC(CO)(CCO)C1)=O
Formose	G5	C1(C(O)OC(CO)(CO)CC1)=O
Formose	G5	C1(C(O)OC(CO)C(C)(C1)O)=O
Formose	G5	C1(C(O)OC(CO)C(CC1)O)=O
Formose	G5	C1(C(O)OC(CO)C1(C)O)=O
Formose	G5	C1(C(O)OC(CO)C1C(C)O)=O
Formose	G5	C1(C(O)OC(CO)C1O)=CC=O
Formose	G5	C1(C(O)OC(CO)CC(C1)O)=O
Formose	G5	C1(C(O)OC(CO)CC1O)=O
Formose	G5	C1(C(O)OC2C(C1C(C2)O)O)=O
Formose	G5	C1(C(O)OC2C(CC(C12)O)O)=O
Formose	G5	C1(C(O)OC2CC(C(C12)O)O)=O
Formose	G5	C1(C(O)OCC(C(C)(C1)O)O)=O
Formose	G5	C1(C(O)OCC(C)(C1(C)O)O)=O
Formose	G5	C1(C(O)OCC(C)(C1CO)O)=O
Formose	G5	C1(C(O)OCC(C)(C1O)O)=O
Formose	G5	C1(C(O)OCC(C1(C)O)O)=O
Formose	G5	C1(C(O)OCC(C1C(C)O)O)=O
Formose	G5	C1(C(O)OCC(C1O)O)=CC=O
Formose	G5	C1(C(O)OCC(CC1O)O)=O
Formose	G5	C1(C(O)OCC(CCO)(C1)O)=O
Formose	G5	C1(C(O)OCC(CO)(CC1)O)=O
Formose	G5	C1(C(O)OCC1(C(C)O)O)=O
Formose	G5	C1(C(O)OCC1(C(C=C)O)O)=O
Formose	G5	C1(C(O)OCC1(CO)C(C)O)=O
Formose	G5	C1(C(O)OCC1(CO)CO)=O
Formose	G5	C1(C(O)OCC1(CO)O)=CC=O
Formose	G5	C1(C(O)OCC1(CO)O)=O
Formose	G5	C1(C(O)OCC1C(C(C)O)O)=O
Formose	G5	C1(C(O)OCCC(C1(C)O)O)=O
Formose	G5	C1(C(O)OCCC(C1CO)O)=O
Formose	G5	C1(C(O)OCCC(C1O)O)=O
Formose	G5	C1(C(O)OCCC(CO)(C1)O)=O
Formose	G5	C1(C2(C(C(C(C)(C1)O2)O)O)O)=O
Formose	G5	C1(C2(C(C(C)(C1CO2)O)O)O)=O
Formose	G5	C1(C2(C(C(C1CO2)O)O)O)=O
Formose	G5	C1(C2(C(C(CC(C1)O2)O)O)O)=O
Formose	G5	C1(C2(C(C(CC2O)O1)O)O)=O
Formose	G5	C1(C2(C(C(CC2O)O1)O)O)O
Formose	G5	C1(C2(C(C(CCO2)(C1)O)O)O)=O
Formose	G5	C1(C2(C(C)(C(C(C1)O2)O)O)O)=O
Formose	G5	C1(C2(C(C)(C(C1CO2)O)O)O)=O
Formose	G5	C1(C2(C(CC(C(C1)O)O2)O)O)=O
Formose	G5	C1(C2(C(CC(C(C1)O2)O)O)O)=O
Formose	G5	C1(C2(C(CC(C1CO)O2)O)O)=O
Formose	G5	C1(C2(C(CC(C1CO2)O)O)O)=O
Formose	G5	C1(C2(C(CC(CO)(C1)O2)O)O)=O
Formose	G5	C1(C2(C(CC(CO2)(C1)O)O)O)=O
Formose	G5	C1(C2(C(CO)(CC(C1)O2)O)O)=O
Formose	G5	C1(C2(CC(C(C2O)O)O1)O)O
Formose	G5	C1(C2(CC(C(C2O)O1)O)O)O
Formose	G5	C1(C2(CC(CC2O)O1)O)O
Formose	G5	C1(C2C(C(C(C)(O2)O)(C1)O)O)=O
Formose	G5	C1(C2C(C(C(C1)O)C(O2)O)O)=O
Formose	G5	C1(C2C(C(C(C2O)O1)O)O)O
Formose	G5	C1(C2C(C(C(O2)O)(C1)O)O)=O
Formose	G5	C1(C2C(C(C)(C1(CO2)O)O)O)=O
Formose	G5	C1(C2C(C(C)(C1C(O2)O)O)O)=O
Formose	G5	C1(C2C(C(C1(CO2)O)O)O)=O
Formose	G5	C1(C2C(C(C1)O)(CC(O2)O)O)=O
Formose	G5	C1(C2C(C(C1)O)C(C(O2)O)O)=O
Formose	G5	C1(C2C(C(C1C(O2)O)O)O)=O
Formose	G5	C1(C2C(C(CC(O2)O)(C1)O)O)=O
Formose	G5	C1(C2C(C(CC2O)O1)O)O
Formose	G5	C1(C2C(C)(C(C1(CO2)O)O)O)=O
Formose	G5	C1(C2C(C)(C(C1C(O2)O)O)O)=O
Formose	G5	C1(C2C(CC(C(C1)O)(O2)O)O)=O
Formose	G5	C1(C2C(CC(C(O2)O)(C1)O)O)=O
Formose	G5	C1(C2C(CC(C1(CO2)O)O)O)=O
Formose	G5	C1(C2C(CC(C1C(O2)O)O)O)=O
Formose	G5	C1(C2C(CO)C(C(O2)O)(C1)O)=O
Formose	G5	C1(C2CC(C(C(O2)O)O)(C1)O)=O
Formose	G5	C1(C2CC(C(O2)O)(C1CO)O)=O
Formose	G5	C1(CC(C(C(C(C1)=O)O)O)O)=O
Formose	G5	C1(CC(C(C(C(C1)O)O)=O)O)=O
Formose	G5	C1(CC(C(C(C1(C)O)O)=O)O)=O
Formose	G5	C1(CC(C(C(C1CO)=O)O)O)=O
Formose	G5	C1(CC(C(C(C1O)=O)O)O)=O
Formose	G5	C1(CC(C(C(CC1O)O)=O)O)=O
Formose	G5	C1(CC(C(C)(C1(CO)O)O)O)=O
Formose	G5	C1(CC(C(C1(C(C)O)O)O)O)=O
Formose	G5	C1(CC(C(C1(CO)O)=O)O)=O
Formose	G5	C1(CC(C(C1C(CO)=O)O)O)=O
Formose	G5	C1(CC(C(CC1(CO)O)=O)O)=O
Formose	G5	C1(CC(C(CO)(CO)O1)O)=O
Formose	G5	C1(CC(C(CO)C1(CO)O)O)=O
Formose	G5	C1(CC(C(CO)O)OC(C1)O)=O
Formose	G5	C1(CC(C(CO)OC(C1)O)O)=O
Formose	G5	C1(CC(C(CO1)(CO)O)O)=O
Formose	G5	C1(CC(C)(C(C(C1O)=O)O)O)=O
Formose	G5	C1(CC(C)(C(C1(CO)O)O)O)=O
Formose	G5	C1(CC(C)OC(C1(CO)O)O)=O
Formose	G5	C1(CC(C=C)(C(C1O)O)O)=O
Formose	G5	C1(CC(C=CC(C1O)O)O)=O
Formose	G5	C1(CC(CC(C(C1O)=O)O)O)=O
Formose	G5	C1(CC(CC(C1(CO)O)O)O)=O
Formose	G5	C1(CC(CC1(C(C)O)O)O)=O
Formose	G5	C1(CC(CC1(C(CO)O)O)O)=O
Formose	G5	C1(CC(CC1(CO)O)O)=O
Formose	G5	C1(CC(CO)(C(C(C1)=O)O)O)=O
Formose	G5	C1(CC(CO)(C(CO)O1)O)=O
Formose	G5	C1(CC(CO)(C(CO1)O)O)=O
Formose	G5	C1(CC(CO)(CC(C1O)=O)O)=O
Formose	G5	C1(CC(CO)(CC1(CO)O)O)=O
Formose	G5	C1(CC(CO1)(C(CO)O)O)=O
Formose	G5	C1(CC(CO1)C(C(CO)O)O)=O
Formose	G5	C1(CC(CO1)C(CO)(CO)O)=O
Formose	G5	C1(CC(O)OC(C)C1(CO)O)=O
Formose	G5	C1(CC(O)OC(CO)C1CO)=O
Formose	G5	C1(CC(O)OCC(C1CO)O)=O
Formose	G5	C1(CC(O)OCC1(C(C)O)O)=O
Formose	G5	C1(CC(O)OCC1(CO)O)=O
Formose	G5	C1(CC(O)OCC1C(CO)O)=O
Formose	G5	C1(CC(OC1(CO)C(C)O)O)=O
Formose	G5	C1(CC(OC1(CO)CO)O)=O
Formose	G5	C1(CC2(C(C1(C(C2)O)O)O)O)=O
Formose	G5	C1(CC2(C)C(C1(C(O)O2)O)O)=O
Formose	G5	C1(CC2(CC1(C(C2O)O)O)O)=O
Formose	G5	C1(CC2C(C)(C1(C(O)O2)O)O)=O
Formose	G5	C1(CC2C(C1(C(O)O2)O)O)=O
Formose	G5	C1(CC2CC(C1(C(O)O2)O)O)=O
Formose	G5	C1(CCC(C(C(C1O)=O)O)O)=O
Formose	G5	C1(CCC(C(C(C1O)O)O)=O)=O
Formose	G5	C1(CCC(C(C1(CO)O)O)=O)=O
Formose	G5	C1(CCC(C1(C(CO)=O)O)O)=O
Formose	G5	C1(CCC(C1(C(CO)O)O)O)=O
Formose	G5	C1(CCC(C1(CO)O)O)=O
Formose	G5	C1(CCOC(C1(C(C)O)O)O)=O
Formose	G5	C1(CCOC(CC1(CO)O)O)=O
Formose	G5	C1(CO)C(C(C(C(C=1)=O)O)O)O
Formose	G5	C1(CO)C(C(C(C=1)=O)O)O
Formose	G5	C1(CO)C(C(C(C=1C=O)O)O)O
Formose	G5	C1(CO)C(C(C(C=1CO)=O)O)O
Formose	G5	C1(CO)C(CO)(C(C(C=1)=O)O)O
Formose	G5	C1(CO)C(CO)OC(C(C=1)=O)O
Formose	G5	C1(CO)C(CO)OC(C=1)O
Formose	G5	C1(CO)C(CO)OC(C=1C=O)O
Formose	G5	C1(CO)C(COC(C(C=1)=O)O)O
Formose	G5	C1(CO)C(COC(C=1)O)O
Formose	G5	C1(CO)C(COC(C=1C=O)O)O
Formose	G5	C1(CO)COC(C=1C=O)(CO)O
Formose	G5	C1(COC(C(C(C)(C1)O)O)O)=O
Formose	G5	C1(COC(C(C(C)O)(C1)O)O)=O
Formose	G5	C1(COC(C(C(C)O)C1O)O)=O
Formose	G5	C1(COC(C(C(C1O)=C)O)O)=O
Formose	G5	C1(COC(C(C(C1O)O)O)=C)=O
Formose	G5	C1(COC(C(C(C=1)=O)O)O)CO
Formose	G5	C1(COC(C(C)(C1CO)O)O)=O
Formose	G5	C1(COC(C(C)O)(C1O)O)=O
Formose	G5	C1(COC(C(C1(C)O)O)O)=O
Formose	G5	C1(COC(C(C1(CO)O)=C)O)=O
Formose	G5	C1(COC(C(C1(CO)O)O)=C)=O
Formose	G5	C1(COC(C(C1)O)(C(C)O)O)=O
Formose	G5	C1(COC(C(C1)O)(CCO)O)=O
Formose	G5	C1(COC(C(C1C(C)O)O)O)=O
Formose	G5	C1(COC(C(C1CO)O)O)=O
Formose	G5	C1(COC(C(C1O)=CCO)O)=O
Formose	G5	C1(COC(C(C=1)=O)O)C(CO)O
Formose	G5	C1(COC(C(C=1C=O)O)O)CO
Formose	G5	C1(COC(C(C=1CO)=O)O)CO
Formose	G5	C1(COC(C(CC1O)O)O)=O
Formose	G5	C1(COC(C(CCO)(C1)O)O)=O
Formose	G5	C1(COC(C(CCO)O)C1O)=O
Formose	G5	C1(COC(C(CO)(C)O)C1O)=O
Formose	G5	C1(COC(C(CO)C(C1)O)O)=O
Formose	G5	C1(COC(C(CO)C1(C)O)O)=O
Formose	G5	C1(COC(C(CO)C1O)O)=O
Formose	G5	C1(COC(C(CO)O)(C1)O)=O
Formose	G5	C1(COC(C)(C(C(C1)O)O)O)=O
Formose	G5	C1(COC(C)(C(C1(C)O)O)O)=O
Formose	G5	C1(COC(C)(C(C1CO)O)O)=O
Formose	G5	C1(COC(C)(C(CO)(C1)O)O)=O
Formose	G5	C1(COC(C)(C1(CO)O)O)=O
Formose	G5	C1(COC(C1(CCO)O)O)=O
Formose	G5	C1(COC(C1(CO)C(C)O)O)=O
Formose	G5	C1(COC(C1(CO)CO)O)=O
Formose	G5	C1(COC(C1(CO)O)O)=CC=O
Formose	G5	C1(COC(C1(CO)O)O)=O
Formose	G5	C1(COC(C1C(C(C)O)O)O)=O
Formose	G5	C1(COC(C=1C(CO)=O)O)CO
Formose	G5	C1(COC(C=1C=O)O)C(CO)O
Formose	G5	C1(COC(C=C(CO)C1O)O)=O
Formose	G5	C1(COC(C=C)(C(C1O)O)O)=O
Formose	G5	C1(COC(C=CC1(CO)O)O)=O
Formose	G5	C1(COC(C=CC1O)(CO)O)=O
Formose	G5	C1(COC(CC(C1CO)O)O)=O
Formose	G5	C1(COC(CC(CO)(C1)O)O)=O
Formose	G5	C1(COC(CC1(CO)O)O)=O
Formose	G5	C1(COC(CCO)(C1O)O)=O
Formose	G5	C1(COC(CO)(C(C)(C1)O)O)=O
Formose	G5	C1(COC(CO)(C(C1)O)O)=O
Formose	G5	C1(COC(CO)(C1CO)O)=O
Formose	G5	C1(COC(CO)(C1O)O)=CC=O
Formose	G5	C1(COC(CO)(C1O)O)=O
Formose	G5	C1(COC(CO)(CC(C1)O)O)=O
Formose	G5	C1(COC(CO)(CC1(C)O)O)=O
Formose	G5	C1(COC(CO)(CC1O)O)=O
Formose	G5	C1(COC(CO)(CO)C1O)=O
Formose	G5	C1(COC(CO)C1(C(C)O)O)=O
Formose	G5	C1(COC(CO)C1(CO)O)=O
Formose	G5	C1(COC2(C(C1C(C2)O)O)O)=O
Formose	G5	C1(COCC(C1(C(C)O)O)O)=O
Formose	G5	C1(COCC(C1(CO)O)O)=O
Formose	G5	C1(COCC(CO)(C1O)O)=O
Formose	G5	C1(COCC1(C(C(C)O)O)O)=O
Formose	G5	C12C(C(C(CC1O)(O)O2)O)O
Formose	G5	C1C(C(C(C(C=1)=O)O)O)O
Formose	G5	C1C(C(C(C(O)=O)=O)C(C=1)O)O
Formose	G5	C1C(C(C(C(O)O1)CO)O)O
Formose	G5	C1C(C(C(C=1)=O)(CO)O)O
Formose	G5	C1C(C(C(C=1C=O)(CO)O)O)O
Formose	G5	C1C(C(C(C=1C=O)O)O)O
Formose	G5	C1C(C(C(C=1CO)=O)O)O
Formose	G5	C1C(C(C(C=O)=O)(C(C=1)O)O)O
Formose	G5	C1C(C(C(CCO)(O)O1)O)O
Formose	G5	C1C(C(C(O)O1)(CCO)O)O
Formose	G5	C1C(C(C(O)O1)C(CCO)O)O
Formose	G5	C1C(C(C(O)O1)C(CO)O)O
Formose	G5	C1C(C(C(O)O1)CO)O
Formose	G5	C1C(C(C)O)(C(C(O)O1)O)O
Formose	G5	C1C(C(CC(CO)(O)O1)O)O
Formose	G5	C1C(C(CO)(C(C(C=1)=O)O)O)O
Formose	G5	C1C(C(CO)(C(C)(O)O1)O)O
Formose	G5	C1C(C(CO)(C(C=1C=O)O)O)O
Formose	G5	C1C(C(CO)(OCC(C=1)=O)O)O
Formose	G5	C1C(C(CO)C(C(O)O1)O)O
Formose	G5	C1C(C(CO)C(CO)(O)O1)O
Formose	G5	C1C(C(CO)O)(C(C(C=1)=O)O)O
Formose	G5	C1C(C(CO)O)OC(C(C=1)=O)O
Formose	G5	C1C(C(CO)O)OC(C=1C=O)O
Formose	G5	C1C(C(CO)OC(C(C=1)=O)O)O
Formose	G5	C1C(C(CO)OC(C=1C=O)O)O
Formose	G5	C1C(C(CO1)(CCO)O)O
Formose	G5	C1C(C(CO1)O)(C(CO)CO)O
Formose	G5	C1C(C(COC(C=1C=O)O)O)O
Formose	G5	C1C(C(OCC(C=1)=O)O)(CO)O
Formose	G5	C1C(C)(C(C(C)(O)O1)O)O
Formose	G5	C1C(C)(C(C(CCO)(O)O1)O)O
Formose	G5	C1C(C)(C(C(CO)(O)O1)O)O
Formose	G5	C1C(C)(C(C(O)O1)(C(C)O)O)O
Formose	G5	C1C(C)(C(C(O)O1)(CCO)O)O
Formose	G5	C1C(C)(C(C(O)O1)(CO)O)O
Formose	G5	C1C(C)(C(C(O)O1)C(C)O)O
Formose	G5	C1C(C)(C(C(O)O1)C(CO)O)O
Formose	G5	C1C(C)(C(C(O)O1)CO)O
Formose	G5	C1C(C)(C(C(O)O1)O)O
Formose	G5	C1C(C)(C(CO)(C(C)(O)O1)O)O
Formose	G5	C1C(C)(C(CO)C(CO)(O)O1)O
Formose	G5	C1C(C2(C(C(CCO2)O)O1)O)O
Formose	G5	C1C(C2(C(C(CO2)(C)O)O1)O)O
Formose	G5	C1C(C2(C(C(CO2)O)O1)O)O
Formose	G5	C1C(CC(C(CO)O)(O)O1)O
Formose	G5	C1C(CC(CO)(O)O1)O
Formose	G5	C1C(CC(O)O1)(C(CO)CO)O
Formose	G5	C1C(CC(O)O1)(CCO)O
Formose	G5	C1C(CCO)(C(C(O)O1)CO)O
Formose	G5	C1C(CCO)(C(C(O)O1)O)O
Formose	G5	C1C(CCO)(CC(CO)(O)O1)O
Formose	G5	C1C(CO)(C(C(C(C=1)=O)O)O)O
Formose	G5	C1C(CO)(C(C(C)(O)O1)O)O
Formose	G5	C1C(CO)(C(C(C=1)=O)O)O
Formose	G5	C1C(CO)(C(C(C=1C=O)O)O)O
Formose	G5	C1C(CO)(C(C(C=1CO)=O)O)O
Formose	G5	C1C(CO)(C(C(O)O1)C(C)O)O
Formose	G5	C1C(CO)(C(C(O)O1)CO)O
Formose	G5	C1C(CO)(C(C)(C(O)O1)O)O
Formose	G5	C1C(CO)(C(CO)O)OC(C=1)O
Formose	G5	C1C(CO)(C(CO)OC(C=1)O)O
Formose	G5	C1C(CO)(C(COC(C=1)O)O)O
Formose	G5	C1C(CO)(CC(CO)(O)O1)O
Formose	G5	C1C(CO)(CO)OC(C(C=1)=O)O
Formose	G5	C1C(CO)(CO)OC(C=1C=O)O
Formose	G5	C1C(CO)(COC(C(C=1)=O)O)O
Formose	G5	C1C(CO)(COC(C=1C=O)O)O
Formose	G5	C1C(CO)C(C(O)O1)O
Formose	G5	C1C(CO)OC(C(C(C=1)=O)O)O
Formose	G5	C1C(CO)OC(C(C=1C=O)O)O
Formose	G5	C1C(CO)OC(C(C=1CO)=O)O
Formose	G5	C1C(CO)OC(C=1C(CO)=O)O
Formose	G5	C1C(CO)OC(C=1C=O)(CO)O
Formose	G5	C1C(COC(C(C=1C=O)O)O)O
Formose	G5	C1C(COC(C(C=1CO)=O)O)O
Formose	G5	C1C(COC(C=1C(CO)=O)O)O
Formose	G5	C1C(COC(C=1C=O)(CO)O)O
Formose	G5	C1C(O)OC(CO)C(C=1C=O)O
Formose	G5	C1C(O)OCC(C(C=1C=O)O)O
Formose	G5	C1C(O)OCC(C=1C=O)(CO)O
Formose	G5	C1C(OC(C=1C=O)(CO)CO)O
Formose	G5	C1C(OC(C=1C=O)C(CO)O)O
Formose	G5	C1C2(C(C(C(CO)O2)O1)O)O
Formose	G5	C1C2(C(C(C(CO1)O2)O)O)O
Formose	G5	C1C2(C(C(C(CO2)O)O1)O)O
Formose	G5	C1C2(C(C(C(CO2)O1)O)O)O
Formose	G5	C1C2(C(CO1)OC(C2CO)O)O
Formose	G5	C1C2(CC(C(C2O)O)(O)O1)O
Formose	G5	C1CC(C(C(CCO)(O)O1)O)O
Formose	G5	C1CC(C(CO)C(CO)(O)O1)O
Formose	G5	C1CC(C(O)O1)(C(CO)CO)O
Formose	G5	C1CC(C(O)O1)(CCO)O
Formose	G5	C1CC(CO)(C(C(O)O1)CO)O
Formose	G5	C1COC(C(C=1C=O)(CO)O)O
Formose	G5	C1COC(C=1C(C(CO)O)O)=O
Formose	G5	C1COC(C=1C(CO)(CO)O)=O
Formose	G5	C1COC(CO)(C(C=1C=O)O)O
Formose	G5	C=C(C(C(CO)O)=O)CO
Formose	G5	C=C(C(C(O)=O)=O)C(CCO)O
Formose	G5	C=C(C(C(O)=O)=O)C(CO)(C)O
Formose	G5	C=C(C(C(O)=O)=O)C(CO)O
Formose	G5	C=C(C(CO)=O)C(C(CO)O)O
Formose	G5	C=C(C(CO)=O)C(CCO)O
Formose	G5	C=C(C(CO)=O)C(CO)(C)O
Formose	G5	C=C(C(CO)=O)C(CO)(CO)O
Formose	G5	C=C(C(CO)=O)C(CO)O
Formose	G5	C=C(C(CO)O)C(C(C=O)=O)O
Formose	G5	C=C(C(CO)O)CC(C(O)=O)=O
Formose	G5	C=C(C(O)=O)C(C(C(C)O)O)O
Formose	G5	C=C(C(O)=O)C(C(CCO)O)O
Formose	G5	C=C(C(O)=O)C(C(CO)O)=O
Formose	G5	C=C(C(O)=O)C(C(CO)O)O
Formose	G5	C=C(C(O)=O)C(C)(C(CO)O)O
Formose	G5	C=C(C(O)=O)C(CC(C)O)O
Formose	G5	C=C(C(O)=O)C(CC(CO)O)O
Formose	G5	C=C(C(O)=O)C(CCO)O
Formose	G5	C=C(C(O)=O)C(CO)(C)O
Formose	G5	C=C(C(O)=O)C(CO)(CCO)O
Formose	G5	C=C(C(O)=O)C(CO)(CO)O
Formose	G5	C=C(C(O)=O)C(CO)O
Formose	G5	C=C(C(O)=O)C1(C(O)OCC1)O
Formose	G5	C=C(C(O)=O)C1(COC(C1)O)O
Formose	G5	C=C(C(O)=O)C1(COCC1O)O
Formose	G5	C=C(C=O)C(C(C(C)O)O)O
Formose	G5	C=C(C=O)C(C(C(CO)O)O)=O
Formose	G5	C=C(C=O)C(C(C(CO)O)O)O
Formose	G5	C=C(C=O)C(C(CCO)O)O
Formose	G5	C=C(C=O)C(C(CO)(CO)O)=O
Formose	G5	C=C(C=O)C(C(CO)(CO)O)O
Formose	G5	C=C(C=O)C(C(CO)O)O
Formose	G5	C=C(C=O)C(C)(C(CO)O)O
Formose	G5	C=C(C=O)C(CC(CO)O)O
Formose	G5	C=C(C=O)C(CO)(C(CO)O)O
Formose	G5	C=C(C=O)C(CO)(CCO)O
Formose	G5	C=C(C=O)C(CO)(CO)O
Formose	G5	C=C(C=O)C1(C(O)OCC1O)O
Formose	G5	C=C(CO)C(C(C(O)=O)=O)CO
Formose	G5	C=C(CO)C(C(C=O)=O)(CO)O
Formose	G5	C=C1C(C(C(C1(CO)O)O)O)=O
Formose	G5	C=C1C(C(C(C1O)O)O)=O
Formose	G5	C=C1C(C(C(CO)(C1O)O)O)=O
Formose	G5	C=C1C(C(O)OC(CO)C1O)=O
Formose	G5	C=C1C(C(O)OCC(C1O)O)=O
Formose	G5	C=C1C(C(O)OCC1(CO)O)=O
Formose	G5	C=C1C(C(OC1(CO)CO)O)=O
Formose	G5	C=C1C(C(OC1C(CO)O)O)=O
Formose	G5	C=CC(C(C(C(C)O)O)O)=O
Formose	G5	C=CC(C(C(C(C=O)=O)O)O)O
Formose	G5	C=CC(C(C(C(CO)=O)=O)O)O
Formose	G5	C=CC(C(C(C(CO)O)O)O)=O
Formose	G5	C=CC(C(C(C(O)=O)=O)(C)O)O
Formose	G5	C=CC(C(C(C(O)=O)=O)CO)O
Formose	G5	C=CC(C(C(C(O)=O)=O)O)O
Formose	G5	C=CC(C(C(C=O)=O)(CO)O)O
Formose	G5	C=CC(C(C(CCO)O)O)=O
Formose	G5	C=CC(C(C(CO)(C)O)O)=O
Formose	G5	C=CC(C(C(CO)(CO)O)O)=O
Formose	G5	C=CC(C(C(CO)CO)O)=O
Formose	G5	C=CC(C(C(CO)O)O)=O
Formose	G5	C=CC(C(C(CO)O)O)O
Formose	G5	C=CC(C(C(O)=O)=O)C(CO)O
Formose	G5	C=CC(C(C=O)=O)(C(CO)O)O
Formose	G5	C=CC(C(CC(C(O)=O)=O)O)O
Formose	G5	C=CC(C(CO)(C(CO)O)O)O
Formose	G5	C=CC(C(CO)(CO)O)=O
Formose	G5	C=CC(C(CO)(CO)O)O
Formose	G5	C=CC(C(CO)O)O
Formose	G5	C=CC(CO)(C(C(CO)O)O)O
Formose	G5	C=CC(CO)(C(CO)O)O
Formose	G5	C=CC(CO)(CO)O
Formose	G5	C=CC1(C(O)OC(CO)C1O)O
Formose	G5	C=CC1(C(O)OCC(C1O)O)O
Formose	G5	C=CC1(C(O)OCC1O)O
Formose	G5	CC(C(C(C(CO)CO)O)O)O
Formose	G5	CC(C(C(C(CO)O)O)O)O
Formose	G5	CC(C(C(CCO)O)O)O
Formose	G5	CC(C(C(CO)(CCO)O)O)O
Formose	G5	CC(C(C(CO)O)O)O
Formose	G5	CC(C(CO)(C(C)O)O)O
Formose	G5	CC(C(CO)(C(CCO)O)O)O
Formose	G5	CC(C(CO)(CCO)O)O
Formose	G5	CC(C(CO)C(C(CO)O)O)O
Formose	G5	CC(C(CO)C(C)O)O
Formose	G5	CC(C(CO)C(CCO)O)O
Formose	G5	CC(C(CO)C(CO)(CO)O)O
Formose	G5	CC(C(CO)C(CO)O)O
Formose	G5	CC(C(CO)CO)O
Formose	G5	CC(C(CO)O)(C(CO)CO)O
Formose	G5	CC(C(CO)O)(C(CO)O)O
Formose	G5	CC(C1(C(C(CO1)O)O)O)O
Formose	G5	CC(C1C(C(C(C)(O)O1)O)O)O
Formose	G5	CC(C1C(C(C(O)O1)CO)O)O
Formose	G5	CC(CC(C(C(CO)O)O)O)O
Formose	G5	CC(CC(C(CO)(CO)O)O)O
Formose	G5	CC(CC(C(CO)CO)O)O
Formose	G5	CC(CC(C(CO)O)O)O
Formose	G5	CC(CC(CCO)O)O
Formose	G5	CC(CCO)(C(CO)O)O
Formose	G5	CC(CO)(C(C(CO)O)O)O
Formose	G5	CC(CO)(C(CO)(C(C)O)O)O
Formose	G5	CC(CO)(C(CO)(CCO)O)O
Formose	G5	CC(CO)(C(CO)(CO)O)O
Formose	G5	CC(CO)(C(CO)C(C)O)O
Formose	G5	CC(CO)(C(CO)C(CO)O)O
Formose	G5	CC(CO)(C(CO)CO)O
Formose	G5	CC(CO)(C(CO)O)O
Formose	G5	CC(CO)(CCO)O
Formose	G5	CC1(C(C(C(C(C)O1)O)O)O)O
Formose	G5	CC1(C(C(C(CCO)O1)O)O)O
Formose	G5	CC1(C(C(C(CO)O1)O)O)O
Formose	G5	CC1(C(C(C(CO1)O)O)O)O
Formose	G5	CC1(C(C(C)(C(CO)O1)O)O)O
Formose	G5	CC1(C(C(CO1)(CCO)O)O)O
Formose	G5	CC1(C(C(CO1)O)O)O
Formose	G5	CC1(C(CO)OC(C1CO)O)O
Formose	G5	CC1(C(CO)OC(C1O)O)O
Formose	G5	CC1(C(COC(C)(C1O)O)O)O
Formose	G5	CC1(C(COC(C1CO)O)O)O
Formose	G5	CC1(C(COC(C1O)O)O)O
Formose	G5	CC1(C(O)OCC1O)O
Formose	G5	CC1(CC(CO)(O)OC1CO)O
Formose	G5	CC1C(C(C(C(O)O1)CO)O)O
Formose	G5	CC1C(C(C(C(O)O1)O)O)O
Formose	G5	CC1C(C(C(CO)(O)O1)O)O
Formose	G5	CC1C(CO)(C(C(O)O1)O)O
Formose	G5	CC1C(CO)C(C(O)O1)O
Formose	G6	C(C(C(C(C(C)=O)(C)O)O)O)=O
Formose	G6	C(C(C(C(C(C)=O)=C)O)O)(O)=O
Formose	G6	C(C(C(C(C(C)O)=C)O)O)(O)=O
Formose	G6	C(C(C(C(C(C)O)=C)O)O)=O
Formose	G6	C(C(C(C(C(C)O)=O)=C)O)(O)=O
Formose	G6	C(C(C(C(C(C)O)O)=C)O)(O)=O
Formose	G6	C(C(C(C(C(C=C)O)O)O)O)=O
Formose	G6	C(C(C(C(C(CC)O)O)=O)O)=O
Formose	G6	C(C(C(C(C(CC)O)O)O)=O)=O
Formose	G6	C(C(C(C(C(CO)=C)O)=O)O)=O
Formose	G6	C(C(C(C(C(CO)=C)O)O)O)=O
Formose	G6	C(C(C(C(C(CO)=O)C)O)O)=O
Formose	G6	C(C(C(C(C(CO)C)O)=O)O)=O
Formose	G6	C(C(C(C(C(CO)O)=C)O)O)=O
Formose	G6	C(C(C(C(C(CO)O)O)=O)C)=O
Formose	G6	C(C(C(C(C(O)=O)=C)CO)O)=O
Formose	G6	C(C(C(C(C(O)=O)=C)O)O)=O
Formose	G6	C(C(C(C(C(O)=O)=CC)O)O)=O
Formose	G6	C(C(C(C(C(O)=O)O)O)CC)=O
Formose	G6	C(C(C(C(C)(C(C)O)O)O)=O)=O
Formose	G6	C(C(C(C(C)(C(C)O)O)O)O)=O
Formose	G6	C(C(C(C(C)(CCO)O)O)=O)=O
Formose	G6	C(C(C(C(C)=CC(O)=O)O)O)=O
Formose	G6	C(C(C(C(C)=CCO)O)O)(O)=O
Formose	G6	C(C(C(C(C)=CCO)O)O)=O
Formose	G6	C(C(C(C(C)C(C=O)O)O)O)=O
Formose	G6	C(C(C(C(C)C(CO)O)=O)O)=O
Formose	G6	C(C(C(C(C)C(CO)O)O)=O)=O
Formose	G6	C(C(C(C(C)CCO)=O)O)(O)=O
Formose	G6	C(C(C(C(C)CCO)O)=O)(O)=O
Formose	G6	C(C(C(C(C)CCO)O)O)(O)=O
Formose	G6	C(C(C(C(C)CCO)O)O)=O
Formose	G6	C(C(C(C(C)O)(CCO)O)O)=O
Formose	G6	C(C(C(C(C)O)=C)(C)O)(O)=O
Formose	G6	C(C(C(C(C)O)=C)(CO)O)(O)=O
Formose	G6	C(C(C(C(C)O)=C)(CO)O)=O
Formose	G6	C(C(C(C(C)O)=O)(C=C)O)(O)=O
Formose	G6	C(C(C(C(C)O)=O)(CC)O)(O)=O
Formose	G6	C(C(C(C(C)O)=O)(CO)CO)=O
Formose	G6	C(C(C(C(C)O)=O)C(C)O)(O)=O
Formose	G6	C(C(C(C(C)O)=O)CCO)(O)=O
Formose	G6	C(C(C(C(C)O)=O)CO)(O)=O
Formose	G6	C(C(C(C(C)O)CCO)O)(O)=O
Formose	G6	C(C(C(C(C)O)CCO)O)=O
Formose	G6	C(C(C(C(C)O)O)CC(O)=O)=O
Formose	G6	C(C(C(C(C)O)O)CC=O)(O)=O
Formose	G6	C(C(C(C(C)O)O)O)(CC)=O
Formose	G6	C(C(C(C(C=C)=O)(C)O)O)(O)=O
Formose	G6	C(C(C(C(C=C)=O)CO)O)(O)=O
Formose	G6	C(C(C(C(C=C)CO)O)O)(O)=O
Formose	G6	C(C(C(C(C=C)CO)O)O)=O
Formose	G6	C(C(C(C(C=C)O)=O)CO)(O)=O
Formose	G6	C(C(C(C(C=CC)O)O)O)(O)=O
Formose	G6	C(C(C(C(C=CCO)O)O)O)=O
Formose	G6	C(C(C(C(C=O)O)=C)CO)(O)=O
Formose	G6	C(C(C(C(C=O)O)O)O)(CC)=O
Formose	G6	C(C(C(C(CC(C)=O)O)O)O)=O
Formose	G6	C(C(C(C(CC(O)=O)O)=C)O)=O
Formose	G6	C(C(C(C(CC)O)=O)(C)O)(O)=O
Formose	G6	C(C(C(C(CC)O)=O)(CO)O)=O
Formose	G6	C(C(C(C(CC)O)=O)CO)(O)=O
Formose	G6	C(C(C(C(CC)O)=O)O)(O)=O
Formose	G6	C(C(C(C(CC)O)O)=O)(O)=O
Formose	G6	C(C(C(C(CC)O)O)O)(O)=O
Formose	G6	C(C(C(C(CC)O)O)O)=O
Formose	G6	C(C(C(C(CC=C)O)=O)O)(O)=O
Formose	G6	C(C(C(C(CC=C)O)O)O)(O)=O
Formose	G6	C(C(C(C(CCCO)O)=O)O)=O
Formose	G6	C(C(C(C(CCCO)O)O)=O)=O
Formose	G6	C(C(C(C(CCCO)O)O)O)=O
Formose	G6	C(C(C(C(CCCO)O)O)O)O
Formose	G6	C(C(C(C(CCO)=C)O)O)(O)=O
Formose	G6	C(C(C(C(CCO)=C)O)O)=O
Formose	G6	C(C(C(C(CCO)=O)=C)O)(O)=O
Formose	G6	C(C(C(C(CCO)O)=C)O)(O)=O
Formose	G6	C(C(C(C(CCO)O)=C)O)=O
Formose	G6	C(C(C(C(CO)(C)O)=C)O)(O)=O
Formose	G6	C(C(C(C(CO)(C)O)=C)O)=O
Formose	G6	C(C(C(C(CO)(C)O)=O)(C)O)=O
Formose	G6	C(C(C(C(CO)(C)O)=O)C)(O)=O
Formose	G6	C(C(C(C(CO)(C)O)=O)CO)=O
Formose	G6	C(C(C(C(CO)(CC)O)=O)O)=O
Formose	G6	C(C(C(C(CO)(CC)O)O)=O)=O
Formose	G6	C(C(C(C(CO)(CO)O)=O)C)=O
Formose	G6	C(C(C(C(CO)=C)(C)O)O)(O)=O
Formose	G6	C(C(C(C(CO)=C)(C)O)O)=O
Formose	G6	C(C(C(C(CO)=C)(CO)O)O)=O
Formose	G6	C(C(C(C(CO)=C)CO)O)(O)=O
Formose	G6	C(C(C(C(CO)=C)CO)O)=O
Formose	G6	C(C(C(C(CO)=C)O)O)(O)=O
Formose	G6	C(C(C(C(CO)=C)O)O)=O
Formose	G6	C(C(C(C(CO)=CC)O)O)(O)=O
Formose	G6	C(C(C(C(CO)=CC)O)O)=O
Formose	G6	C(C(C(C(CO)=CCO)O)O)=O
Formose	G6	C(C(C(C(CO)=O)=C)CO)(O)=O
Formose	G6	C(C(C(C(CO)=O)=O)O)=CCO
Formose	G6	C(C(C(C(CO)C)=O)(C)O)(O)=O
Formose	G6	C(C(C(C(CO)C)=O)O)(O)=O
Formose	G6	C(C(C(C(CO)CC)=O)O)(O)=O
Formose	G6	C(C(C(C(CO)CCO)=O)O)=O
Formose	G6	C(C(C(C(CO)CCO)O)=O)=O
Formose	G6	C(C(C(C(CO)CCO)O)O)=O
Formose	G6	C(C(C(C(CO)CCO)O)O)O
Formose	G6	C(C(C(C(CO)CO)=C)O)(O)=O
Formose	G6	C(C(C(C(CO)CO)=C)O)=O
Formose	G6	C(C(C(C(CO)CO)=O)(C)O)=O
Formose	G6	C(C(C(C(CO)CO)=O)C)(O)=O
Formose	G6	C(C(C(C(CO)O)(CC)O)=O)=O
Formose	G6	C(C(C(C(CO)O)=C)(C)O)=O
Formose	G6	C(C(C(C(CO)O)=C)CO)(O)=O
Formose	G6	C(C(C(C(CO)O)=O)(CC)O)=O
Formose	G6	C(C(C(C(CO)O)=O)CC)(O)=O
Formose	G6	C(C(C(C(CO)O)CCO)O)=O
Formose	G6	C(C(C(C(CO)O)O)O)(CC)=O
Formose	G6	C(C(C(C(O)=O)=C)(CC)O)(O)=O
Formose	G6	C(C(C(C(O)=O)=C)(CO)CO)=O
Formose	G6	C(C(C(C(O)=O)=C)C(C)O)(O)=O
Formose	G6	C(C(C(C(O)=O)=C)CO)(O)=O
Formose	G6	C(C(C(C(O)=O)=C)O)=CCO
Formose	G6	C(C(C(C(O)=O)=CC)(CO)O)=O
Formose	G6	C(C(C(C(O)=O)=CC)O)(O)=O
Formose	G6	C(C(C(C(O)=O)=O)(C)O)=CCO
Formose	G6	C(C(C(C(O)=O)=O)O)=C(CO)C
Formose	G6	C(C(C(C(O)=O)=O)O)=CC(C)O
Formose	G6	C(C(C(C(O)=O)=O)O)=CCCO
Formose	G6	C(C(C(C(O)=O)O)O)(CCC)=O
Formose	G6	C(C(C(C)(C(C)(C)O)O)=O)(O)=O
Formose	G6	C(C(C(C)(C(C)O)O)O)=O
Formose	G6	C(C(C(C)(C(C=C)O)O)O)(O)=O
Formose	G6	C(C(C(C)(C(C=C)O)O)O)=O
Formose	G6	C(C(C(C)(C(CC)O)O)=O)(O)=O
Formose	G6	C(C(C(C)(C(CO)(C)O)O)O)=O
Formose	G6	C(C(C(C)(C(CO)CO)O)=O)=O
Formose	G6	C(C(C(C)(C)O)(CC(O)=O)O)=O
Formose	G6	C(C(C(C)(C)O)(CC=O)O)(O)=O
Formose	G6	C(C(C(C)(C)O)C(C(O)=O)O)=O
Formose	G6	C(C(C(C)(C)O)C(C=O)O)(O)=O
Formose	G6	C(C(C(C)(CC(C)=O)O)O)(O)=O
Formose	G6	C(C(C(C)(CC(CO)O)O)O)=O
Formose	G6	C(C(C(C)(CCCO)O)=O)(O)=O
Formose	G6	C(C(C(C)(CCCO)O)O)(O)=O
Formose	G6	C(C(C(C)(CCCO)O)O)=O
Formose	G6	C(C(C(C)(CO)C(C)O)=O)(O)=O
Formose	G6	C(C(C(C)(CO)C(CO)O)=O)=O
Formose	G6	C(C(C(C)(CO)CO)=O)(O)=O
Formose	G6	C(C(C(C)(CO)O)CC(O)=O)=O
Formose	G6	C(C(C(C)(CO)O)CC=O)(O)=O
Formose	G6	C(C(C(C)=CC(O)=O)O)(O)=O
Formose	G6	C(C(C(C)=CC=O)(CO)O)(O)=O
Formose	G6	C(C(C(C)=CCO)O)(O)=O
Formose	G6	C(C(C(C)=O)(C(C)(C)O)O)(O)=O
Formose	G6	C(C(C(C)=O)(C(CC)O)O)(O)=O
Formose	G6	C(C(C(C)=O)(C(CO)C)O)(O)=O
Formose	G6	C(C(C(C)=O)(C)C(CO)O)(O)=O
Formose	G6	C(C(C(C)=O)(CC(C)O)O)(O)=O
Formose	G6	C(C(C(C)=O)(CC(CO)O)O)=O
Formose	G6	C(C(C(C)=O)(CCCO)O)(O)=O
Formose	G6	C(C(C(C)=O)(CO)CCO)(O)=O
Formose	G6	C(C(C(C)=O)C(CO)CO)(O)=O
Formose	G6	C(C(C(C)=O)CC(CO)O)(O)=O
Formose	G6	C(C(C(C)C(C(C)=O)O)O)(O)=O
Formose	G6	C(C(C(C)C(C(C)O)O)O)(O)=O
Formose	G6	C(C(C(C)C(C(CO)=O)O)O)=O
Formose	G6	C(C(C(C)C(C)O)O)(O)=O
Formose	G6	C(C(C(C)C(C=C)O)O)(O)=O
Formose	G6	C(C(C(C)C(CCO)O)O)(O)=O
Formose	G6	C(C(C(C)C(CO)(C)O)O)(O)=O
Formose	G6	C(C(C(C)C(CO)CO)=O)(O)=O
Formose	G6	C(C(C(C)C(CO)O)O)(O)=O
Formose	G6	C(C(C(C)CC(CO)=O)O)(O)=O
Formose	G6	C(C(C(C)CCO)O)(O)=O
Formose	G6	C(C(C(C)O)(C(C)(C)O)O)(O)=O
Formose	G6	C(C(C(C)O)(C(CC)O)O)(O)=O
Formose	G6	C(C(C(C)O)(C(CC)O)O)=O
Formose	G6	C(C(C(C)O)(C(CO)C)O)(O)=O
Formose	G6	C(C(C(C)O)(C(CO)C)O)=O
Formose	G6	C(C(C(C)O)(CC(C)=O)O)(O)=O
Formose	G6	C(C(C(C)O)(CC(C)O)O)=O
Formose	G6	C(C(C(C)O)(CC(CO)O)O)=O
Formose	G6	C(C(C(C)O)(CC)O)(O)=O
Formose	G6	C(C(C(C)O)(CC=C)O)(O)=O
Formose	G6	C(C(C(C)O)(CCCO)O)(O)=O
Formose	G6	C(C(C(C)O)(CCCO)O)=O
Formose	G6	C(C(C(C)O)=O)(C(CO)CO)=O
Formose	G6	C(C(C(C)O)=O)(CC(CO)O)=O
Formose	G6	C(C(C(C)O)C(C)(C)O)(O)=O
Formose	G6	C(C(C(C)O)C(C)CO)(O)=O
Formose	G6	C(C(C(C)O)C(C=O)CO)(O)=O
Formose	G6	C(C(C(C)O)C(CC)O)(O)=O
Formose	G6	C(C(C(C)O)C(CO)CO)(O)=O
Formose	G6	C(C(C(C)O)C(CO)CO)=O
Formose	G6	C(C(C(C)O)CC(O)=O)(O)=O
Formose	G6	C(C(C(C)O)O)(C(CO)(C)O)=O
Formose	G6	C(C(C(C)O)O)(CCCO)=O
Formose	G6	C(C(C(C)O)O)(OCCO)=O
Formose	G6	C(C(C(C)O)O)=CC(O)=O
Formose	G6	C(C(C(C)O)O)=CCO
Formose	G6	C(C(C(C1(C=CCO1)O)O)O)=O
Formose	G6	C(C(C(C1C(O)OCC=1)O)O)=O
Formose	G6	C(C(C(C1COC(C1)O)O)O)=O
Formose	G6	C(C(C(C1COC(C=1)O)O)O)=O
Formose	G6	C(C(C(C=C(C(O)=O)C)O)O)=O
Formose	G6	C(C(C(C=C(C)CO)O)O)(O)=O
Formose	G6	C(C(C(C=C(C)CO)O)O)=O
Formose	G6	C(C(C(C=C)(C(CO)O)O)O)=O
Formose	G6	C(C(C(C=C)(C)O)O)(O)=O
Formose	G6	C(C(C(C=C)(CCO)O)O)(O)=O
Formose	G6	C(C(C(C=C)(CCO)O)O)=O
Formose	G6	C(C(C(C=C)(CO)CO)O)(O)=O
Formose	G6	C(C(C(C=C)(CO)CO)O)=O
Formose	G6	C(C(C(C=C)=O)(CCO)O)(O)=O
Formose	G6	C(C(C(C=C)=O)C(CO)O)(O)=O
Formose	G6	C(C(C(C=C)C(C)O)O)(O)=O
Formose	G6	C(C(C(C=C)C(C=O)O)O)(O)=O
Formose	G6	C(C(C(C=C)C(CO)O)O)(O)=O
Formose	G6	C(C(C(C=C)CO)O)(CO)=O
Formose	G6	C(C(C(C=C)O)O)(OCCO)=O
Formose	G6	C(C(C(C=CC(C)O)=O)O)(O)=O
Formose	G6	C(C(C(C=CC(C)O)O)O)(O)=O
Formose	G6	C(C(C(C=CC(O)=O)CO)O)=O
Formose	G6	C(C(C(C=CC)(CO)O)O)(O)=O
Formose	G6	C(C(C(C=CC)(CO)O)O)=O
Formose	G6	C(C(C(C=CC)=O)(CO)O)(O)=O
Formose	G6	C(C(C(C=CCCO)O)O)(O)=O
Formose	G6	C(C(C(C=CCCO)O)O)=O
Formose	G6	C(C(C(C=CCO)(C)O)O)(O)=O
Formose	G6	C(C(C(C=CCO)(C)O)O)=O
Formose	G6	C(C(C(C=CCO)(CO)O)O)=O
Formose	G6	C(C(C(C=CCO)=O)CO)(O)=O
Formose	G6	C(C(C(C=CCO)CO)O)(O)=O
Formose	G6	C(C(C(C=CCO)CO)O)=O
Formose	G6	C(C(C(C=O)=C)C(CO)O)(O)=O
Formose	G6	C(C(C(C=O)=CC)(CO)O)(O)=O
Formose	G6	C(C(C(C=O)=CCO)CO)(O)=O
Formose	G6	C(C(C(C=O)O)O)(C(CC)O)=O
Formose	G6	C(C(C(C=O)O)O)(C(CO)C)=O
Formose	G6	C(C(C(CC(C(C)O)O)O)=O)=O
Formose	G6	C(C(C(CC(C(C)O)O)O)O)=O
Formose	G6	C(C(C(CC(C(O)=O)=C)O)O)=O
Formose	G6	C(C(C(CC(C=C)=O)O)O)(O)=O
Formose	G6	C(C(C(CC(C=C)O)O)O)(O)=O
Formose	G6	C(C(C(CC(C=C)O)O)O)=O
Formose	G6	C(C(C(CC(CC)O)=O)O)(O)=O
Formose	G6	C(C(C(CC(CO)=C)O)O)(O)=O
Formose	G6	C(C(C(CC(CO)=C)O)O)=O
Formose	G6	C(C(C(CC(CO)C)=O)O)(O)=O
Formose	G6	C(C(C(CC(CO)C)O)O)(O)=O
Formose	G6	C(C(C(CC(CO)C)O)O)=O
Formose	G6	C(C(C(CC(CO)CO)O)=O)=O
Formose	G6	C(C(C(CC(CO)CO)O)O)=O
Formose	G6	C(C(C(CC(CO)O)=O)(C)O)=O
Formose	G6	C(C(C(CC(O)=O)=C)(C)O)(O)=O
Formose	G6	C(C(C(CC(O)=O)=C)(CO)O)=O
Formose	G6	C(C(C(CC(O)=O)=C)CO)(O)=O
Formose	G6	C(C(C(CC(O)=O)O)(CC)O)=O
Formose	G6	C(C(C(CC(O)=O)O)CC)(O)=O
Formose	G6	C(C(C(CC(O)=O)O)CCO)=O
Formose	G6	C(C(C(CC)(C(C=O)O)O)O)=O
Formose	G6	C(C(C(CC)=O)(C(C)O)O)(O)=O
Formose	G6	C(C(C(CC)=O)(C(CO)O)O)=O
Formose	G6	C(C(C(CC)=O)(CCO)O)(O)=O
Formose	G6	C(C(C(CC)=O)(CO)O)(O)=O
Formose	G6	C(C(C(CC)=O)C(CO)O)(O)=O
Formose	G6	C(C(C(CC)C(CO)O)=O)(O)=O
Formose	G6	C(C(C(CC)O)(C(C=O)O)O)=O
Formose	G6	C(C(C(CC)O)(CC(O)=O)O)=O
Formose	G6	C(C(C(CC)O)(CC=O)O)(O)=O
Formose	G6	C(C(C(CC)O)C(C(O)=O)O)=O
Formose	G6	C(C(C(CC)O)C(C=O)O)(O)=O
Formose	G6	C(C(C(CC)O)O)(C(C)O)=O
Formose	G6	C(C(C(CC)O)O)(C(CO)O)=O
Formose	G6	C(C(C(CC)O)O)(CCO)=O
Formose	G6	C(C(C(CC)O)O)(O)=O
Formose	G6	C(C(C(CC)O)O)(OCCO)=O
Formose	G6	C(C(C(CC=C)=O)(CO)O)(O)=O
Formose	G6	C(C(C(CC=CC(O)=O)O)O)=O
Formose	G6	C(C(C(CC=CCO)O)O)(O)=O
Formose	G6	C(C(C(CC=CCO)O)O)=O
Formose	G6	C(C(C(CC=O)=C)(CO)O)(O)=O
Formose	G6	C(C(C(CC=O)O)(CC)O)(O)=O
Formose	G6	C(C(C(CC=O)O)CCO)(O)=O
Formose	G6	C(C(C(CCC(C)O)O)=O)(O)=O
Formose	G6	C(C(C(CCC(C)O)O)O)=O
Formose	G6	C(C(C(CCC(C=O)O)O)O)=O
Formose	G6	C(C(C(CCC(CO)O)O)=O)=O
Formose	G6	C(C(C(CCC(CO)O)O)O)=O
Formose	G6	C(C(C(CCC(O)=O)=C)O)(O)=O
Formose	G6	C(C(C(CCC)=O)(CO)O)(O)=O
Formose	G6	C(C(C(CCCCO)O)=O)(O)=O
Formose	G6	C(C(C(CCCCO)O)O)(O)=O
Formose	G6	C(C(C(CCCCO)O)O)=O
Formose	G6	C(C(C(CCCCO)O)O)O
Formose	G6	C(C(C(CCCO)=O)CO)(O)=O
Formose	G6	C(C(C(CCCO)O)=O)(O)=O
Formose	G6	C(C(C(CCCO)O)O)(O)=O
Formose	G6	C(C(C(CCCO)O)O)O
Formose	G6	C(C(C(CCO)(CCO)O)=O)=O
Formose	G6	C(C(C(CCO)(CCO)O)O)O
Formose	G6	C(C(C(CCO)=C)(CO)O)=O
Formose	G6	C(C(C(CCO)=C)O)(O)=O
Formose	G6	C(C(C(CCO)=O)(C)CO)(O)=O
Formose	G6	C(C(C(CCO)=O)(CO)CO)=O
Formose	G6	C(C(C(CCO)C(C)O)=O)(O)=O
Formose	G6	C(C(C(CCO)C(C=O)O)O)=O
Formose	G6	C(C(C(CCO)C(CO)O)O)O
Formose	G6	C(C(C(CCO)CCO)=O)(O)=O
Formose	G6	C(C(C(CCO)CCO)O)(O)=O
Formose	G6	C(C(C(CCO)CCO)O)=O
Formose	G6	C(C(C(CCO)CCO)O)O
Formose	G6	C(C(C(CCO)O)O)(CC)=O
Formose	G6	C(C(C(CCO)O)O)=CC(O)=O
Formose	G6	C(C(C(CCO)O)O)=CC=O
Formose	G6	C(C(C(CO)(C(CC)O)O)=O)=O
Formose	G6	C(C(C(CO)(C(CO)C)O)=O)=O
Formose	G6	C(C(C(CO)(C)CCO)O)=O
Formose	G6	C(C(C(CO)(C)O)O)(CC)=O
Formose	G6	C(C(C(CO)(C)O)O)=CC
Formose	G6	C(C(C(CO)(C)O)O)=CC(O)=O
Formose	G6	C(C(C(CO)(C)O)O)=CC=O
Formose	G6	C(C(C(CO)(C)O)O)=CCO
Formose	G6	C(C(C(CO)(CC)O)=O)(O)=O
Formose	G6	C(C(C(CO)(CC)O)O)(O)=O
Formose	G6	C(C(C(CO)(CC)O)O)=O
Formose	G6	C(C(C(CO)(CC=C)O)O)(O)=O
Formose	G6	C(C(C(CO)(CC=C)O)O)=O
Formose	G6	C(C(C(CO)(CCCO)O)=O)=O
Formose	G6	C(C(C(CO)(CCCO)O)O)=O
Formose	G6	C(C(C(CO)(CCCO)O)O)O
Formose	G6	C(C(C(CO)(CO)CCO)=O)=O
Formose	G6	C(C(C(CO)(CO)CCO)O)=O
Formose	G6	C(C(C(CO)(CO)CCO)O)O
Formose	G6	C(C(C(CO)(CO)O)O)(CC)=O
Formose	G6	C(C(C(CO)(CO)O)O)=CC
Formose	G6	C(C(C(CO)(CO)O)O)=CCO
Formose	G6	C(C(C(CO)=C)(CO)CO)=O
Formose	G6	C(C(C(CO)=C)C(C)O)(O)=O
Formose	G6	C(C(C(CO)=C)C(CO)O)(O)=O
Formose	G6	C(C(C(CO)=C)CO)(O)=O
Formose	G6	C(C(C(CO)=CC(C)O)O)(O)=O
Formose	G6	C(C(C(CO)=CC)(CO)O)(O)=O
Formose	G6	C(C(C(CO)=CC)(CO)O)=O
Formose	G6	C(C(C(CO)=CC=O)CO)(O)=O
Formose	G6	C(C(C(CO)=CCO)CO)(O)=O
Formose	G6	C(C(C(CO)=O)(C(CC)O)O)=O
Formose	G6	C(C(C(CO)=O)(C(CO)=C)O)=O
Formose	G6	C(C(C(CO)=O)(C(CO)C)O)=O
Formose	G6	C(C(C(CO)=O)(C=C)CO)(O)=O
Formose	G6	C(C(C(CO)=O)(C=CCO)O)=O
Formose	G6	C(C(C(CO)=O)(CC)O)(O)=O
Formose	G6	C(C(C(CO)=O)(CCCO)O)=O
Formose	G6	C(C(C(CO)=O)(CO)C)(O)=O
Formose	G6	C(C(C(CO)=O)(CO)CCO)=O
Formose	G6	C(C(C(CO)=O)C(C)(C)O)(O)=O
Formose	G6	C(C(C(CO)=O)C(CC)O)(O)=O
Formose	G6	C(C(C(CO)=O)C(CO)C)(O)=O
Formose	G6	C(C(C(CO)=O)CC(C)O)(O)=O
Formose	G6	C(C(C(CO)=O)CCCO)(O)=O
Formose	G6	C(C(C(CO)C(C(C)O)O)O)=O
Formose	G6	C(C(C(CO)C(C)(C)O)=O)(O)=O
Formose	G6	C(C(C(CO)C(C)CO)=O)(O)=O
Formose	G6	C(C(C(CO)C(C=C)O)O)(O)=O
Formose	G6	C(C(C(CO)C(C=C)O)O)=O
Formose	G6	C(C(C(CO)C(CC)O)=O)(O)=O
Formose	G6	C(C(C(CO)C(CO)C)O)(O)=O
Formose	G6	C(C(C(CO)C(CO)C)O)=O
Formose	G6	C(C(C(CO)C(CO)CO)O)=O
Formose	G6	C(C(C(CO)C)(C(C=O)O)O)=O
Formose	G6	C(C(C(CO)C)(CC(O)=O)O)=O
Formose	G6	C(C(C(CO)C)(CC=O)O)(O)=O
Formose	G6	C(C(C(CO)C)C(C(O)=O)O)=O
Formose	G6	C(C(C(CO)C)C(C=O)O)(O)=O
Formose	G6	C(C(C(CO)C)O)(C(CO)O)=O
Formose	G6	C(C(C(CO)C)O)(CCO)=O
Formose	G6	C(C(C(CO)C)O)(O)=O
Formose	G6	C(C(C(CO)CC(C)=O)O)(O)=O
Formose	G6	C(C(C(CO)CC(C)O)=O)(O)=O
Formose	G6	C(C(C(CO)CC(C)O)O)(O)=O
Formose	G6	C(C(C(CO)CC(C)O)O)=O
Formose	G6	C(C(C(CO)CC(CO)O)O)=O
Formose	G6	C(C(C(CO)CCCO)=O)(O)=O
Formose	G6	C(C(C(CO)CCCO)O)(O)=O
Formose	G6	C(C(C(CO)CCCO)O)=O
Formose	G6	C(C(C(CO)CCCO)O)O
Formose	G6	C(C(C(CO)CCO)O)(O)=O
Formose	G6	C(C(C(CO)CCO)O)=O
Formose	G6	C(C(C(CO)CCO)O)O
Formose	G6	C(C(C(CO)CO)=CC=O)(O)=O
Formose	G6	C(C(C(CO)CO)O)(CC)=O
Formose	G6	C(C(C(CO)CO)O)=CC
Formose	G6	C(C(C(CO)CO)O)=CC(O)=O
Formose	G6	C(C(C(CO)CO)O)=CCO
Formose	G6	C(C(C(CO)O)(C(CC)O)O)=O
Formose	G6	C(C(C(CO)O)(C(CO)C)O)=O
Formose	G6	C(C(C(CO)O)(CC(C)=O)O)=O
Formose	G6	C(C(C(CO)O)(CC)O)=O
Formose	G6	C(C(C(CO)O)(CC=C)O)(O)=O
Formose	G6	C(C(C(CO)O)(CC=C)O)=O
Formose	G6	C(C(C(CO)O)(CCCO)O)=O
Formose	G6	C(C(C(CO)O)C(C)(C)O)(O)=O
Formose	G6	C(C(C(CO)O)C(C)CO)(O)=O
Formose	G6	C(C(C(CO)O)C(C)CO)=O
Formose	G6	C(C(C(CO)O)C(C=O)C)(O)=O
Formose	G6	C(C(C(CO)O)C(CC)O)(O)=O
Formose	G6	C(C(C(CO)O)C(CC)O)=O
Formose	G6	C(C(C(CO)O)C(CO)CO)=O
Formose	G6	C(C(C(CO)O)CC(C)=O)(O)=O
Formose	G6	C(C(C(CO)O)O)(C(CO)C)=O
Formose	G6	C(C(C(CO)O)O)(CC)=O
Formose	G6	C(C(C(CO)O)O)(CC=C)=O
Formose	G6	C(C(C(CO)O)O)(CCC)=O
Formose	G6	C(C(C(CO)O)O)=C(C=O)C
Formose	G6	C(C(C(CO)O)O)=C(CO)CO
Formose	G6	C(C(C(CO)O)O)=CC
Formose	G6	C(C(C(CO)O)O)=CC(C)=O
Formose	G6	C(C(C(CO)O)O)=CC(CO)O
Formose	G6	C(C(C(O)=O)(C=CC)O)(O)=O
Formose	G6	C(C(C(O)=O)(CC)O)(O)=O
Formose	G6	C(C(C(O)=O)(CC=C)O)(O)=O
Formose	G6	C(C(C(O)=O)C(C)(C)O)(O)=O
Formose	G6	C(C(C(O)=O)C(C)CCO)(O)=O
Formose	G6	C(C(C(O)=O)C(CC)O)(O)=O
Formose	G6	C(C(C(O)=O)C(CO)=C)(O)=O
Formose	G6	C(C(C(O)=O)C=CC(C)O)(O)=O
Formose	G6	C(C(C(O)=O)C=CCO)(O)=O
Formose	G6	C(C(C(O)=O)CCCO)(O)=O
Formose	G6	C(C(C(O)=O)CCO)(O)=O
Formose	G6	C(C(C(O)=O)O)(C(C=CC)O)=O
Formose	G6	C(C(C)(C(C(C(O)=O)=C)O)O)=O
Formose	G6	C(C(C)(C(C(C)=O)CO)O)(O)=O
Formose	G6	C(C(C)(C(C(C=O)(C)O)O)O)=O
Formose	G6	C(C(C)(C(C(CC)O)O)O)(O)=O
Formose	G6	C(C(C)(C(C(CC)O)O)O)=O
Formose	G6	C(C(C)(C(C(CO)(C)O)O)O)=O
Formose	G6	C(C(C)(C(C(CO)=C)O)O)(O)=O
Formose	G6	C(C(C)(C(C(CO)=C)O)O)=O
Formose	G6	C(C(C)(C(C(O)=O)O)O)(CC)=O
Formose	G6	C(C(C)(C(C)(C(C)O)O)O)(O)=O
Formose	G6	C(C(C)(C(C)(C(C)O)O)O)=O
Formose	G6	C(C(C)(C(C)(C)O)O)(O)=O
Formose	G6	C(C(C)(C(C)(CCO)O)O)(O)=O
Formose	G6	C(C(C)(C(C)(CCO)O)O)=O
Formose	G6	C(C(C)(C(C)C(C(O)=O)O)O)=O
Formose	G6	C(C(C)(C(C)C(C=O)O)O)(O)=O
Formose	G6	C(C(C)(C(C)C(CO)O)O)(O)=O
Formose	G6	C(C(C)(C(C)CC(O)=O)O)(O)=O
Formose	G6	C(C(C)(C(C)CCO)O)(O)=O
Formose	G6	C(C(C)(C(C=C)CO)O)(O)=O
Formose	G6	C(C(C)(C(C=O)O)O)(CCO)=O
Formose	G6	C(C(C)(C(CC)O)O)(O)=O
Formose	G6	C(C(C)(C(CCC(O)=O)O)O)=O
Formose	G6	C(C(C)(C(CCCO)O)O)(O)=O
Formose	G6	C(C(C)(C(CCCO)O)O)=O
Formose	G6	C(C(C)(C(CO)(CC)O)O)(O)=O
Formose	G6	C(C(C)(C(CO)(CC)O)O)=O
Formose	G6	C(C(C)(C(CO)(CO)CO)O)=O
Formose	G6	C(C(C)(C(CO)C)O)(O)=O
Formose	G6	C(C(C)(C(CO)CCO)O)(O)=O
Formose	G6	C(C(C)(C(CO)CCO)O)=O
Formose	G6	C(C(C)(C(CO)O)CC(O)=O)=O
Formose	G6	C(C(C)(C(CO)O)CC=O)(O)=O
Formose	G6	C(C(C)(C(CO)O)O)=CC(O)=O
Formose	G6	C(C(C)(C(CO)O)O)=CC=O
Formose	G6	C(C(C)(C1(COCC1)O)O)(O)=O
Formose	G6	C(C(C)(C1C=CC(O1)O)O)(O)=O
Formose	G6	C(C(C)(CC(C(C)=O)O)O)(O)=O
Formose	G6	C(C(C)(CC(C(C)O)O)O)(O)=O
Formose	G6	C(C(C)(CC(C)O)O)(O)=O
Formose	G6	C(C(C)(CC(C=C)O)O)(O)=O
Formose	G6	C(C(C)(CC(C=O)(C)O)O)(O)=O
Formose	G6	C(C(C)(CC(CCO)O)O)(O)=O
Formose	G6	C(C(C)(CC(CO)(C)O)O)(O)=O
Formose	G6	C(C(C)(CC(CO)O)O)(O)=O
Formose	G6	C(C(C)(CC(CO)O)O)=O
Formose	G6	C(C(C)(CC(O)=O)O)(C(C)O)=O
Formose	G6	C(C(C)(CC=CC(O)=O)O)(O)=O
Formose	G6	C(C(C)(CCC(C(O)=O)O)O)=O
Formose	G6	C(C(C)(CCC(C)O)O)(O)=O
Formose	G6	C(C(C)(CCC(C=O)O)O)(O)=O
Formose	G6	C(C(C)(CCC(CO)O)O)(O)=O
Formose	G6	C(C(C)(CCCC(O)=O)O)(O)=O
Formose	G6	C(C(C)(CCCO)O)(O)=O
Formose	G6	C(C(C)(CCO)C(C(O)=O)O)=O
Formose	G6	C(C(C)(CCO)C(CO)O)=O
Formose	G6	C(C(C)(CO)C(C=O)CO)(O)=O
Formose	G6	C(C(C)=C(C(O)=O)CO)(O)=O
Formose	G6	C(C(C)=O)(C(C(CO)CO)O)=O
Formose	G6	C(C(C)=O)(C(CO)(CO)CO)=O
Formose	G6	C(C(C)C(C(C(C)=O)O)O)(O)=O
Formose	G6	C(C(C)C(C(C(C)O)=O)O)(O)=O
Formose	G6	C(C(C)C(C(C(C)O)O)O)=O
Formose	G6	C(C(C)C(C(C(C=O)O)O)O)=O
Formose	G6	C(C(C)C(C(C(CO)=O)O)O)=O
Formose	G6	C(C(C)C(C(C(CO)O)O)O)=O
Formose	G6	C(C(C)C(C(C(O)=O)(C)O)O)=O
Formose	G6	C(C(C)C(C(C(O)=O)O)O)=O
Formose	G6	C(C(C)C(C(C)(CO)O)O)=O
Formose	G6	C(C(C)C(C(C)=O)(CO)O)(O)=O
Formose	G6	C(C(C)C(C(C=O)(C)O)O)(O)=O
Formose	G6	C(C(C)C(C(C=O)(CO)O)O)=O
Formose	G6	C(C(C)C(C(C=O)CO)O)(O)=O
Formose	G6	C(C(C)C(C(C=O)O)O)(O)=O
Formose	G6	C(C(C)C(C(CC(O)=O)O)O)=O
Formose	G6	C(C(C)C(C(CCO)=O)O)(O)=O
Formose	G6	C(C(C)C(C(CCO)O)O)=O
Formose	G6	C(C(C)C(C(CO)(CO)O)O)=O
Formose	G6	C(C(C)C(C(CO)=O)CO)(O)=O
Formose	G6	C(C(C)C(C(CO)=O)O)(O)=O
Formose	G6	C(C(C)C(C(CO)CO)O)=O
Formose	G6	C(C(C)C(C(CO)O)O)=O
Formose	G6	C(C(C)C(C(O)=O)(C)O)(O)=O
Formose	G6	C(C(C)C(C(O)=O)O)(C(C)O)=O
Formose	G6	C(C(C)C(C(O)=O)O)(CCO)=O
Formose	G6	C(C(C)C(C(O)=O)O)(O)=O
Formose	G6	C(C(C)C(C)(C(C(O)=O)O)O)=O
Formose	G6	C(C(C)C(C)(C(C=O)O)O)(O)=O
Formose	G6	C(C(C)C(C=O)(C(C)O)O)(O)=O
Formose	G6	C(C(C)C(C=O)(CCO)O)(O)=O
Formose	G6	C(C(C)C(C=O)(CO)O)(O)=O
Formose	G6	C(C(C)C(C=O)C(CO)O)(O)=O
Formose	G6	C(C(C)C(C=O)O)(C(CO)O)=O
Formose	G6	C(C(C)C(CC(C(O)=O)O)O)=O
Formose	G6	C(C(C)C(CC(CO)=O)O)(O)=O
Formose	G6	C(C(C)C(CC(CO)O)O)=O
Formose	G6	C(C(C)C(CO)(C(C)O)O)=O
Formose	G6	C(C(C)C(CO)(C(C=O)O)O)=O
Formose	G6	C(C(C)C(CO)(C(CO)O)O)=O
Formose	G6	C(C(C)C(CO)(CC(O)=O)O)=O
Formose	G6	C(C(C)C(CO)(CCO)O)=O
Formose	G6	C(C(C)C(CO)(CO)O)=O
Formose	G6	C(C(C)C(CO)C(C(O)=O)O)=O
Formose	G6	C(C(C)C(CO)C(CO)O)=O
Formose	G6	C(C(C)C(CO)O)(O)=O
Formose	G6	C(C(C)C1(C(C(CO1)O)O)O)=O
Formose	G6	C(C(C)C1(C(O)OCC1O)O)=O
Formose	G6	C(C(C)C1(COC(C1O)O)O)=O
Formose	G6	C(C(C)CC(C(C(O)=O)O)O)=O
Formose	G6	C(C(C)CC(C(CO)O)=O)(O)=O
Formose	G6	C(C(C)CC(C(O)=O)(CO)O)=O
Formose	G6	C(C(C)CC(O)=O)(C(CO)O)=O
Formose	G6	C(C(C)O)(C(C(CO)=C)O)=O
Formose	G6	C(C(C)O)(C(C)(C(C)O)O)=O
Formose	G6	C(C(C)O)(C(C=C)(CO)O)=O
Formose	G6	C(C(C)O)(C(C=CC(O)=O)O)=O
Formose	G6	C(C(C)O)(C(C=CCO)O)=O
Formose	G6	C(C(C)O)(C(CO)C(C)O)=O
Formose	G6	C(C(C)O)(C(CO)C(CO)O)=O
Formose	G6	C(C(C)O)(C(CO)CCO)=O
Formose	G6	C(C(C)O)(C(CO)CO)=O
Formose	G6	C(C(C)O)(C1C(O)OCC1O)=O
Formose	G6	C(C(C)O)(C1COC(C1O)O)=O
Formose	G6	C(C(C)O)(CC(C(C)O)O)=O
Formose	G6	C(C(C)O)(CC(C(CO)O)O)=O
Formose	G6	C(C(C)O)(CC(CCO)O)=O
Formose	G6	C(C(C)O)(CC(CO)(CO)O)=O
Formose	G6	C(C(C)O)(CC(CO)CO)=O
Formose	G6	C(C(C)O)(CC(CO)O)=O
Formose	G6	C(C(C)O)(CCC(C(O)=O)O)=O
Formose	G6	C(C(C)O)=C(C(O)=O)CO
Formose	G6	C(C(C1(C(C(CC1)O)O)O)=O)=O
Formose	G6	C(C(C1(C(C(CO1)O)=C)O)O)=O
Formose	G6	C(C(C1(C(C(O)OC1)=C)O)O)=O
Formose	G6	C(C(C1(C(C=CC1)=O)O)O)(O)=O
Formose	G6	C(C(C1(C(C=CC1)O)O)O)(O)=O
Formose	G6	C(C(C1(C(C=CC1O)=O)O)O)=O
Formose	G6	C(C(C1(C(CCC1)O)O)=O)(O)=O
Formose	G6	C(C(C1(C(CCC1O)O)O)=O)=O
Formose	G6	C(C(C1(C(COC1O)=C)O)O)=O
Formose	G6	C(C(C1(C(OCC1O)=C)O)O)=O
Formose	G6	C(C(C1(C=C(CO1)C)O)O)(O)=O
Formose	G6	C(C(C1(C=CC(C1)=O)O)O)(O)=O
Formose	G6	C(C(C1(C=CC(C1)O)O)O)(O)=O
Formose	G6	C(C(C1(C=CC(C1O)=O)O)O)=O
Formose	G6	C(C(C1(C=CCC1O)O)O)(O)=O
Formose	G6	C(C(C1(CC(CO1)=C)O)O)(O)=O
Formose	G6	C(C(C1(CC(CO1)CO)O)O)=O
Formose	G6	C(C(C1(CCC(C)O1)O)O)(O)=O
Formose	G6	C(C(C1(COC(C1O)=C)O)O)=O
Formose	G6	C(C(C1(COCC1)O)O)(O)=O
Formose	G6	C(C(C1C(C(C(C=1)=O)O)O)O)=O
Formose	G6	C(C(C1C(C(C(C=1)O)=O)O)O)=O
Formose	G6	C(C(C1C(C(C(C=1)O)O)=O)O)=O
Formose	G6	C(C(C1C(C(C(O)O1)=C)O)O)=O
Formose	G6	C(C(C1C(C(C(O1)=C)O)O)O)=O
Formose	G6	C(C(C1C(C(C(O1)O)O)=C)O)=O
Formose	G6	C(C(C1C(C(CC=1)=O)O)O)(O)=O
Formose	G6	C(C(C1C(C(CC=1)O)=O)O)(O)=O
Formose	G6	C(C(C1C(C(CC=1)O)O)O)(O)=O
Formose	G6	C(C(C1C(C(O)OC1)=C)O)(O)=O
Formose	G6	C(C(C1C(C=CC1O)=O)O)(O)=O
Formose	G6	C(C(C1C(C=CC1O)O)O)(O)=O
Formose	G6	C(C(C1C(CC(C1)O)O)O)(O)=O
Formose	G6	C(C(C1C(CC(C=1)=O)O)O)(O)=O
Formose	G6	C(C(C1C(CC(C=1)O)=O)O)(O)=O
Formose	G6	C(C(C1C(CC(C=1)O)O)O)(O)=O
Formose	G6	C(C(C1C(CC(O1)O)=C)O)(O)=O
Formose	G6	C(C(C1C(CCC1O)O)=O)(O)=O
Formose	G6	C(C(C1C(CO)CC(O)O1)O)O
Formose	G6	C(C(C1C(COC1O)=C)O)(O)=O
Formose	G6	C(C(C1C(O)OCC1CO)O)=O
Formose	G6	C(C(C1C(O)OCC=1C)O)(O)=O
Formose	G6	C(C(C1C(OC(C=1)C)O)O)(O)=O
Formose	G6	C(C(C1C(OCC=1)O)CO)(O)=O
Formose	G6	C(C(C1C=CC(C)(O1)O)O)(O)=O
Formose	G6	C(C(C1C=CC(C1O)=O)O)(O)=O
Formose	G6	C(C(C1C=CC(C1O)O)O)(O)=O
Formose	G6	C(C(C1C=CC(O)OC1)O)(O)=O
Formose	G6	C(C(C1CC(C(C1O)=O)O)O)=O
Formose	G6	C(C(C1CC(C(C=1)=O)O)O)(O)=O
Formose	G6	C(C(C1CC(C(C=1)O)=O)O)(O)=O
Formose	G6	C(C(C1CC(C(O)O1)=C)O)(O)=O
Formose	G6	C(C(C1CC(C(O1)=C)O)O)(O)=O
Formose	G6	C(C(C1CC(CC1O)O)=O)(O)=O
Formose	G6	C(C(C1CC(CO1)O)O)(O)=O
Formose	G6	C(C(C1CC(OCC=1)O)O)(O)=O
Formose	G6	C(C(C1CCC(C1O)O)=O)(O)=O
Formose	G6	C(C(C1CCOC(C=1)O)O)(O)=O
Formose	G6	C(C(C1COC(C1O)=C)O)(O)=O
Formose	G6	C(C(C1COC(C=1)(C)O)O)(O)=O
Formose	G6	C(C(C1COC(C=1)O)CO)(O)=O
Formose	G6	C(C(C1COC(C=1C)O)O)(O)=O
Formose	G6	C(C(C1COC(C=1CO)O)O)=O
Formose	G6	C(C(C1COC(CC=1)O)O)(O)=O
Formose	G6	C(C(C=C(C(O)=O)C)O)(O)=O
Formose	G6	C(C(C=C(C(O)=O)CO)CO)=O
Formose	G6	C(C(C=C(C=O)C)(CO)O)(O)=O
Formose	G6	C(C(C=C(C=O)CO)CO)(O)=O
Formose	G6	C(C(C=C(CO)C)(CO)O)(O)=O
Formose	G6	C(C(C=C(CO)C)O)(O)=O
Formose	G6	C(C(C=C(CO)CO)(C)O)(O)=O
Formose	G6	C(C(C=C(CO)CO)CO)=O
Formose	G6	C(C(C=C)(C(C(O)=O)=C)O)(O)=O
Formose	G6	C(C(C=C)(C(C(O)=O)C)O)(O)=O
Formose	G6	C(C(C=C)(C(CC)O)O)(O)=O
Formose	G6	C(C(C=C)(C(CO)CO)O)(O)=O
Formose	G6	C(C(C=C)(CC(O)=O)O)(O)=O
Formose	G6	C(C(C=C)(CCCO)O)(O)=O
Formose	G6	C(C(C=C)(CO)C(C(O)=O)O)=O
Formose	G6	C(C(C=C)(CO)C(C=O)O)(O)=O
Formose	G6	C(C(C=C)(CO)C(CO)O)=O
Formose	G6	C(C(C=C)C(C(C)O)O)(O)=O
Formose	G6	C(C(C=C)C(C(C=O)O)O)(O)=O
Formose	G6	C(C(C=C)C(C(CO)=O)O)(O)=O
Formose	G6	C(C(C=C)C(C(CO)O)O)(O)=O
Formose	G6	C(C(C=C)C(C(O)=O)(C)O)(O)=O
Formose	G6	C(C(C=C)C(C(O)=O)O)(O)=O
Formose	G6	C(C(C=C)C(C)(CO)O)(O)=O
Formose	G6	C(C(C=C)C(C=O)(CO)O)(O)=O
Formose	G6	C(C(C=C)C(CC(O)=O)O)(O)=O
Formose	G6	C(C(C=C)C(CCO)O)(O)=O
Formose	G6	C(C(C=C)C(CO)(CO)O)(O)=O
Formose	G6	C(C(C=C)C(CO)O)(O)=O
Formose	G6	C(C(C=C1C(O)OCC1O)O)=O
Formose	G6	C(C(C=C1COC(C1)O)O)(O)=O
Formose	G6	C(C(C=C1COC(C1O)O)O)=O
Formose	G6	C(C(C=CC(C(C)O)=O)O)(O)=O
Formose	G6	C(C(C=CC(C)=O)(CO)O)(O)=O
Formose	G6	C(C(C=CC(C)O)CO)(O)=O
Formose	G6	C(C(C=CC(C=O)O)CO)(O)=O
Formose	G6	C(C(C=CC(CC(O)=O)O)O)=O
Formose	G6	C(C(C=CC(CCO)O)O)(O)=O
Formose	G6	C(C(C=CC(CCO)O)O)=O
Formose	G6	C(C(C=CC(CO)(C)O)O)(O)=O
Formose	G6	C(C(C=CC(CO)=O)CO)(O)=O
Formose	G6	C(C(C=CC(CO)CO)O)(O)=O
Formose	G6	C(C(C=CC(CO)CO)O)=O
Formose	G6	C(C(C=CC(CO)O)CO)(O)=O
Formose	G6	C(C(C=CC(O)=O)(CO)CO)=O
Formose	G6	C(C(C=CC(O)=O)C(C)O)(O)=O
Formose	G6	C(C(C=CC(O)=O)CO)(O)=O
Formose	G6	C(C(C=CC)(C(C)O)O)(O)=O
Formose	G6	C(C(C=CC)(C(C=O)O)O)(O)=O
Formose	G6	C(C(C=CC)(C(CO)O)O)(O)=O
Formose	G6	C(C(C=CC)(C(CO)O)O)=O
Formose	G6	C(C(C=CC)(CO)O)(O)=O
Formose	G6	C(C(C=CC=O)C(CO)O)(O)=O
Formose	G6	C(C(C=CCC(O)=O)(CO)O)=O
Formose	G6	C(C(C=CCC=O)(CO)O)(O)=O
Formose	G6	C(C(C=CCCO)(CO)O)(O)=O
Formose	G6	C(C(C=CCCO)(CO)O)=O
Formose	G6	C(C(C=CCCO)O)(O)=O
Formose	G6	C(C(C=CCO)(CO)CO)=O
Formose	G6	C(C(C=CCO)C(C)O)(O)=O
Formose	G6	C(C(C=CCO)C(CO)O)(O)=O
Formose	G6	C(C(C=CCO)CO)(O)=O
Formose	G6	C(C(C=O)(C(C(C)O)=C)O)(O)=O
Formose	G6	C(C(C=O)(C(C(CO)O)=C)O)=O
Formose	G6	C(C(C=O)(C(C)(C)O)O)(O)=O
Formose	G6	C(C(C=O)(C(C)(CCO)O)O)=O
Formose	G6	C(C(C=O)(C(C)CCO)O)(O)=O
Formose	G6	C(C(C=O)(C(C=C)(C)O)O)(O)=O
Formose	G6	C(C(C=O)(C(C=C)CO)O)(O)=O
Formose	G6	C(C(C=O)(C(CC)O)O)(O)=O
Formose	G6	C(C(C=O)(C(CCCO)O)O)=O
Formose	G6	C(C(C=O)(C(CCO)=C)O)(O)=O
Formose	G6	C(C(C=O)(C(CO)(CC)O)O)=O
Formose	G6	C(C(C=O)(C(CO)=C)CO)(O)=O
Formose	G6	C(C(C=O)(C(CO)=C)O)(O)=O
Formose	G6	C(C(C=O)(C(CO)=CC)O)(O)=O
Formose	G6	C(C(C=O)(C(CO)C(C)O)O)=O
Formose	G6	C(C(C=O)(C(CO)C)O)(O)=O
Formose	G6	C(C(C=O)(C(CO)CCO)O)=O
Formose	G6	C(C(C=O)(C)C(C(C)O)O)(O)=O
Formose	G6	C(C(C=O)(C)C(C)(CO)O)(O)=O
Formose	G6	C(C(C=O)(C)C(CCO)O)(O)=O
Formose	G6	C(C(C=O)(C)C(CO)O)(O)=O
Formose	G6	C(C(C=O)(C=C)C(CO)O)(O)=O
Formose	G6	C(C(C=O)(C=CCCO)O)(O)=O
Formose	G6	C(C(C=O)(C=CCO)CO)(O)=O
Formose	G6	C(C(C=O)(C=CCO)O)(O)=O
Formose	G6	C(C(C=O)(CC(C)O)O)(O)=O
Formose	G6	C(C(C=O)(CC(C=C)O)O)(O)=O
Formose	G6	C(C(C=O)(CC(CCO)O)O)=O
Formose	G6	C(C(C=O)(CC=CCO)O)(O)=O
Formose	G6	C(C(C=O)(CCC(C)O)O)(O)=O
Formose	G6	C(C(C=O)(CCCO)O)(O)=O
Formose	G6	C(C(C=O)(CCO)C(C)O)(O)=O
Formose	G6	C(C(C=O)(CCO)C(CO)O)=O
Formose	G6	C(C(C=O)(CO)C(CO)CO)=O
Formose	G6	C(C(C=O)(CO)CC(CO)O)=O
Formose	G6	C(C(C=O)(CO)CCCO)(O)=O
Formose	G6	C(C(C=O)(CO)CCO)(O)=O
Formose	G6	C(C(C=O)C(C(C)(CO)O)O)=O
Formose	G6	C(C(C=O)C(C(CC)O)O)(O)=O
Formose	G6	C(C(C=O)C(C(CO)=C)O)(O)=O
Formose	G6	C(C(C=O)C(C)(C(C)O)O)(O)=O
Formose	G6	C(C(C=O)C(C)(CCO)O)(O)=O
Formose	G6	C(C(C=O)C(C)(CO)CO)(O)=O
Formose	G6	C(C(C=O)C(C)C(CO)O)(O)=O
Formose	G6	C(C(C=O)C(CCCO)O)(O)=O
Formose	G6	C(C(C=O)C(CO)(CC)O)(O)=O
Formose	G6	C(C(C=O)C(CO)C(C)O)(O)=O
Formose	G6	C(C(C=O)C(CO)CCO)(O)=O
Formose	G6	C(C(C=O)C(CO)CO)(O)=O
Formose	G6	C(C(C=O)C=C(CO)CO)(O)=O
Formose	G6	C(C(C=O)CC(C(C)O)O)(O)=O
Formose	G6	C(C(C=O)CC(C)(CO)O)(O)=O
Formose	G6	C(C(C=O)CC(CCO)O)(O)=O
Formose	G6	C(C(C=O)CC(CO)CO)(O)=O
Formose	G6	C(C(C=O)CC(CO)O)(O)=O
Formose	G6	C(C(C=O)CCC(CO)O)(O)=O
Formose	G6	C(C(C=O)O)(C(C=C)(CO)O)=O
Formose	G6	C(C(C=O)O)(C(C=CCO)O)=O
Formose	G6	C(C(CC(C(C)(CO)O)O)=O)=O
Formose	G6	C(C(CC(C(C)=O)(C)O)O)(O)=O
Formose	G6	C(C(CC(C(C)=O)CO)O)(O)=O
Formose	G6	C(C(CC(C(C)O)O)O)(O)=O
Formose	G6	C(C(CC(C(C=C)O)O)O)(O)=O
Formose	G6	C(C(CC(C(CC)O)O)=O)(O)=O
Formose	G6	C(C(CC(C(CCO)O)O)O)O
Formose	G6	C(C(CC(C(CO)(C)O)O)O)=O
Formose	G6	C(C(CC(C(CO)=C)=O)O)(O)=O
Formose	G6	C(C(CC(C(CO)=C)O)O)(O)=O
Formose	G6	C(C(CC(C(CO)=C)O)O)=O
Formose	G6	C(C(CC(C(CO)=O)=C)O)(O)=O
Formose	G6	C(C(CC(C(CO)=O)C)O)(O)=O
Formose	G6	C(C(CC(C(CO)=O)CO)O)=O
Formose	G6	C(C(CC(C(CO)O)=C)O)(O)=O
Formose	G6	C(C(CC(C(O)=O)=C)O)(O)=O
Formose	G6	C(C(CC(C(O)=O)O)C(C)O)=O
Formose	G6	C(C(CC(C(O)=O)O)O)(CC)=O
Formose	G6	C(C(CC(C)(C(C)O)O)=O)(O)=O
Formose	G6	C(C(CC(C)(CCO)O)=O)(O)=O
Formose	G6	C(C(CC(C)(CO)CO)=O)(O)=O
Formose	G6	C(C(CC(C)C(C)O)O)(O)=O
Formose	G6	C(C(CC(C)C(C=O)O)O)(O)=O
Formose	G6	C(C(CC(C)C(CO)O)=O)(O)=O
Formose	G6	C(C(CC(C)C(CO)O)O)(O)=O
Formose	G6	C(C(CC(C)CCO)O)(O)=O
Formose	G6	C(C(CC(C)O)C(C)O)(O)=O
Formose	G6	C(C(CC(C)O)C(C=O)O)(O)=O
Formose	G6	C(C(CC(C)O)C(CO)O)(O)=O
Formose	G6	C(C(CC(C)O)C(CO)O)=O
Formose	G6	C(C(CC(C)O)O)(CCO)=O
Formose	G6	C(C(CC(C=C)(CO)O)O)(O)=O
Formose	G6	C(C(CC(C=C)O)O)(O)=O
Formose	G6	C(C(CC(C=CC)O)O)(O)=O
Formose	G6	C(C(CC(C=CCO)=O)O)(O)=O
Formose	G6	C(C(CC(C=CCO)O)O)(O)=O
Formose	G6	C(C(CC(C=O)CO)CO)(O)=O
Formose	G6	C(C(CC(C=O)O)(CC)O)(O)=O
Formose	G6	C(C(CC(C=O)O)C(C)O)(O)=O
Formose	G6	C(C(CC(C=O)O)C(CO)O)=O
Formose	G6	C(C(CC(C=O)O)CCO)(O)=O
Formose	G6	C(C(CC(CC(C)=O)O)O)(O)=O
Formose	G6	C(C(CC(CC=C)O)O)(O)=O
Formose	G6	C(C(CC(CCCO)O)=O)(O)=O
Formose	G6	C(C(CC(CCCO)O)O)(O)=O
Formose	G6	C(C(CC(CCCO)O)O)=O
Formose	G6	C(C(CC(CCCO)O)O)O
Formose	G6	C(C(CC(CO)(C(C)O)O)O)=O
Formose	G6	C(C(CC(CO)(CC)O)=O)(O)=O
Formose	G6	C(C(CC(CO)(CCO)O)O)O
Formose	G6	C(C(CC(CO)(CO)O)O)O
Formose	G6	C(C(CC(CO)=C)O)(O)=O
Formose	G6	C(C(CC(CO)=CCO)O)(O)=O
Formose	G6	C(C(CC(CO)C(C)O)O)(O)=O
Formose	G6	C(C(CC(CO)C(C=O)O)O)=O
Formose	G6	C(C(CC(CO)C)O)(O)=O
Formose	G6	C(C(CC(CO)CCO)O)(O)=O
Formose	G6	C(C(CC(CO)CCO)O)=O
Formose	G6	C(C(CC(CO)CO)O)(O)=O
Formose	G6	C(C(CC(CO)O)C(C)O)(O)=O
Formose	G6	C(C(CC(CO)O)C(C)O)=O
Formose	G6	C(C(CC(CO)O)C(CO)O)=O
Formose	G6	C(C(CC(CO)O)CC(O)=O)=O
Formose	G6	C(C(CC(CO)O)CC=O)(O)=O
Formose	G6	C(C(CC(CO)O)O)(CCO)=O
Formose	G6	C(C(CC(CO)O)O)O
Formose	G6	C(C(CC)(C(C(C)O)O)O)(O)=O
Formose	G6	C(C(CC)(C(C(C)O)O)O)=O
Formose	G6	C(C(CC)(C(C(CO)O)O)O)=O
Formose	G6	C(C(CC)(C(C)(C)O)O)(O)=O
Formose	G6	C(C(CC)(C(C=C)O)O)(O)=O
Formose	G6	C(C(CC)(C(CC)O)O)(O)=O
Formose	G6	C(C(CC)(C(CCO)O)O)(O)=O
Formose	G6	C(C(CC)(C(CCO)O)O)=O
Formose	G6	C(C(CC)(C(CO)(C)O)O)(O)=O
Formose	G6	C(C(CC)(C(CO)(C)O)O)=O
Formose	G6	C(C(CC)(C(CO)(CO)O)O)=O
Formose	G6	C(C(CC)(C(CO)CO)O)(O)=O
Formose	G6	C(C(CC)(C(CO)CO)O)=O
Formose	G6	C(C(CC)(CC(O)=O)O)(O)=O
Formose	G6	C(C(CC)C(C(CO)=O)O)(O)=O
Formose	G6	C(C(CC)C(C(CO)O)O)(O)=O
Formose	G6	C(C(CC)C(C(CO)O)O)=O
Formose	G6	C(C(CC)C(C(O)=O)(C)O)(O)=O
Formose	G6	C(C(CC)C(C(O)=O)(CO)O)=O
Formose	G6	C(C(CC)C(C(O)=O)O)(O)=O
Formose	G6	C(C(CC)C(C)(CO)O)(O)=O
Formose	G6	C(C(CC)C(C=O)(CO)O)(O)=O
Formose	G6	C(C(CC)C(CCO)O)(O)=O
Formose	G6	C(C(CC)C(CO)(CO)O)(O)=O
Formose	G6	C(C(CC)C(CO)(CO)O)=O
Formose	G6	C(C(CC)C(CO)O)(O)=O
Formose	G6	C(C(CC)O)(C(C(CO)=O)O)=O
Formose	G6	C(C(CC)O)(C(CO)O)=O
Formose	G6	C(C(CC1C(O)OCC=1)O)(O)=O
Formose	G6	C(C(CC1C=CC(O1)O)O)(O)=O
Formose	G6	C(C(CC1COC(C=1)O)O)(O)=O
Formose	G6	C(C(CC=C(C(O)=O)C)O)(O)=O
Formose	G6	C(C(CC=C(CO)CO)O)(O)=O
Formose	G6	C(C(CC=C)(C(C=O)O)O)(O)=O
Formose	G6	C(C(CC=C)O)(C(CO)O)=O
Formose	G6	C(C(CC=CC(CO)O)O)(O)=O
Formose	G6	C(C(CC=CC(O)=O)O)(O)=O
Formose	G6	C(C(CC=CCO)O)(O)=O
Formose	G6	C(C(CCC(C(C)O)O)=O)(O)=O
Formose	G6	C(C(CCC(C(CO)=O)O)O)=O
Formose	G6	C(C(CCC(C(O)=O)=C)O)(O)=O
Formose	G6	C(C(CCC(C)(CO)O)=O)(O)=O
Formose	G6	C(C(CCC(CCO)O)O)(O)=O
Formose	G6	C(C(CCC(CO)CO)O)(O)=O
Formose	G6	C(C(CCC(O)=O)(CC)O)(O)=O
Formose	G6	C(C(CCC(O)=O)CCO)(O)=O
Formose	G6	C(C(CCC=CC(O)=O)O)(O)=O
Formose	G6	C(C(CCC=O)(CO)CO)(O)=O
Formose	G6	C(C(CCCC(C=O)O)O)(O)=O
Formose	G6	C(C(CCCC(CO)O)=O)(O)=O
Formose	G6	C(C(CCCO)(CC(O)=O)O)=O
Formose	G6	C(C(CCCO)(CC=O)O)(O)=O
Formose	G6	C(C(CCCO)C(C)O)(O)=O
Formose	G6	C(C(CCCO)C(C=O)O)(O)=O
Formose	G6	C(C(CCCO)C(CO)O)(O)=O
Formose	G6	C(C(CCCO)C(CO)O)=O
Formose	G6	C(C(CCCO)O)(C(C)O)=O
Formose	G6	C(C(CCCO)O)(C(CO)O)=O
Formose	G6	C(C(CCCO)O)(CCO)=O
Formose	G6	C(C(CCCO)O)=CC(O)=O
Formose	G6	C(C(CCO)(C(C)(C)O)O)(O)=O
Formose	G6	C(C(CCO)(C(CC)O)O)(O)=O
Formose	G6	C(C(CCO)(C(CC)O)O)=O
Formose	G6	C(C(CCO)(C(CO)C)O)(O)=O
Formose	G6	C(C(CCO)(C(CO)C)O)=O
Formose	G6	C(C(CCO)(CC(C)=O)O)(O)=O
Formose	G6	C(C(CCO)(CC(C)O)O)(O)=O
Formose	G6	C(C(CCO)(CC)O)(O)=O
Formose	G6	C(C(CCO)(CCCO)O)(O)=O
Formose	G6	C(C(CCO)(CCCO)O)=O
Formose	G6	C(C(CCO)(CCCO)O)O
Formose	G6	C(C(CCO)C(C(C)=O)O)(O)=O
Formose	G6	C(C(CCO)C(C(C)O)O)=O
Formose	G6	C(C(CCO)C(C)(CO)O)(O)=O
Formose	G6	C(C(CCO)C(C)(CO)O)=O
Formose	G6	C(C(CCO)C(C)O)(O)=O
Formose	G6	C(C(CCO)C(C=O)(C)O)(O)=O
Formose	G6	C(C(CCO)C(C=O)CO)(O)=O
Formose	G6	C(C(CCO)C(C=O)O)(O)=O
Formose	G6	C(C(CCO)C(CCO)O)(O)=O
Formose	G6	C(C(CCO)C(CCO)O)=O
Formose	G6	C(C(CCO)C(CCO)O)O
Formose	G6	C(C(CCO)C(CO)CO)(O)=O
Formose	G6	C(C(CCO)C(CO)CO)=O
Formose	G6	C(C(CCO)C(CO)CO)O
Formose	G6	C(C(CCO)C(CO)O)(O)=O
Formose	G6	C(C(CCO)CC(CO)O)=O
Formose	G6	C(C(CCO)CC(O)=O)(O)=O
Formose	G6	C(C(CCO)CCO)(O)=O
Formose	G6	C(C(CCO)CCO)O
Formose	G6	C(C(CCO)O)(C(C(C)O)O)=O
Formose	G6	C(C(CCO)O)(C(C=C)O)=O
Formose	G6	C(C(CCO)O)(CCCO)=O
Formose	G6	C(C(CCO)O)=C(C(O)=O)CO
Formose	G6	C(C(CCO)O)=C(CO)CO
Formose	G6	C(C(CCO)O)=CC(CO)O
Formose	G6	C(C(CCO)O)=CC(O)=O
Formose	G6	C(C(CCO)O)=CCO
Formose	G6	C(C(CO)(C(C(C)=O)CO)O)=O
Formose	G6	C(C(CO)(C(C(CC)O)O)O)=O
Formose	G6	C(C(CO)(C(C(CO)=C)O)O)=O
Formose	G6	C(C(CO)(C(C)(C(C)O)O)O)=O
Formose	G6	C(C(CO)(C(C)(C)O)O)(O)=O
Formose	G6	C(C(CO)(C(C)C(C)O)O)(O)=O
Formose	G6	C(C(CO)(C(C)CC(O)=O)O)=O
Formose	G6	C(C(CO)(C(C)CCO)O)(O)=O
Formose	G6	C(C(CO)(C(C)CCO)O)=O
Formose	G6	C(C(CO)(C(C)O)C(C)O)(O)=O
Formose	G6	C(C(CO)(C(C)O)CC(O)=O)=O
Formose	G6	C(C(CO)(C(C)O)CC=O)(O)=O
Formose	G6	C(C(CO)(C(C)O)O)=CC(O)=O
Formose	G6	C(C(CO)(C(C)O)O)=CCO
Formose	G6	C(C(CO)(C(C=C)(C)O)O)=O
Formose	G6	C(C(CO)(C(C=C)CO)O)(O)=O
Formose	G6	C(C(CO)(C(C=C)CO)O)=O
Formose	G6	C(C(CO)(C(C=C)O)O)=C
Formose	G6	C(C(CO)(C(CC)O)O)(O)=O
Formose	G6	C(C(CO)(C(CC)O)O)=O
Formose	G6	C(C(CO)(C(CCCO)O)O)=O
Formose	G6	C(C(CO)(C(CCCO)O)O)O
Formose	G6	C(C(CO)(C(CO)(CC)O)O)=O
Formose	G6	C(C(CO)(C(CO)C)O)(O)=O
Formose	G6	C(C(CO)(C(CO)C)O)=O
Formose	G6	C(C(CO)(C(CO)CCO)O)=O
Formose	G6	C(C(CO)(C(CO)CCO)O)O
Formose	G6	C(C(CO)(C)C(C(CO)=O)O)=O
Formose	G6	C(C(CO)(C)C(C(O)=O)(C)O)=O
Formose	G6	C(C(CO)(C)C(C(O)=O)O)=O
Formose	G6	C(C(CO)(C)C(C=O)(CO)O)=O
Formose	G6	C(C(CO)(C)CC(C(O)=O)O)=O
Formose	G6	C(C(CO)(C)CC(CO)=O)(O)=O
Formose	G6	C(C(CO)(C)O)(C(C=C)O)=O
Formose	G6	C(C(CO)(C)O)(C(CO)(C)O)=O
Formose	G6	C(C(CO)(C)O)(CC(CO)=O)=O
Formose	G6	C(C(CO)(C)O)=CC(C(O)=O)=O
Formose	G6	C(C(CO)(C)O)=CC(O)=O
Formose	G6	C(C(CO)(C1(C=CCO1)O)O)=O
Formose	G6	C(C(CO)(CC(C(C)=O)O)O)=O
Formose	G6	C(C(CO)(CC(C)O)O)=O
Formose	G6	C(C(CO)(CC(C=C)=O)O)(O)=O
Formose	G6	C(C(CO)(CC(C=C)O)O)(O)=O
Formose	G6	C(C(CO)(CC(C=O)(C)O)O)=O
Formose	G6	C(C(CO)(CC(C=O)=C)O)(O)=O
Formose	G6	C(C(CO)(CC(CO)(C)O)O)=O
Formose	G6	C(C(CO)(CC(CO)=C)O)(O)=O
Formose	G6	C(C(CO)(CC(O)=O)O)(CC)=O
Formose	G6	C(C(CO)(CC=C)O)(O)=O
Formose	G6	C(C(CO)(CC=CC(O)=O)O)=O
Formose	G6	C(C(CO)(CC=CC=O)O)(O)=O
Formose	G6	C(C(CO)(CC=CCO)O)(O)=O
Formose	G6	C(C(CO)(CC=CCO)O)=O
Formose	G6	C(C(CO)(CCC(C)O)O)(O)=O
Formose	G6	C(C(CO)(CCCC(O)=O)O)=O
Formose	G6	C(C(CO)(CCCCO)O)(O)=O
Formose	G6	C(C(CO)(CCCO)O)(O)=O
Formose	G6	C(C(CO)(CCCO)O)=O
Formose	G6	C(C(CO)(CCCO)O)O
Formose	G6	C(C(CO)(CCO)C(C)O)=O
Formose	G6	C(C(CO)(CCO)C(C=O)O)=O
Formose	G6	C(C(CO)(CCO)C(CO)O)=O
Formose	G6	C(C(CO)(CCO)CC(O)=O)=O
Formose	G6	C(C(CO)(CCO)CC=O)(O)=O
Formose	G6	C(C(CO)(CCO)CCO)=O
Formose	G6	C(C(CO)(CCO)CCO)O
Formose	G6	C(C(CO)(CCO)O)=CC(O)=O
Formose	G6	C(C(CO)(CCO)O)=CC=O
Formose	G6	C(C(CO)(CCO)O)=CCO
Formose	G6	C(C(CO)(CO)C(C(O)=O)C)=O
Formose	G6	C(C(CO)(CO)C(C)O)(O)=O
Formose	G6	C(C(CO)(CO)C(C=C)O)(O)=O
Formose	G6	C(C(CO)(CO)C(C=O)CO)=O
Formose	G6	C(C(CO)(CO)C(CCO)O)O
Formose	G6	C(C(CO)(CO)C(CO)O)O
Formose	G6	C(C(CO)(CO)CC(O)=O)=O
Formose	G6	C(C(CO)(CO)CC=O)(O)=O
Formose	G6	C(C(CO)(CO)CCCO)=O
Formose	G6	C(C(CO)(CO)CCO)=O
Formose	G6	C(C(CO)(CO)CCO)O
Formose	G6	C(C(CO)(CO)CO)(O)=O
Formose	G6	C(C(CO)(CO)CO)O
Formose	G6	C(C(CO)(CO)O)(CC=C)=O
Formose	G6	C(C(CO)(CO)O)=CCCO
Formose	G6	C(C(CO)=CC(O)=O)(C(C)O)=O
Formose	G6	C(C(CO)=CC(O)=O)(CCO)=O
Formose	G6	C(C(CO)=CC(O)=O)(O)=O
Formose	G6	C(C(CO)=O)(C(C(CC)O)O)=O
Formose	G6	C(C(CO)=O)(C(CCCO)O)=O
Formose	G6	C(C(CO)=O)(C(CO)(CO)C)=O
Formose	G6	C(C(CO)=O)(CC(CO)CO)=O
Formose	G6	C(C(CO)C(C(C(O)=O)=O)O)=C
Formose	G6	C(C(CO)C(C(C)(CO)O)O)=O
Formose	G6	C(C(CO)C(C(C)=O)CO)(O)=O
Formose	G6	C(C(CO)C(C(C=O)C)O)(O)=O
Formose	G6	C(C(CO)C(C(CC)O)O)(O)=O
Formose	G6	C(C(CO)C(C(CC)O)O)=O
Formose	G6	C(C(CO)C(C(CO)=C)O)(O)=O
Formose	G6	C(C(CO)C(C(CO)=C)O)=O
Formose	G6	C(C(CO)C(C(CO)=O)C)(O)=O
Formose	G6	C(C(CO)C(C(CO)CO)O)O
Formose	G6	C(C(CO)C(C)(C(C)O)O)(O)=O
Formose	G6	C(C(CO)C(C)(C)O)(O)=O
Formose	G6	C(C(CO)C(C)(CCO)O)(O)=O
Formose	G6	C(C(CO)C(C)(CCO)O)=O
Formose	G6	C(C(CO)C(C)(CO)CO)=O
Formose	G6	C(C(CO)C(C)C(C(O)=O)O)=O
Formose	G6	C(C(CO)C(C)C(CO)O)=O
Formose	G6	C(C(CO)C(C)CC(O)=O)(O)=O
Formose	G6	C(C(CO)C(C)CCO)(O)=O
Formose	G6	C(C(CO)C(C)CO)(O)=O
Formose	G6	C(C(CO)C(C)O)=CC(O)=O
Formose	G6	C(C(CO)C(C)O)=CCO
Formose	G6	C(C(CO)C(C=O)C(C)O)(O)=O
Formose	G6	C(C(CO)C(C=O)CCO)(O)=O
Formose	G6	C(C(CO)C(C=O)CO)(O)=O
Formose	G6	C(C(CO)C(CC)O)(O)=O
Formose	G6	C(C(CO)C(CCCO)O)(O)=O
Formose	G6	C(C(CO)C(CCCO)O)=O
Formose	G6	C(C(CO)C(CO)(CC)O)(O)=O
Formose	G6	C(C(CO)C(CO)(CC)O)=O
Formose	G6	C(C(CO)C(CO)(CO)CO)=O
Formose	G6	C(C(CO)C(CO)C(C)O)(O)=O
Formose	G6	C(C(CO)C(CO)C(C)O)=O
Formose	G6	C(C(CO)C(CO)C(CO)O)=O
Formose	G6	C(C(CO)C(CO)CCO)(O)=O
Formose	G6	C(C(CO)C(CO)CCO)=O
Formose	G6	C(C(CO)C(CO)CO)(O)=O
Formose	G6	C(C(CO)C(CO)CO)=O
Formose	G6	C(C(CO)C(CO)O)=CC(O)=O
Formose	G6	C(C(CO)C(CO)O)=CC=O
Formose	G6	C(C(CO)C(CO)O)=CCO
Formose	G6	C(C(CO)C)(C(C(CO)=O)O)=O
Formose	G6	C(C(CO)C1(CC(CO1)O)O)=O
Formose	G6	C(C(CO)C1(COCC1)O)(O)=O
Formose	G6	C(C(CO)C1C(CC(O)O1)O)O
Formose	G6	C(C(CO)C1C(O)OCC1O)=O
Formose	G6	C(C(CO)CC(C(C)=O)O)(O)=O
Formose	G6	C(C(CO)CC(C(C)O)=O)(O)=O
Formose	G6	C(C(CO)CC(C(C)O)O)(O)=O
Formose	G6	C(C(CO)CC(C(C)O)O)=O
Formose	G6	C(C(CO)CC(C(CO)=O)O)=O
Formose	G6	C(C(CO)CC(C(CO)O)O)=O
Formose	G6	C(C(CO)CC(C(O)=O)(C)O)=O
Formose	G6	C(C(CO)CC(C)(CO)O)(O)=O
Formose	G6	C(C(CO)CC(C)(CO)O)=O
Formose	G6	C(C(CO)CC(C)O)(O)=O
Formose	G6	C(C(CO)CC(C=C)O)(O)=O
Formose	G6	C(C(CO)CC(C=O)(C)O)(O)=O
Formose	G6	C(C(CO)CC(C=O)(CO)O)=O
Formose	G6	C(C(CO)CC(C=O)O)(O)=O
Formose	G6	C(C(CO)CC(CC(O)=O)O)=O
Formose	G6	C(C(CO)CC(CC=O)O)(O)=O
Formose	G6	C(C(CO)CC(CCO)=O)(O)=O
Formose	G6	C(C(CO)CC(CCO)O)(O)=O
Formose	G6	C(C(CO)CC(CCO)O)=O
Formose	G6	C(C(CO)CC(CO)(CO)O)=O
Formose	G6	C(C(CO)CC(CO)CO)(O)=O
Formose	G6	C(C(CO)CC(CO)CO)=O
Formose	G6	C(C(CO)CC(CO)O)(O)=O
Formose	G6	C(C(CO)CC(CO)O)=O
Formose	G6	C(C(CO)CC(O)=O)(C(C)O)=O
Formose	G6	C(C(CO)CC(O)=O)(CCO)=O
Formose	G6	C(C(CO)CC(O)=O)(O)=O
Formose	G6	C(C(CO)CCC(C=O)O)(O)=O
Formose	G6	C(C(CO)CCC(CO)O)(O)=O
Formose	G6	C(C(CO)CCC(CO)O)=O
Formose	G6	C(C(CO)CCCO)(O)=O
Formose	G6	C(C(CO)CCCO)O
Formose	G6	C(C(CO)CCO)(O)=O
Formose	G6	C(C(CO)CCO)O
Formose	G6	C(C(CO)CO)(C(C=C)O)=O
Formose	G6	C(C(CO)CO)(C(CO)CO)=O
Formose	G6	C(C(CO)CO)=C(C(O)=O)C=O
Formose	G6	C(C(CO)CO)=C(C=O)CO
Formose	G6	C(C(CO)CO)=CC(C(O)=O)=O
Formose	G6	C(C(CO)CO)=CC(C)O
Formose	G6	C(C(CO)CO)=CC(CO)=O
Formose	G6	C(C(CO)CO)=CC(CO)O
Formose	G6	C(C(CO)CO)=CC(O)=O
Formose	G6	C(C(CO)CO)=CCO
Formose	G6	C(C(CO)O)(C(C(C)=O)(C)O)=O
Formose	G6	C(C(CO)O)(C(C(CO)=O)C)=O
Formose	G6	C(C(CO)O)(C(C)(CCO)O)=O
Formose	G6	C(C(CO)O)(C(C)C(CO)O)=O
Formose	G6	C(C(CO)O)(C(C=C)CO)=O
Formose	G6	C(C(CO)O)(C(C=CC)O)=O
Formose	G6	C(C(CO)O)(C(CO)C)=O
Formose	G6	C(C(CO)O)(C(CO)CC)=O
Formose	G6	C(C(CO)O)(C(CO)CCO)=O
Formose	G6	C(C(CO)O)(CC(CC)O)=O
Formose	G6	C(C(CO)O)(CC(CO)C)=O
Formose	G6	C(C(CO)O)(CC(CO)CO)=O
Formose	G6	C(C(CO)O)(CCC(C)O)=O
Formose	G6	C(C(CO)O)(CCC(C=O)O)=O
Formose	G6	C(C(CO)O)(CCC(CO)O)=O
Formose	G6	C(C(CO)O)(CCCCO)=O
Formose	G6	C(C(CO)O)(OCCO)=O
Formose	G6	C(C(CO)O)=C1C(O)OCC1O
Formose	G6	C(C(CO)O)=C1COC(C1O)O
Formose	G6	C(C(CO)O)=CC(C(C)O)=O
Formose	G6	C(C(CO)O)=CC(C)O
Formose	G6	C(C(CO)O)=CC(CCO)=O
Formose	G6	C(C)(C(C(C(CC)O)O)O)=O
Formose	G6	C(C)(C(C(C(CO)(C)O)O)O)=O
Formose	G6	C(C)(C(C(C(CO)=C)O)O)=O
Formose	G6	C(C)(C(C(C)(C(C)O)O)O)=O
Formose	G6	C(C)(C(C(C)(CCO)O)O)=O
Formose	G6	C(C)(C(C(C)=O)(C(CO)O)O)=O
Formose	G6	C(C)(C(C(C)O)C(C(O)=O)O)=O
Formose	G6	C(C)(C(C(CCCO)O)O)=O
Formose	G6	C(C)(C(C(CO)(CC)O)O)=O
Formose	G6	C(C)(C(C(CO)(CO)CO)O)=O
Formose	G6	C(C)(C(C(CO)=O)(CCO)O)=O
Formose	G6	C(C)(C(C(CO)CCO)O)=O
Formose	G6	C(C)(C(C(CO)O)C(C)O)=O
Formose	G6	C(C)(C(C(CO)O)C(C=O)O)=O
Formose	G6	C(C)(C(C(CO)O)C(CO)O)=O
Formose	G6	C(C)(C(C(CO)O)CC(O)=O)=O
Formose	G6	C(C)(C(C(CO)O)O)=CC=O
Formose	G6	C(C)(C(C)(C(C(C)O)O)O)=O
Formose	G6	C(C)(C(C)(C(C(CO)O)O)O)=O
Formose	G6	C(C)(C(C)(C(CCO)O)O)=O
Formose	G6	C(C)(C(C)(C(CO)(C)O)O)=O
Formose	G6	C(C)(C(C)(C(CO)(CO)O)O)=O
Formose	G6	C(C)(C(C)(C(CO)CO)O)=O
Formose	G6	C(C)(C(C)(C(CO)O)O)=O
Formose	G6	C(C)(C(C=C(C(O)=O)CO)O)=O
Formose	G6	C(C)(C(C=C(CO)CO)O)=O
Formose	G6	C(C)(C(C=C)(C(CO)O)O)=O
Formose	G6	C(C)(C(CC(CO)(CO)O)O)=O
Formose	G6	C(C)(C(CC(CO)O)O)=O
Formose	G6	C(C)(C(CC)(C(C(O)=O)O)O)=O
Formose	G6	C(C)(C(CCO)(CC(O)=O)O)=O
Formose	G6	C(C)(C(CCO)C(C(O)=O)O)=O
Formose	G6	C(C)(C(CCO)C(CO)O)=O
Formose	G6	C(C)(C(CO)(C(CC)O)O)=O
Formose	G6	C(C)(C(CO)(C(CO)C)O)=O
Formose	G6	C(C)(C(CO)(CC(C)O)O)=O
Formose	G6	C(C)(C(CO)(CC(CO)O)O)=O
Formose	G6	C(C)(C(CO)(CCCO)O)=O
Formose	G6	C(C)(C(CO)(CO)C(C)O)=O
Formose	G6	C(C)(C(CO)(CO)C(C=O)O)=O
Formose	G6	C(C)(C(CO)(CO)C(CO)O)=O
Formose	G6	C(C)(C(CO)(CO)CO)=O
Formose	G6	C(C)(C(CO)C(C(C)O)O)=O
Formose	G6	C(C)(C(CO)C(C(CO)=O)O)=O
Formose	G6	C(C)(C(CO)C(C)(CO)O)=O
Formose	G6	C(C)(C(CO)C(CCO)O)=O
Formose	G6	C(C)(C(CO)C(CO)(CO)O)=O
Formose	G6	C(C)(C1(C(C(C(C)O1)O)O)O)=O
Formose	G6	C(C)(C1(C(C)(C(CO1)O)O)O)=O
Formose	G6	C(C)(C1(C(CCC1O)O)O)=O
Formose	G6	C(C)(C1(C(O)OC(C)C1O)O)=O
Formose	G6	C(C)(C1(C(O)OCC1CO)O)=O
Formose	G6	C(C)(C1(C(O)OCC1O)CO)=O
Formose	G6	C(C)(C1(C=CC(C1O)O)O)=O
Formose	G6	C(C)(C1(CC(C(CO)O1)O)O)=O
Formose	G6	C(C)(C1(CC(C(CO1)O)O)O)=O
Formose	G6	C(C)(C1(CC(CO)(CO1)O)O)=O
Formose	G6	C(C)(C1C(C(C(C1O)=O)O)O)=O
Formose	G6	C(C)(C1C(C(C(CO)O1)O)O)=O
Formose	G6	C(C)(C1C(C(C)(C(O1)O)O)O)=O
Formose	G6	C(C)(C1C(CO)(O)OCC1O)=O
Formose	G6	C(C)(C1C(O)OCC1(CO)O)=O
Formose	G6	C(C)(C1COC(C(C1O)O)O)=O
Formose	G6	C(C)(CC(C(C(CO)O)O)O)=O
Formose	G6	C(C)(CC(C(C)(CO)O)O)=O
Formose	G6	C(C)(CC(C(CO)(CO)O)O)=O
Formose	G6	C(C)(CC(C(CO)CO)O)=O
Formose	G6	C(C)(CC(C(CO)O)O)=O
Formose	G6	C(C)(CC(CO)(C(CO)O)O)=O
Formose	G6	C(C)(CC(CO)(CCO)O)=O
Formose	G6	C(C)(CC(CO)(CO)O)=O
Formose	G6	C(C)(CC(CO)C(CO)O)=O
Formose	G6	C(C)(CC1(C(C(CO1)O)O)O)=O
Formose	G6	C(C)(CC1(COC(C1O)O)O)=O
Formose	G6	C(C)(CO)=C(C(O)=O)C(O)=O
Formose	G6	C(C)(CO)=C(C(O)=O)CO
Formose	G6	C(C)(OCC(C(CO)O)O)=O
Formose	G6	C(C)=C(C(C(CO)O)=O)CO
Formose	G6	C(C)=C(C(O)=O)C(C(CO)O)O
Formose	G6	C(C)=C(C(O)=O)C(CCO)O
Formose	G6	C(C)=C(C(O)=O)C(CO)(CO)O
Formose	G6	C(C)=C(C(O)=O)C(CO)O
Formose	G6	C(C)=C(CO)C(C(C(O)=O)=O)O
Formose	G6	C(C)=C(CO)C(C(CO)O)O
Formose	G6	C(C)=C(CO)C(CCO)O
Formose	G6	C(C)=C(CO)C(CO)(CO)O
Formose	G6	C(C)=C(CO)C(CO)O
Formose	G6	C(C)=C1C(C(C(C1O)O)O)=O
Formose	G6	C(C)=C1C(O)OC(CO)C1O
Formose	G6	C(C)=C1C(O)OCC(C1O)O
Formose	G6	C(C)=C1C(O)OCC1(CO)O
Formose	G6	C(C)=CC(C(C(CO)O)O)=O
Formose	G6	C(C)=CC(C(CO)(CO)O)=O
Formose	G6	C(C1(C(C(C(C)(C1)O)O)=O)O)=O
Formose	G6	C(C1(C(C(C(C)C1O)O)=O)O)=O
Formose	G6	C(C1(C(C(C(C)O1)O)O)O)=O
Formose	G6	C(C1(C(C(C(C1)=C)O)O)O)(O)=O
Formose	G6	C(C1(C(C(C(C1)=O)(C)O)O)O)=O
Formose	G6	C(C1(C(C(C(C1)=O)O)=C)O)(O)=O
Formose	G6	C(C1(C(C(C(C1)O)=C)=O)O)(O)=O
Formose	G6	C(C1(C(C(C(C1)O)=O)=C)O)(O)=O
Formose	G6	C(C1(C(C(C(C1)O)O)=C)O)(O)=O
Formose	G6	C(C1(C(C(C(C1)O)O)=C)O)=O
Formose	G6	C(C1(C(C(C(C1)O)O)=O)CO)=O
Formose	G6	C(C1(C(C(C(C1C)O)O)=O)O)=O
Formose	G6	C(C1(C(C(C(C1O)=C)O)O)O)=O
Formose	G6	C(C1(C(C(C(C1O)=O)=C)O)O)=O
Formose	G6	C(C1(C(C(C(C1O)=O)C)O)O)=O
Formose	G6	C(C1(C(C(C(C1O)=O)O)=C)O)=O
Formose	G6	C(C1(C(C(C(C1O)O)=C)=O)O)=O
Formose	G6	C(C1(C(C(C(C1O)O)=O)=C)O)=O
Formose	G6	C(C1(C(C(C(C1O)O)O)=C)O)=O
Formose	G6	C(C1(C(C(C(C1O)O)O)=O)C)=O
Formose	G6	C(C1(C(C(C(C=C)O1)O)O)O)=O
Formose	G6	C(C1(C(C(C(CC1)O)O)=O)O)=O
Formose	G6	C(C1(C(C(C(CO)C1)O)=O)O)=O
Formose	G6	C(C1(C(C(C(CO)O1)=C)O)O)=O
Formose	G6	C(C1(C(C(C(CO1)O)=C)O)O)=O
Formose	G6	C(C1(C(C(C(O1)O)O)=C)C)(O)=O
Formose	G6	C(C1(C(C(C)(C(C1)O)O)O)O)=O
Formose	G6	C(C1(C(C(C)C(C1O)O)=O)O)=O
Formose	G6	C(C1(C(C(C)CC1O)=O)O)(O)=O
Formose	G6	C(C1(C(C(C)CC1O)O)O)(O)=O
Formose	G6	C(C1(C(C(C)CC1O)O)O)=O
Formose	G6	C(C1(C(C(C=C)(CO1)O)O)O)=O
Formose	G6	C(C1(C(C(C=C1)CO)=O)O)(O)=O
Formose	G6	C(C1(C(C(C=C1)O)=O)CO)(O)=O
Formose	G6	C(C1(C(C(C=CC1)O)O)O)(O)=O
Formose	G6	C(C1(C(C(C=CC1O)=O)O)O)=O
Formose	G6	C(C1(C(C(C=CC1O)O)=O)O)=O
Formose	G6	C(C1(C(C(C=CC1O)O)O)O)=O
Formose	G6	C(C1(C(C(C=O)=CC1O)O)O)=O
Formose	G6	C(C1(C(C(CC(C1)=O)O)O)O)=O
Formose	G6	C(C1(C(C(CC1(C)O)O)O)O)=O
Formose	G6	C(C1(C(C(CC1)O)=O)O)(O)=O
Formose	G6	C(C1(C(C(CC1)O)O)O)(O)=O
Formose	G6	C(C1(C(C(CC1CO)O)=O)O)=O
Formose	G6	C(C1(C(C(CC1CO)O)O)O)=O
Formose	G6	C(C1(C(C(CC1O)O)=C)O)(O)=O
Formose	G6	C(C1(C(C(CC1O)O)=C)O)=O
Formose	G6	C(C1(C(C(CC1O)O)=O)C)(O)=O
Formose	G6	C(C1(C(C(CCC1)O)=O)O)(O)=O
Formose	G6	C(C1(C(C(CCC1O)O)=O)O)=O
Formose	G6	C(C1(C(C(CCC1O)O)O)O)=O
Formose	G6	C(C1(C(C(CCO1)O)=C)O)(O)=O
Formose	G6	C(C1(C(C(CO)(O)OC1)=C)O)=O
Formose	G6	C(C1(C(C(CO)=CC1)=O)O)(O)=O
Formose	G6	C(C1(C(C(CO)=CC1O)=O)O)=O
Formose	G6	C(C1(C(C(CO)CC1)O)O)(O)=O
Formose	G6	C(C1(C(C(CO)CC1O)=O)O)=O
Formose	G6	C(C1(C(C(CO)CC1O)O)O)=O
Formose	G6	C(C1(C(C(CO1)(C)O)=C)O)(O)=O
Formose	G6	C(C1(C(C(CO1)=C)(CO)O)O)=O
Formose	G6	C(C1(C(C(CO1)=C)CO)O)(O)=O
Formose	G6	C(C1(C(C(CO1)=CCO)O)O)=O
Formose	G6	C(C1(C(C(CO1)O)=C)O)(O)=O
Formose	G6	C(C1(C(C(CO1)O)O)O)(CC)=O
Formose	G6	C(C1(C(C(CO1)O)O)O)=CC=O
Formose	G6	C(C1(C(C(O)=O)=CC(C1)O)O)=O
Formose	G6	C(C1(C(C(O)=O)=CCC1O)O)=O
Formose	G6	C(C1(C(C(O)OC1C)=C)O)(O)=O
Formose	G6	C(C1(C(C(O)OCC1)=C)O)(O)=O
Formose	G6	C(C1(C(C(OC1C=C)O)O)O)=O
Formose	G6	C(C1(C(C)(C(C(C)O1)O)O)O)=O
Formose	G6	C(C1(C(C)(CC(C1)=O)O)O)(O)=O
Formose	G6	C(C1(C(C)(O)OC(C)C1O)O)=O
Formose	G6	C(C1(C(C)(O)OCC1CO)O)=O
Formose	G6	C(C1(C(C)=CC(C1O)=O)O)(O)=O
Formose	G6	C(C1(C(C)C(C(C1)=O)O)O)(O)=O
Formose	G6	C(C1(C(C)C(C(CO1)O)O)O)=O
Formose	G6	C(C1(C(C)C(CO)(CO1)O)O)=O
Formose	G6	C(C1(C(C)C(CO1)(C)O)O)(O)=O
Formose	G6	C(C1(C(C)CC(C1O)=O)O)(O)=O
Formose	G6	C(C1(C(C)OC(C1C)O)O)(O)=O
Formose	G6	C(C1(C(C)OC(C1O)=C)O)(O)=O
Formose	G6	C(C1(C(C2(CC1CO2)O)O)O)=O
Formose	G6	C(C1(C(C2(CCC1O2)O)O)O)=O
Formose	G6	C(C1(C(C2C(O)OC1C2)O)O)=O
Formose	G6	C(C1(C(C2CC1C(O)O2)O)O)=O
Formose	G6	C(C1(C(C2COC1(C2)O)O)O)=O
Formose	G6	C(C1(C(C=C(C)C1O)=O)O)(O)=O
Formose	G6	C(C1(C(C=C(C)C1O)O)O)(O)=O
Formose	G6	C(C1(C(C=C(C)C1O)O)O)=O
Formose	G6	C(C1(C(C=C(CO)C1O)=O)O)=O
Formose	G6	C(C1(C(C=C(CO)C1O)O)O)=O
Formose	G6	C(C1(C(C=C)(C(CO1)O)O)O)=O
Formose	G6	C(C1(C(C=CC1(C)O)=O)O)(O)=O
Formose	G6	C(C1(C(C=CC1(C)O)O)O)(O)=O
Formose	G6	C(C1(C(C=CC1(C)O)O)O)=O
Formose	G6	C(C1(C(C=CC1(CO)O)=O)O)=O
Formose	G6	C(C1(C(C=CC1(CO)O)O)O)=O
Formose	G6	C(C1(C(C=CC1CO)O)O)(O)=O
Formose	G6	C(C1(C(C=CC1CO)O)O)=O
Formose	G6	C(C1(C(C=CC1O)=O)CO)(O)=O
Formose	G6	C(C1(C(C=CC1O)=O)O)(O)=O
Formose	G6	C(C1(C(C=CCC1O)=O)O)(O)=O
Formose	G6	C(C1(C(C=CCO1)CO)O)(O)=O
Formose	G6	C(C1(C(C=O)=CC(C1)O)O)(O)=O
Formose	G6	C(C1(C(C=O)=CC(C1O)O)O)=O
Formose	G6	C(C1(C(C=O)=CCC1O)O)(O)=O
Formose	G6	C(C1(C(CC(C(C1)O)=O)O)O)=O
Formose	G6	C(C1(C(CC(C(C1)O)O)=O)O)=O
Formose	G6	C(C1(C(CC(C(C1)O)O)O)O)=O
Formose	G6	C(C1(C(CC(C)(C1)O)=O)O)(O)=O
Formose	G6	C(C1(C(CC(C)C1O)=O)O)(O)=O
Formose	G6	C(C1(C(CC(C)O1)O)O)(O)=O
Formose	G6	C(C1(C(CC(C1=C)O)=O)O)(O)=O
Formose	G6	C(C1(C(CC(C1C)O)=O)O)(O)=O
Formose	G6	C(C1(C(CC(C1CO)O)O)O)O
Formose	G6	C(C1(C(CC(C1O)=C)=O)O)(O)=O
Formose	G6	C(C1(C(CC(C1O)=C)O)O)(O)=O
Formose	G6	C(C1(C(CC(C1O)=C)O)O)=O
Formose	G6	C(C1(C(CC(C1O)=O)=C)O)(O)=O
Formose	G6	C(C1(C(CC(C1O)O)=O)C)(O)=O
Formose	G6	C(C1(C(CC(C=C1)O)=O)O)(O)=O
Formose	G6	C(C1(C(CC(CC1)=O)O)O)(O)=O
Formose	G6	C(C1(C(CC(CC1)O)=O)O)(O)=O
Formose	G6	C(C1(C(CC(CC1)O)O)O)(O)=O
Formose	G6	C(C1(C(CC(CC1O)=O)O)O)=O
Formose	G6	C(C1(C(CC(CC1O)O)O)O)O
Formose	G6	C(C1(C(CC=CC1O)=O)O)(O)=O
Formose	G6	C(C1(C(CC=CC1O)O)O)(O)=O
Formose	G6	C(C1(C(CC=CC1O)O)O)=O
Formose	G6	C(C1(C(CCC(C1)=O)O)O)(O)=O
Formose	G6	C(C1(C(CCC(C1)O)=O)O)(O)=O
Formose	G6	C(C1(C(CCC(C1)O)O)O)(O)=O
Formose	G6	C(C1(C(CCC(C1)O)O)O)=O
Formose	G6	C(C1(C(CCC(C1O)O)=O)O)=O
Formose	G6	C(C1(C(CCC1(C)O)=O)O)(O)=O
Formose	G6	C(C1(C(CCC1(C)O)O)O)(O)=O
Formose	G6	C(C1(C(CCC1(C)O)O)O)=O
Formose	G6	C(C1(C(CCC1(CO)O)O)O)=O
Formose	G6	C(C1(C(CCC1)O)O)(O)=O
Formose	G6	C(C1(C(CCC1CO)O)O)(O)=O
Formose	G6	C(C1(C(CCC1CO)O)O)=O
Formose	G6	C(C1(C(CCC1O)O)O)(O)=O
Formose	G6	C(C1(C(CCC1O)O)O)=O
Formose	G6	C(C1(C(CCCC1O)=O)O)(O)=O
Formose	G6	C(C1(C(CCCC1O)O)O)(O)=O
Formose	G6	C(C1(C(CCCC1O)O)O)=O
Formose	G6	C(C1(C(CO)=C(CO1)C)O)(O)=O
Formose	G6	C(C1(C(CO)=CC(C1)=O)O)(O)=O
Formose	G6	C(C1(C(CO)=CC(C1)O)O)(O)=O
Formose	G6	C(C1(C(CO)=CC(C1)O)O)=O
Formose	G6	C(C1(C(CO)=CC(C1O)=O)O)=O
Formose	G6	C(C1(C(CO)=CC(C1O)O)O)=O
Formose	G6	C(C1(C(CO)=CCC1O)O)(O)=O
Formose	G6	C(C1(C(CO)=CCC1O)O)=O
Formose	G6	C(C1(C(CO)=CCCO1)O)(O)=O
Formose	G6	C(C1(C(CO)=CCO1)O)(O)=O
Formose	G6	C(C1(C(CO)C(CO)CO1)O)=O
Formose	G6	C(C1(C(CO)OC(C1C)O)O)=O
Formose	G6	C(C1(C(COC(C1)O)=C)O)(O)=O
Formose	G6	C(C1(C(COC(C1C)O)O)O)=O
Formose	G6	C(C1(C(COC(C1O)O)=C)O)=O
Formose	G6	C(C1(C(COC1(C)O)=C)O)(O)=O
Formose	G6	C(C1(C(COC1(C=C)O)O)O)=O
Formose	G6	C(C1(C(O)OCC1(C)O)O)=O
Formose	G6	C(C1(C(O)OCC1(C=C)O)O)=O
Formose	G6	C(C1(C(O)OCC1)O)(O)=O
Formose	G6	C(C1(C(O)OCC1CO)O)=O
Formose	G6	C(C1(C(O)OCC1O)O)=CCO
Formose	G6	C(C1(C(OCC1(C)O)=C)O)(O)=O
Formose	G6	C(C1(C(OCC1O)=C)O)(O)=O
Formose	G6	C(C1(C)C(C(C(C1)=O)O)O)(O)=O
Formose	G6	C(C1(C)C(C(C(C1O)=O)O)O)=O
Formose	G6	C(C1(C)C(C(C(O1)=C)O)O)(O)=O
Formose	G6	C(C1(C)C(C(C(O1)O)=C)O)(O)=O
Formose	G6	C(C1(C)C(CC(C)(O1)O)O)(O)=O
Formose	G6	C(C1(C)CC(C(O1)O)O)(O)=O
Formose	G6	C(C1(C)CCC(CO)(O1)O)(O)=O
Formose	G6	C(C1(C2(C(CC(C2)O1)O)O)O)=O
Formose	G6	C(C1(C2(CC(C1CO2)O)O)O)=O
Formose	G6	C(C1(C2(CCC1(CO2)O)O)O)=O
Formose	G6	C(C1(C2C(C(C(C2)O)O1)O)O)=O
Formose	G6	C(C1(C2C(C(C(C2)O1)O)O)O)=O
Formose	G6	C(C1(C2C(CC(C2O)O1)O)O)O
Formose	G6	C(C1(C2C(CC1C(O)O2)O)O)=O
Formose	G6	C(C1(C2CC(C1C(O)O2)O)O)O
Formose	G6	C(C1(C2CCC1(C(O)O2)O)O)=O
Formose	G6	C(C1(C=C(C(C1)=O)CO)O)(O)=O
Formose	G6	C(C1(C=C(C(C1O)=O)C)O)(O)=O
Formose	G6	C(C1(C=C(C(C1O)=O)CO)O)=O
Formose	G6	C(C1(C=C(C(O)=O)C(C1)O)O)=O
Formose	G6	C(C1(C=C(C(O)OC1)CO)O)=O
Formose	G6	C(C1(C=C(C)C(C1O)O)O)(O)=O
Formose	G6	C(C1(C=C(C)C(CO)O1)O)(O)=O
Formose	G6	C(C1(C=C(C=O)C(C1)O)O)(O)=O
Formose	G6	C(C1(C=C(C=O)C(C1O)O)O)=O
Formose	G6	C(C1(C=C(C=O)CC1O)O)(O)=O
Formose	G6	C(C1(C=C(CO)C(C1)O)O)(O)=O
Formose	G6	C(C1(C=C(CO)C(C1)O)O)=O
Formose	G6	C(C1(C=C(CO)C(C1O)O)O)=O
Formose	G6	C(C1(C=C(CO)CC1O)O)(O)=O
Formose	G6	C(C1(C=C(CO)CC1O)O)=O
Formose	G6	C(C1(C=C(CO)CO1)O)(O)=O
Formose	G6	C(C1(C=C(CO1)CCO)O)(O)=O
Formose	G6	C(C1(C=CC(C(C)O)O1)O)(O)=O
Formose	G6	C(C1(C=CC(C(C)O1)O)O)(O)=O
Formose	G6	C(C1(C=CC(C(C1)=O)O)O)(O)=O
Formose	G6	C(C1(C=CC(C(C1)O)O)O)(O)=O
Formose	G6	C(C1(C=CC(C(C1O)=O)O)O)=O
Formose	G6	C(C1(C=CC(C(C1O)O)O)O)=O
Formose	G6	C(C1(C=CC(C)(C1O)O)O)(O)=O
Formose	G6	C(C1(C=CC(C)(C1O)O)O)=O
Formose	G6	C(C1(C=CC(C1(C)O)=O)O)(O)=O
Formose	G6	C(C1(C=CC(C1(C)O)O)O)(O)=O
Formose	G6	C(C1(C=CC(C1(C)O)O)O)=O
Formose	G6	C(C1(C=CC(C1(C=O)O)O)O)=O
Formose	G6	C(C1(C=CC(C1(CO)O)=O)O)=O
Formose	G6	C(C1(C=CC(C1)O)O)(O)=O
Formose	G6	C(C1(C=CC(C1C(O)=O)O)O)=O
Formose	G6	C(C1(C=CC(C1C=O)O)O)(O)=O
Formose	G6	C(C1(C=CC(C1CO)=O)O)(O)=O
Formose	G6	C(C1(C=CC(C1CO)O)O)(O)=O
Formose	G6	C(C1(C=CC(C1CO)O)O)=O
Formose	G6	C(C1(C=CC(C1O)=O)O)(O)=O
Formose	G6	C(C1(C=CC(C1O)O)CO)=O
Formose	G6	C(C1(C=CC(CC1O)O)O)(O)=O
Formose	G6	C(C1(C=CC(CC1O)O)O)=O
Formose	G6	C(C1(C=CC(CCO)O1)O)(O)=O
Formose	G6	C(C1(C=CC(CO)(C1)O)O)(O)=O
Formose	G6	C(C1(C=CC(CO)(C1)O)O)=O
Formose	G6	C(C1(C=CC(CO)(O1)O)C)(O)=O
Formose	G6	C(C1(C=CC(CO)C1O)O)(O)=O
Formose	G6	C(C1(C=CC(CO)C1O)O)=O
Formose	G6	C(C1(C=CC(O1)O)CCO)(O)=O
Formose	G6	C(C1(C=CCC(C1O)=O)O)(O)=O
Formose	G6	C(C1(C=CCC(C1O)O)O)(O)=O
Formose	G6	C(C1(C=CCC(CO)O1)O)(O)=O
Formose	G6	C(C1(C=CCC1(C(O)=O)O)O)=O
Formose	G6	C(C1(C=CCC1(C=O)O)O)(O)=O
Formose	G6	C(C1(C=CCC1(CO)O)O)(O)=O
Formose	G6	C(C1(C=CCC1(CO)O)O)=O
Formose	G6	C(C1(C=CCC1O)O)(O)=O
Formose	G6	C(C1(C=O)C(CCC1O)O)(O)=O
Formose	G6	C(C1(C=O)C=CC(C1O)O)(O)=O
Formose	G6	C(C1(C=O)CC(C(C1O)O)O)=O
Formose	G6	C(C1(CC(C(C)O1)O)O)(O)=O
Formose	G6	C(C1(CC(C(C1)=O)(C)O)O)(O)=O
Formose	G6	C(C1(CC(C(C1)O)O)O)(O)=O
Formose	G6	C(C1(CC(C(C1CO)O)O)O)O
Formose	G6	C(C1(CC(C(C1O)=C)O)O)(O)=O
Formose	G6	C(C1(CC(C(C1O)=C)O)O)=O
Formose	G6	C(C1(CC(C(C1O)=O)=C)O)(O)=O
Formose	G6	C(C1(CC(C(C1O)=O)C)O)(O)=O
Formose	G6	C(C1(CC(C(CO)(C1)O)O)O)O
Formose	G6	C(C1(CC(C(CO)C1O)O)O)O
Formose	G6	C(C1(CC(C(CO)CO1)O)O)=O
Formose	G6	C(C1(CC(C(CO)O1)=C)O)(O)=O
Formose	G6	C(C1(CC(C(CO1)O)=C)O)(O)=O
Formose	G6	C(C1(CC(C)(C(C1O)O)O)O)=O
Formose	G6	C(C1(CC(C)CC1O)O)(O)=O
Formose	G6	C(C1(CC(C=CC1O)=O)O)(O)=O
Formose	G6	C(C1(CC(C=CC1O)O)O)(O)=O
Formose	G6	C(C1(CC(C=O)(CC1)O)O)(O)=O
Formose	G6	C(C1(CC(CC(C1)=O)O)O)(O)=O
Formose	G6	C(C1(CC(CC1(CO)O)O)O)O
Formose	G6	C(C1(CC(CO)(C(C1)O)O)O)=O
Formose	G6	C(C1(CC(CO)=CC1O)O)(O)=O
Formose	G6	C(C1(CC(CO)=CC1O)O)=O
Formose	G6	C(C1(CC(CO)C(CO)O1)O)=O
Formose	G6	C(C1(CC(CO)C(CO1)O)O)=O
Formose	G6	C(C1(CC(CO)CC1O)O)(O)=O
Formose	G6	C(C1(CC(CO)CC1O)O)=O
Formose	G6	C(C1(CC(CO1)=CCO)O)(O)=O
Formose	G6	C(C1(CC(CO1)O)O)(CCO)=O
Formose	G6	C(C1(CC(O)OC1CCO)O)O
Formose	G6	C(C1(CC2(C(CC1O2)O)O)O)=O
Formose	G6	C(C1(CC2(C(O)OC1C2)O)O)=O
Formose	G6	C(C1(CC2(CC1(CO2)O)O)O)=O
Formose	G6	C(C1(CC2(COC1(C2)O)O)O)=O
Formose	G6	C(C1(CC2C(C1C(O)O2)O)O)O
Formose	G6	C(C1(CC2C(O)OC1C2)O)(O)=O
Formose	G6	C(C1(CC2CC(C1(O)O2)O)O)=O
Formose	G6	C(C1(CC2CC1(C(O)O2)O)O)O
Formose	G6	C(C1(CC=C(C(O)=O)C1O)O)=O
Formose	G6	C(C1(CC=C(C=O)C1O)O)(O)=O
Formose	G6	C(C1(CC=C(CO)C1O)O)(O)=O
Formose	G6	C(C1(CC=C(CO)C1O)O)=O
Formose	G6	C(C1(CC=CC(C1O)=O)O)(O)=O
Formose	G6	C(C1(CC=CC(CO)O1)O)(O)=O
Formose	G6	C(C1(CC=CC1(CO)O)O)(O)=O
Formose	G6	C(C1(CC=CC1(CO)O)O)=O
Formose	G6	C(C1(CC=CC1O)O)(O)=O
Formose	G6	C(C1(CCC(C(C1)=O)O)O)(O)=O
Formose	G6	C(C1(CCC(C(C1)O)=O)O)(O)=O
Formose	G6	C(C1(CCC(C(C1O)O)=O)O)=O
Formose	G6	C(C1(CCC(C1(C)O)O)O)(O)=O
Formose	G6	C(C1(CCC(C1(CO)O)O)O)=O
Formose	G6	C(C1(CCC(C1)O)O)(O)=O
Formose	G6	C(C1(CCC(C1CO)O)O)=O
Formose	G6	C(C1(CCCC1(CO)O)O)(O)=O
Formose	G6	C(C1(CCCC1(CO)O)O)=O
Formose	G6	C(C1(CCO)C(CC(O)O1)O)O
Formose	G6	C(C1(CO)C(C(C(O1)O)=C)O)=O
Formose	G6	C(C1(CO)C(C(CC1O)O)O)O
Formose	G6	C(C1(CO)C(C(CO1)O)O)=O
Formose	G6	C(C1(CO)C(C)(O)OCC1O)=O
Formose	G6	C(C1(CO)C(C=CC1O)O)(O)=O
Formose	G6	C(C1(CO)C(CC(CO)O1)O)=O
Formose	G6	C(C1(CO)C(CCC1O)O)(O)=O
Formose	G6	C(C1(CO)C(CCC1O)O)=O
Formose	G6	C(C1(CO)C(CO)CC(O1)O)=O
Formose	G6	C(C1(CO)C(CO)OC(C1)O)=O
Formose	G6	C(C1(CO)CC(C(C1O)=O)O)=O
Formose	G6	C(C1(CO)CC(C(C1O)O)O)=O
Formose	G6	C(C1(CO)CC(CC1O)O)=O
Formose	G6	C(C1(CO)CCC(C1O)=O)(O)=O
Formose	G6	C(C1(COC(C(C1O)=C)O)O)=O
Formose	G6	C(C1(COC(C)(C1(C)O)O)O)=O
Formose	G6	C(C1(COC(C)(C1)O)O)(O)=O
Formose	G6	C(C1(COC(C)(C1O)O)CO)=O
Formose	G6	C(C1(COC(C1(C)O)O)CO)=O
Formose	G6	C(C1(COC(C1(CC)O)O)O)=O
Formose	G6	C(C1(COC(C1(CO)O)=C)O)=O
Formose	G6	C(C1(COC(C1C)O)O)(O)=O
Formose	G6	C(C1(COC(C1C=C)O)O)(O)=O
Formose	G6	C(C1(COC(C1CCO)O)O)=O
Formose	G6	C(C1(COC(C1O)(CC)O)O)=O
Formose	G6	C(C1(COC(C1O)O)O)=CC=O
Formose	G6	C(C1(COC(CC1)O)O)(O)=O
Formose	G6	C(C1(COC(CC1CO)O)O)=O
Formose	G6	C(C1(COC(CC1O)O)CO)=O
Formose	G6	C(C1(COC(CO)(C1C)O)O)=O
Formose	G6	C(C1(COC(CO)C1)O)(O)=O
Formose	G6	C(C1(COC(CO)CC1O)O)=O
Formose	G6	C(C1(COCC(C1)O)O)(O)=O
Formose	G6	C(C12C(C(C(CC1O)O2)O)O)=O
Formose	G6	C(C12C(C(C(O1)O)CC2O)O)=O
Formose	G6	C(C12C(C(CO1)(C(C2)O)O)O)=O
Formose	G6	C(C12C(C(CO1)(CC2O)O)O)=O
Formose	G6	C(C12C(O)OC(CC1O)C2O)O
Formose	G6	C(C12CC(C(C(C1)O)(O2)O)O)=O
Formose	G6	C(C12CC(C(C(O)O1)C2O)O)O
Formose	G6	C(C12CC(C(O1)O)(C(C2)O)O)=O
Formose	G6	C(C12CC(C(O1)O)(CC2O)O)=O
Formose	G6	C(C12CC(C(O1)O)CC2O)(O)=O
Formose	G6	C(C12COC(C1)(C(C2O)O)O)=O
Formose	G6	C(C12COC(C1O)(CC2O)O)=O
Formose	G6	C(C1C(C(C(C(C)O)O1)O)O)=O
Formose	G6	C(C1C(C(C(C(C)O1)O)O)O)=O
Formose	G6	C(C1C(C(C(C(C1)O)=O)O)O)=O
Formose	G6	C(C1C(C(C(C(C1)O)O)O)=O)=O
Formose	G6	C(C1C(C(C(C(C=1)=O)O)O)O)=O
Formose	G6	C(C1C(C(C(C(O1)=C)O)O)O)=O
Formose	G6	C(C1C(C(C(C(O1)O)=C)O)O)=O
Formose	G6	C(C1C(C(C(C(O1)O)O)=C)O)=O
Formose	G6	C(C1C(C(C(C(O1)O)O)O)=C)=O
Formose	G6	C(C1C(C(C(C)(C1)O)O)=O)(O)=O
Formose	G6	C(C1C(C(C(C)(O1)O)O)=C)(O)=O
Formose	G6	C(C1C(C(C(C)C1O)O)=O)(O)=O
Formose	G6	C(C1C(C(C(C1)=O)(C)O)O)(O)=O
Formose	G6	C(C1C(C(C(C1)=O)CO)O)(O)=O
Formose	G6	C(C1C(C(C(C1)O)O)=O)(O)=O
Formose	G6	C(C1C(C(C(C1=C)O)O)=O)(O)=O
Formose	G6	C(C1C(C(C(C1C)O)O)=O)(O)=O
Formose	G6	C(C1C(C(C(C1C)O)O)O)=O
Formose	G6	C(C1C(C(C(C1CO)O)O)O)=O
Formose	G6	C(C1C(C(C(C1O)=C)O)=O)(O)=O
Formose	G6	C(C1C(C(C(C1O)=C)O)O)(O)=O
Formose	G6	C(C1C(C(C(C1O)=C)O)O)=O
Formose	G6	C(C1C(C(C(C1O)=O)=C)O)(O)=O
Formose	G6	C(C1C(C(C(C1O)=O)C)O)(O)=O
Formose	G6	C(C1C(C(C(C1O)O)=O)=C)(O)=O
Formose	G6	C(C1C(C(C(C1O)O)O)=C)(O)=O
Formose	G6	C(C1C(C(C(C1O)O)O)=C)=O
Formose	G6	C(C1C(C(C(C=1)=O)O)O)(CO)=O
Formose	G6	C(C1C(C(C(C=1)=O)O)O)(O)=O
Formose	G6	C(C1C(C(C(C=1C)=O)O)O)(O)=O
Formose	G6	C(C1C(C(C(C=1C=O)O)O)O)=O
Formose	G6	C(C1C(C(C(C=1CO)=O)O)O)=O
Formose	G6	C(C1C(C(C(C=C)(O1)O)O)O)=O
Formose	G6	C(C1C(C(C(C=C1)O)O)=O)(O)=O
Formose	G6	C(C1C(C(C(CC1)O)O)=O)(O)=O
Formose	G6	C(C1C(C(C(CC1O)O)O)O)O
Formose	G6	C(C1C(C(C(CCO)O1)O)O)=O
Formose	G6	C(C1C(C(C(CO)(O1)O)=C)O)=O
Formose	G6	C(C1C(C(C(CO)C1O)O)O)O
Formose	G6	C(C1C(C(C(CO)O1)O)O)O
Formose	G6	C(C1C(C(C(O)=O)(CC1)O)O)=O
Formose	G6	C(C1C(C(C(O)=O)=CC1O)O)=O
Formose	G6	C(C1C(C(C(O)O1)=C)O)(O)=O
Formose	G6	C(C1C(C(C(O)O1)=CC)O)(O)=O
Formose	G6	C(C1C(C(C(O)O1)=CCO)O)=O
Formose	G6	C(C1C(C(C(O1)=C)(CO)O)O)=O
Formose	G6	C(C1C(C(C(O1)O)(C)O)=C)(O)=O
Formose	G6	C(C1C(C(C(O1)O)=C)(C)O)(O)=O
Formose	G6	C(C1C(C(C(O1)O)=C)(CO)O)=O
Formose	G6	C(C1C(C(C(O1)O)=C)CO)(O)=O
Formose	G6	C(C1C(C(C(O1)O)O)=CCO)=O
Formose	G6	C(C1C(C(C)(C(CO)O1)O)O)=O
Formose	G6	C(C1C(C(C)(C(CO1)O)O)O)=O
Formose	G6	C(C1C(C(C)(CC1O)O)=O)(O)=O
Formose	G6	C(C1C(C(C)(CC1O)O)O)(O)=O
Formose	G6	C(C1C(C(C)CC1O)O)(O)=O
Formose	G6	C(C1C(C(C)O)OC(C1O)O)=O
Formose	G6	C(C1C(C(C=C)(C(O1)O)O)O)=O
Formose	G6	C(C1C(C(C=CC1O)=O)O)(O)=O
Formose	G6	C(C1C(C(C=CC1O)O)=O)(O)=O
Formose	G6	C(C1C(C(C=CC1O)O)O)=O
Formose	G6	C(C1C(C(C=O)=CC1O)O)(O)=O
Formose	G6	C(C1C(C(C=O)C(C1)O)O)(O)=O
Formose	G6	C(C1C(C(C=O)CC1O)O)(O)=O
Formose	G6	C(C1C(C(CC(C1)O)O)=O)(O)=O
Formose	G6	C(C1C(C(CC(C1O)O)O)O)=O
Formose	G6	C(C1C(C(CC(O1)O)=C)O)(O)=O
Formose	G6	C(C1C(C(CC(O1)O)O)=C)(O)=O
Formose	G6	C(C1C(C(CC1C=O)O)O)(O)=O
Formose	G6	C(C1C(C(CC1CO)O)O)=O
Formose	G6	C(C1C(C(CC=1C=O)O)O)(O)=O
Formose	G6	C(C1C(C(CCC1O)O)=O)(O)=O
Formose	G6	C(C1C(C(CO)(CC1O)O)=O)=O
Formose	G6	C(C1C(C(CO)C(C1)O)=O)(O)=O
Formose	G6	C(C1C(C(CO)C(O1)O)=C)(O)=O
Formose	G6	C(C1C(C(CO)CC1O)O)(O)=O
Formose	G6	C(C1C(C(CO)CC1O)O)=O
Formose	G6	C(C1C(C(CO)OC1O)=C)(O)=O
Formose	G6	C(C1C(C(CO1)(CCO)O)O)=O
Formose	G6	C(C1C(C(CO1)O)(C(C)O)O)=O
Formose	G6	C(C1C(C(CO1)O)O)(C(C)O)=O
Formose	G6	C(C1C(C(CO1)O)O)(CCO)=O
Formose	G6	C(C1C(C(CO1)O)O)(O)=O
Formose	G6	C(C1C(C(COC1O)O)=C)(O)=O
Formose	G6	C(C1C(C(O)=O)=CC(C1O)O)=O
Formose	G6	C(C1C(C(O)OC(C)C1O)O)=O
Formose	G6	C(C1C(C(O)OCC1CO)O)=O
Formose	G6	C(C1C(C)(C(C(C1)=O)O)O)(O)=O
Formose	G6	C(C1C(C)(C(C(CO)O1)O)O)=O
Formose	G6	C(C1C(C)(C(C(O1)=C)O)O)(O)=O
Formose	G6	C(C1C(C)(C(C)(C(O1)O)O)O)=O
Formose	G6	C(C1C(C)(CC(C1O)=O)O)(O)=O
Formose	G6	C(C1C(C)(O)OCC1(C)O)(O)=O
Formose	G6	C(C1C(C)(O)OCC1(CO)O)=O
Formose	G6	C(C1C(C)=C(CO)C(O1)O)(O)=O
Formose	G6	C(C1C(C)=CC(CO)(O1)O)(O)=O
Formose	G6	C(C1C(C)OC(C1(C)O)O)(O)=O
Formose	G6	C(C1C(C2(C(C1CO2)O)O)O)=O
Formose	G6	C(C1C(C2(COC1(C2)O)O)O)=O
Formose	G6	C(C1C(C2C(C1(CO2)O)O)O)=O
Formose	G6	C(C1C(C2C(C1C(O)O2)O)O)=O
Formose	G6	C(C1C(C2CC(C1(O)O2)O)O)=O
Formose	G6	C(C1C(C2COC1(C2O)O)O)=O
Formose	G6	C(C1C(C=C(CO)C1O)O)(O)=O
Formose	G6	C(C1C(C=C(CO)C1O)O)=O
Formose	G6	C(C1C(C=C)(C(C(O1)O)O)O)=O
Formose	G6	C(C1C(C=CC(C)(O1)O)O)(O)=O
Formose	G6	C(C1C(C=CC(O1)O)CO)(O)=O
Formose	G6	C(C1C(C=CC1(CO)O)O)(O)=O
Formose	G6	C(C1C(C=CC1(CO)O)O)=O
Formose	G6	C(C1C(C=CC1O)O)(O)=O
Formose	G6	C(C1C(C=O)=CC(C1O)O)(O)=O
Formose	G6	C(C1C(CC(C(C1)O)=O)O)(O)=O
Formose	G6	C(C1C(CC(C(C1)O)O)=O)(O)=O
Formose	G6	C(C1C(CC(C(C1O)O)O)=O)=O
Formose	G6	C(C1C(CC(C(C=1)=O)O)O)(O)=O
Formose	G6	C(C1C(CC(C(O1)=C)O)O)(O)=O
Formose	G6	C(C1C(CC(C(O1)O)=C)O)(O)=O
Formose	G6	C(C1C(CC(C)(C1O)O)=O)(O)=O
Formose	G6	C(C1C(CC(C)(O1)O)O)(O)=O
Formose	G6	C(C1C(CC(C1(C)O)=O)O)(O)=O
Formose	G6	C(C1C(CC(C1(C)O)O)=O)(O)=O
Formose	G6	C(C1C(CC(C1(C)O)O)O)(O)=O
Formose	G6	C(C1C(CC(C1)(CO)O)=O)(O)=O
Formose	G6	C(C1C(CC(C1C=O)O)O)(O)=O
Formose	G6	C(C1C(CC(C1CO)O)=O)(O)=O
Formose	G6	C(C1C(CC(C1CO)O)O)(O)=O
Formose	G6	C(C1C(CC(C1CO)O)O)=O
Formose	G6	C(C1C(CC(C=1C=O)O)O)(O)=O
Formose	G6	C(C1C(CC(C=1CO)=O)O)(O)=O
Formose	G6	C(C1C(CC(CC1O)=O)O)(O)=O
Formose	G6	C(C1C(CC(CC1O)O)=O)(O)=O
Formose	G6	C(C1C(CC(CC1O)O)O)(O)=O
Formose	G6	C(C1C(CC(CC1O)O)O)O
Formose	G6	C(C1C(CC(CCO)(O)O1)O)O
Formose	G6	C(C1C(CC(CO)(O1)O)=C)(O)=O
Formose	G6	C(C1C(CC(CO)C1O)=O)(O)=O
Formose	G6	C(C1C(CC(CO)O1)O)(O)=O
Formose	G6	C(C1C(CCC(C1O)=O)O)(O)=O
Formose	G6	C(C1C(CCC(C1O)O)O)(O)=O
Formose	G6	C(C1C(CCC(C1O)O)O)=O
Formose	G6	C(C1C(CCC1(C(O)=O)O)O)=O
Formose	G6	C(C1C(CCC1(C)O)O)(O)=O
Formose	G6	C(C1C(CCC1(C=O)O)O)(O)=O
Formose	G6	C(C1C(CCC1(CO)O)=O)(O)=O
Formose	G6	C(C1C(CCC1(CO)O)O)(O)=O
Formose	G6	C(C1C(CCC1(CO)O)O)=O
Formose	G6	C(C1C(CCC1O)O)(O)=O
Formose	G6	C(C1C(CCCC1O)O)(O)=O
Formose	G6	C(C1C(CO)(C(C(C=1)=O)O)O)=O
Formose	G6	C(C1C(CO)(C(C(O1)=C)O)O)=O
Formose	G6	C(C1C(CO)(C(C)(CO1)O)O)=O
Formose	G6	C(C1C(CO)(CC(C1)=O)O)(O)=O
Formose	G6	C(C1C(CO)(CC(C=1)=O)O)(O)=O
Formose	G6	C(C1C(CO)(O)OCC1CO)=O
Formose	G6	C(C1C(CO)=C(C)C(O1)O)(O)=O
Formose	G6	C(C1C(CO)=C(CO)C(O1)O)=O
Formose	G6	C(C1C(CO)=CC(C)(O1)O)(O)=O
Formose	G6	C(C1C(CO)=CC(C1O)=O)(O)=O
Formose	G6	C(C1C(CO)=CC(C1O)O)(O)=O
Formose	G6	C(C1C(CO)=CC(C1O)O)=O
Formose	G6	C(C1C(CO)=CCC(O1)O)(O)=O
Formose	G6	C(C1C(CO)=CCOC1O)(O)=O
Formose	G6	C(C1C(CO)C(C(C1)=O)O)(O)=O
Formose	G6	C(C1C(CO)C(C(C=1)=O)O)(O)=O
Formose	G6	C(C1C(CO)C(C(CO)O1)O)=O
Formose	G6	C(C1C(CO)C(C(CO1)O)O)=O
Formose	G6	C(C1C(CO)C(C(O1)=C)O)(O)=O
Formose	G6	C(C1C(CO)C(CO)(CO1)O)=O
Formose	G6	C(C1C(CO)C(CO)C(O1)O)=O
Formose	G6	C(C1C(CO)CC(C1O)=O)(O)=O
Formose	G6	C(C1C(CO)CC(O1)O)(O)=O
Formose	G6	C(C1C(CO)OC(C1)(CO)O)=O
Formose	G6	C(C1C(CO)OC(C1)O)(O)=O
Formose	G6	C(C1C(CO)OC(C1CO)O)=O
Formose	G6	C(C1C(CO)OC(CC1O)O)O
Formose	G6	C(C1C(CO)OC(CO)C1O)=O
Formose	G6	C(C1C(CO)OCC(C1O)O)=O
Formose	G6	C(C1C(CO)OCC1(CO)O)=O
Formose	G6	C(C1C(COC(C1CO)O)O)=O
Formose	G6	C(C1C(COC(C1O)O)=C)(O)=O
Formose	G6	C(C1C(COC1(CCO)O)O)=O
Formose	G6	C(C1C(COC1(CO)O)=C)(O)=O
Formose	G6	C(C1C(COC1O)=CCO)(O)=O
Formose	G6	C(C1C(O)OC(C)C1(CO)O)=O
Formose	G6	C(C1C(O)OC(CO)C1CO)=O
Formose	G6	C(C1C(O)OCC(C1CO)O)=O
Formose	G6	C(C1C(O)OCC(CO)C1O)=O
Formose	G6	C(C1C(O)OCC1(C(C)O)O)=O
Formose	G6	C(C1C(O)OCC1(C=C)O)(O)=O
Formose	G6	C(C1C2(C(C(C1CO2)O)O)O)=O
Formose	G6	C(C1C2(C(CC(C2O)O1)O)O)=O
Formose	G6	C(C1C2(C(CC1(CO2)O)O)O)=O
Formose	G6	C(C1C2(CC(C(C2)(O)O1)O)O)O
Formose	G6	C(C1C2(CC(C1(CO2)O)O)O)=O
Formose	G6	C(C1C2C(C(C(C1O)O2)O)O)=O
Formose	G6	C(C1C2C(C(C(C2)(O1)O)O)O)=O
Formose	G6	C(C1C2C(C(C(O)O2)C1O)O)O
Formose	G6	C(C1C2C(C(C1C(O)O2)O)O)=O
Formose	G6	C(C1C2C(C(CC2O)(O)O1)O)O
Formose	G6	C(C1C2C(CC(C1O)(O)O2)O)O
Formose	G6	C(C1C2CC(C(C1O)(O)O2)O)=O
Formose	G6	C(C1C=C(C(C1O)=O)CO)(O)=O
Formose	G6	C(C1C=C(C(O)=O)C(C1O)O)=O
Formose	G6	C(C1C=C(C=O)C(C1O)O)(O)=O
Formose	G6	C(C1C=C(CO)C(C1O)O)(O)=O
Formose	G6	C(C1C=C(CO)C(C1O)O)=O
Formose	G6	C(C1C=CC(C(C)(O1)O)O)(O)=O
Formose	G6	C(C1C=CC(C(C1O)O)=O)(O)=O
Formose	G6	C(C1C=CC(C(C1O)O)O)=O
Formose	G6	C(C1C=CC(C(O)=O)(C1O)O)=O
Formose	G6	C(C1C=CC(C1(C(O)=O)O)O)=O
Formose	G6	C(C1C=CC(C1(C=O)O)O)(O)=O
Formose	G6	C(C1C=CC(C1(CO)O)=O)(O)=O
Formose	G6	C(C1C=CC(C1(CO)O)O)=O
Formose	G6	C(C1C=CC(C1O)O)(O)=O
Formose	G6	C(C1C=CC(C=O)(C1O)O)(O)=O
Formose	G6	C(C1C=CC(CO)(C1O)O)=O
Formose	G6	C(C1C=CC(CO)C(O1)O)(O)=O
Formose	G6	C(C1C=CC(CO)OC1O)(O)=O
Formose	G6	C(C1C=CCC(CO)(O1)O)(O)=O
Formose	G6	C(C1C=CCOC1(CO)O)(O)=O
Formose	G6	C(C1CC(C(C(C1)=O)O)O)(O)=O
Formose	G6	C(C1CC(C(C(C1O)O)O)O)=O
Formose	G6	C(C1CC(C(C(C=1)=O)O)O)(O)=O
Formose	G6	C(C1CC(C(C(CO)O)O1)O)=O
Formose	G6	C(C1CC(C(C(CO)O1)O)O)=O
Formose	G6	C(C1CC(C(C(CO1)O)O)O)=O
Formose	G6	C(C1CC(C(C(O1)=C)O)O)(O)=O
Formose	G6	C(C1CC(C(C(O1)O)=C)O)(O)=O
Formose	G6	C(C1CC(C(C(O1)O)O)=C)(O)=O
Formose	G6	C(C1CC(C(C)(C1O)O)O)=O
Formose	G6	C(C1CC(C(C1(C)O)=O)O)(O)=O
Formose	G6	C(C1CC(C(C1(C)O)O)O)(O)=O
Formose	G6	C(C1CC(C(C1(C)O)O)O)=O
Formose	G6	C(C1CC(C(C1(CO)O)O)O)=O
Formose	G6	C(C1CC(C(C1)=O)(CO)O)(O)=O
Formose	G6	C(C1CC(C(C1C=O)O)O)(O)=O
Formose	G6	C(C1CC(C(C1O)=O)(C)O)(O)=O
Formose	G6	C(C1CC(C(C1O)=O)CO)(O)=O
Formose	G6	C(C1CC(C(C1O)=O)O)(O)=O
Formose	G6	C(C1CC(C(C1O)O)O)(O)=O
Formose	G6	C(C1CC(C(C1O)O)O)=O
Formose	G6	C(C1CC(C(C=1C=O)O)O)(O)=O
Formose	G6	C(C1CC(C(C=1CO)=O)O)(O)=O
Formose	G6	C(C1CC(C(CC1O)O)O)(O)=O
Formose	G6	C(C1CC(C(CC1O)O)O)=O
Formose	G6	C(C1CC(C(CO)(C1O)O)O)=O
Formose	G6	C(C1CC(C(CO)(CO)O1)O)=O
Formose	G6	C(C1CC(C(CO)(CO1)O)O)=O
Formose	G6	C(C1CC(C(CO)C1O)O)=O
Formose	G6	C(C1CC(C(O)=O)(CC1O)O)=O
Formose	G6	C(C1CC(C(O)O1)=CCO)(O)=O
Formose	G6	C(C1CC(C(O1)O)(CCO)O)=O
Formose	G6	C(C1CC(C)(C(C1O)O)O)(O)=O
Formose	G6	C(C1CC(C)(C(C1O)O)O)=O
Formose	G6	C(C1CC(C)(CC1O)O)(O)=O
Formose	G6	C(C1CC(C=O)(C(C1)O)O)(O)=O
Formose	G6	C(C1CC(C=O)(C(C1O)O)O)=O
Formose	G6	C(C1CC(C=O)(CC1O)O)(O)=O
Formose	G6	C(C1CC(C=O)C(C1O)O)(O)=O
Formose	G6	C(C1CC(CC(C1O)=O)O)(O)=O
Formose	G6	C(C1CC(CC(C1O)O)O)(O)=O
Formose	G6	C(C1CC(CC(C1O)O)O)=O
Formose	G6	C(C1CC(CC1(C(O)=O)O)O)=O
Formose	G6	C(C1CC(CC1(C=O)O)O)(O)=O
Formose	G6	C(C1CC(CC1(CO)O)O)(O)=O
Formose	G6	C(C1CC(CC1(CO)O)O)=O
Formose	G6	C(C1CC(CC1O)O)(O)=O
Formose	G6	C(C1CC(CO)(C(C1O)O)O)=O
Formose	G6	C(C1CC(CO)(C(CO)O1)O)=O
Formose	G6	C(C1CC(CO)(C(CO1)O)O)=O
Formose	G6	C(C1CC(CO)(CC1O)O)(O)=O
Formose	G6	C(C1CC(CO)(CC1O)O)=O
Formose	G6	C(C1CC(CO)(O)OCC1O)=O
Formose	G6	C(C1CC(CO)C(C1O)O)(O)=O
Formose	G6	C(C1CC(CO)C(C1O)O)=O
Formose	G6	C(C1CC(CO1)(C(CO)O)O)=O
Formose	G6	C(C1CC(O)OC(CO)C1O)O
Formose	G6	C(C1CC(O)OC1(CO)CO)O
Formose	G6	C(C1CC(O)OC1CO)O
Formose	G6	C(C1CC2(C(C(C1O2)O)O)O)=O
Formose	G6	C(C1CC2(C(C1(CO2)O)O)O)=O
Formose	G6	C(C1CC2(CC1(CO2)O)O)(O)=O
Formose	G6	C(C1CC2C(C1(C(O)O2)O)O)=O
Formose	G6	C(C1CC2C(C1(CO2)O)O)(O)=O
Formose	G6	C(C1CC2CC1(C(O)O2)O)(O)=O
Formose	G6	C(C1CC=C(C(O)O1)CO)(O)=O
Formose	G6	C(C1CC=CC(CO)(O1)O)(O)=O
Formose	G6	C(C1CCC(C(C1O)=O)O)(O)=O
Formose	G6	C(C1CCC(C(C1O)O)=O)(O)=O
Formose	G6	C(C1CCC(C(C1O)O)O)(O)=O
Formose	G6	C(C1CCC(C(C1O)O)O)=O
Formose	G6	C(C1CCC(C1(C(O)=O)O)O)=O
Formose	G6	C(C1CCC(C1(C=O)O)O)(O)=O
Formose	G6	C(C1CCC(C1(CO)O)=O)(O)=O
Formose	G6	C(C1CCC(C1(CO)O)O)=O
Formose	G6	C(C1CCC(CC1O)O)(O)=O
Formose	G6	C(C1CCC(CO)(O1)O)(O)=O
Formose	G6	C(C1CCOC(C1(CO)O)O)=O
Formose	G6	C(C1COC(C(C)(C1O)O)O)=O
Formose	G6	C(C1COC(C(C1CO)O)O)=O
Formose	G6	C(C1COC(C(C1O)=C)O)(O)=O
Formose	G6	C(C1COC(C)(C1(C)O)O)(O)=O
Formose	G6	C(C1COC(C)(C1O)O)(O)=O
Formose	G6	C(C1COC(C1(C)O)O)(O)=O
Formose	G6	C(C1COC(C1(C=C)O)O)(O)=O
Formose	G6	C(C1COC(C1(CC)O)O)(O)=O
Formose	G6	C(C1COC(C1)(C(CO)O)O)=O
Formose	G6	C(C1COC(C1C(CO)O)O)=O
Formose	G6	C(C1COC(CC1O)O)(O)=O
Formose	G6	C(C1COC(CO)(C1CO)O)=O
Formose	G6	C(C=C(C(O)=O)C(C)O)(O)=O
Formose	G6	C(C=C(C(O)=O)CCO)(O)=O
Formose	G6	C(C=C(C(O)=O)CO)(C(C)O)=O
Formose	G6	C(C=C(C(O)=O)CO)(CCO)=O
Formose	G6	C(C=C(C=O)C(C(C)O)O)(O)=O
Formose	G6	C(C=C(C=O)C(CO)CO)(O)=O
Formose	G6	C(C=C1C(C(C(C1O)O)O)=O)=O
Formose	G6	C(C=C1C(C(CC1O)O)=O)(O)=O
Formose	G6	C(C=CC(C(CCO)O)=O)(O)=O
Formose	G6	C(C=CC(C(CO)CO)=O)(O)=O
Formose	G6	C(C=CC(CC(CO)O)=O)(O)=O
Formose	G6	C(CC(C(C(C)(C)O)O)=O)(O)=O
Formose	G6	C(CC(C(C(C)=O)(C)O)O)(O)=O
Formose	G6	C(CC(C(C(C)=O)CO)O)(O)=O
Formose	G6	C(CC(C(C(C)O)=C)O)(O)=O
Formose	G6	C(CC(C(C(C=C)O)=O)O)(O)=O
Formose	G6	C(CC(C(C(C=C)O)O)O)=O
Formose	G6	C(CC(C(C(C=O)O)O)=C)(O)=O
Formose	G6	C(CC(C(C(CC)=O)O)O)(O)=O
Formose	G6	C(CC(C(C(CC)O)O)=O)(O)=O
Formose	G6	C(CC(C(C(CCO)O)O)O)O
Formose	G6	C(CC(C(C(CO)=C)=O)O)(O)=O
Formose	G6	C(CC(C(C(CO)=C)O)O)(O)=O
Formose	G6	C(CC(C(C(CO)=C)O)O)=O
Formose	G6	C(CC(C(C(CO)=O)C)O)(O)=O
Formose	G6	C(CC(C(C(CO)=O)O)=C)(O)=O
Formose	G6	C(CC(C(C(CO)C)O)=O)(O)=O
Formose	G6	C(CC(C(C(CO)O)=C)=O)(O)=O
Formose	G6	C(CC(C(C(CO)O)=C)O)(O)=O
Formose	G6	C(CC(C(C(CO)O)=C)O)=O
Formose	G6	C(CC(C(C(CO)O)=O)=C)(O)=O
Formose	G6	C(CC(C(C(CO)O)=O)O)(C)=O
Formose	G6	C(CC(C(C(CO)O)O)=C)(O)=O
Formose	G6	C(CC(C(C(CO)O)O)=C)=O
Formose	G6	C(CC(C(C(O)=O)=C)(C)O)(O)=O
Formose	G6	C(CC(C(C(O)=O)=C)CO)(O)=O
Formose	G6	C(CC(C(C(O)=O)=CC)O)(O)=O
Formose	G6	C(CC(C(C(O)=O)=O)O)=CCO
Formose	G6	C(CC(C(C(O)=O)O)=C)(O)=O
Formose	G6	C(CC(C(C)(C(C)O)O)=O)(O)=O
Formose	G6	C(CC(C(C)(C(C)O)O)O)=O
Formose	G6	C(CC(C(C)(CCO)O)=O)(O)=O
Formose	G6	C(CC(C(C)(CCO)O)O)(O)=O
Formose	G6	C(CC(C(C)(CO)O)O)(O)=O
Formose	G6	C(CC(C(C)(CO)O)O)=O
Formose	G6	C(CC(C(C)C(C(O)=O)O)O)=O
Formose	G6	C(CC(C(C)CC(O)=O)O)(O)=O
Formose	G6	C(CC(C(C)CCO)O)(O)=O
Formose	G6	C(CC(C(C)O)(CC=O)O)(O)=O
Formose	G6	C(CC(C(C)O)C(C)O)(O)=O
Formose	G6	C(CC(C(C)O)C(C=O)O)(O)=O
Formose	G6	C(CC(C(C)O)CC(O)=O)(O)=O
Formose	G6	C(CC(C(C)O)O)(CCO)=O
Formose	G6	C(CC(C(C)O)O)(O)=O
Formose	G6	C(CC(C(C=C)(CO)O)O)(O)=O
Formose	G6	C(CC(C(C=C)=O)(CO)O)(O)=O
Formose	G6	C(CC(C(C=C)CO)O)(O)=O
Formose	G6	C(CC(C(C=C)O)O)(O)=O
Formose	G6	C(CC(C(C=CC=O)O)O)(O)=O
Formose	G6	C(CC(C(C=CCO)=O)O)(O)=O
Formose	G6	C(CC(C(C=CCO)O)O)=O
Formose	G6	C(CC(C(CC(C)O)O)=O)(O)=O
Formose	G6	C(CC(C(CC(C)O)O)O)=O
Formose	G6	C(CC(C(CC(CO)O)O)O)=O
Formose	G6	C(CC(C(CC(O)=O)O)=C)(O)=O
Formose	G6	C(CC(C(CCCO)=O)O)(O)=O
Formose	G6	C(CC(C(CCCO)O)=O)(O)=O
Formose	G6	C(CC(C(CCCO)O)O)(O)=O
Formose	G6	C(CC(C(CCCO)O)O)=O
Formose	G6	C(CC(C(CCO)O)=C)(O)=O
Formose	G6	C(CC(C(CO)(C)O)=O)(O)=O
Formose	G6	C(CC(C(CO)(CO)CO)O)=O
Formose	G6	C(CC(C(CO)(CO)O)=C)(O)=O
Formose	G6	C(CC(C(CO)(CO)O)=C)=O
Formose	G6	C(CC(C(CO)=C)(CO)O)(O)=O
Formose	G6	C(CC(C(CO)=C)(CO)O)=O
Formose	G6	C(CC(C(CO)=C)CO)(O)=O
Formose	G6	C(CC(C(CO)=C)O)(O)=O
Formose	G6	C(CC(C(CO)=CC)O)(O)=O
Formose	G6	C(CC(C(CO)=CC=O)O)(O)=O
Formose	G6	C(CC(C(CO)=CCO)=O)(O)=O
Formose	G6	C(CC(C(CO)=CCO)O)(O)=O
Formose	G6	C(CC(C(CO)=CCO)O)=O
Formose	G6	C(CC(C(CO)C(C)O)=O)(O)=O
Formose	G6	C(CC(C(CO)CCO)=O)(O)=O
Formose	G6	C(CC(C(CO)CCO)O)(O)=O
Formose	G6	C(CC(C(CO)CCO)O)=O
Formose	G6	C(CC(C(CO)CO)=C)(O)=O
Formose	G6	C(CC(C(CO)O)=C)(O)=O
Formose	G6	C(CC(C(CO)O)C(C)O)(O)=O
Formose	G6	C(CC(C(CO)O)O)=CC(O)=O
Formose	G6	C(CC(C(CO)O)O)=CCO
Formose	G6	C(CC(C(O)=O)=CCO)(O)=O
Formose	G6	C(CC(C(O)=O)=O)=C(CO)CO
Formose	G6	C(CC(C(O)=O)C(C=C)O)(O)=O
Formose	G6	C(CC(C(O)=O)O)(CC(C)O)=O
Formose	G6	C(CC(C(O)=O)O)(CCCO)=O
Formose	G6	C(CC(C)(C(C)(CO)O)O)(O)=O
Formose	G6	C(CC(C)(C(C)(CO)O)O)=O
Formose	G6	C(CC(C)(C(CCO)O)O)(O)=O
Formose	G6	C(CC(C)(C(CO)CO)O)(O)=O
Formose	G6	C(CC(C)(C(CO)CO)O)=O
Formose	G6	C(CC(C)(CC(C(O)=O)O)O)=O
Formose	G6	C(CC(C)(CC(C=O)O)O)(O)=O
Formose	G6	C(CC(C)(CC(O)=O)O)(O)=O
Formose	G6	C(CC(C)(CCCO)O)(O)=O
Formose	G6	C(CC(C)(CCO)O)(O)=O
Formose	G6	C(CC(C)(CO)C(C)O)(O)=O
Formose	G6	C(CC(C)(CO)C(CO)O)=O
Formose	G6	C(CC(C)(CO)CO)(O)=O
Formose	G6	C(CC(C)(CO)O)(CCO)=O
Formose	G6	C(CC(C)C(C(C)O)O)(O)=O
Formose	G6	C(CC(C)C(C(C=O)O)O)(O)=O
Formose	G6	C(CC(C)C(C(CO)=O)O)(O)=O
Formose	G6	C(CC(C)C(C(CO)O)O)(O)=O
Formose	G6	C(CC(C)C(C(O)=O)O)(O)=O
Formose	G6	C(CC(C)C(C)(CO)O)(O)=O
Formose	G6	C(CC(C)C(CCO)O)(O)=O
Formose	G6	C(CC(C)C(CO)(CO)O)(O)=O
Formose	G6	C(CC(C)C(CO)CO)(O)=O
Formose	G6	C(CC(C)C(CO)O)(O)=O
Formose	G6	C(CC(C)CC(C(O)=O)O)(O)=O
Formose	G6	C(CC(C)CC(CO)O)(O)=O
Formose	G6	C(CC(C)O)(C(CO)(C)O)=O
Formose	G6	C(CC(C)O)(C(CO)CO)=O
Formose	G6	C(CC(C1C(C(CO1)O)O)O)=O
Formose	G6	C(CC(C1C(O)OCC=1)O)(O)=O
Formose	G6	C(CC(C=C(C(O)=O)CO)O)=O
Formose	G6	C(CC(C=C(CO)CO)=O)(O)=O
Formose	G6	C(CC(C=C(CO)CO)O)(O)=O
Formose	G6	C(CC(C=C)(C(C=O)O)O)(O)=O
Formose	G6	C(CC(C=C)(C(CO)O)O)=O
Formose	G6	C(CC(C=C)(CO)O)(O)=O
Formose	G6	C(CC(C=CC(CO)O)=O)(O)=O
Formose	G6	C(CC(C=CC(CO)O)O)(O)=O
Formose	G6	C(CC(C=CC(O)=O)O)(O)=O
Formose	G6	C(CC(C=CC=O)(CO)O)(O)=O
Formose	G6	C(CC(C=CCO)(CO)O)(O)=O
Formose	G6	C(CC(C=CCO)(CO)O)=O
Formose	G6	C(CC(C=CCO)O)(O)=O
Formose	G6	C(CC(C=O)O)(C(CO)(C)O)=O
Formose	G6	C(CC(C=O)O)(CC(CO)O)=O
Formose	G6	C(CC(CC(C(C)O)=O)O)(O)=O
Formose	G6	C(CC(CC(C(C)O)O)O)=O
Formose	G6	C(CC(CC(C(O)=O)O)=C)(O)=O
Formose	G6	C(CC(CC(C)(CO)O)O)(O)=O
Formose	G6	C(CC(CC(CCO)=O)O)(O)=O
Formose	G6	C(CC(CC(CCO)O)O)(O)=O
Formose	G6	C(CC(CC(CCO)O)O)O
Formose	G6	C(CC(CC(CO)CO)=O)(O)=O
Formose	G6	C(CC(CC(CO)CO)O)=O
Formose	G6	C(CC(CCC(C=O)O)O)(O)=O
Formose	G6	C(CC(CCC(CO)O)=O)(O)=O
Formose	G6	C(CC(CCC(CO)O)O)=O
Formose	G6	C(CC(CCCCO)O)(O)=O
Formose	G6	C(CC(CCCCO)O)O
Formose	G6	C(CC(CCCO)O)(O)=O
Formose	G6	C(CC(CCO)(C(C)O)O)=O
Formose	G6	C(CC(CCO)(CC=O)O)(O)=O
Formose	G6	C(CC(CCO)(CCO)O)=O
Formose	G6	C(CC(CCO)C(C)O)(O)=O
Formose	G6	C(CC(CCO)C(C=O)O)(O)=O
Formose	G6	C(CC(CCO)C(CO)O)(O)=O
Formose	G6	C(CC(CCO)O)(CCO)=O
Formose	G6	C(CC(CCO)O)(OCCO)=O
Formose	G6	C(CC(CO)(C(C=C)O)O)(O)=O
Formose	G6	C(CC(CO)(C)C(C(O)=O)O)=O
Formose	G6	C(CC(CO)(C)C(C=O)O)(O)=O
Formose	G6	C(CC(CO)(CC(C)=O)O)(O)=O
Formose	G6	C(CC(CO)(CC(C)O)O)(O)=O
Formose	G6	C(CC(CO)(CCCO)O)(O)=O
Formose	G6	C(CC(CO)(CCCO)O)=O
Formose	G6	C(CC(CO)(CO)C(C)O)(O)=O
Formose	G6	C(CC(CO)(CO)CCO)(O)=O
Formose	G6	C(CC(CO)(CO)CO)(O)=O
Formose	G6	C(CC(CO)(CO)O)(CCO)=O
Formose	G6	C(CC(CO)(CO)O)=CC(O)=O
Formose	G6	C(CC(CO)(CO)O)=CCO
Formose	G6	C(CC(CO)=CC(O)=O)(O)=O
Formose	G6	C(CC(CO)=CCO)(O)=O
Formose	G6	C(CC(CO)C(C(C)O)O)(O)=O
Formose	G6	C(CC(CO)C(C(C)O)O)=O
Formose	G6	C(CC(CO)C(C)(CO)O)(O)=O
Formose	G6	C(CC(CO)C(C)(CO)O)=O
Formose	G6	C(CC(CO)C(C=C)O)(O)=O
Formose	G6	C(CC(CO)CC(CO)O)(O)=O
Formose	G6	C(CC(CO)CC(CO)O)=O
Formose	G6	C(CC(CO)CO)(CCO)=O
Formose	G6	C(CC(CO)O)(C(C=C)O)=O
Formose	G6	C(CC(CO)O)(C(CO)(C)O)=O
Formose	G6	C(CC(CO)O)(C(CO)CO)=O
Formose	G6	C(CC(CO)O)(CC(C)O)=O
Formose	G6	C(CC(CO)O)(CC(CO)O)=O
Formose	G6	C(CC(CO)O)=CC(O)=O
Formose	G6	C(CC(CO)O)=CCO
Formose	G6	C(CC)(C(C(C(CO)O)=O)O)=O
Formose	G6	C(CC)(C(C(CO)=O)(CO)O)=O
Formose	G6	C(CC)(C(CO)(C(CO)O)O)=O
Formose	G6	C(CC)(C(CO)(CCO)O)=O
Formose	G6	C(CC)(C1(COC(C1O)O)O)=O
Formose	G6	C(CC1(C(C(C(C)O1)O)O)O)=O
Formose	G6	C(CC1(C(C(CO1)=C)O)O)(O)=O
Formose	G6	C(CC1(C(C(CO1)CO)O)O)=O
Formose	G6	C(CC1(C(C(O)OC1)=C)O)(O)=O
Formose	G6	C(CC1(C(C)(C(CO1)O)O)O)=O
Formose	G6	C(CC1(C(C)OC(C1O)O)O)=O
Formose	G6	C(CC1(C(C=CCO1)O)O)(O)=O
Formose	G6	C(CC1(C(COC1O)=C)O)(O)=O
Formose	G6	C(CC1(C(O)OC(C)C1)O)(O)=O
Formose	G6	C(CC1(C(O)OC(C)C1O)O)=O
Formose	G6	C(CC1(C=CC(C1O)=O)O)(O)=O
Formose	G6	C(CC1(CC(C(C)O1)O)O)(O)=O
Formose	G6	C(CC1(CC(C(C1)=O)O)O)(O)=O
Formose	G6	C(CC1(CC(CO1)(CO)O)O)=O
Formose	G6	C(CC1(CC(CO1)O)O)(O)=O
Formose	G6	C(CC1(CCC(C1O)=O)O)(O)=O
Formose	G6	C(CC1(COC(C1O)=C)O)(O)=O
Formose	G6	C(CC1C(C(C(C1)=O)O)O)(O)=O
Formose	G6	C(CC1C(C(C(C1O)O)O)O)O
Formose	G6	C(CC1C(C(C(C=1)=O)O)O)(O)=O
Formose	G6	C(CC1C(C(C(C=1)O)O)O)=O
Formose	G6	C(CC1C(C(C(CO)O1)O)O)=O
Formose	G6	C(CC1C(C(C(O)O1)=C)O)(O)=O
Formose	G6	C(CC1C(C(C(O1)=C)O)O)(O)=O
Formose	G6	C(CC1C(CC(C1O)=O)O)(O)=O
Formose	G6	C(CC1C(O)OCC1O)(O)=O
Formose	G6	C(CC1C=C(C(O)O1)CO)(O)=O
Formose	G6	C(CC1C=CC(CO)(O1)O)(O)=O
Formose	G6	C(CC1CC(C(C)(O)O1)O)(O)=O
Formose	G6	C(CC1CC(C(C1O)O)O)=O
Formose	G6	C(CC1CCC(CO)(O)O1)(O)=O
Formose	G6	C(CC1COC(C1(C)O)O)(O)=O
Formose	G6	C(CC1COC(C1(CO)O)O)=O
Formose	G6	C(CC1COC(C=1)(CO)O)(O)=O
Formose	G6	C(CC1COC(C=1CO)O)(O)=O
Formose	G6	C(CC=C(C(O)=O)CO)(O)=O
Formose	G6	C(CC=C(CO)CO)(O)=O
Formose	G6	C(CC=C1C(O)OCC1O)(O)=O
Formose	G6	C(CC=C1COC(C1O)O)(O)=O
Formose	G6	C(CC=CC(C(C=O)O)O)(O)=O
Formose	G6	C(CC=CC(C(CO)=O)O)(O)=O
Formose	G6	C(CC=CC(C(CO)O)O)(O)=O
Formose	G6	C(CC=CC(C(O)=O)O)(O)=O
Formose	G6	C(CC=CC(CO)(CO)O)(O)=O
Formose	G6	C(CC=CC(CO)O)(O)=O
Formose	G6	C(CCC(C(C(O)=O)=C)O)(O)=O
Formose	G6	C(CCC(C(C)(CO)O)O)=O
Formose	G6	C(CCC(C(C)O)O)(O)=O
Formose	G6	C(CCC(C(C=C)O)O)(O)=O
Formose	G6	C(CCC(C(CCO)O)O)O
Formose	G6	C(CCC(C(CO)CO)O)(O)=O
Formose	G6	C(CCC(C(CO)CO)O)=O
Formose	G6	C(CCC(C(CO)O)=C)(O)=O
Formose	G6	C(CCC(C)(CO)O)(O)=O
Formose	G6	C(CCC(C)C(C(O)=O)O)(O)=O
Formose	G6	C(CCC(C=C)(CO)O)(O)=O
Formose	G6	C(CCC(C=CCO)O)(O)=O
Formose	G6	C(CCC(CCC(O)=O)O)(O)=O
Formose	G6	C(CCC(CCO)O)O
Formose	G6	C(CCC(CO)(CO)CO)(O)=O
Formose	G6	C(CCC(CO)(CO)CO)=O
Formose	G6	C(CCC(CO)CC(O)=O)(O)=O
Formose	G6	C(CCC(CO)O)O
Formose	G6	C(CCC(O)=O)(C(C(C)O)O)=O
Formose	G6	C(CCC(O)=O)(C(CCO)O)=O
Formose	G6	C(CCC(O)=O)(C(CO)CO)=O
Formose	G6	C(CCC(O)=O)(CC(CO)O)=O
Formose	G6	C(CCC)(C(CO)(CO)O)=O
Formose	G6	C(CCC1C(C(C(O)O1)O)O)O
Formose	G6	C(CCCC(CO)O)(O)=O
Formose	G6	C(CCCCC(C(O)=O)O)(O)=O
Formose	G6	C(CCCO)(C(CO)(CO)O)=O
Formose	G6	C(CCCO)(C(CO)CO)=O
Formose	G6	C(CCO)(C(C(CO)=O)(C)O)=O
Formose	G6	C(CCO)(C(C)(C(C)O)O)=O
Formose	G6	C(CCO)(C(C)(C(CO)O)O)=O
Formose	G6	C(CCO)(C(C=C)(CO)O)=O
Formose	G6	C(CCO)(C(CO)(C)O)=O
Formose	G6	C(CCO)(C(CO)(CO)CO)=O
Formose	G6	C(CCO)(C(CO)C(C)O)=O
Formose	G6	C(CCO)(C(CO)CCO)=O
Formose	G6	C(CCO)(C1C(O)OCC1O)=O
Formose	G6	C(CCO)(C1COC(C1O)O)=O
Formose	G6	C(CCO)(CCC(C(O)=O)O)=O
Formose	G6	C(CCO)=C(C(O)=O)C(O)=O
Formose	G6	C(CCO)=C(C(O)=O)CO
Formose	G6	C(CCO)=C(CO)CO
Formose	G6	C(CCO)=C1C(O)OCC1O
Formose	G6	C(CCO)=CC(C(CO)O)O
Formose	G6	C(CCO)=CC(CO)O
Formose	G6	C(CO)(C(C(C(C)O)=C)O)=O
Formose	G6	C(CO)(C(C(C(CC)O)O)O)=O
Formose	G6	C(CO)(C(C(C(CO)=C)=O)O)=O
Formose	G6	C(CO)(C(C(C(CO)=C)O)O)=O
Formose	G6	C(CO)(C(C(C(O)=O)=CC)O)=O
Formose	G6	C(CO)(C(C(C)(C(C)O)O)O)=O
Formose	G6	C(CO)(C(C(C)(CCO)O)O)=O
Formose	G6	C(CO)(C(C(C)=CC(O)=O)O)=O
Formose	G6	C(CO)(C(C(C)CCO)O)=O
Formose	G6	C(CO)(C(C(C)O)(CCO)O)=O
Formose	G6	C(CO)(C(C(C)O)CCO)=O
Formose	G6	C(CO)(C(C(C)O)O)=CC(O)=O
Formose	G6	C(CO)(C(C(CC)O)O)=O
Formose	G6	C(CO)(C(C(CCCO)O)O)=O
Formose	G6	C(CO)(C(C(CO)(CC)O)O)=O
Formose	G6	C(CO)(C(C(CO)=C)(C)O)=O
Formose	G6	C(CO)(C(C(CO)=CC)O)=O
Formose	G6	C(CO)(C(C(CO)=O)(C=C)O)=O
Formose	G6	C(CO)(C(C(CO)=O)(CC)O)=O
Formose	G6	C(CO)(C(C(CO)=O)CCO)=O
Formose	G6	C(CO)(C(C(CO)C)O)=O
Formose	G6	C(CO)(C(C(CO)CCO)O)=O
Formose	G6	C(CO)(C(C(CO)O)(CC)O)=O
Formose	G6	C(CO)(C(C(CO)O)CC)=O
Formose	G6	C(CO)(C(C(CO)O)CCO)=O
Formose	G6	C(CO)(C(C(CO)O)O)=CCO
Formose	G6	C(CO)(C(C)(C(CC)O)O)=O
Formose	G6	C(CO)(C(C)(CC(CO)O)O)=O
Formose	G6	C(CO)(C(C)(CCCO)O)=O
Formose	G6	C(CO)(C(C)C(C(C)O)O)=O
Formose	G6	C(CO)(C(C)C(C(CO)O)O)=O
Formose	G6	C(CO)(C(C)C(CCO)O)=O
Formose	G6	C(CO)(C(C)C(CO)(C)O)=O
Formose	G6	C(CO)(C(C)C(CO)(CO)O)=O
Formose	G6	C(CO)(C(C)C(CO)CO)=O
Formose	G6	C(CO)(C(C)C(CO)O)=O
Formose	G6	C(CO)(C(C)O)=CCO
Formose	G6	C(CO)(C(C=C(C(O)=O)C)O)=O
Formose	G6	C(CO)(C(C=C(CO)C)O)=O
Formose	G6	C(CO)(C(C=C(CO)CO)O)=O
Formose	G6	C(CO)(C(C=C)(CO)CO)=O
Formose	G6	C(CO)(C(C=C)C(CO)O)=O
Formose	G6	C(CO)(C(C=CC(O)=O)(C)O)=O
Formose	G6	C(CO)(C(C=CCCO)O)=O
Formose	G6	C(CO)(C(C=CCO)(C)O)=O
Formose	G6	C(CO)(C(CC(C(C)O)O)O)=O
Formose	G6	C(CO)(C(CC(C(O)=O)=C)O)=O
Formose	G6	C(CO)(C(CC(C=C)O)O)=O
Formose	G6	C(CO)(C(CC(CO)=C)O)=O
Formose	G6	C(CO)(C(CC)C(C(O)=O)O)=O
Formose	G6	C(CO)(C(CC=CC(O)=O)O)=O
Formose	G6	C(CO)(C(CC=CCO)O)=O
Formose	G6	C(CO)(C(CCCCO)O)=O
Formose	G6	C(CO)(C(CCCO)O)=O
Formose	G6	C(CO)(C(CCO)(CCO)O)=O
Formose	G6	C(CO)(C(CCO)C(C=O)O)=O
Formose	G6	C(CO)(C(CCO)CCO)=O
Formose	G6	C(CO)(C(CCO)O)=CC(O)=O
Formose	G6	C(CO)(C(CCO)O)=CC=O
Formose	G6	C(CO)(C(CCO)O)=CCO
Formose	G6	C(CO)(C(CO)(C(CC)O)O)=O
Formose	G6	C(CO)(C(CO)(C(CO)C)O)=O
Formose	G6	C(CO)(C(CO)(C)C(C=O)O)=O
Formose	G6	C(CO)(C(CO)(CC(C)=O)O)=O
Formose	G6	C(CO)(C(CO)(CC(C)O)O)=O
Formose	G6	C(CO)(C(CO)(CC)O)=O
Formose	G6	C(CO)(C(CO)(CCCO)O)=O
Formose	G6	C(CO)(C(CO)(CO)CCO)=O
Formose	G6	C(CO)(C(CO)C(CC)O)=O
Formose	G6	C(CO)(C(CO)C(CO)C)=O
Formose	G6	C(CO)(C(CO)C(CO)CO)=O
Formose	G6	C(CO)(C(CO)CC(C)O)=O
Formose	G6	C(CO)(C(CO)CC(CO)O)=O
Formose	G6	C(CO)(C(CO)CCCO)=O
Formose	G6	C(CO)(C(CO)CO)=CC(O)=O
Formose	G6	C(CO)(C(CO)CO)=CC=O
Formose	G6	C(CO)(C(CO)CO)=CCO
Formose	G6	C(CO)(C1(C(CC(C1)O)O)O)=O
Formose	G6	C(CO)(C1(C(CCC1)O)O)=O
Formose	G6	C(CO)(C1(C(CCC1O)O)O)=O
Formose	G6	C(CO)(C1(C=C(CO)CO1)O)=O
Formose	G6	C(CO)(C1(C=CC(C1O)=O)O)=O
Formose	G6	C(CO)(C1(C=CC(CO)O1)O)=O
Formose	G6	C(CO)(C1(C=CC(CO1)O)O)=O
Formose	G6	C(CO)(C1(COC(C1C)O)O)=O
Formose	G6	C(CO)(C1C(C(C(C1)O)O)O)=O
Formose	G6	C(CO)(C1C(C(C(O)O1)=C)O)=O
Formose	G6	C(CO)(C1C(C(CC1)O)O)=O
Formose	G6	C(CO)(C1C(C(CO1)(C)O)O)=O
Formose	G6	C(CO)(C1C(CC(C1)O)O)=O
Formose	G6	C(CO)(C1C(CC(CO)O1)O)=O
Formose	G6	C(CO)(C1C(CCC1O)O)=O
Formose	G6	C(CO)(C1C(CO)CC(O1)O)=O
Formose	G6	C(CO)(C1C(O)OCC1CO)=O
Formose	G6	C(CO)(C1C=CC(C1O)O)=O
Formose	G6	C(CO)(C1CC(C(C)(O1)O)O)=O
Formose	G6	C(CO)(C1CC(C(C1O)=O)O)=O
Formose	G6	C(CO)(C1CC(C(CO)O1)O)=O
Formose	G6	C(CO)(C1CC(C(CO1)O)O)=O
Formose	G6	C(CO)(C1CC(CO)(CO1)O)=O
Formose	G6	C(CO)(C1CCC(CO)(O1)O)=O
Formose	G6	C(CO)(C1COC(C1CO)O)=O
Formose	G6	C(CO)(C1COC(CO)(C1)O)=O
Formose	G6	C(CO)(CC(C(CC)O)O)=O
Formose	G6	C(CO)(CC(C(CO)(C)O)O)=O
Formose	G6	C(CO)(CC(C(CO)=C)O)=O
Formose	G6	C(CO)(CC(C)(CCO)O)=O
Formose	G6	C(CO)(CC(C)C(CO)O)=O
Formose	G6	C(CO)(CC(CCCO)O)=O
Formose	G6	C(CO)(CC(CO)(CO)C)=O
Formose	G6	C(CO)(CC(CO)(CO)CO)=O
Formose	G6	C(CO)(CC(CO)C(C)O)=O
Formose	G6	C(CO)(CC(CO)C(CO)O)=O
Formose	G6	C(CO)(CC(CO)CCO)=O
Formose	G6	C(CO)(CC(CO)CO)=O
Formose	G6	C(CO)(CC1(CC(CO1)O)O)=O
Formose	G6	C(CO)(CC1C(O)OCC1O)=O
Formose	G6	C(CO)(CC1COC(C1O)O)=O
Formose	G6	C(CO)(CC=C(C(O)=O)CO)=O
Formose	G6	C(CO)(CC=C(CO)CO)=O
Formose	G6	C(CO)(CCC(C(C)O)O)=O
Formose	G6	C(CO)(CCC(CO)(C)O)=O
Formose	G6	C(CO)(CCCC(CO)O)=O
Formose	G6	C(CO)(CCO)=CC(O)=O
Formose	G6	C(CO)(CCO)=CCO
Formose	G6	C(CO)(CO)=C(C(O)=O)C
Formose	G6	C(CO)(CO)=C(C)CO
Formose	G6	C(CO)(CO)=C1C(O)OCC1
Formose	G6	C(CO)(CO)=C1C(O)OCC1O
Formose	G6	C(CO)(CO)=C1COC(C1)O
Formose	G6	C(CO)(CO)=C1COCC1O
Formose	G6	C(CO)(CO)=CC(C(C)O)=O
Formose	G6	C(CO)(CO)=CC(CCO)=O
Formose	G6	C(CO)(OC(CO)C(C)O)=O
Formose	G6	C(CO)(OC(CO)C(C=C)O)=O
Formose	G6	C(CO)(OCC(CCO)O)=O
Formose	G6	C(CO)=C(C(C(C)O)=O)C(O)=O
Formose	G6	C(CO)=C(C(C(C)O)=O)CO
Formose	G6	C(CO)=C(C(C(CO)=O)=O)CO
Formose	G6	C(CO)=C(C(C(CO)O)=O)CO
Formose	G6	C(CO)=C(C(CCO)=O)C(O)=O
Formose	G6	C(CO)=C(C(CCO)=O)CO
Formose	G6	C(CO)=C(C(O)=O)C(CO)CO
Formose	G6	C(CO)=C(C(O)=O)C(O)=O
Formose	G6	C(CO)=C(C(O)=O)CCO
Formose	G6	C(CO)=C(C=O)C(CO)CO
Formose	G6	C(CO)=C1C(C(C(C1O)O)O)=O
Formose	G6	C(CO)=C1C(C(C(OC1)O)O)=O
Formose	G6	C(CO)=C1C(C(CC1O)O)=O
Formose	G6	C(CO)=C1C(C(CO)(OC1)O)=O
Formose	G6	C(CO)=C1C(C(CO)OC1O)=O
Formose	G6	C(CO)=C1C(C(COC1O)O)=O
Formose	G6	C(CO)=C1C(C(O)OCC1O)=O
Formose	G6	C(CO)=C1C(C(OC1CO)O)=O
Formose	G6	C(CO)=C1C(COC(C1O)O)=O
Formose	G6	C(CO)=C1C(O)OC(CO)C1O
Formose	G6	C(CO)=C1C(O)OCC(C1O)O
Formose	G6	C(CO)=C1C(O)OCC1(C)O
Formose	G6	C(CO)=C1C(O)OCC1(CO)O
Formose	G6	C(CO)=C1C(O)OCC1O
Formose	G6	C(CO)=C1C(O)OCCC1O
Formose	G6	C(CO)=C1C(OC(CO)C1O)=O
Formose	G6	C(CO)=C1C(OCC(C1O)O)=O
Formose	G6	C(CO)=C1C(OCC1(CO)O)=O
Formose	G6	C(CO)=C1COC(C)(C1O)O
Formose	G6	C(CO)=C1COC(C1(CO)O)O
Formose	G6	C(CO)=C1COC(C1CO)O
Formose	G6	C(CO)=C1COC(C1O)O
Formose	G6	C(CO)=C1COC(CO)(C1)O
Formose	G6	C(CO)=C1COC(CO)(C1O)O
Formose	G6	C(CO)=CC(C(C(C)O)O)=O
Formose	G6	C(CO)=CC(C(C(CO)O)=O)=O
Formose	G6	C(CO)=CC(C(C(CO)O)O)=O
Formose	G6	C(CO)=CC(C(CCO)O)=O
Formose	G6	C(CO)=CC(C(CO)(CO)O)=O
Formose	G6	C(CO)=CC(C(CO)CO)=O
Formose	G6	C(CO)=CC(CC(CO)O)=O
Formose	G6	C1(C(C(C(C(C)O)(C1)O)O)=O)=O
Formose	G6	C1(C(C(C(C(C)O)C1)O)O)=O
Formose	G6	C1(C(C(C(C(C1)=C)O)O)O)=O
Formose	G6	C1(C(C(C(C(C1)O)(C)O)O)O)=O
Formose	G6	C1(C(C(C(C(C1)O)CO)O)=O)=O
Formose	G6	C1(C(C(C(C(C1C)=O)O)O)O)=O
Formose	G6	C1(C(C(C(C(C1O)=C)=O)O)O)=O
Formose	G6	C1(C(C(C(C(C1O)O)=C)O)O)=O
Formose	G6	C1(C(C(C(C(C=C)O)O1)O)O)=O
Formose	G6	C1(C(C(C(C(CC1)O)O)O)O)=O
Formose	G6	C1(C(C(C(C(CO)C1)O)O)=O)=O
Formose	G6	C1(C(C(C(C(CO)C1)O)O)O)=O
Formose	G6	C1(C(C(C(C(CO)O)C1)O)=O)=O
Formose	G6	C1(C(C(C(C(CO)O)C1)O)O)=O
Formose	G6	C1(C(C(C(C(CO)O)O1)=C)O)=O
Formose	G6	C1(C(C(C(C(CO)O1)O)=C)O)=O
Formose	G6	C1(C(C(C(C(CO1)O)O)=C)O)=O
Formose	G6	C1(C(C(C(C(O)=O)=CC1)O)O)=O
Formose	G6	C1(C(C(C(C)(C1(C)O)O)O)=O)=O
Formose	G6	C1(C(C(C(C)(C1C)O)O)O)=O
Formose	G6	C1(C(C(C(C)(C1CO)O)O)=O)=O
Formose	G6	C1(C(C(C(C)(CC1O)O)O)=O)=O
Formose	G6	C1(C(C(C(C)(CC1O)O)O)O)=O
Formose	G6	C1(C(C(C(C)(CCO)O1)O)O)=O
Formose	G6	C1(C(C(C(C)(CCO1)O)O)O)=O
Formose	G6	C1(C(C(C(C)(CO1)O)O)O)=O
Formose	G6	C1(C(C(C(C)C1(CO)O)O)=O)=O
Formose	G6	C1(C(C(C(C)C1(CO)O)O)O)=O
Formose	G6	C1(C(C(C(C)C1CO)O)O)=O
Formose	G6	C1(C(C(C(C)C1O)O)O)=O
Formose	G6	C1(C(C(C(C)O)(O)OCC1)O)=O
Formose	G6	C1(C(C(C(C)O)C(CO)O1)O)=O
Formose	G6	C1(C(C(C(C)O)OC(C1)O)O)=O
Formose	G6	C1(C(C(C(C)O)OCC1O)O)=O
Formose	G6	C1(C(C(C(C)OC(C1)O)O)O)=O
Formose	G6	C1(C(C(C(C1(C)O)=C)O)O)=O
Formose	G6	C1(C(C(C(C1(C)O)=O)O)O)=O
Formose	G6	C1(C(C(C(C1(C=C)O)O)=O)O)=O
Formose	G6	C1(C(C(C(C1(C=C)O)O)O)O)=O
Formose	G6	C1(C(C(C(C1(CC)O)O)O)O)=O
Formose	G6	C1(C(C(C(C1(CO)C)O)O)=O)=O
Formose	G6	C1(C(C(C(C1)=C)(CO)O)O)=O
Formose	G6	C1(C(C(C(C1)=CC(O)=O)O)O)=O
Formose	G6	C1(C(C(C(C1)=CCO)O)O)=O
Formose	G6	C1(C(C(C(C1)O)(CC)O)O)=O
Formose	G6	C1(C(C(C(C1)O)(CO)CO)O)=O
Formose	G6	C1(C(C(C(C1)O)CCO)O)=O
Formose	G6	C1(C(C(C(C1)O)O)C(C=O)O)=O
Formose	G6	C1(C(C(C(C1C(C)=O)O)O)O)=O
Formose	G6	C1(C(C(C(C1C(C)O)=O)O)O)=O
Formose	G6	C1(C(C(C(C1C(C)O)O)O)=O)=O
Formose	G6	C1(C(C(C(C1C)O)O)O)=O
Formose	G6	C1(C(C(C(C1C=C)O)O)O)=O
Formose	G6	C1(C(C(C(C1CCO)=O)O)O)=O
Formose	G6	C1(C(C(C(C1CCO)O)O)O)=O
Formose	G6	C1(C(C(C(C1CO)=C)O)O)=O
Formose	G6	C1(C(C(C(C1CO)O)(C)O)=O)=O
Formose	G6	C1(C(C(C(C1CO)O)O)=O)=O
Formose	G6	C1(C(C(C(C1O)=C)(CO)O)O)=O
Formose	G6	C1(C(C(C(C1O)=CC)O)O)=O
Formose	G6	C1(C(C(C(C1O)=CC=O)O)O)=O
Formose	G6	C1(C(C(C(C1O)=O)O)O)=O
Formose	G6	C1(C(C(C(C1O)O)(CC)O)O)=O
Formose	G6	C1(C(C(C(C1O)O)CCO)O)=O
Formose	G6	C1(C(C(C(C1O)O)O)CC=O)=O
Formose	G6	C1(C(C(C(C=1)=O)(C)O)O)CO
Formose	G6	C1(C(C(C(C=1)=O)(CO)O)O)C
Formose	G6	C1(C(C(C(C=1)=O)(CO)O)O)CO
Formose	G6	C1(C(C(C(C=1)=O)CO)O)CO
Formose	G6	C1(C(C(C(C=1)=O)O)O)C(C)O
Formose	G6	C1(C(C(C(C=1)=O)O)O)CCO
Formose	G6	C1(C(C(C(C=C)(CO)O1)O)O)=O
Formose	G6	C1(C(C(C(C=C)(CO1)O)O)O)=O
Formose	G6	C1(C(C(C(C=CC1)O)O)O)=O
Formose	G6	C1(C(C(C(C=CC1O)=O)O)O)=O
Formose	G6	C1(C(C(C(CC(C)O)O1)O)O)=O
Formose	G6	C1(C(C(C(CC(C)O1)O)O)O)=O
Formose	G6	C1(C(C(C(CC)(C1)O)O)O)=O
Formose	G6	C1(C(C(C(CC1(C)O)O)O)O)=O
Formose	G6	C1(C(C(C(CC1)(C)O)O)O)=O
Formose	G6	C1(C(C(C(CC1)(CO)O)O)O)=O
Formose	G6	C1(C(C(C(CC1)CO)O)O)=O
Formose	G6	C1(C(C(C(CC1)O)O)O)=O
Formose	G6	C1(C(C(C(CCC1)O)O)O)=O
Formose	G6	C1(C(C(C(CCCO)O1)O)O)=O
Formose	G6	C1(C(C(C(CCO)C1)O)O)=O
Formose	G6	C1(C(C(C(CCO)C1O)O)=O)=O
Formose	G6	C1(C(C(C(CO)(C)C1)O)O)=O
Formose	G6	C1(C(C(C(CO)(C)O1)O)O)=O
Formose	G6	C1(C(C(C(CO)(C1)O)O)=O)=O
Formose	G6	C1(C(C(C(CO)(C1C)O)O)=O)=O
Formose	G6	C1(C(C(C(CO)(C1C)O)O)O)=O
Formose	G6	C1(C(C(C(CO)(CO)C1)O)=O)=O
Formose	G6	C1(C(C(C(CO)(CO)C1)O)O)=O
Formose	G6	C1(C(C(C(CO)(CO)O1)=C)O)=O
Formose	G6	C1(C(C(C(CO)(CO1)O)=C)O)=O
Formose	G6	C1(C(C(C(CO)=CC1)O)O)=O
Formose	G6	C1(C(C(C(CO)=CC1O)O)O)=O
Formose	G6	C1(C(C(C(CO)=O)=CC1O)O)=O
Formose	G6	C1(C(C(C(CO)C(C)O1)O)O)=O
Formose	G6	C1(C(C(C(CO)C1)O)O)=O
Formose	G6	C1(C(C(C(CO)C1C)O)O)=O
Formose	G6	C1(C(C(C(CO)C1CO)O)=O)=O
Formose	G6	C1(C(C(C(CO)C1CO)O)O)=O
Formose	G6	C1(C(C(C(CO)C1O)O)=O)=O
Formose	G6	C1(C(C(C(CO)CO1)O)O)=O
Formose	G6	C1(C(C(C(CO)O)=CC1)O)=O
Formose	G6	C1(C(C(C(CO)O)C(C)O1)O)=O
Formose	G6	C1(C(C(C(CO)O)O)OCC1)=O
Formose	G6	C1(C(C(C(CO)OCC1)O)O)=O
Formose	G6	C1(C(C(C(CO1)C(C)O)O)O)=O
Formose	G6	C1(C(C(C(CO1)O)C(C)O)O)=O
Formose	G6	C1(C(C(C(O)=O)=C(CO)C1)O)=O
Formose	G6	C1(C(C(C(O)=O)=CC1(C)O)O)=O
Formose	G6	C1(C(C(C(O)=O)=CC1CO)O)=O
Formose	G6	C1(C(C(C(O)=O)=CC1O)O)=O
Formose	G6	C1(C(C(C(O)OCC1O)C)O)=O
Formose	G6	C1(C(C(C(O1)=C)(C(C)O)O)O)=O
Formose	G6	C1(C(C(C(O1)=C)(CO)O)O)=O
Formose	G6	C1(C(C(C(OC1)=C)(CO)O)O)=O
Formose	G6	C1(C(C(C(OC1C=C)O)O)O)=O
Formose	G6	C1(C(C(C)(C(C)(C1)O)O)O)=O
Formose	G6	C1(C(C(C)(C(C)(C1O)O)O)O)=O
Formose	G6	C1(C(C(C)(C(C)(CO1)O)O)O)=O
Formose	G6	C1(C(C(C)(C(C1(C)O)O)O)=O)=O
Formose	G6	C1(C(C(C)(C(C1C)O)O)O)=O
Formose	G6	C1(C(C(C)(C(CC1)O)O)O)=O
Formose	G6	C1(C(C(C)(C(CC1O)O)O)O)=O
Formose	G6	C1(C(C(C)(C(CCO)O1)O)O)=O
Formose	G6	C1(C(C(C)(C(CCO1)O)O)O)=O
Formose	G6	C1(C(C(C)(C(CO)(C)O1)O)O)=O
Formose	G6	C1(C(C(C)(C(CO)C1O)O)O)=O
Formose	G6	C1(C(C(C)(C(CO)CO1)O)O)=O
Formose	G6	C1(C(C(C)(CC(C1)O)O)O)=O
Formose	G6	C1(C(C(C)(CC(C1O)O)O)O)=O
Formose	G6	C1(C(C(C)(CC1(CO)O)O)O)=O
Formose	G6	C1(C(C(C)(O)OC(CO)C1)O)=O
Formose	G6	C1(C(C(C)(O)OCC(C1)O)O)=O
Formose	G6	C1(C(C(C)(O)OCC1(C)O)O)=O
Formose	G6	C1(C(C(C)(O)OCC1CO)O)=O
Formose	G6	C1(C(C(C)(OC1(CO)C)O)O)=O
Formose	G6	C1(C(C(C)C(C(C1O)=O)O)O)=O
Formose	G6	C1(C(C(C)C(C1(CO)O)O)O)=O
Formose	G6	C1(C(C(C)C(C1CO)O)O)=O
Formose	G6	C1(C(C(C)C(CO)(C1)O)O)=O
Formose	G6	C1(C(C(C)CC(C1O)O)O)=O
Formose	G6	C1(C(C(C)O)(C(C(C)O1)O)O)=O
Formose	G6	C1(C(C(C)O)(C(C(C1)=O)O)O)=O
Formose	G6	C1(C(C(C)O)(C(C(O1)=C)O)O)=O
Formose	G6	C1(C(C(C)O)(C(CO)CO1)O)=O
Formose	G6	C1(C(C(C)O)(CC(C1O)=O)O)=O
Formose	G6	C1(C(C(C)O)(CC(CO)O1)O)=O
Formose	G6	C1(C(C(C)O)(CC(CO1)O)O)=O
Formose	G6	C1(C(C(C)O)(O)OC(C)C1O)=O
Formose	G6	C1(C(C(C)O)(O)OCC1(C)O)=O
Formose	G6	C1(C(C(C)O)(O)OCCC1O)=O
Formose	G6	C1(C(C(C)O)C(C(C1O)=O)O)=O
Formose	G6	C1(C(C(C)O)C(CO1)(CO)O)=O
Formose	G6	C1(C(C(C)O)OC(C)(C1O)O)=O
Formose	G6	C1(C(C(C)O)OC(C1(C)O)O)=O
Formose	G6	C1(C(C(C)O)OC(C1O)O)=O
Formose	G6	C1(C(C(C)O)OC(CC1O)O)=O
Formose	G6	C1(C(C(C)O)OC(CO)(C1)O)=O
Formose	G6	C1(C(C(C)OC(C)(C1O)O)O)=O
Formose	G6	C1(C(C(C)OC(C1(C)O)O)O)=O
Formose	G6	C1(C(C(C)OC(C1O)O)O)=O
Formose	G6	C1(C(C(C)OC(CO)(C1)O)O)=O
Formose	G6	C1(C(C(C2(CC1CO2)O)O)O)=O
Formose	G6	C1(C(C(C2C(C1CO2)O)O)O)=O
Formose	G6	C1(C(C(C2C(O)OCC12)O)O)=O
Formose	G6	C1(C(C(C2COC(C12)O)O)O)=O
Formose	G6	C1(C(C(C=C(C(O)=O)C1)O)O)=O
Formose	G6	C1(C(C(C=C(C=O)C1O)O)O)=O
Formose	G6	C1(C(C(C=C(CO)C1)O)O)=O
Formose	G6	C1(C(C(C=C)(CC1O)O)O)=O
Formose	G6	C1(C(C(C=C)(CO)OC1O)O)=O
Formose	G6	C1(C(C(C=C)(O)OCC1O)O)=O
Formose	G6	C1(C(C(C=C)(OC1CO)O)O)=O
Formose	G6	C1(C(C(C=C)C(C1O)O)O)=O
Formose	G6	C1(C(C(C=C)O)OC(C1O)O)=O
Formose	G6	C1(C(C(C=C)OC(C1O)O)O)=O
Formose	G6	C1(C(C(C=C)OC1(CO)O)O)=O
Formose	G6	C1(C(C(C=CC1)(CO)O)O)=O
Formose	G6	C1(C(C(C=CC1CO)O)O)=O
Formose	G6	C1(C(C(C=O)=C(CO)C1O)O)=O
Formose	G6	C1(C(C(C=O)=CC1(CO)O)O)=O
Formose	G6	C1(C(C(CC(C(C1)O)O)O)=O)=O
Formose	G6	C1(C(C(CC(C)(C1)O)O)O)=O
Formose	G6	C1(C(C(CC(C1(C)O)O)O)=O)=O
Formose	G6	C1(C(C(CC(C1(C)O)O)O)O)=O
Formose	G6	C1(C(C(CC(C1CO)O)O)=O)=O
Formose	G6	C1(C(C(CC(CC1)O)O)O)=O
Formose	G6	C1(C(C(CC(CC1O)O)O)=O)=O
Formose	G6	C1(C(C(CC(CC1O)O)O)O)=O
Formose	G6	C1(C(C(CC(CCO)O1)O)O)=O
Formose	G6	C1(C(C(CC(CO)(C)O1)O)O)=O
Formose	G6	C1(C(C(CC(CO)(C1)O)O)=O)=O
Formose	G6	C1(C(C(CC(CO)C1)O)O)=O
Formose	G6	C1(C(C(CC)O)(O)OCC1O)=O
Formose	G6	C1(C(C(CC)O)OC(C1O)O)=O
Formose	G6	C1(C(C(CC1(C(C)=O)O)O)O)=O
Formose	G6	C1(C(C(CC1(C(C)O)O)O)O)=O
Formose	G6	C1(C(C(CC1(CCO)O)O)O)=O
Formose	G6	C1(C(C(CC1(CO)CO)O)O)=O
Formose	G6	C1(C(C(CC1(CO)O)O)=O)=O
Formose	G6	C1(C(C(CC1)(C(C)O)O)O)=O
Formose	G6	C1(C(C(CC1)(C(CO)O)O)O)=O
Formose	G6	C1(C(C(CC1)(CCO)O)O)=O
Formose	G6	C1(C(C(CC1)(CO)CO)O)=O
Formose	G6	C1(C(C(CC1)(CO)O)O)=O
Formose	G6	C1(C(C(CC1)C(C(O)=O)O)O)=O
Formose	G6	C1(C(C(CC1)O)(C(C=O)O)O)=O
Formose	G6	C1(C(C(CC1)O)C(C(O)=O)O)=O
Formose	G6	C1(C(C(CC1C(C)O)O)O)=O
Formose	G6	C1(C(C(CC1C(CO)O)O)=O)=O
Formose	G6	C1(C(C(CC1C(CO)O)O)O)=O
Formose	G6	C1(C(C(CC1CCO)O)O)=O
Formose	G6	C1(C(C(CC1O)(C(C)O)O)O)=O
Formose	G6	C1(C(C(CC1O)(CCO)O)O)=O
Formose	G6	C1(C(C(CC1O)O)O)=CC(O)=O
Formose	G6	C1(C(C(CCC(C1)O)O)O)=O
Formose	G6	C1(C(C(CCC(C1O)O)O)=O)=O
Formose	G6	C1(C(C(CCC(C1O)O)O)O)=O
Formose	G6	C1(C(C(CCC1(C)O)O)O)=O
Formose	G6	C1(C(C(CCC1(CO)O)O)O)=O
Formose	G6	C1(C(C(CCC1CO)O)O)=O
Formose	G6	C1(C(C(CCC1O)O)O)=O
Formose	G6	C1(C(C(CCCC1O)O)O)=O
Formose	G6	C1(C(C(CCO)(O)OCC1)O)=O
Formose	G6	C1(C(C(CCO1)(CCO)O)O)=O
Formose	G6	C1(C(C(CO)(C(C)C1)O)O)=O
Formose	G6	C1(C(C(CO)(C(C)C1O)O)O)=O
Formose	G6	C1(C(C(CO)(C(C)O1)O)O)=O
Formose	G6	C1(C(C(CO)(C(C1C)O)O)O)=O
Formose	G6	C1(C(C(CO)(C(C=C)O1)O)O)=O
Formose	G6	C1(C(C(CO)(C(CC1)O)O)O)=O
Formose	G6	C1(C(C(CO)(C(CO)C1)O)O)=O
Formose	G6	C1(C(C(CO)(CC1C)O)O)=O
Formose	G6	C1(C(C(CO)(CC1CO)O)O)=O
Formose	G6	C1(C(C(CO)(CCC1)O)O)=O
Formose	G6	C1(C(C(CO)(CCC1O)O)O)=O
Formose	G6	C1(C(C(CO)(CO)C(C)O1)O)=O
Formose	G6	C1(C(C(CO)(CO)CO1)O)=O
Formose	G6	C1(C(C(CO)(CO)O)OCC1)=O
Formose	G6	C1(C(C(CO)(CO1)C(C)O)O)=O
Formose	G6	C1(C(C(CO)(O)OC(C)C1)O)=O
Formose	G6	C1(C(C(CO)(O)OCCC1)O)=O
Formose	G6	C1(C(C(CO)(OC1C=C)O)O)=O
Formose	G6	C1(C(C(CO)=C(C(O)=O)C1)O)=O
Formose	G6	C1(C(C(CO)=C(CO)C1)O)=O
Formose	G6	C1(C(C(CO)=C(CO)C1O)O)=O
Formose	G6	C1(C(C(CO)=C(CO)CO1)O)=O
Formose	G6	C1(C(C(CO)=CC(CO)O1)O)=O
Formose	G6	C1(C(C(CO)=CC(CO1)O)O)=O
Formose	G6	C1(C(C(CO)=CC1(C)O)O)=O
Formose	G6	C1(C(C(CO)=CC1(CO)O)O)=O
Formose	G6	C1(C(C(CO)=CC1CO)O)=O
Formose	G6	C1(C(C(CO)C(C(O1)=C)O)O)=O
Formose	G6	C1(C(C(CO)C(C)(CO1)O)O)=O
Formose	G6	C1(C(C(CO)C(C1C)O)O)=O
Formose	G6	C1(C(C(CO)C(CC1)O)O)=O
Formose	G6	C1(C(C(CO)C(CC1O)O)O)=O
Formose	G6	C1(C(C(CO)C(CCO)O1)O)=O
Formose	G6	C1(C(C(CO)C(CCO)O1)O)O
Formose	G6	C1(C(C(CO)C(CCO1)O)O)=O
Formose	G6	C1(C(C(CO)C(CO)(C)O1)O)=O
Formose	G6	C1(C(C(CO)C(CO)C1O)O)=O
Formose	G6	C1(C(C(CO)C)(O)OCC1O)=O
Formose	G6	C1(C(C(CO)CC(C1)O)O)=O
Formose	G6	C1(C(C(CO)CC(C1O)O)O)=O
Formose	G6	C1(C(C(CO)CC1(CO)O)O)=O
Formose	G6	C1(C(C(CO)CO)(O)OCC1)=O
Formose	G6	C1(C(C(CO)CO)OC(C1)O)=O
Formose	G6	C1(C(C(CO)CO)OCC1O)=O
Formose	G6	C1(C(C(CO)O)(CC(C)O1)O)=O
Formose	G6	C1(C(C(CO)O)(O)OCC1C)=O
Formose	G6	C1(C(C(CO)O)C(C(C)O1)O)=O
Formose	G6	C1(C(C(CO)O)OC(C)(C1)O)=O
Formose	G6	C1(C(C(CO)O)OC(C1O)=C)=O
Formose	G6	C1(C(C(CO)O)OCC1(C)O)=O
Formose	G6	C1(C(C(CO)OC(C)(C1)O)O)=O
Formose	G6	C1(C(C(CO)OC(C1O)=C)O)=O
Formose	G6	C1(C(C(CO1)(C(C)O)O)O)=O
Formose	G6	C1(C(C(CO1)(C(C=C)O)O)O)=O
Formose	G6	C1(C(C(CO1)(CCCO)O)O)=O
Formose	G6	C1(C(C(CO1)=C(CO)CO)O)=O
Formose	G6	C1(C(C(CO1)=C)(C(CO)O)O)=O
Formose	G6	C1(C(C(CO1)=CC(CO)O)O)=O
Formose	G6	C1(C(C(CO1)C(C(C)O)O)O)=O
Formose	G6	C1(C(C(CO1)O)(C(CC)O)O)=O
Formose	G6	C1(C(C(CO1)O)(C(CO)C)O)=O
Formose	G6	C1(C(C(CO1)O)(CC(C)O)O)=O
Formose	G6	C1(C(C(CO1)O)(CCCO)O)=O
Formose	G6	C1(C(C(CO1)O)C(CO)CO)=O
Formose	G6	C1(C(C(COC(C)(C1)O)O)O)=O
Formose	G6	C1(C(C(COC(C1)O)CO)O)=O
Formose	G6	C1(C(C(COC(C1O)=C)O)O)=O
Formose	G6	C1(C(C(O)OC(C(C)O)C1)O)=O
Formose	G6	C1(C(C(O)OC(C(C1)O)C)O)=O
Formose	G6	C1(C(C(O)OC(C)C1(C)O)O)=O
Formose	G6	C1(C(C(O)OC(CC1)CO)O)=O
Formose	G6	C1(C(C(O)OCC(CO)C1)O)=O
Formose	G6	C1(C(C(O)OCC1(C)O)O)=O
Formose	G6	C1(C(C(O)OCC1CO)CO)=O
Formose	G6	C1(C(C(O)OCC1O)O)=CC=O
Formose	G6	C1(C(C(OC1(C)C(C)O)O)O)=O
Formose	G6	C1(C(C(OC1(CO)C)O)O)=O
Formose	G6	C1(C(C(OC1C=C)O)(CO)O)=O
Formose	G6	C1(C(C)(C(C(C)(CO1)O)O)O)=O
Formose	G6	C1(C(C)(C(C(C1(C)O)=O)O)O)=O
Formose	G6	C1(C(C)(C(C(C1(C)O)O)O)O)=O
Formose	G6	C1(C(C)(C(C(C1CO)O)O)O)=O
Formose	G6	C1(C(C)(C(C(C1O)=C)O)O)=O
Formose	G6	C1(C(C)(C(C(C1O)=O)(C)O)O)=O
Formose	G6	C1(C(C)(C(C(C1O)=O)O)O)=O
Formose	G6	C1(C(C)(C(C(CO)(C)O1)O)O)=O
Formose	G6	C1(C(C)(C(C(CO)CO1)O)O)=O
Formose	G6	C1(C(C)(C(C(O)=O)(CC1)O)O)=O
Formose	G6	C1(C(C)(C(C(O1)=C)(CO)O)O)=O
Formose	G6	C1(C(C)(C(C=CC1O)O)O)=O
Formose	G6	C1(C(C)(C(C=O)(C(C1)O)O)O)=O
Formose	G6	C1(C(C)(C(CC1CO)O)O)=O
Formose	G6	C1(C(C)(C(CO)(C(C)O1)O)O)=O
Formose	G6	C1(C(C)(C(CO)C(CO)O1)O)=O
Formose	G6	C1(C(C)(C(CO)C(CO1)O)O)=O
Formose	G6	C1(C(C)(C(CO1)(C(C)O)O)O)=O
Formose	G6	C1(C(C)(C(CO1)C(CO)O)O)=O
Formose	G6	C1(C(C)(C2C(C1C(O)O2)O)O)=O
Formose	G6	C1(C(C)(CC(C(C1O)=O)O)O)=O
Formose	G6	C1(C(C)(CC(C1(CO)O)=O)O)=O
Formose	G6	C1(C(C)(O)OC(C(C)O)C1O)=O
Formose	G6	C1(C(C)(O)OC(C(C1)O)CO)=O
Formose	G6	C1(C(C)(O)OC(C(C1O)O)C)=O
Formose	G6	C1(C(C)(O)OC(C(CO)O)C1)=O
Formose	G6	C1(C(C)(O)OC(C)C1(CO)O)=O
Formose	G6	C1(C(C)(O)OC(CO)(CO)C1)=O
Formose	G6	C1(C(C)(O)OC(CO)C1(C)O)=O
Formose	G6	C1(C(C)(O)OC(CO)C1CO)=O
Formose	G6	C1(C(C)(O)OC(CO)CC1O)=O
Formose	G6	C1(C(C)(O)OCC(C(C1)O)O)=O
Formose	G6	C1(C(C)(O)OCC(C1(C)O)O)=O
Formose	G6	C1(C(C)(O)OCC(C1CO)O)=O
Formose	G6	C1(C(C)(O)OCC(CC1O)O)=O
Formose	G6	C1(C(C)(O)OCC(CO)(C1)O)=O
Formose	G6	C1(C(C)(O)OCC1(C(C)O)O)=O
Formose	G6	C1(C(C)(O)OCC1(CCO)O)=O
Formose	G6	C1(C(C)(O)OCC1(CO)O)=O
Formose	G6	C1(C(C)(O)OCC1C(CO)O)=O
Formose	G6	C1(C(C)(O)OCCC1(CO)O)=O
Formose	G6	C1(C(C)C(C(C(C1O)=O)O)O)=O
Formose	G6	C1(C(C)C(C(O)=O)(C(C1)O)O)=O
Formose	G6	C1(C(C)C(C(O)=O)(CC1O)O)=O
Formose	G6	C1(C(C)C(C(O)=O)C(C1O)O)=O
Formose	G6	C1(C(C)C(C=O)(C(C1O)O)O)=O
Formose	G6	C1(C(C)C(CO)(C(CO)O1)O)=O
Formose	G6	C1(C(C)C(CO)(C(CO1)O)O)=O
Formose	G6	C1(C(C)C(CO1)(C(CO)O)O)=O
Formose	G6	C1(C(C)OC(C(C(C1)O)O)O)=O
Formose	G6	C1(C(C)OC(C(C)(C1O)O)O)=O
Formose	G6	C1(C(C)OC(C(C)O)(C1O)O)=O
Formose	G6	C1(C(C)OC(C(C1(C)O)O)O)=O
Formose	G6	C1(C(C)OC(C(C1)O)(CO)O)=O
Formose	G6	C1(C(C)OC(C(C1CO)O)O)=O
Formose	G6	C1(C(C)OC(C(C1O)O)CO)=O
Formose	G6	C1(C(C)OC(C(CC1O)O)O)=O
Formose	G6	C1(C(C)OC(C(CO)(C1)O)O)=O
Formose	G6	C1(C(C)OC(C(CO)O)(C1)O)=O
Formose	G6	C1(C(C)OC(C(CO)O)C1O)=O
Formose	G6	C1(C(C)OC(C)(C1(CO)O)O)=O
Formose	G6	C1(C(C)OC(C1(C(C)O)O)O)=O
Formose	G6	C1(C(C)OC(C1(CCO)O)O)=O
Formose	G6	C1(C(C)OC(C1C(CO)O)O)=O
Formose	G6	C1(C(C)OC(CC(C1O)O)O)=O
Formose	G6	C1(C(C)OC(CC1(CO)O)O)=O
Formose	G6	C1(C(C)OC(CCO)(C1O)O)=O
Formose	G6	C1(C(C)OC(CO)(C1(C)O)O)=O
Formose	G6	C1(C(C)OC(CO)(C1CO)O)=O
Formose	G6	C1(C(C)OC(CO)(CO)C1O)=O
Formose	G6	C1(C(C)OC(CO)C1(CO)O)=O
Formose	G6	C1(C(C)OCC(C(C1O)O)O)=O
Formose	G6	C1(C(C)OCC(C1(CO)O)O)=O
Formose	G6	C1(C(C)OCC(CO)(C1O)O)=O
Formose	G6	C1(C(C)OCC1(C(CO)O)O)=O
Formose	G6	C1(C(C2(C(C(C1C2)O)=O)O)O)=O
Formose	G6	C1(C(C2(C(C(CO2)O)C1)O)O)=O
Formose	G6	C1(C(C2(C(C)C1(CO2)O)O)O)=O
Formose	G6	C1(C(C2(C(C1(CC2)O)O)O)O)=O
Formose	G6	C1(C(C2(C(C1)(O)OCC2)O)O)=O
Formose	G6	C1(C(C2(C(C1)OCC2O)O)O)=O
Formose	G6	C1(C(C2(C(C1CC2)O)O)O)=O
Formose	G6	C1(C(C2(C(C1CC2O)O)O)O)=O
Formose	G6	C1(C(C2(C(C1CCO2)O)O)O)=O
Formose	G6	C1(C(C2(C(C1CO2)O)O)O)=O
Formose	G6	C1(C(C2(C(C1O)=CCO2)O)O)=O
Formose	G6	C1(C(C2(C(CC(C1)O2)O)O)O)=O
Formose	G6	C1(C(C2(C(CC(C2)O1)O)O)O)=O
Formose	G6	C1(C(C2(C(CO)C1CO2)O)O)=O
Formose	G6	C1(C(C2(C(O)OCC1C2)O)O)=O
Formose	G6	C1(C(C2(C(O)OCC2C1)O)O)=O
Formose	G6	C1(C(C2(C(OC1(C)C2)O)O)O)=O
Formose	G6	C1(C(C2(C=CC1C2O)O)O)=O
Formose	G6	C1(C(C2(CC(C1(C)O2)O)O)O)=O
Formose	G6	C1(C(C2(CC(C1CO2)O)O)O)=O
Formose	G6	C1(C(C2(CC(CC2O1)O)O)O)=O
Formose	G6	C1(C(C2(CC(CO2)(C1)O)O)O)=O
Formose	G6	C1(C(C2(CC1(C(C2)O)O)O)O)=O
Formose	G6	C1(C(C2(CC1(CC2O)O)O)O)=O
Formose	G6	C1(C(C2(CC1(CO2)O)O)O)=O
Formose	G6	C1(C(C2(CC1C(C2O)O)O)O)=O
Formose	G6	C1(C(C2(CC1C(CO)O2)O)O)=O
Formose	G6	C1(C(C2(CC1C(CO2)O)O)O)=O
Formose	G6	C1(C(C2(CCC(C1O)O2)O)O)=O
Formose	G6	C1(C(C2(CO)CC1C(O)O2)O)=O
Formose	G6	C1(C(C2(COC(C1C2)O)O)O)=O
Formose	G6	C1(C(C2(COC(C2)(C1)O)O)O)=O
Formose	G6	C1(C(C2(COC(C2C1)O)O)O)=O
Formose	G6	C1(C(C2(COC1(C)C2O)O)O)=O
Formose	G6	C1(C(C2C(C(C(O)O2)C1)O)O)=O
Formose	G6	C1(C(C2C(C(C(O)O2)O)C1)O)=O
Formose	G6	C1(C(C2C(C(CC2O1)O)O)O)=O
Formose	G6	C1(C(C2C(C(CO2)(C1)O)O)O)=O
Formose	G6	C1(C(C2C(C1(C(C2)O)O)O)O)=O
Formose	G6	C1(C(C2C(C1(CC2O)O)O)O)=O
Formose	G6	C1(C(C2C(C1)(O)OCC2O)O)=O
Formose	G6	C1(C(C2C(C1C(C2)O)O)O)=O
Formose	G6	C1(C(C2C(C1CC2O)O)O)=O
Formose	G6	C1(C(C2C(C1O)(O)OCC2)O)=O
Formose	G6	C1(C(C2C(C1O)=CC(O)O2)O)=O
Formose	G6	C1(C(C2C(C1O)OC(C2)O)O)=O
Formose	G6	C1(C(C2C(CC(C1)(O)O2)O)O)=O
Formose	G6	C1(C(C2C(CC(C2O)O1)O)O)=O
Formose	G6	C1(C(C2C(CC(C2O1)O)O)O)=O
Formose	G6	C1(C(C2C(CO)C1C(O)O2)O)=O
Formose	G6	C1(C(C2C(O)OC(C2)C1O)O)=O
Formose	G6	C1(C(C2C(O)OCC1(C2)O)O)=O
Formose	G6	C1(C(C2C(O)OCC2C1O)O)=O
Formose	G6	C1(C(C2C(O)OCC=2C1O)O)=O
Formose	G6	C1(C(C2C(OC1(C)C2O)O)O)=O
Formose	G6	C1(C(C2C(OC1(CO)C2)O)O)=O
Formose	G6	C1(C(C2CC(C(C1)(O)O2)O)O)=O
Formose	G6	C1(C(C2CC(C1(CO)O2)O)O)=O
Formose	G6	C1(C(C2CC1(C(O)O2)O)O)=O
Formose	G6	C1(C(C2COC(C1C2O)O)O)=O
Formose	G6	C1(C(C2COC(C2O)(C1)O)O)=O
Formose	G6	C1(C(C2COCC2(C1O)O)O)=O
Formose	G6	C1(C(C=C(C(C)O)C1O)O)=O
Formose	G6	C1(C(C=C(C(CO)O)C1)O)=O
Formose	G6	C1(C(C=C(C(CO)O)C1O)O)=O
Formose	G6	C1(C(C=C(C(O)=O)C1(C)O)O)=O
Formose	G6	C1(C(C=C(C(O)=O)C1CO)O)=O
Formose	G6	C1(C(C=C(C=O)C1(CO)O)O)=O
Formose	G6	C1(C(C=C(CO)C(CO)O1)O)=O
Formose	G6	C1(C(C=C(CO)C(CO1)O)O)=O
Formose	G6	C1(C(C=C(CO)C1(C)O)O)=O
Formose	G6	C1(C(C=C(CO)C1(CO)O)O)=O
Formose	G6	C1(C(C=C(CO)C1CO)O)=O
Formose	G6	C1(C(C=C(CO)C1O)O)=O
Formose	G6	C1(C(C=C(CO1)C(CO)O)O)=O
Formose	G6	C1(C(C=C)(C(CO)(CO1)O)O)=O
Formose	G6	C1(C(C=CC(C(CO)O)O1)O)=O
Formose	G6	C1(C(C=CC(C(CO)O1)O)O)=O
Formose	G6	C1(C(C=CC(CO)(CO)O1)O)=O
Formose	G6	C1(C(C=CC(CO)(CO1)O)O)=O
Formose	G6	C1(C(C=CC1(C(CO)O)O)O)=O
Formose	G6	C1(C(C=CC1(CO)CO)O)=O
Formose	G6	C1(C(C=CC1(CO)O)(CO)O)=O
Formose	G6	C1(C(C=CC1(CO)O)O)=O
Formose	G6	C1(C(C=CC1C(C(O)=O)O)O)=O
Formose	G6	C1(C(C=CC1C(CO)O)O)=O
Formose	G6	C1(C(C=CC1CO)(CO)O)=O
Formose	G6	C1(C(C=CCO1)(C(CO)O)O)=O
Formose	G6	C1(C(CC(C(C(C)O)O)O1)O)=O
Formose	G6	C1(C(CC(C(C(C)O)O1)O)O)=O
Formose	G6	C1(C(CC(C(C(C)O1)O)O)O)=O
Formose	G6	C1(C(CC(C(C(C1)O)O)O)=O)=O
Formose	G6	C1(C(CC(C(C(O)=O)O)C1)O)=O
Formose	G6	C1(C(CC(C(C)O)(C1)O)O)=O
Formose	G6	C1(C(CC(C(C1(C)O)=O)O)O)=O
Formose	G6	C1(C(CC(C(C1(C)O)O)O)=O)=O
Formose	G6	C1(C(CC(C(C1(C)O)O)O)O)=O
Formose	G6	C1(C(CC(C(C1)O)O)O)=O
Formose	G6	C1(C(CC(C(C1CO)O)O)O)=O
Formose	G6	C1(C(CC(C(C1O)=O)O)O)=O
Formose	G6	C1(C(CC(C(CC1O)O)O)O)=O
Formose	G6	C1(C(CC(C(CCO)O)O1)O)=O
Formose	G6	C1(C(CC(C(CCO)O1)O)O)=O
Formose	G6	C1(C(CC(C(CO)(C1)O)O)O)=O
Formose	G6	C1(C(CC(C(CO)CO)O1)O)=O
Formose	G6	C1(C(CC(C(CO)CO)O1)O)O
Formose	G6	C1(C(CC(C(CO)CO1)O)O)=O
Formose	G6	C1(C(CC(C(CO)O)C1)O)=O
Formose	G6	C1(C(CC(C)(C(CO)O)O1)O)=O
Formose	G6	C1(C(CC(C)(C(CO)O1)O)O)=O
Formose	G6	C1(C(CC(C)(C(CO1)O)O)O)=O
Formose	G6	C1(C(CC(C)(C1(CO)O)O)O)=O
Formose	G6	C1(C(CC(C)(C1O)O)O)=O
Formose	G6	C1(C(CC(C)O)(O)OCC1O)=O
Formose	G6	C1(C(CC(C)O)OC(C1O)O)=O
Formose	G6	C1(C(CC(C)OC(C1O)O)O)=O
Formose	G6	C1(C(CC(C1(C(C)O)O)O)=O)=O
Formose	G6	C1(C(CC(C1(C(C)O)O)O)O)=O
Formose	G6	C1(C(CC(C1(C=C)O)O)O)=O
Formose	G6	C1(C(CC(C1(CCO)O)O)=O)=O
Formose	G6	C1(C(CC(C1(CCO)O)O)O)=O
Formose	G6	C1(C(CC(C1)O)(CC(O)=O)O)=O
Formose	G6	C1(C(CC(C1)O)C(C(O)=O)O)=O
Formose	G6	C1(C(CC(C1CCO)O)O)=O
Formose	G6	C1(C(CC(C1O)O)(CC=O)O)=O
Formose	G6	C1(C(CC(C1O)O)C(C=O)O)=O
Formose	G6	C1(C(CC(C1O)O)CC(O)=O)=O
Formose	G6	C1(C(CC(C=1)=O)O)C(CO)O
Formose	G6	C1(C(CC(C=CC1O)O)O)=O
Formose	G6	C1(C(CC(CC(CO)O)O1)O)=O
Formose	G6	C1(C(CC(CC(CO)O1)O)O)=O
Formose	G6	C1(C(CC(CC1(CO)O)O)=O)=O
Formose	G6	C1(C(CC(CC1(CO)O)O)O)=O
Formose	G6	C1(C(CC(CCO)(C1)O)O)=O
Formose	G6	C1(C(CC(CO)(C1(C)O)O)=O)=O
Formose	G6	C1(C(CC(CO)(C1C)O)O)=O
Formose	G6	C1(C(CC(CO)(CC1O)O)O)=O
Formose	G6	C1(C(CC(CO)(CCO)O1)O)=O
Formose	G6	C1(C(CC(CO)(CCO1)O)O)=O
Formose	G6	C1(C(CC(CO)C1(CO)O)O)=O
Formose	G6	C1(C(CC(CO)C1O)O)=O
Formose	G6	C1(C(CC(CO)O)(O)OCC1)=O
Formose	G6	C1(C(CC(CO)O)OC(C1)O)=O
Formose	G6	C1(C(CC(CO)OC(C1)O)O)=O
Formose	G6	C1(C(CC(CO1)(CCO)O)O)=O
Formose	G6	C1(C(CC(O)OC(C)C1O)O)=O
Formose	G6	C1(C(CC(O)OCC1(C)O)O)=O
Formose	G6	C1(C(CC(OC1(CO)C)O)O)=O
Formose	G6	C1(C(CC)(O)OC(CO)C1O)=O
Formose	G6	C1(C(CC)(O)OCC(C1O)O)=O
Formose	G6	C1(C(CC)(O)OCC1(CO)O)=O
Formose	G6	C1(C(CC2(COC(C12)O)O)O)=O
Formose	G6	C1(C(CC2(COCC12O)O)O)=O
Formose	G6	C1(C(CC2C(C1C(O)O2)O)O)=O
Formose	G6	C1(C(CC2C(O)OCC12O)O)=O
Formose	G6	C1(C(CC2C1(CC(O)O2)O)O)=O
Formose	G6	C1(C(CC2C1C(C(O)O2)O)O)=O
Formose	G6	C1(C(CC2CC1(C(O)O2)O)O)=O
Formose	G6	C1(C(CCC(C(C1O)=O)O)O)=O
Formose	G6	C1(C(CCC(C(CO)O)O1)O)=O
Formose	G6	C1(C(CCC(C(CO)O1)O)O)=O
Formose	G6	C1(C(CCC(C1(C)O)O)O)=O
Formose	G6	C1(C(CCC(C1(CO)O)O)O)=O
Formose	G6	C1(C(CCC(C1CO)O)O)=O
Formose	G6	C1(C(CCC(CO)(C1)O)O)=O
Formose	G6	C1(C(CCC(CO)(CO)O1)O)=O
Formose	G6	C1(C(CCC(CO)(CO1)O)O)=O
Formose	G6	C1(C(CCC1(C(CO)=O)O)O)=O
Formose	G6	C1(C(CCC1O)(C(C=O)O)O)=O
Formose	G6	C1(C(CCCO)(O)OCC1O)=O
Formose	G6	C1(C(CCO)(C(C(C)O1)O)O)=O
Formose	G6	C1(C(CCO)(C(C(O1)=C)O)O)=O
Formose	G6	C1(C(CCO)(C(CO)CO1)O)=O
Formose	G6	C1(C(CCO)(CC(C1O)=O)O)=O
Formose	G6	C1(C(CCO)(CC(CO)O1)O)=O
Formose	G6	C1(C(CCO)(CC(CO)O1)O)O
Formose	G6	C1(C(CCO)(CC(CO1)O)O)=O
Formose	G6	C1(C(CCO)(O)OC(C)C1O)=O
Formose	G6	C1(C(CCO)(O)OC(CO)C1)=O
Formose	G6	C1(C(CCO)(O)OCC(C1)O)=O
Formose	G6	C1(C(CCO)(O)OCC1(C)O)=O
Formose	G6	C1(C(CCO)(O)OCC1CO)=O
Formose	G6	C1(C(CCO)(O)OCCC1O)=O
Formose	G6	C1(C(CCO)C(C(CO)O1)O)=O
Formose	G6	C1(C(CCO)C(C(CO)O1)O)O
Formose	G6	C1(C(CCO)C(C(CO1)O)O)=O
Formose	G6	C1(C(CCO)C(CO1)(CO)O)=O
Formose	G6	C1(C(CCO)OC(C(C1)O)O)=O
Formose	G6	C1(C(CCO)OC(C)(C1O)O)=O
Formose	G6	C1(C(CCO)OC(C1(C)O)O)=O
Formose	G6	C1(C(CCO)OC(C1CO)O)=O
Formose	G6	C1(C(CCO)OC(CC1O)O)=O
Formose	G6	C1(C(CCO)OC(CO)(C1)O)=O
Formose	G6	C1(C(CCO)OC(CO)C1O)=O
Formose	G6	C1(C(CCO)OCC(C1O)O)=O
Formose	G6	C1(C(CCO)OCC1(CO)O)=O
Formose	G6	C1(C(CCO1)(C(CO)CO)O)=O
Formose	G6	C1(C(CCO1)(CC(CO)O)O)=O
Formose	G6	C1(C(CCOC(C)(C1O)O)O)=O
Formose	G6	C1(C(CCOC(C1(C)O)O)O)=O
Formose	G6	C1(C(CCOC(C1CO)O)O)=O
Formose	G6	C1(C(CCOC(CO)(C1)O)O)=O
Formose	G6	C1(C(CO)(C(C(C1)=C)O)O)=O
Formose	G6	C1(C(CO)(C(C(C1C)=O)O)O)=O
Formose	G6	C1(C(CO)(C(C(C1C)O)O)O)=O
Formose	G6	C1(C(CO)(C(C(C=C)O1)O)O)=O
Formose	G6	C1(C(CO)(C(C=C)(CO1)O)O)=O
Formose	G6	C1(C(CO)(C(C=CC1)O)O)=O
Formose	G6	C1(C(CO)(C(CC1(C)O)O)O)=O
Formose	G6	C1(C(CO)(C(CC1CO)O)O)=O
Formose	G6	C1(C(CO)(C(CO)C(C)O1)O)=O
Formose	G6	C1(C(CO)(C(CO)CO1)O)=O
Formose	G6	C1(C(CO)(C(CO1)C(C)O)O)=O
Formose	G6	C1(C(CO)(C)C(C(C1O)=O)O)=O
Formose	G6	C1(C(CO)(C2CC1C(O)O2)O)=O
Formose	G6	C1(C(CO)(CC(C(C1)=O)O)O)=O
Formose	G6	C1(C(CO)(CC(C)(CO1)O)O)=O
Formose	G6	C1(C(CO)(CC(C1(C)O)=O)O)=O
Formose	G6	C1(C(CO)(CC(C1(C)O)O)O)=O
Formose	G6	C1(C(CO)(CC(C1C)O)O)=O
Formose	G6	C1(C(CO)(CC(C1CO)=O)O)=O
Formose	G6	C1(C(CO)(CC(CCO)O1)O)=O
Formose	G6	C1(C(CO)(CC(CCO1)O)O)=O
Formose	G6	C1(C(CO)(CC(CO)(C)O1)O)=O
Formose	G6	C1(C(CO)(CC(CO)O1)O)=O
Formose	G6	C1(C(CO)(CC(CO1)O)O)=O
Formose	G6	C1(C(CO)(CCC(C1O)=O)O)=O
Formose	G6	C1(C(CO)(CO)CC(C1O)=O)=O
Formose	G6	C1(C(CO)(O)OC(C(C)O)C1)=O
Formose	G6	C1(C(CO)(O)OC(C(C1)O)C)=O
Formose	G6	C1(C(CO)(O)OC(C)C1(C)O)=O
Formose	G6	C1(C(CO)(O)OC(C)C1O)=O
Formose	G6	C1(C(CO)(O)OC(CC1O)C)=O
Formose	G6	C1(C(CO)(O)OC(CO)C1C)=O
Formose	G6	C1(C(CO)(O)OC(CO)CC1)=O
Formose	G6	C1(C(CO)(O)OCC(C1C)O)=O
Formose	G6	C1(C(CO)(O)OCC(CC1)O)=O
Formose	G6	C1(C(CO)(O)OCC1(C)O)=O
Formose	G6	C1(C(CO)(O)OCC1CCO)=O
Formose	G6	C1(C(CO)(O)OCCC1CO)=O
Formose	G6	C1(C(CO)(O)OCCC1O)=O
Formose	G6	C1(C(CO)=CC(C(C1O)O)=O)=O
Formose	G6	C1(C(CO)C(C(C(C)O)O1)O)=O
Formose	G6	C1(C(CO)C(C(C(C)O1)O)O)=O
Formose	G6	C1(C(CO)C(C(C1(C)O)=O)O)=O
Formose	G6	C1(C(CO)C(C(C1CO)O)O)=O
Formose	G6	C1(C(CO)C(C(C1O)=C)O)=O
Formose	G6	C1(C(CO)C(C(C1O)=O)(C)O)=O
Formose	G6	C1(C(CO)C(C(CCO)O1)O)=O
Formose	G6	C1(C(CO)C(C(CCO1)O)O)=O
Formose	G6	C1(C(CO)C(C(CO1)CO)O)=O
Formose	G6	C1(C(CO)C(C(O)=O)(CC1)O)=O
Formose	G6	C1(C(CO)C(C(O)=O)CC1O)=O
Formose	G6	C1(C(CO)C(C)(C(CO)O1)O)=O
Formose	G6	C1(C(CO)C(C)(C(CO1)O)O)=O
Formose	G6	C1(C(CO)C(C=CC1O)O)=O
Formose	G6	C1(C(CO)C(C=O)(C(C1)O)O)=O
Formose	G6	C1(C(CO)C(CC(CO)O1)O)=O
Formose	G6	C1(C(CO)C(CC(CO1)O)O)=O
Formose	G6	C1(C(CO)C(CC1CO)O)=O
Formose	G6	C1(C(CO)C(CO)(C(C)O1)O)=O
Formose	G6	C1(C(CO)C(CO)(CCO1)O)=O
Formose	G6	C1(C(CO)C(CO1)(C(C)O)O)=O
Formose	G6	C1(C(CO)C(CO1)(CCO)O)=O
Formose	G6	C1(C(CO)CC(C(C1O)=O)O)=O
Formose	G6	C1(C(CO)CC(C1(CO)O)=O)=O
Formose	G6	C1(C(CO)OC(C(C)C1O)O)=O
Formose	G6	C1(C(CO)OC(C(C)O)(C1)O)=O
Formose	G6	C1(C(CO)OC(C(C)O)C1O)=O
Formose	G6	C1(C(CO)OC(C(C1O)O)C)=O
Formose	G6	C1(C(CO)OC(C(CO)C1)O)=O
Formose	G6	C1(C(CO)OC(C)(C1CO)O)=O
Formose	G6	C1(C(CO)OC(C1(C=C)O)O)=O
Formose	G6	C1(C(CO)OC(C1CCO)O)=O
Formose	G6	C1(C(CO)OC(C1O)O)=CC=O
Formose	G6	C1(C(CO)OC(CC1(C)O)O)=O
Formose	G6	C1(C(CO)OC(CC1CO)O)=O
Formose	G6	C1(C(CO)OC(CC1O)CO)=O
Formose	G6	C1(C(CO)OC(CCC1O)O)=O
Formose	G6	C1(C(CO)OC(CCO)(C1)O)=O
Formose	G6	C1(C(CO)OC(CCO)C1O)=O
Formose	G6	C1(C(CO)OC(CO)(CC1)O)=O
Formose	G6	C1(C(CO)OC(CO)C1(C)O)=O
Formose	G6	C1(C(CO)OCC(C1(C)O)O)=O
Formose	G6	C1(C(CO)OCC1(CCO)O)=O
Formose	G6	C1(C(COC(C(C)O)(C1)O)O)=O
Formose	G6	C1(C(COC(C(CO)C1)O)O)=O
Formose	G6	C1(C(COC(C)(C1CO)O)O)=O
Formose	G6	C1(C(COC(C1(C=C)O)O)O)=O
Formose	G6	C1(C(COC(C1CCO)O)O)=O
Formose	G6	C1(C(COC(CC1(C)O)O)O)=O
Formose	G6	C1(C(COC(CC1)(CO)O)O)=O
Formose	G6	C1(C(COC(CC1CO)O)O)=O
Formose	G6	C1(C(COC(CCO)(C1)O)O)=O
Formose	G6	C1(C(COCC1(C(C)O)O)O)=O
Formose	G6	C1(C(COCC1(CO)O)O)=O
Formose	G6	C1(C(O)OC(C(C)O)C1(C)O)=O
Formose	G6	C1(C(O)OC(C(C)O)C1CO)=O
Formose	G6	C1(C(O)OC(C(C)O)C1O)=O
Formose	G6	C1(C(O)OC(C(C=C)O)C1O)=O
Formose	G6	C1(C(O)OC(C(CO)CO)C1)=O
Formose	G6	C1(C(O)OC(C(CO)O)C1C)=O
Formose	G6	C1(C(O)OC(C)C(C1(C)O)O)=O
Formose	G6	C1(C(O)OC(C)C(C1CO)O)=O
Formose	G6	C1(C(O)OC(C)C(C1O)O)=O
Formose	G6	C1(C(O)OC(C)C(CO)(C1)O)=O
Formose	G6	C1(C(O)OC(C)C(CO)C1O)=O
Formose	G6	C1(C(O)OC(C)C1(C(C)O)O)=O
Formose	G6	C1(C(O)OC(C)C1(CCO)O)=O
Formose	G6	C1(C(O)OC(C)CC1(CO)O)=O
Formose	G6	C1(C(O)OC(C=CCO)C1O)=O
Formose	G6	C1(C(O)OC(CC1O)CCO)=O
Formose	G6	C1(C(O)OC(CCCO)C1O)=O
Formose	G6	C1(C(O)OC(CO)(C)CC1O)=O
Formose	G6	C1(C(O)OC(CO)(CO)C1C)=O
Formose	G6	C1(C(O)OC(CO)C(C1C)O)=O
Formose	G6	C1(C(O)OC(CO)C(CO)C1)=O
Formose	G6	C1(C(O)OC(CO)C1(C=C)O)=O
Formose	G6	C1(C(O)OC(CO)C1CCO)=O
Formose	G6	C1(C(O)OC(CO)CC1CO)=O
Formose	G6	C1(C(O)OC2C(C(CC12)O)O)=O
Formose	G6	C1(C(O)OC2C(C1CC2O)O)=O
Formose	G6	C1(C(O)OC2C=CC(C12O)O)=O
Formose	G6	C1(C(O)OC2CC(CC12O)O)=O
Formose	G6	C1(C(O)OC2CC1(C(C2)O)O)=O
Formose	G6	C1(C(O)OC2CC1C(C2O)O)=O
Formose	G6	C1(C(O)OC2CCC(C12O)O)=O
Formose	G6	C1(C(O)OCC(C(C)O)(C1)O)=O
Formose	G6	C1(C(O)OCC(C(C)O)C1O)=O
Formose	G6	C1(C(O)OCC(C(C1C)O)O)=O
Formose	G6	C1(C(O)OCC(C(C1O)=C)O)=O
Formose	G6	C1(C(O)OCC(C(C=1)=O)O)CO
Formose	G6	C1(C(O)OCC(C(CO)C1)O)=O
Formose	G6	C1(C(O)OCC(C(CO)O)C1)=O
Formose	G6	C1(C(O)OCC(C)(CC1O)O)=O
Formose	G6	C1(C(O)OCC(C1(C=C)O)O)=O
Formose	G6	C1(C(O)OCC(C1CCO)O)=O
Formose	G6	C1(C(O)OCC(C1O)=CCO)=O
Formose	G6	C1(C(O)OCC(C=1C=O)O)CO
Formose	G6	C1(C(O)OCC(C=1CO)=O)CO
Formose	G6	C1(C(O)OCC(C=C)(C1O)O)=O
Formose	G6	C1(C(O)OCC(CC1CO)O)=O
Formose	G6	C1(C(O)OCC(CO)(C1C)O)=O
Formose	G6	C1(C(O)OCC(CO)=CC1O)=O
Formose	G6	C1(C(O)OCC(CO)C(C1)O)=O
Formose	G6	C1(C(O)OCC(CO)C1CO)=O
Formose	G6	C1(C(O)OCC(CO)C1O)=O
Formose	G6	C1(C(O)OCC1(C(CC)O)O)=O
Formose	G6	C1(C(O)OCC1(C(CO)=C)O)=O
Formose	G6	C1(C(O)OCC1(C)O)=CC(O)=O
Formose	G6	C1(C(O)OCC1(C=CCO)O)=O
Formose	G6	C1(C(O)OCC1(CC(C)O)O)=O
Formose	G6	C1(C(O)OCC1(CCCO)O)=O
Formose	G6	C1(C(O)OCC1(CCO)O)=O
Formose	G6	C1(C(O)OCC1)=C(C(O)=O)CO
Formose	G6	C1(C(O)OCC1C(CO)CO)=O
Formose	G6	C1(C(O)OCC1CC(CO)O)=O
Formose	G6	C1(C(O)OCC1O)=C(C(O)=O)C
Formose	G6	C1(C(O)OCC1O)=C(C=O)CO
Formose	G6	C1(C(O)OCC1O)=CC(CO)=O
Formose	G6	C1(C(O)OCC1O)=CC(O)=O
Formose	G6	C1(C(O)OCC=1C(CO)=O)CO
Formose	G6	C1(C(O)OCC=1C(O)=O)CO
Formose	G6	C1(C(O)OCC=1CO)CO
Formose	G6	C1(C(O)OCC=C(CO)C1O)=O
Formose	G6	C1(C(O)OCCC1(C(C)O)O)=O
Formose	G6	C1(C(O)OCCC1(CO)O)=O
Formose	G6	C1(C(O)OCCC1C(CO)O)=O
Formose	G6	C1(C(O)OCCC1O)=CC(O)=O
Formose	G6	C1(C(O)OCCC=1C(O)=O)CO
Formose	G6	C1(C(OC(C(C1O)=C)CO)O)=O
Formose	G6	C1(C(OC(C(C=1)=O)CO)O)CO
Formose	G6	C1(C(OC(C=1C=O)CO)O)CO
Formose	G6	C1(C(OC(C=C)C(C1O)O)O)=O
Formose	G6	C1(C(OC(C=C)C1(CO)O)O)=O
Formose	G6	C1(C(OC(C=CC1O)CO)O)=O
Formose	G6	C1(C(OCC(C1(CO)O)=C)O)=O
Formose	G6	C1(C(OCC(C=1)=O)O)C(CO)O
Formose	G6	C1(C(OCC=1C=O)O)C(CO)O
Formose	G6	C1(C(OCC=CC1(CO)O)O)=O
Formose	G6	C1(C)C(C(C(C(C=1)=O)O)O)O
Formose	G6	C1(C)C(C(C(C=1C(O)=O)=O)O)O
Formose	G6	C1(C)C(C(C(C=1C(O)=O)O)O)O
Formose	G6	C1(C)C(C(C(C=1C=O)O)O)O
Formose	G6	C1(C)C(C(C(C=1CO)=O)O)O
Formose	G6	C1(C)C(CO)(C(C(C=1)=O)O)O
Formose	G6	C1(C)C(CO)OC(C=1C(O)=O)O
Formose	G6	C1(C)C(CO)OC(C=1CO)O
Formose	G6	C1(C)C(COC(C=1C(O)=O)O)O
Formose	G6	C1(C)C(COC(C=1CO)O)O
Formose	G6	C1(C2(C(C(C(C)O2)(C1)O)O)O)=O
Formose	G6	C1(C2(C(C(C(C1)O)CO2)O)O)=O
Formose	G6	C1(C2(C(C(C(C1)O2)(C)O)O)O)=O
Formose	G6	C1(C2(C(C(C(C1)O2)CO)O)O)=O
Formose	G6	C1(C2(C(C(C(C1)O2)O)O)O)=O
Formose	G6	C1(C2(C(C(C(C1C)O2)O)O)O)=O
Formose	G6	C1(C2(C(C(C(C2)O)O1)O)O)=O
Formose	G6	C1(C2(C(C(C(CC1)O2)O)O)O)=O
Formose	G6	C1(C2(C(C(C(CO)O2)C1)O)O)=O
Formose	G6	C1(C2(C(C(C(CO2)O)C1)O)O)=O
Formose	G6	C1(C2(C(C(C)(CC2O)O1)O)O)=O
Formose	G6	C1(C2(C(C(C1)O)C(CO2)O)O)=O
Formose	G6	C1(C2(C(C(C1C(C)O2)O)O)O)=O
Formose	G6	C1(C2(C(C(C1C(C2)O)O)O)O)=O
Formose	G6	C1(C2(C(C(C1CCO2)O)O)O)=O
Formose	G6	C1(C2(C(C(C1O)O)CCO2)O)=O
Formose	G6	C1(C2(C(C(CC(C2)O1)O)O)O)=O
Formose	G6	C1(C2(C(C(CC1)(CO2)O)O)O)=O
Formose	G6	C1(C2(C(C(CC1CO2)O)O)O)=O
Formose	G6	C1(C2(C(C(CO)C(C2)O1)O)O)=O
Formose	G6	C1(C2(C(C(CO)C1CO2)O)O)=O
Formose	G6	C1(C2(C(C(CO1)C(C2)O)O)O)=O
Formose	G6	C1(C2(C(C(CO2)(C1)O)O)O)=O
Formose	G6	C1(C2(C(C(CO2)(C1C)O)O)O)=O
Formose	G6	C1(C2(C(C(CO2)C1CO)O)O)=O
Formose	G6	C1(C2(C(C)(C(CO2)(C1)O)O)O)=O
Formose	G6	C1(C2(C(C)C(C(C1O)O2)O)O)=O
Formose	G6	C1(C2(C(C)C(C1(CO2)O)O)O)=O
Formose	G6	C1(C2(C(C=CC(C1O)O2)O)O)=O
Formose	G6	C1(C2(C(CC(C(C2)O)O1)O)O)=O
Formose	G6	C1(C2(C(CC(C(C2)O1)O)O)O)=O
Formose	G6	C1(C2(C(CC(C1(C)O)O2)O)O)=O
Formose	G6	C1(C2(C(CC(C1O)O2)O)O)=O
Formose	G6	C1(C2(C(CC(C2(C)O)O1)O)O)=O
Formose	G6	C1(C2(C(CC(C2CO)O1)O)O)=O
Formose	G6	C1(C2(C(CC(C2CO)O1)O)O)O
Formose	G6	C1(C2(C(CC(C2CO1)O)O)O)=O
Formose	G6	C1(C2(C(CC(CC1O)O2)O)O)=O
Formose	G6	C1(C2(C(CC(CC2O)O1)O)O)=O
Formose	G6	C1(C2(C(CC(CC2O)O1)O)O)O
Formose	G6	C1(C2(C(CC1(C(C2)O)O)O)O)=O
Formose	G6	C1(C2(C(CC1(CO2)O)O)O)=O
Formose	G6	C1(C2(C(CC1O)(CCO2)O)O)=O
Formose	G6	C1(C2(C(CCC(C1O)O2)O)O)=O
Formose	G6	C1(C2(C(CCC(C2O)O1)O)O)=O
Formose	G6	C1(C2(C(CCC1(CO2)O)O)O)=O
Formose	G6	C1(C2(C(CCC2(CO1)O)O)O)=O
Formose	G6	C1(C2(C(CO)(C(CO2)C1)O)O)=O
Formose	G6	C1(C2(C(CO)(CC1CO2)O)O)=O
Formose	G6	C1(C2(C(CO)C(C(C1)O2)O)O)=O
Formose	G6	C1(C2(C(CO)C(C1CO2)O)O)=O
Formose	G6	C1(C2(C(CO)C(CO2)(C1)O)O)=O
Formose	G6	C1(C2(C(CO)CC(C1O)O2)O)=O
Formose	G6	C1(C2(C(O)OC(C2)C1(C)O)O)=O
Formose	G6	C1(C2(C(O)OC(C2)C1CO)O)=O
Formose	G6	C1(C2(C(O)OCC1C(C2)O)O)=O
Formose	G6	C1(C2(C)C(C(C1C(O2)O)O)O)=O
Formose	G6	C1(C2(C)C(CC1(C(O2)O)O)O)=O
Formose	G6	C1(C2(CC(C(C)(C1O)O2)O)O)=O
Formose	G6	C1(C2(CC(C(C1)O)(CO2)O)O)=O
Formose	G6	C1(C2(CC(C(C1)O2)(CO)O)O)=O
Formose	G6	C1(C2(CC(C(C1CO)O2)O)O)=O
Formose	G6	C1(C2(CC(C(C1CO2)O)O)O)=O
Formose	G6	C1(C2(CC(C(C1O)O2)(C)O)O)=O
Formose	G6	C1(C2(CC(C(C1O)O2)O)O)=O
Formose	G6	C1(C2(CC(C(C2(C)O)O)O1)O)=O
Formose	G6	C1(C2(CC(C(C2(C)O)O1)O)O)=O
Formose	G6	C1(C2(CC(C(C2CO)O)O1)O)O
Formose	G6	C1(C2(CC(C(C2CO)O1)O)O)O
Formose	G6	C1(C2(CC(C(C2O)O)O1)O)=O
Formose	G6	C1(C2(CC(C(CO)(C1)O2)O)O)=O
Formose	G6	C1(C2(CC(C(CO)C2O)O1)O)O
Formose	G6	C1(C2(CC(C(CO)O2)(C1)O)O)=O
Formose	G6	C1(C2(CC(C(CO2)(C1)O)O)O)=O
Formose	G6	C1(C2(CC(C(CO2)O)(C1)O)O)=O
Formose	G6	C1(C2(CC(C)(C(C2O)O)O1)O)=O
Formose	G6	C1(C2(CC(C)(C(C2O)O1)O)O)=O
Formose	G6	C1(C2(CC(C)(C1(CO2)O)O)O)=O
Formose	G6	C1(C2(CC(C1(CO)CO2)O)O)=O
Formose	G6	C1(C2(CC(C1(CO2)O)O)O)=O
Formose	G6	C1(C2(CC(C1C(CO)O2)O)O)=O
Formose	G6	C1(C2(CC(C1C(CO2)O)O)O)=O
Formose	G6	C1(C2(CC(CC(C1O)O2)O)O)=O
Formose	G6	C1(C2(CC(CC(C2O)O1)O)O)=O
Formose	G6	C1(C2(CC(CC2(CO)O)O1)O)=O
Formose	G6	C1(C2(CC(CC2(CO1)O)O)O)=O
Formose	G6	C1(C2(CC(CCO2)(C1O)O)O)=O
Formose	G6	C1(C2(CC(CO)(C1CO2)O)O)=O
Formose	G6	C1(C2(CC(CO)(CC2O)O1)O)=O
Formose	G6	C1(C2(CC(CO)(CC2O)O1)O)O
Formose	G6	C1(C2(CC(CO1)(CC2O)O)O)=O
Formose	G6	C1(C2(CC(CO2)(C1CO)O)O)=O
Formose	G6	C1(C2(CCC(C(C1O)O)O2)O)=O
Formose	G6	C1(C2(CCC(C(C1O)O2)O)O)=O
Formose	G6	C1(C2(CCC(C1(CO)O)O2)O)=O
Formose	G6	C1(C2(CCC(C1(CO2)O)O)O)=O
Formose	G6	C1(C2(CCC(CO)(C1O)O2)O)=O
Formose	G6	C1(C2(CCC(CO2)(C1O)O)O)=O
Formose	G6	C1(C2(CO)C(C(CC2O)O1)O)=O
Formose	G6	C1(C2(CO)C(CC1(CO2)O)O)=O
Formose	G6	C1(C2(CO)C(CC1C(O2)O)O)=O
Formose	G6	C1(C2(COC(C1CC2O)O)O)=O
Formose	G6	C1(C2C(C(C(C(C1)O)O2)O)O)=O
Formose	G6	C1(C2C(C(C(C(O2)O)C1)O)O)=O
Formose	G6	C1(C2C(C(C(C(O2)O)O)C1)O)=O
Formose	G6	C1(C2C(C(C(C)O2)(C1O)O)O)=O
Formose	G6	C1(C2C(C(C(C1(C)O)O2)O)O)=O
Formose	G6	C1(C2C(C(C(C1)(O2)O)O)O)=O
Formose	G6	C1(C2C(C(C(C1O)O2)(C)O)O)=O
Formose	G6	C1(C2C(C(C(C1O)O2)O)O)=O
Formose	G6	C1(C2C(C(C(C2(C)O)O)O1)O)=O
Formose	G6	C1(C2C(C(C(C2(C)O)O1)O)O)=O
Formose	G6	C1(C2C(C(C(C2CO1)O)O)O)=O
Formose	G6	C1(C2C(C(C(C2O)O1)O)O)=O
Formose	G6	C1(C2C(C(C(CC1)(O2)O)O)O)=O
Formose	G6	C1(C2C(C(C(CC1O)O2)O)O)=O
Formose	G6	C1(C2C(C(C(CO)(O2)O)C1)O)=O
Formose	G6	C1(C2C(C(C(CO)O2)(C1)O)O)=O
Formose	G6	C1(C2C(C(C(CO)O2)O1)O)O
Formose	G6	C1(C2C(C(C(O2)O)C1(C)O)O)=O
Formose	G6	C1(C2C(C(C(O2)O)C1CO)O)=O
Formose	G6	C1(C2C(C(C(O2)O)C1O)O)=O
Formose	G6	C1(C2C(C(C)(C(C1)(O2)O)O)O)=O
Formose	G6	C1(C2C(C(C1O)O)CC(O2)O)=O
Formose	G6	C1(C2C(C(CC(C1)(O2)O)O)O)=O
Formose	G6	C1(C2C(C(CC(C1O)O2)O)O)=O
Formose	G6	C1(C2C(C(CC(O2)O)C1O)O)=O
Formose	G6	C1(C2C(C(CC2(CO)O)O1)O)=O
Formose	G6	C1(C2C(C(CC2(CO1)O)O)O)=O
Formose	G6	C1(C2C(C(CO)(C(O2)O)C1)O)=O
Formose	G6	C1(C2C(C(CO)(C1CO2)O)O)=O
Formose	G6	C1(C2C(C(CO)C(C1)(O2)O)O)=O
Formose	G6	C1(C2C(C(CO)C(C2O)O1)O)=O
Formose	G6	C1(C2C(C(CO)C1(CO2)O)O)=O
Formose	G6	C1(C2C(C(CO)C1C(O2)O)O)=O
Formose	G6	C1(C2C(C(CO1)C(C2O)O)O)=O
Formose	G6	C1(C2C(C(CO2)(C1(C)O)O)O)=O
Formose	G6	C1(C2C(C)(C(C(C1)(O2)O)O)O)=O
Formose	G6	C1(C2C(C)(C(C(C1O)O2)O)O)=O
Formose	G6	C1(C2C(C)(C(C(O2)O)(C1)O)O)=O
Formose	G6	C1(C2C(C)(C(C(O2)O)C1O)O)=O
Formose	G6	C1(C2C(C)(C(CO2)(C1O)O)O)=O
Formose	G6	C1(C2C(C)(CC(C1O)(O2)O)O)=O
Formose	G6	C1(C2C(C)C(C(O2)O)(C1O)O)=O
Formose	G6	C1(C2C(CC(C(C1)(O2)O)O)O)=O
Formose	G6	C1(C2C(CC(C(C1O)O)O2)O)=O
Formose	G6	C1(C2C(CC(C(C1O)O2)O)O)=O
Formose	G6	C1(C2C(CC(C(C2O)O)O1)O)O
Formose	G6	C1(C2C(CC(C(C2O)O1)O)O)O
Formose	G6	C1(C2C(CC(C(O2)O)C1O)O)=O
Formose	G6	C1(C2C(CC(C1CO)(O2)O)O)=O
Formose	G6	C1(C2C(CC(C1O)(O2)O)O)=O
Formose	G6	C1(C2C(CC(CC1O)(O2)O)O)=O
Formose	G6	C1(C2C(CC(CC2O)O1)O)O
Formose	G6	C1(C2C(CC(CO2)(C1O)O)O)=O
Formose	G6	C1(C2C(CC1(C(O2)O)O)O)=O
Formose	G6	C1(C2C(CC1)(C(C(O2)O)O)O)=O
Formose	G6	C1(C2C(CC1O)(C(CO2)O)O)=O
Formose	G6	C1(C2C(CC1O)(CC(O2)O)O)=O
Formose	G6	C1(C2C(CCC(C1O)(O2)O)O)=O
Formose	G6	C1(C2C(CO)(C(C(O2)O)C1)O)=O
Formose	G6	C1(C2C(CO)(C(C1CO2)O)O)=O
Formose	G6	C1(C2C(CO)(CC(C1)(O2)O)O)=O
Formose	G6	C1(C2C(CO)(CC1(CO2)O)O)=O
Formose	G6	C1(C2C(CO)(CC1C(O2)O)O)=O
Formose	G6	C1(C2C(CO)C(C(C1)(O2)O)O)=O
Formose	G6	C1(C2C(CO)C(C(O2)O)C1O)=O
Formose	G6	C1(C2C(CO)C(C1(CO2)O)O)=O
Formose	G6	C1(C2C(CO)C(C1C(O2)O)O)=O
Formose	G6	C1(C2C(CO)C(CO2)(C1O)O)=O
Formose	G6	C1(C2C(O)OC(C2O)C1CO)=O
Formose	G6	C1(C2CC(C(C(C1)(O2)O)O)O)=O
Formose	G6	C1(C2CC(C(C(C1)O)(O2)O)O)=O
Formose	G6	C1(C2CC(C(C(O2)O)(C1)O)O)=O
Formose	G6	C1(C2CC(C(C(O2)O)C1O)O)=O
Formose	G6	C1(C2CC(C(C)(O2)O)(C1O)O)=O
Formose	G6	C1(C2CC(C(C1(CO)O)O2)O)=O
Formose	G6	C1(C2CC(C(C1(CO2)O)O)O)=O
Formose	G6	C1(C2CC(C(C1C(O2)O)O)O)=O
Formose	G6	C1(C2CC(C(C1CO)(O2)O)O)=O
Formose	G6	C1(C2CC(C(C1O)O)(CO2)O)=O
Formose	G6	C1(C2CC(C(C1O)O2)(CO)O)=O
Formose	G6	C1(C2CC(C(C2(CO)O)O)O1)=O
Formose	G6	C1(C2CC(C(C2(CO)O)O1)O)=O
Formose	G6	C1(C2CC(C(C2(CO1)O)O)O)=O
Formose	G6	C1(C2CC(C(CC1O)(O2)O)O)=O
Formose	G6	C1(C2CC(C(CO)(C1O)O2)O)=O
Formose	G6	C1(C2CC(C(CO)(C2O)O)O1)=O
Formose	G6	C1(C2CC(C(CO)(C2O)O1)O)=O
Formose	G6	C1(C2CC(C(CO)(O2)O)(C1)O)=O
Formose	G6	C1(C2CC(C(CO)O2)(C1O)O)=O
Formose	G6	C1(C2CC(C(CO2)(C1O)O)O)=O
Formose	G6	C1(C2CC(C(CO2)O)(C1O)O)=O
Formose	G6	C1(C2CC(C(O2)O)(C1(C)O)O)=O
Formose	G6	C1(C2CC(C(O2)O)(C1O)O)=O
Formose	G6	C1(C2CC(C(O2)O)(CC1O)O)=O
Formose	G6	C1(C2CC(C(O2)O)C1(CO)O)=O
Formose	G6	C1(C2CC(C)(C1(C(O2)O)O)O)=O
Formose	G6	C1(C2CC(C1(C(C)(O2)O)O)O)=O
Formose	G6	C1(C2CC(C1(C(CO)O2)O)O)=O
Formose	G6	C1(C2CC(C1(C(CO2)O)O)O)=O
Formose	G6	C1(C2CC(C1(C(O2)O)O)O)=O
Formose	G6	C1(C2CC(C1(CC(O2)O)O)O)=O
Formose	G6	C1(C2CC(C1(CO)C(O2)O)O)=O
Formose	G6	C1(C2CC(C1C(C(O2)O)O)O)=O
Formose	G6	C1(C2CC(C1C(CO)(O2)O)O)=O
Formose	G6	C1(C2CC(CC(C1O)(O2)O)O)=O
Formose	G6	C1(C2CC(CC(O2)O)(C1O)O)=O
Formose	G6	C1(C2CC(CC1(C(O2)O)O)O)=O
Formose	G6	C1(C2CC(CO)(C1(CO2)O)O)=O
Formose	G6	C1(C2CC(CO)(C1C(O2)O)O)=O
Formose	G6	C1(C2CC(CO2)(C1(CO)O)O)=O
Formose	G6	C1(C2CCC(C(C1O)O)(O2)O)=O
Formose	G6	C1(C2CCC(C(O2)O)(C1O)O)=O
Formose	G6	C1(C2COC(C1C(C2O)O)O)=O
Formose	G6	C1(C2COC(C2O)(C1CO)O)=O
Formose	G6	C1(C=C(C(O)=O)C(C(C1)O)O)=O
Formose	G6	C1(C=C(C(O)=O)C(C1(C)O)O)=O
Formose	G6	C1(C=C(C(O)=O)C(C1CO)O)=O
Formose	G6	C1(C=C(C(O)=O)CC1(CO)O)=O
Formose	G6	C1(C=C(C=O)C(C1(CO)O)O)=O
Formose	G6	C1(C=CC(C(C(C1O)O)O)=O)=O
Formose	G6	C1(C=CC(C(C1(CO)O)O)=O)=O
Formose	G6	C1(CC(C(C(C(O)=O)O)C1)O)=O
Formose	G6	C1(CC(C(C(C1(C)O)=O)O)O)=O
Formose	G6	C1(CC(C(C(C1(C)O)O)O)O)=O
Formose	G6	C1(CC(C(C(C1)O)=O)(CO)O)=O
Formose	G6	C1(CC(C(C(C1)O)O)O)=O
Formose	G6	C1(CC(C(C(C1CO)O)=O)O)=O
Formose	G6	C1(CC(C(C(C1CO)O)O)O)=O
Formose	G6	C1(CC(C(C(C1O)=C)O)O)=O
Formose	G6	C1(CC(C(C(C1O)O)=C)O)=O
Formose	G6	C1(CC(C(C(C=O)O)(C1)O)O)=O
Formose	G6	C1(CC(C(C(CO)CO)O1)O)=O
Formose	G6	C1(CC(C(C(CO)O)C1)O)=O
Formose	G6	C1(CC(C(C(CO1)CO)O)O)=O
Formose	G6	C1(CC(C(C(O)=O)=CC1O)O)=O
Formose	G6	C1(CC(C(C(O1)=C)(CO)O)O)=O
Formose	G6	C1(CC(C(C)(C(C1)O)O)O)=O
Formose	G6	C1(CC(C(C)(C1(C)O)O)O)=O
Formose	G6	C1(CC(C(C)(C1CO)O)O)=O
Formose	G6	C1(CC(C(C)C1(CO)O)O)=O
Formose	G6	C1(CC(C(C1(C(C)=O)O)O)O)=O
Formose	G6	C1(CC(C(C1(C(C)O)O)=O)O)=O
Formose	G6	C1(CC(C(C1(C)O)O)O)=O
Formose	G6	C1(CC(C(C1(C=C)O)O)O)=O
Formose	G6	C1(CC(C(C1(CCO)O)=O)O)=O
Formose	G6	C1(CC(C(C1(CCO)O)O)O)=O
Formose	G6	C1(CC(C(C1(CO)CO)=O)O)=O
Formose	G6	C1(CC(C(C1(CO)CO)O)O)=O
Formose	G6	C1(CC(C(C1(CO)O)=C)O)=O
Formose	G6	C1(CC(C(C1C(CO)O)=O)O)=O
Formose	G6	C1(CC(C(C1CO)O)O)=O
Formose	G6	C1(CC(C(C1O)=C)(CO)O)=O
Formose	G6	C1(CC(C(C1O)=CC(O)=O)O)=O
Formose	G6	C1(CC(C(C1O)=CCO)O)=O
Formose	G6	C1(CC(C(C=1)=O)(CO)O)CO
Formose	G6	C1(CC(C(C=1)=O)O)C(CO)O
Formose	G6	C1(CC(C(C=CC1O)O)O)=O
Formose	G6	C1(CC(C(CC(C1O)=O)O)O)=O
Formose	G6	C1(CC(C(CC1(CO)O)O)O)=O
Formose	G6	C1(CC(C(CO)(C(C)O)O1)O)=O
Formose	G6	C1(CC(C(CO)(C(C)O1)O)O)=O
Formose	G6	C1(CC(C(CO)(C(C1)O)O)O)=O
Formose	G6	C1(CC(C(CO)(C1(C)O)O)O)=O
Formose	G6	C1(CC(C(CO)(C1)O)O)=O
Formose	G6	C1(CC(C(CO)(C1CO)O)O)=O
Formose	G6	C1(CC(C(CO)(CCO)O1)O)=O
Formose	G6	C1(CC(C(CO)(CCO1)O)O)=O
Formose	G6	C1(CC(C(CO)(O)OCC1)O)=O
Formose	G6	C1(CC(C(CO)=CC1O)O)=O
Formose	G6	C1(CC(C(CO)C(C1)O)O)=O
Formose	G6	C1(CC(C(CO)C(CO)O1)O)=O
Formose	G6	C1(CC(C(CO)C(CO1)O)O)=O
Formose	G6	C1(CC(C(CO)C1(C)O)O)=O
Formose	G6	C1(CC(C(CO)O)(O)OCC1)=O
Formose	G6	C1(CC(C(CO)O)C(CO1)O)=O
Formose	G6	C1(CC(C(CO)O1)C(CO)O)=O
Formose	G6	C1(CC(C(CO1)(C(C)O)O)O)=O
Formose	G6	C1(CC(C(CO1)(CCO)O)O)=O
Formose	G6	C1(CC(C(CO1)C(CO)O)O)=O
Formose	G6	C1(CC(C(O)=O)=CC1(CO)O)=O
Formose	G6	C1(CC(C(O)OCC1)(CO)O)=O
Formose	G6	C1(CC(C(O)OCC1CO)O)=O
Formose	G6	C1(CC(C)(C(C(C1)O)O)O)=O
Formose	G6	C1(CC(C)(C(C1(C)O)O)O)=O
Formose	G6	C1(CC(C)(C(CO)(CO)O1)O)=O
Formose	G6	C1(CC(C)(C(CO1)(CO)O)O)=O
Formose	G6	C1(CC(C)(O)OCC1(CO)O)=O
Formose	G6	C1(CC(C)(OC1(CO)CO)O)=O
Formose	G6	C1(CC(C)C(C1(CO)O)O)=O
Formose	G6	C1(CC(C2(CC1(CO2)O)O)O)=O
Formose	G6	C1(CC(C2(COC(C12)O)O)O)=O
Formose	G6	C1(CC(C2C(O)OCC12O)O)=O
Formose	G6	C1(CC(C2C1(CC(O)O2)O)O)=O
Formose	G6	C1(CC(C2COC(C12O)O)O)=O
Formose	G6	C1(CC(C=C(C(O)=O)C1O)O)=O
Formose	G6	C1(CC(C=C(CO)C1O)O)=O
Formose	G6	C1(CC(C=CC1(CO)O)O)=O
Formose	G6	C1(CC(C=CC1O)(CO)O)=O
Formose	G6	C1(CC(CC(C(CO)O)O1)O)=O
Formose	G6	C1(CC(CC(C(CO)O1)O)O)=O
Formose	G6	C1(CC(CC(C1(C)O)O)O)=O
Formose	G6	C1(CC(CC(C1(CO)O)=O)O)=O
Formose	G6	C1(CC(CC(C1CO)O)O)=O
Formose	G6	C1(CC(CC(CO)(C1)O)O)=O
Formose	G6	C1(CC(CC(CO)(CO)O1)O)=O
Formose	G6	C1(CC(CC(CO1)(CO)O)O)=O
Formose	G6	C1(CC(CC1(C(CO)=O)O)O)=O
Formose	G6	C1(CC(CC1C(CO)O)O)=O
Formose	G6	C1(CC(CCC1(CO)O)O)=O
Formose	G6	C1(CC(CCO)(C(CO)O1)O)=O
Formose	G6	C1(CC(CCO)(C(CO1)O)O)=O
Formose	G6	C1(CC(CCO1)(C(CO)O)O)=O
Formose	G6	C1(CC(CO)(C(C(C)O)O1)O)=O
Formose	G6	C1(CC(CO)(C(C(C)O1)O)O)=O
Formose	G6	C1(CC(CO)(C(C(C1)O)O)O)=O
Formose	G6	C1(CC(CO)(C(C)(CO)O1)O)=O
Formose	G6	C1(CC(CO)(C(C)(CO1)O)O)=O
Formose	G6	C1(CC(CO)(C(C1(C)O)O)O)=O
Formose	G6	C1(CC(CO)(C(C1CO)O)O)=O
Formose	G6	C1(CC(CO)(C(CCO)O1)O)=O
Formose	G6	C1(CC(CO)(C(CCO1)O)O)=O
Formose	G6	C1(CC(CO)(C(CO)(C1)O)O)=O
Formose	G6	C1(CC(CO)(C(CO1)CO)O)=O
Formose	G6	C1(CC(CO)(CC1(C)O)O)=O
Formose	G6	C1(CC(CO)(CO)OC(C1)O)=O
Formose	G6	C1(CC(CO)(O)OC(CO)C1)=O
Formose	G6	C1(CC(CO)(O)OCC(C1)O)=O
Formose	G6	C1(CC(CO)(O)OCC1CO)=O
Formose	G6	C1(CC(CO)=CC1(CO)O)=O
Formose	G6	C1(CC(CO)C(C(C1O)=O)O)=O
Formose	G6	C1(CC(CO)C(C(CO)O)O1)=O
Formose	G6	C1(CC(CO)C(C(CO)O1)O)=O
Formose	G6	C1(CC(CO)C(C(CO1)O)O)=O
Formose	G6	C1(CC(CO)C(C1(C)O)O)=O
Formose	G6	C1(CC(CO)C(C1(CO)O)O)=O
Formose	G6	C1(CC(CO)C(C1CO)O)=O
Formose	G6	C1(CC(CO)C(CO)(CO)O1)=O
Formose	G6	C1(CC(CO)C(CO1)(CO)O)=O
Formose	G6	C1(CC(CO)OC(C1CO)O)=O
Formose	G6	C1(CC(CO1)(C(C(C)O)O)O)=O
Formose	G6	C1(CC(CO1)(C(C)(CO)O)O)=O
Formose	G6	C1(CC(CO1)(C(CCO)O)O)=O
Formose	G6	C1(CC(CO1)(C(CO)CO)O)=O
Formose	G6	C1(CC(COC(C1)O)(CO)O)=O
Formose	G6	C1(CC(COC(C1CO)O)O)=O
Formose	G6	C1(CC(O)OC(CO)C1(C)O)=O
Formose	G6	C1(CC(O)OCC(C1(C)O)O)=O
Formose	G6	C1(CC(O)OCC1(CCO)O)=O
Formose	G6	C1(CC(O)OCC1(CO)CO)=O
Formose	G6	C1(CC(O)OCCC1(CO)O)=O
Formose	G6	C1(CC(OC1(CO)CCO)O)=O
Formose	G6	C1(CC2(C(C(C1(C)O2)O)O)O)=O
Formose	G6	C1(CC2(C(C(C1CO2)O)O)O)=O
Formose	G6	C1(CC2(C(C)(C1(CO2)O)O)O)=O
Formose	G6	C1(CC2(C(C1(CC2)O)O)O)=O
Formose	G6	C1(CC2(C(C1(CC2O)O)O)O)=O
Formose	G6	C1(CC2(C(C1(CCO2)O)O)O)=O
Formose	G6	C1(CC2(C(C1(CO2)CO)O)O)=O
Formose	G6	C1(CC2(C(C1(CO2)O)O)O)=O
Formose	G6	C1(CC2(C(C1)(O)OCC2O)O)=O
Formose	G6	C1(CC2(C(C1C(CO)O2)O)O)=O
Formose	G6	C1(CC2(C(C1C(CO2)O)O)O)=O
Formose	G6	C1(CC2(C(CO)(C1CO2)O)O)=O
Formose	G6	C1(CC2(C(CO)C1(CO2)O)O)=O
Formose	G6	C1(CC2(C(O)OCC1(C2)O)O)=O
Formose	G6	C1(CC2(C(O)OCC1C2O)O)=O
Formose	G6	C1(CC2(C=CC1(C2O)O)O)=O
Formose	G6	C1(CC2(CC(C1(CO)O2)O)O)=O
Formose	G6	C1(CC2(CC(C1(CO2)O)O)O)=O
Formose	G6	C1(CC2(CC1(C(CO)O2)O)O)=O
Formose	G6	C1(CC2(CC1(C(CO2)O)O)O)=O
Formose	G6	C1(CC2(CC1(CO)OC2O)O)=O
Formose	G6	C1(CC2(CO)C(C1C(O)O2)O)=O
Formose	G6	C1(CC2(CO)CC1(C(O)O2)O)=O
Formose	G6	C1(CC2(COC(C1(C2)O)O)O)=O
Formose	G6	C1(CC2(COC(C1C2O)O)O)=O
Formose	G6	C1(CC2(COC(C2(C1)O)O)O)=O
Formose	G6	C1(CC2(COC(C2O)(C1)O)O)=O
Formose	G6	C1(CC2C(C(C(C1)(O)O2)O)O)=O
Formose	G6	C1(CC2C(C(C(C2O)O)O)O1)O
Formose	G6	C1(CC2C(C(C(C2O)O1)O)O)O
Formose	G6	C1(CC2C(C1(C(C2)O)O)O)=O
Formose	G6	C1(CC2C(C1(C(C2O)O)O)O)=O
Formose	G6	C1(CC2C(C1(C(O)O2)CO)O)=O
Formose	G6	C1(CC2C(C1(CC(O)O2)O)O)=O
Formose	G6	C1(CC2C(C1(CO)OC2O)O)=O
Formose	G6	C1(CC2C(C1C(CO)(O)O2)O)=O
Formose	G6	C1(CC2C(CO)(C1C(O)O2)O)=O
Formose	G6	C1(CC2C(CO)C1(C(O)O2)O)=O
Formose	G6	C1(CC2C(O)OCC1(C2O)O)=O
Formose	G6	C1(CC2CC1(C(C(O)O2)O)O)=O
Formose	G6	C1(CC2COC(C1(C2O)O)O)=O
Formose	G6	C1(CC=C(C(O)=O)C1(CO)O)=O
Formose	G6	C1(CC=C(CO)C1(CO)O)=O
Formose	G6	C1(CC=CC1(C(C(O)=O)O)O)=O
Formose	G6	C1(CC=CC1(C(CO)O)O)=O
Formose	G6	C1(CCC(C(C(CO)O)O)O1)=O
Formose	G6	C1(CCC(C(C(CO)O)O1)O)=O
Formose	G6	C1(CCC(C(C(CO)O1)O)O)=O
Formose	G6	C1(CCC(C(C1(CO)O)=O)O)=O
Formose	G6	C1(CCC(C(CO)(CO)O)O1)=O
Formose	G6	C1(CCC(C(CO)(CO)O1)O)=O
Formose	G6	C1(CCC(C(CO1)(CO)O)O)=O
Formose	G6	C1(CCC(C1(C(C)O)O)O)=O
Formose	G6	C1(CCC(C1(C(CO)O)O)=O)=O
Formose	G6	C1(CCC(CO)(C(CO)O)O1)=O
Formose	G6	C1(CCC(CO)(C(CO)O1)O)=O
Formose	G6	C1(CCC(CO)(C(CO1)O)O)=O
Formose	G6	C1(CCC(CO)(C1(C)O)O)=O
Formose	G6	C1(CCC(CO)(C1(CO)O)O)=O
Formose	G6	C1(CCC(CO)(C1CO)O)=O
Formose	G6	C1(CCC(CO1)(C(CO)O)O)=O
Formose	G6	C1(CCC(O)OCC1(CO)O)=O
Formose	G6	C1(CCC(OC1(CO)CO)O)=O
Formose	G6	C1(CCC2(C(C1(CO2)O)O)O)=O
Formose	G6	C1(CCC2(C(O)OCC12O)O)=O
Formose	G6	C1(CCCC(C1(CO)O)O)=O
Formose	G6	C1(CCCOC(C1(CO)O)O)=O
Formose	G6	C1(CCOC(C(C1CO)O)O)=O
Formose	G6	C1(CCOC(C)(C1(CO)O)O)=O
Formose	G6	C1(CCOC(C1(CCO)O)O)=O
Formose	G6	C1(CCOC(C1C(CO)O)O)=O
Formose	G6	C1(CCOC(CO)(C1CO)O)=O
Formose	G6	C1(CO)C(C(C(C(C=1)=O)=O)O)O
Formose	G6	C1(CO)C(C(C(C=1C)=O)O)O
Formose	G6	C1(CO)C(C(C(C=1C=O)=O)O)O
Formose	G6	C1(CO)C(C(C(C=1CO)O)O)O
Formose	G6	C1(CO)C(C(CC(C=1)=O)O)O
Formose	G6	C1(CO)C(C(CC=1C=O)O)O
Formose	G6	C1(CO)C(C(CO)(OCC=1)O)O
Formose	G6	C1(CO)C(C(CO)O)OC(C=1)=O
Formose	G6	C1(CO)C(C(CO)O)OC(C=1)O
Formose	G6	C1(CO)C(C(CO)OC(C=1)=O)O
Formose	G6	C1(CO)C(C(CO)OC(C=1)O)O
Formose	G6	C1(CO)C(C(COC(C=1)=O)O)O
Formose	G6	C1(CO)C(C(COC(C=1)O)O)O
Formose	G6	C1(CO)C(C(OCC=1)O)(CO)O
Formose	G6	C1(CO)C(C(OCC=1)O)CO
Formose	G6	C1(CO)C(C(OCC=1)O)O
Formose	G6	C1(CO)C(C(OCC=1C=O)O)O
Formose	G6	C1(CO)C(C(OCC=1CO)O)O
Formose	G6	C1(CO)C(C)(C(C(C=1)=O)O)O
Formose	G6	C1(CO)C(CC(C=1C(O)=O)O)O
Formose	G6	C1(CO)C(CC(C=1C=O)O)O
Formose	G6	C1(CO)C(CC(C=1CO)=O)O
Formose	G6	C1(CO)C(CO)(CC(C=1)=O)O
Formose	G6	C1(CO)C(CO)(CO)OC(C=1)=O
Formose	G6	C1(CO)C(CO)(CO)OC(C=1)O
Formose	G6	C1(CO)C(CO)(COC(C=1)=O)O
Formose	G6	C1(CO)C(CO)(COC(C=1)O)O
Formose	G6	C1(CO)C(CO)(OCC(C=1)=O)O
Formose	G6	C1(CO)C(CO)(OCC=1C=O)O
Formose	G6	C1(CO)C(CO)C(C(C=1)=O)O
Formose	G6	C1(CO)C(CO)OC(C=1CO)O
Formose	G6	C1(CO)C(COC(C=1CO)O)O
Formose	G6	C1(CO)CC(C(C(C=1)=O)O)O
Formose	G6	C1(CO)CC(C(C=1C(O)=O)O)O
Formose	G6	C1(CO)CC(C(C=1C=O)O)O
Formose	G6	C1(CO)CC(C(C=1CO)=O)O
Formose	G6	C1(CO)CCOC(C=1C(O)=O)O
Formose	G6	C1(CO)CCOC(C=1CO)O
Formose	G6	C1(CO)COC(C(C=1)=O)(CO)O
Formose	G6	C1(CO)COC(C=1C(C)O)O
Formose	G6	C1(CO)COC(C=1C(CO)O)O
Formose	G6	C1(CO)COC(C=1CO)(CO)O
Formose	G6	C1(COC(C(C(C)O)O)(C1)O)=O
Formose	G6	C1(COC(C(C(C)O)O)C1O)=O
Formose	G6	C1(COC(C(C(C1O)O)=C)O)=O
Formose	G6	C1(COC(C(C(CO)C1)O)O)=O
Formose	G6	C1(COC(C(C(CO)O)C1)O)=O
Formose	G6	C1(COC(C(C)(C(C1)O)O)O)=O
Formose	G6	C1(COC(C(C)(C1(C)O)O)O)=O
Formose	G6	C1(COC(C(C)(CC1O)O)O)=O
Formose	G6	C1(COC(C(C)C1(CO)O)O)=O
Formose	G6	C1(COC(C(C)O)(C1(C)O)O)=O
Formose	G6	C1(COC(C(C)O)(C1CO)O)=O
Formose	G6	C1(COC(C(C)O)C1(CO)O)=O
Formose	G6	C1(COC(C(C1(C=C)O)O)O)=O
Formose	G6	C1(COC(C(C1(CC)O)O)O)=O
Formose	G6	C1(COC(C(C1O)=C)(CO)O)=O
Formose	G6	C1(COC(C(C1O)O)(CC)O)=O
Formose	G6	C1(COC(C(C1O)O)O)=CC=O
Formose	G6	C1(COC(C(C=1C(O)=O)O)O)C
Formose	G6	C1(COC(C(C=C)O)(C1O)O)=O
Formose	G6	C1(COC(C(CC)(C1O)O)O)=O
Formose	G6	C1(COC(C(CC1(C)O)O)O)=O
Formose	G6	C1(COC(C(CCO)C1O)O)=O
Formose	G6	C1(COC(C(CCO)O)(C1)O)=O
Formose	G6	C1(COC(C(CO)(C)O)(C1)O)=O
Formose	G6	C1(COC(C(CO)(C1C)O)O)=O
Formose	G6	C1(COC(C(CO)(CC1)O)O)=O
Formose	G6	C1(COC(C(CO)=CC1O)O)=O
Formose	G6	C1(COC(C(CO)C1CO)O)=O
Formose	G6	C1(COC(C(CO)CO)(C1)O)=O
Formose	G6	C1(COC(C(CO)O)C1CO)=O
Formose	G6	C1(COC(C)(C(C)(C1O)O)O)=O
Formose	G6	C1(COC(C)(C(CC1O)O)O)=O
Formose	G6	C1(COC(C)(C1(C(C)O)O)O)=O
Formose	G6	C1(COC(C)(C1(CO)CO)O)=O
Formose	G6	C1(COC(C)(C1C(CO)O)O)=O
Formose	G6	C1(COC(C)(C1O)O)=CC(O)=O
Formose	G6	C1(COC(C)(CC(C1O)O)O)=O
Formose	G6	C1(COC(C)C(C1(CO)O)O)=O
Formose	G6	C1(COC(C)C(CO)(C1O)O)=O
Formose	G6	C1(COC(C1(C(C)O)O)O)=O
Formose	G6	C1(COC(C1(C(C=C)O)O)O)=O
Formose	G6	C1(COC(C1(C(CC)O)O)O)=O
Formose	G6	C1(COC(C1(C)O)O)=CC(O)=O
Formose	G6	C1(COC(C1(CC(C)O)O)O)=O
Formose	G6	C1(COC(C1)O)=C(C(O)=O)CO
Formose	G6	C1(COC(C1C(CO)CO)O)=O
Formose	G6	C1(COC(C1CC(CO)O)O)=O
Formose	G6	C1(COC(C1CO)O)=CC(O)=O
Formose	G6	C1(COC(C1O)O)=C(C=O)CO
Formose	G6	C1(COC(C1O)O)=CC(O)=O
Formose	G6	C1(COC(C=1)=O)C(C(CO)O)O
Formose	G6	C1(COC(C=1)=O)C(CO)(CO)O
Formose	G6	C1(COC(C=1)O)C(C(CO)O)O
Formose	G6	C1(COC(C=1)O)C(CO)CO
Formose	G6	C1(COC(C=1C(CO)O)=O)CO
Formose	G6	C1(COC(C=1C(CO)O)O)C
Formose	G6	C1(COC(C=1C(O)=O)(CO)O)C
Formose	G6	C1(COC(C=1C(O)=O)O)CCO
Formose	G6	C1(COC(C=1C(O)=O)O)CO
Formose	G6	C1(COC(C=1CO)(CO)O)C
Formose	G6	C1(COC(C=1CO)O)C(CO)O
Formose	G6	C1(COC(C=1CO)O)CCO
Formose	G6	C1(COC(C=C)(C1(CO)O)O)=O
Formose	G6	C1(COC(C=CCO)(C1O)O)=O
Formose	G6	C1(COC(CC(C)(C1O)O)O)=O
Formose	G6	C1(COC(CC(C)O)(C1O)O)=O
Formose	G6	C1(COC(CC(C1(C)O)O)O)=O
Formose	G6	C1(COC(CC(CO)C1O)O)=O
Formose	G6	C1(COC(CC(CO)O)(C1)O)=O
Formose	G6	C1(COC(CC1(C(C)O)O)O)=O
Formose	G6	C1(COC(CC1(CCO)O)O)=O
Formose	G6	C1(COC(CC1(CO)CO)O)=O
Formose	G6	C1(COC(CC1)(C(CO)O)O)=O
Formose	G6	C1(COC(CC1C(CO)O)O)=O
Formose	G6	C1(COC(CC1O)(C(C)O)O)=O
Formose	G6	C1(COC(CC1O)(CCO)O)=O
Formose	G6	C1(COC(CC1O)O)=CC(O)=O
Formose	G6	C1(COC(CCC1(CO)O)O)=O
Formose	G6	C1(COC(CCCO)(C1O)O)=O
Formose	G6	C1(COC(CCO)(C1CO)O)=O
Formose	G6	C1(COC(CO)(C(C)C1O)O)=O
Formose	G6	C1(COC(CO)(C(C)O)C1O)=O
Formose	G6	C1(COC(CO)(C(C1C)O)O)=O
Formose	G6	C1(COC(CO)(C(CC1)O)O)=O
Formose	G6	C1(COC(CO)(C(CO)C1)O)=O
Formose	G6	C1(COC(CO)(C1(C)O)O)=O
Formose	G6	C1(COC(CO)(C1)O)=CC(O)=O
Formose	G6	C1(COC(CO)(C1C(C)O)O)=O
Formose	G6	C1(COC(CO)(CC1CO)O)=O
Formose	G6	C1(COC(CO)(CCC1O)O)=O
Formose	G6	C1(COC(CO)(CO)C(C1)O)=O
Formose	G6	C1(COC(CO)(CO)C1(C)O)=O
Formose	G6	C1(COC(CO)(CO)C1CO)=O
Formose	G6	C1(COC(CO)C(C(C1)O)O)=O
Formose	G6	C1(COC(CO)C(C1CO)O)=O
Formose	G6	C1(COC(CO)CC(C1O)O)=O
Formose	G6	C1(COC2(C(C1(CC2)O)O)O)=O
Formose	G6	C1(COC2(C(CC(C12)O)O)O)=O
Formose	G6	C1(COC2(CC(C(C12)O)O)O)=O
Formose	G6	C1(COC2(CC1(C(C2)O)O)O)=O
Formose	G6	C1(COC2(CC1(CC2O)O)O)=O
Formose	G6	C1(COC2(CC1C(C2O)O)O)=O
Formose	G6	C1(COC2(CCC(C12O)O)O)=O
Formose	G6	C1(COC2C(C1(C(C2)O)O)O)=O
Formose	G6	C1(COC2C(C1C(C2O)O)O)=O
Formose	G6	C1(COC2C(CC(C12O)O)O)=O
Formose	G6	C1(COCC(C(C)O)(C1O)O)=O
Formose	G6	C1(COCC(C(C1CO)O)O)=O
Formose	G6	C1(COCC(CO)(C1(C)O)O)=O
Formose	G6	C1(COCC(CO)(C1CO)O)=O
Formose	G6	C1(COCC1(C(CO)CO)O)=O
Formose	G6	C1(COCC1C(C(CO)O)O)=O
Formose	G6	C1(COCC1C(CO)(CO)O)=O
Formose	G6	C1(COCC1O)=C(C(O)=O)CO
Formose	G6	C12C(C(CO1)O)C(C(C)(O)O2)O
Formose	G6	C12C(C3(CC1(CC3(O)O2)O)O)O
Formose	G6	C12C(C3C(C(C1C3O)O)(O)O2)O
Formose	G6	C12C(CC(C(CC1O)(O)O2)O)O
Formose	G6	C12C(O)OCC1(C(C(C=2)=O)O)O
Formose	G6	C12CC(C(C(C1)O)(O)O2)O
Formose	G6	C12CC(C(C(C1O)O)(O)O2)O
Formose	G6	C12CC(C(C(CC1O)(O)O2)O)O
Formose	G6	C12CC(C(CC(C1)O)(O)O2)O
Formose	G6	C12CC(C(CC(C1O)O)(O)O2)O
Formose	G6	C12CC(CC(C(C1O)O)(O)O2)O
Formose	G6	C12COC(C1(C(C(C=2)=O)O)O)O
Formose	G6	C12COC(C=1C(C(C2O)O)O)O
Formose	G6	C1C(C(C(C(C(C=1)=O)O)O)O)O
Formose	G6	C1C(C(C(C(C(C=1)O)O)=O)=O)O
Formose	G6	C1C(C(C(C(C=1)=O)(CO)O)O)O
Formose	G6	C1C(C(C(C(C=1C=O)O)O)O)O
Formose	G6	C1C(C(C(C(C=1CO)=O)O)O)O
Formose	G6	C1C(C(C(C(CO)O1)O)O)O
Formose	G6	C1C(C(C(C(O)O1)CCO)O)O
Formose	G6	C1C(C(C(C)O)(C(C)(O)O1)O)O
Formose	G6	C1C(C(C(C=1)=O)(C(C)O)O)O
Formose	G6	C1C(C(C(C=1)=O)(C(CO)O)O)O
Formose	G6	C1C(C(C(C=1)=O)(CO)CO)O
Formose	G6	C1C(C(C(C=1)=O)C(CO)O)O
Formose	G6	C1C(C(C(C=1)O)O)O
Formose	G6	C1C(C(C(C=1C(C)=O)O)O)O
Formose	G6	C1C(C(C(C=1C(C)O)=O)O)O
Formose	G6	C1C(C(C(C=1C(C=O)=O)O)O)O
Formose	G6	C1C(C(C(C=1C(CO)=O)O)O)O
Formose	G6	C1C(C(C(C=1C(CO)O)=O)O)O
Formose	G6	C1C(C(C(C=1C(O)=O)(C)O)O)O
Formose	G6	C1C(C(C(C=1C(O)=O)=O)CO)O
Formose	G6	C1C(C(C(C=1C(O)=O)=O)O)O
Formose	G6	C1C(C(C(C=1C(O)=O)O)O)O
Formose	G6	C1C(C(C(C=1C=O)(C)O)O)O
Formose	G6	C1C(C(C(C=1C=O)=O)(CO)O)O
Formose	G6	C1C(C(C(C=1C=O)CO)O)O
Formose	G6	C1C(C(C(C=1CO)(CO)O)O)O
Formose	G6	C1C(C(C(C=1CO)=O)(CO)O)O
Formose	G6	C1C(C(C(C=1CO)=O)CO)O
Formose	G6	C1C(C(C(C=1CO)O)O)O
Formose	G6	C1C(C(C(CC(C=1)=O)O)O)O
Formose	G6	C1C(C(C(CCCO)(O)O1)O)O
Formose	G6	C1C(C(C(CO)C(C)(O)O1)O)O
Formose	G6	C1C(C(C(CO)CC(O)O1)O)O
Formose	G6	C1C(C(C(CO)O)O)OC(C=1)=O
Formose	G6	C1C(C(C(CO)O)OC(C=1)=O)O
Formose	G6	C1C(C(C(CO)O1)O)O
Formose	G6	C1C(C(C(CO)OC(C=1)=O)O)O
Formose	G6	C1C(C(C(O)=O)=O)C(C(C=1)O)O
Formose	G6	C1C(C(C(O)O1)(CC(C)O)O)O
Formose	G6	C1C(C(C(O)O1)(CCCO)O)O
Formose	G6	C1C(C(C(O)O1)(CO)CO)O
Formose	G6	C1C(C(C(O)O1)CCO)O
Formose	G6	C1C(C(C(O)O1)O)C(CCO)O
Formose	G6	C1C(C(C(OCC=1C=O)O)O)O
Formose	G6	C1C(C(C)(C(C(C=1)=O)O)O)O
Formose	G6	C1C(C(C)(C(C=1C=O)O)O)O
Formose	G6	C1C(C(C)O)(C(C(C)(O)O1)O)O
Formose	G6	C1C(C(C)O)(C(C(C=1)=O)O)O
Formose	G6	C1C(C(C)O)(C(C(O)O1)CO)O
Formose	G6	C1C(C(C)O)(C(C)(C(O)O1)O)O
Formose	G6	C1C(C(C)O)C(C(O)O1)(CO)O
Formose	G6	C1C(C(C)O)OC(C=1C(O)=O)O
Formose	G6	C1C(C(C)O)OC(C=1CO)O
Formose	G6	C1C(C(C)OC(C=1C(O)=O)O)O
Formose	G6	C1C(C(C)OC(C=1CO)O)O
Formose	G6	C1C(C(C2(C=1C(O)OC2)O)O)O
Formose	G6	C1C(C(C2(CCC(O)O2)O1)O)O
Formose	G6	C1C(C(C=O)=O)(C(C(C=1)O)O)O
Formose	G6	C1C(C(CC(C(C=1)=O)O)O)O
Formose	G6	C1C(C(CC(C=1C(O)=O)O)O)O
Formose	G6	C1C(C(CC(C=1C=O)O)O)O
Formose	G6	C1C(C(CC(CCO)(O)O1)O)O
Formose	G6	C1C(C(CCO)(C(C)(O)O1)O)O
Formose	G6	C1C(C(CCO)(OCC=1)O)O
Formose	G6	C1C(C(CO)(C(C=1)O)O)O
Formose	G6	C1C(C(CO)(C(C=1CO)O)O)O
Formose	G6	C1C(C(CO)(C(CO)O1)O)O
Formose	G6	C1C(C(CO)(CO)C(C=1)O)O
Formose	G6	C1C(C(CO)(CO)O)OC(C=1)=O
Formose	G6	C1C(C(CO)(CO)O)OC(C=1)O
Formose	G6	C1C(C(CO)(CO)OC(C=1)=O)O
Formose	G6	C1C(C(CO)(CO)OC(C=1)O)O
Formose	G6	C1C(C(CO)(COC(C=1)=O)O)O
Formose	G6	C1C(C(CO)(COC(C=1)O)O)O
Formose	G6	C1C(C(CO)(OCC=1C=O)O)O
Formose	G6	C1C(C(CO)C(C(C)(O)O1)O)O
Formose	G6	C1C(C(CO)C(C(C=1)=O)O)O
Formose	G6	C1C(C(CO)C(C)(O)O1)O
Formose	G6	C1C(C(CO)C(C=1)O)O
Formose	G6	C1C(C(CO)C(C=1C(O)=O)O)O
Formose	G6	C1C(C(CO)C(C=1C=O)O)O
Formose	G6	C1C(C(CO)C(CC(O)O1)O)O
Formose	G6	C1C(C(CO)C(CCO)(O)O1)O
Formose	G6	C1C(C(CO)O)(CC(C=1)=O)O
Formose	G6	C1C(C(CO)O)(OCC(C=1)=O)O
Formose	G6	C1C(C(CO)O)(OCC=1)O
Formose	G6	C1C(C(CO)O)(OCC=1CO)O
Formose	G6	C1C(C(CO)O)C(C(C=1)=O)O
Formose	G6	C1C(C(CO)O)OC(C=1)(CO)O
Formose	G6	C1C(C(CO)O)OC(C=1CO)=O
Formose	G6	C1C(C(CO)O)OC(C=1CO)O
Formose	G6	C1C(C(CO)OC(C=1)(CO)O)O
Formose	G6	C1C(C(CO)OC(C=1CO)=O)O
Formose	G6	C1C(C(CO)OC(C=1CO)O)O
Formose	G6	C1C(C(COC(C=1)(CO)O)O)O
Formose	G6	C1C(C(COC(C=1CO)=O)O)O
Formose	G6	C1C(C(COC(C=1CO)O)O)O
Formose	G6	C1C(C(O)OCC(C=1C=O)O)O
Formose	G6	C1C(C(OC(C(C=1)=O)CO)O)O
Formose	G6	C1C(C(OCC(C=1CO)=O)O)O
Formose	G6	C1C(C(OCC=1C=O)O)(CO)O
Formose	G6	C1C(C)(C(C(C(C)O)(O)O1)O)O
Formose	G6	C1C(C)(C(C(C(O)O1)O)O)O
Formose	G6	C1C(C)(C(C(C=1)=O)(CO)O)O
Formose	G6	C1C(C)(C(C(C=1C(O)=O)=O)O)O
Formose	G6	C1C(C)(C(C(C=1C(O)=O)O)O)O
Formose	G6	C1C(C)(C(C(C=1C=O)O)O)O
Formose	G6	C1C(C)(C(C(C=1CO)=O)O)O
Formose	G6	C1C(C)(C(C(O)O1)(CO)CO)O
Formose	G6	C1C(C)(C(C)(C(O)O1)O)O
Formose	G6	C1C(C)(C(CO)(CC(O)O1)O)O
Formose	G6	C1C(C)(C(CO)C(C(O)O1)O)O
Formose	G6	C1C(C2(C(C(C(C)O2)O)O1)O)O
Formose	G6	C1C(C2(C(C(C(C=1)O2)O)O)O)O
Formose	G6	C1C(C2(C(C(CO2)O1)O)O)O
Formose	G6	C1C(C2(CC(C(C2)O)(O)O1)O)O
Formose	G6	C1C(C2(CC(O)OC2(C)O1)O)O
Formose	G6	C1C(C2(COC(C2O1)O)O)O
Formose	G6	C1C(C2(COC(C=1)(C2O)O)O)O
Formose	G6	C1C(C2C(C(C(O)O2)O1)O)O
Formose	G6	C1C(C2C(C(CC2O)(O)O1)O)O
Formose	G6	C1C(C2C(C(CC2O)O)(O)O1)O
Formose	G6	C1C(CC(C(C(C=1)=O)O)O)O
Formose	G6	C1C(CC(C(C=1C(O)=O)O)O)O
Formose	G6	C1C(CC(C(CCO)O)(O)O1)O
Formose	G6	C1C(CC(C=1C(C(O)=O)=O)O)O
Formose	G6	C1C(CC(C=1C(CO)=O)O)O
Formose	G6	C1C(CC(C=1C(CO)O)=O)O
Formose	G6	C1C(CC(C=1C(O)=O)(CO)O)O
Formose	G6	C1C(CC(C=1C(O)=O)O)O
Formose	G6	C1C(CC(C=1C=O)(CO)O)O
Formose	G6	C1C(CC(C=1CO)O)O
Formose	G6	C1C(CC(CCO)(O)O1)O
Formose	G6	C1C(CC2(C(CC(O)O2)O)O1)O
Formose	G6	C1C(CCCO)(C(C(O)O1)O)O
Formose	G6	C1C(CCO)(C(C(C=1)=O)O)O
Formose	G6	C1C(CCO)(C(C(CO)O1)O)O
Formose	G6	C1C(CCO)(C(C)(C(O)O1)O)O
Formose	G6	C1C(CCO)OC(C=1)(CO)O
Formose	G6	C1C(CCO)OC(C=1C(O)=O)O
Formose	G6	C1C(CCO)OC(C=1CO)O
Formose	G6	C1C(CO)(C(C(C(C=1)=O)=O)O)O
Formose	G6	C1C(CO)(C(C(C=1)(CO)O)O)O
Formose	G6	C1C(CO)(C(C(C=1)=O)(C)O)O
Formose	G6	C1C(CO)(C(C(C=1)=O)(CO)O)O
Formose	G6	C1C(CO)(C(C(C=1)=O)CO)O
Formose	G6	C1C(CO)(C(C(C=1)O)O)O
Formose	G6	C1C(CO)(C(C(C=1C)=O)O)O
Formose	G6	C1C(CO)(C(C(C=1C=O)=O)O)O
Formose	G6	C1C(CO)(C(C(C=1CO)O)O)O
Formose	G6	C1C(CO)(C(C(CO)O1)O)O
Formose	G6	C1C(CO)(C(C(O)O1)CCO)O
Formose	G6	C1C(CO)(C(CC=1)O)O
Formose	G6	C1C(CO)(C(CO)(C(C=1)O)O)O
Formose	G6	C1C(CO)(C(CO)CC(O)O1)O
Formose	G6	C1C(CO)(C(CO)O)OC(C=1)=O
Formose	G6	C1C(CO)(C(CO)OC(C=1)=O)O
Formose	G6	C1C(CO)(C(COC(C=1)=O)O)O
Formose	G6	C1C(CO)(CC(C=1)O)O
Formose	G6	C1C(CO)(CC(C=1C(O)=O)O)O
Formose	G6	C1C(CO)(CC(C=1C=O)O)O
Formose	G6	C1C(CO)(CC(C=1CO)=O)O
Formose	G6	C1C(CO)(CO)C(C(O)O1)O
Formose	G6	C1C(CO)(CO)OC(C=1)(CO)O
Formose	G6	C1C(CO)(CO)OC(C=1CO)O
Formose	G6	C1C(CO)(CO)OC(CC=1)O
Formose	G6	C1C(CO)(COC(C=1)(CO)O)O
Formose	G6	C1C(CO)(COC(C=1CO)O)O
Formose	G6	C1C(CO)(O)OCC(C(C=1)=O)O
Formose	G6	C1C(CO)(O)OCC(C=1C=O)O
Formose	G6	C1C(CO)(O)OCC(C=1CO)O
Formose	G6	C1C(CO)(O)OCCC=1C(O)=O
Formose	G6	C1C(CO)(OC(C(C=1)=O)CO)O
Formose	G6	C1C(CO)(OC(C=1C)CO)O
Formose	G6	C1C(CO)(OC(C=1CO)CO)O
Formose	G6	C1C(CO)(OCC(C=1CO)=O)O
Formose	G6	C1C(CO)(OCC=1C(CO)O)O
Formose	G6	C1C(CO)(OCC=1C(O)=O)O
Formose	G6	C1C(CO)(OCC=1CCO)O
Formose	G6	C1C(CO)(OCC=1CO)O
Formose	G6	C1C(CO)C(C(C(C)(O)O1)O)O
Formose	G6	C1C(CO)C(C(C(C=1)=O)O)O
Formose	G6	C1C(CO)C(C(C(O)O1)CO)O
Formose	G6	C1C(CO)C(C(C(O)O1)O)O
Formose	G6	C1C(CO)C(C(C)(O)O1)O
Formose	G6	C1C(CO)C(C(C=1)=O)(CO)O
Formose	G6	C1C(CO)C(C(C=1)O)O
Formose	G6	C1C(CO)C(C(C=1C(O)=O)O)O
Formose	G6	C1C(CO)C(C(C=1C=O)O)O
Formose	G6	C1C(CO)C(C(C=1CO)=O)O
Formose	G6	C1C(CO)C(C(CC(O)O1)O)O
Formose	G6	C1C(CO)C(C(CCO)(O)O1)O
Formose	G6	C1C(CO)C(C(CO)(O)O1)O
Formose	G6	C1C(CO)C(C(O)O1)(C(C)O)O
Formose	G6	C1C(CO)C(C(O)O1)(CCO)O
Formose	G6	C1C(CO)C(C(O)O1)(CO)O
Formose	G6	C1C(CO)C(CC(CO)(O)O1)O
Formose	G6	C1C(CO)C(CC(O)O1)O
Formose	G6	C1C(CO)C(CO)(C(C)(O)O1)O
Formose	G6	C1C(CO)C(CO)(CC(O)O1)O
Formose	G6	C1C(CO)C(CO)(OCC=1)O
Formose	G6	C1C(CO)C(OC(C=1)CO)O
Formose	G6	C1C(CO)OC(C(C=1)=O)(CO)O
Formose	G6	C1C(CO)OC(C(C=1CO)O)O
Formose	G6	C1C(CO)OC(C=1)(C(CO)O)O
Formose	G6	C1C(CO)OC(C=1)(CO)O
Formose	G6	C1C(CO)OC(C=1C(CO)O)=O
Formose	G6	C1C(CO)OC(C=1C(CO)O)O
Formose	G6	C1C(CO)OC(C=1C(O)=O)O
Formose	G6	C1C(CO)OC(C=1CO)(CO)O
Formose	G6	C1C(CO)OC(C=1CO)O
Formose	G6	C1C(CO)OC(CC=1C(O)=O)O
Formose	G6	C1C(COC(C(C=1)=O)(CO)O)O
Formose	G6	C1C(COC(C(C=1CO)O)O)O
Formose	G6	C1C(COC(C=1)(C(CO)O)O)O
Formose	G6	C1C(COC(C=1)(CO)O)O
Formose	G6	C1C(COC(C=1)=O)(C(CO)O)O
Formose	G6	C1C(COC(C=1C(CO)O)=O)O
Formose	G6	C1C(COC(C=1C(CO)O)O)O
Formose	G6	C1C(COC(C=1C(O)=O)O)O
Formose	G6	C1C(COC(C=1CO)(CO)O)O
Formose	G6	C1C(COC(C=1CO)O)O
Formose	G6	C1C(O)OC(CO)C(C(C=1)=O)O
Formose	G6	C1C(O)OC(CO)CC=1C(O)=O
Formose	G6	C1C(O)OCC(C(C=1)=O)(CO)O
Formose	G6	C1C(O)OCC(C(C=1CO)=O)O
Formose	G6	C1C(O)OCC(C=1C(O)=O)(C)O
Formose	G6	C1C(O)OCC(C=1C(O)=O)O
Formose	G6	C1C(OC(C(C=1)=O)(CO)CO)O
Formose	G6	C1C(OC(C(C=1)=O)C(CO)O)O
Formose	G6	C1C(OC(C(C=1CO)=O)CO)O
Formose	G6	C1C(OC(C=1C(O)=O)(CO)C)O
Formose	G6	C1C(OC(C=1C(O)=O)CCO)O
Formose	G6	C1C(OC(C=1C(O)=O)CO)O
Formose	G6	C1C(OCC(C=1C(CO)O)=O)O
Formose	G6	C1C(OCC=1C(C(CO)O)=O)O
Formose	G6	C1C2(C(C(C(C)(CO)O2)O1)O)O
Formose	G6	C1C2(C(C(C(C=1CO)O2)O)O)O
Formose	G6	C1C2(C(C(C(CCO)O2)O1)O)O
Formose	G6	C1C2(C(C(C(CCO2)O)O1)O)O
Formose	G6	C1C2(C(C(C(CO2)(C)O)O1)O)O
Formose	G6	C1C2(C(C(C=1)(O)OCC2O)O)O
Formose	G6	C1C2(C(C(C=1)OC2(CO)O)O)O
Formose	G6	C1C2(C(C(CO2)O1)(C(C)O)O)O
Formose	G6	C1C2(C(CC(C2C(O)O1)O)O)O
Formose	G6	C1C2(C(CO)(C(CO2)O1)O)O
Formose	G6	C1C2(C(O)OCC2(C(C=1)O)O)O
Formose	G6	C1C2(C(OC(C=1)(C2O)CO)O)O
Formose	G6	C1C2(C(OC(C=1)C2(CO)O)O)O
Formose	G6	C1C2(C(OC(C=1)C2O)O)O
Formose	G6	C1C2(CC(C(C(C2)(O)O1)O)O)O
Formose	G6	C1C2(CC(C(C(O)O1)(C2)O)O)O
Formose	G6	C1C2(CC(C(C(O)O1)C2O)O)O
Formose	G6	C1C2(CC(C(C2)(O)O1)O)O
Formose	G6	C1C2(CC(C(C2C(O)O1)O)O)O
Formose	G6	C1C2(CC(C(C2CO)(O)O1)O)O
Formose	G6	C1C2(CC(C(C2CO)O)(O)O1)O
Formose	G6	C1C2(CC(C(CO)(C2)O)(O)O1)O
Formose	G6	C1C2(CC(O)OC2C(CO)O1)O
Formose	G6	C1C2(CC(O)OCC(C2O)O1)O
Formose	G6	C1C2(CO)C(C(C(C=1)(O2)O)O)O
Formose	G6	C1C2(CO)C(C(C(O)O2)O1)O
Formose	G6	C1C2(CO)C(C(CO2)(O)O1)O
Formose	G6	C1C2(COC(C(C2O)O1)O)O
Formose	G6	C1C2(COC(C=1)(C(C2O)O)O)O
Formose	G6	C1C2C(C(C(C(O)O1)C2O)O)O
Formose	G6	C1C2C(C(C(C(O)O1)O2)O)O
Formose	G6	C1C2C(C(C(C(O)O2)O1)O)O
Formose	G6	C1C2C(C(C(C2O)O)(O)O1)O
Formose	G6	C1C2C(C(C(C=1)(O2)O)O)O
Formose	G6	C1C2C(C(C(CC2O)(O)O1)O)O
Formose	G6	C1C2C(C(C(CO)(O)O2)O1)O
Formose	G6	C1C2C(C(C(CO)C2O)(O)O1)O
Formose	G6	C1C2C(C(C(CO)O2)(O)O1)O
Formose	G6	C1C2C(C(C(O)O1)(CC2O)O)O
Formose	G6	C1C2C(C(CC(C2O)O)(O)O1)O
Formose	G6	C1C2C(C(CC2(C(O)O1)O)O)O
Formose	G6	C1C2C(C(CC2(CO)O)(O)O1)O
Formose	G6	C1C2C(C(CC2O)(O)O1)O
Formose	G6	C1C2C(CC(C2(C(O)O1)O)O)O
Formose	G6	C1C2C(CC(C2(CO)O)(O)O1)O
Formose	G6	C1C2C(CO)(C(C(C=1)(O2)O)O)O
Formose	G6	C1C2C(CO)(C(C(O)O2)O1)O
Formose	G6	C1C2C3(C(C(C(C3)(O)O2)O)O1)O
Formose	G6	C1CC(C(C(C(C=1)=O)O)O)O
Formose	G6	C1CC(C(C(C=1)=O)(CO)O)O
Formose	G6	C1CC(C(C(C=1C(O)=O)=O)O)O
Formose	G6	C1CC(C(C(C=1C=O)O)O)O
Formose	G6	C1CC(C(C(C=1CO)=O)O)O
Formose	G6	C1CC(C(C=1)=O)(C(CO)O)O
Formose	G6	C1CC(C(C=1C(C(O)=O)=O)O)O
Formose	G6	C1CC(C(C=1C(CO)=O)O)O
Formose	G6	C1CC(C(C=1C(CO)O)=O)O
Formose	G6	C1CC(C(C=1C(O)=O)O)O
Formose	G6	C1CC(C(C=1C=O)(CO)O)O
Formose	G6	C1CC(C(C=1CO)=O)(CO)O
Formose	G6	C1CC(C(C=1CO)O)O
Formose	G6	C1CC(CO)(C(C(C=1)=O)O)O
Formose	G6	C1CC(CO)(C(C=1)O)O
Formose	G6	C1CC(CO)(C(C=1C=O)O)O
Formose	G6	C1CC(CO)(CO)OC(C=1)O
Formose	G6	C1CC(CO)(OC(C=1)CO)O
Formose	G6	C1CC(CO)OC(C=1)(CO)O
Formose	G6	C1CC(CO)OC(C=1C(O)=O)O
Formose	G6	C1CC(CO)OC(C=1CO)O
Formose	G6	C1CC2(CC(C(C2O)O)(O)O1)O
Formose	G6	C1CCOC(C=1C(O)=O)(CO)O
Formose	G6	C1CCOC(C=1CO)(CO)O
Formose	G6	C1COC(C(C(C=1)=O)(CO)O)O
Formose	G6	C1COC(C(C(C=1C=O)O)O)O
Formose	G6	C1COC(C(C(C=1CO)=O)O)O
Formose	G6	C1COC(C(C=1)=O)(C(CO)O)O
Formose	G6	C1COC(C(C=1C(CO)O)=O)O
Formose	G6	C1COC(C(C=1C(O)=O)(C)O)O
Formose	G6	C1COC(C(C=1C(O)=O)CO)O
Formose	G6	C1COC(C(C=1C(O)=O)O)O
Formose	G6	C1COC(C(C=1CO)=O)(CO)O
Formose	G6	C1COC(C=1C(C(CO)O)=O)O
Formose	G6	C1COC(C=1C(C(CO)O)O)O
Formose	G6	C1COC(C=1C(CCO)O)O
Formose	G6	C1COC(C=1C(CO)(CO)O)O
Formose	G6	C1COC(C=1C(CO)CO)O
Formose	G6	C1COC(C=1C(CO)O)O
Formose	G6	C1COC(C=1C(O)=O)(CO)O
Formose	G6	C1COC(C=1CO)(CO)O
Formose	G6	C1COC(CO)(C(C(C=1)=O)O)O
Formose	G6	C1COC(CO)(CC=1C(O)=O)O
Formose	G6	C1COC2C=1C(C(CO)(O2)O)O
Formose	G6	C=C(C(C(C(C)O)O)=O)CO
Formose	G6	C=C(C(C(C(CO)O)=O)=O)CO
Formose	G6	C=C(C(C(C(CO)O)O)=O)CO
Formose	G6	C=C(C(C(C)O)=O)C(CO)O
Formose	G6	C=C(C(C(CCO)O)=O)CO
Formose	G6	C=C(C(C(CO)(CO)O)=O)CO
Formose	G6	C=C(C(C(CO)=O)=O)C(CO)O
Formose	G6	C=C(C(C(CO)O)=O)C(C)O
Formose	G6	C=C(C(C(CO)O)=O)C(CO)=O
Formose	G6	C=C(C(C(CO)O)=O)C(CO)O
Formose	G6	C=C(C(C(CO)O)O)C(C)O
Formose	G6	C=C(C(C(CO)O)O)C(CO)O
Formose	G6	C=C(C(C(O)=O)=O)C(C(C)O)O
Formose	G6	C=C(C(C)=O)C(C(CO)O)O
Formose	G6	C=C(C(C)O)C(C(C(O)=O)=O)O
Formose	G6	C=C(C(C)O)C(CO)(C)O
Formose	G6	C=C(C(C)O)C(CO)(CO)O
Formose	G6	C=C(C(CCO)=O)C(CO)O
Formose	G6	C=C(C(CCO)O)C(C)O
Formose	G6	C=C(C(CCO)O)C(CO)O
Formose	G6	C=C(C(CO)=O)C(C(C)O)O
Formose	G6	C=C(C(CO)=O)C(CO)CO
Formose	G6	C=C(C(CO)O)C(C)O
Formose	G6	C=C(C(CO)O)C(CO)(C)O
Formose	G6	C=C(C(CO)O)C(CO)(CO)O
Formose	G6	C=C(C(CO)O)C(CO)CO
Formose	G6	C=C(C(CO)O)C(CO)O
Formose	G6	C=C(C(CO)O)CCO
Formose	G6	C=C(C(O)=O)C(C(C(C)O)O)=O
Formose	G6	C=C(C(O)=O)C(C(C)O)O
Formose	G6	C=C(C(O)=O)C(C(CCO)O)=O
Formose	G6	C=C(C(O)=O)C(C(CO)CO)O
Formose	G6	C=C(C(O)=O)C(C=CC(O)=O)O
Formose	G6	C=C(C(O)=O)C(CC(CO)O)=O
Formose	G6	C=C(C(O)=O)C(CO)(C(C)O)O
Formose	G6	C=C(C(O)=O)C(CO)C(C)O
Formose	G6	C=C(C(O)=O)C(CO)C(CO)O
Formose	G6	C=C(C(O)=O)C(CO)CO
Formose	G6	C=C(C=O)C(C(CO)(C)O)O
Formose	G6	C=C(C=O)C(C(CO)CO)O
Formose	G6	C=C(C=O)C(CO)(C(C)O)O
Formose	G6	C=C(C=O)C(CO)C(CO)O
Formose	G6	C=C(C=O)C1(C(C(CO1)O)O)O
Formose	G6	C=C(C=O)C1(COC(C1O)O)O
Formose	G6	C=C(C=O)CC(C(CO)O)O
Formose	G6	C=C(CO)C(C(C(C)O)O)O
Formose	G6	C=C(CO)C(C(C(C=O)=O)O)O
Formose	G6	C=C(CO)C(C(C(CO)O)O)O
Formose	G6	C=C(CO)C(C(C(O)=O)=O)(C)O
Formose	G6	C=C(CO)C(C(C(O)=O)=O)O
Formose	G6	C=C(CO)C(C(C)O)O
Formose	G6	C=C(CO)C(C(CCO)O)O
Formose	G6	C=C(CO)C(C(CO)(CO)O)O
Formose	G6	C=C(CO)C(C(CO)O)O
Formose	G6	C=C(CO)C(C)(C(CO)O)O
Formose	G6	C=C(CO)C(CC(C(O)=O)=O)O
Formose	G6	C=C(CO)C(CC(C)O)O
Formose	G6	C=C(CO)C(CC(CO)O)O
Formose	G6	C=C(CO)C(CCO)O
Formose	G6	C=C(CO)C(CO)(C(C)O)O
Formose	G6	C=C(CO)C(CO)(C(CO)O)O
Formose	G6	C=C(CO)C(CO)(C)O
Formose	G6	C=C(CO)C(CO)(CCO)O
Formose	G6	C=C(CO)C(CO)(CO)O
Formose	G6	C=C(CO)C(CO)C(C)O
Formose	G6	C=C(CO)C(CO)C(CO)O
Formose	G6	C=C(CO)C(CO)CO
Formose	G6	C=C(CO)C(CO)O
Formose	G6	C=C(CO)C1(C(O)OCC1)O
Formose	G6	C=C(CO)C1(C(O)OCC1O)O
Formose	G6	C=C(CO)C1(COC(C1)O)O
Formose	G6	C=C(CO)C1(COCC1O)O
Formose	G6	C=C(CO)CC(C(C(O)=O)=O)O
Formose	G6	C=C1C(C(C(C(C)O)O1)O)O
Formose	G6	C=C1C(C(C(C(C)O1)O)O)O
Formose	G6	C=C1C(C(C(C(C1O)O)O)O)=O
Formose	G6	C=C1C(C(C(C(CO)O)O1)O)=O
Formose	G6	C=C1C(C(C(C(CO)O)O1)O)O
Formose	G6	C=C1C(C(C(C(CO)O1)O)O)=O
Formose	G6	C=C1C(C(C(C(CO)O1)O)O)O
Formose	G6	C=C1C(C(C(C(CO1)O)O)O)=O
Formose	G6	C=C1C(C(C(C(CO1)O)O)O)O
Formose	G6	C=C1C(C(C(C(OC1)O)O)O)=O
Formose	G6	C=C1C(C(C(C)(C1O)O)O)=O
Formose	G6	C=C1C(C(C(C1(C)O)O)O)=O
Formose	G6	C=C1C(C(C(C1(CO)O)O)O)O
Formose	G6	C=C1C(C(C(C1CO)O)O)=O
Formose	G6	C=C1C(C(C(C1O)O)O)O
Formose	G6	C=C1C(C(C(CC1O)O)O)=O
Formose	G6	C=C1C(C(C(CCO)O1)O)O
Formose	G6	C=C1C(C(C(CO)(C1)O)O)=O
Formose	G6	C=C1C(C(C(CO)(C1O)O)O)O
Formose	G6	C=C1C(C(C(CO)(CO)O1)O)=O
Formose	G6	C=C1C(C(C(CO)(CO)O1)O)O
Formose	G6	C=C1C(C(C(CO)(CO1)O)O)=O
Formose	G6	C=C1C(C(C(CO)(CO1)O)O)O
Formose	G6	C=C1C(C(C(CO)C1O)O)=O
Formose	G6	C=C1C(C(C(CO)O)(OC1)O)=O
Formose	G6	C=C1C(C(C(CO)O)OC1O)=O
Formose	G6	C=C1C(C(C(CO)O1)O)O
Formose	G6	C=C1C(C(C(CO)OC1O)O)=O
Formose	G6	C=C1C(C(C(CO1)O)O)O
Formose	G6	C=C1C(C(C(COC1O)O)O)=O
Formose	G6	C=C1C(C(C(O)OCC1O)O)=O
Formose	G6	C=C1C(C(C(OC1)O)(CO)O)=O
Formose	G6	C=C1C(C(C(OC1CO)O)O)=O
Formose	G6	C=C1C(C(C)(C(CO)O1)O)O
Formose	G6	C=C1C(C(C)(C(CO1)O)O)O
Formose	G6	C=C1C(C(C)(O)OCC1O)O
Formose	G6	C=C1C(C(CC1(CO)O)O)=O
Formose	G6	C=C1C(C(CC1O)O)O
Formose	G6	C=C1C(C(CO)(C(C1O)O)O)=O
Formose	G6	C=C1C(C(CO)(C(CO)O1)O)O
Formose	G6	C=C1C(C(CO)(C(CO1)O)O)O
Formose	G6	C=C1C(C(CO)(CC1O)O)=O
Formose	G6	C=C1C(C(CO)(CO)OC1O)=O
Formose	G6	C=C1C(C(CO)(CO1)O)O
Formose	G6	C=C1C(C(CO)(COC1O)O)=O
Formose	G6	C=C1C(C(CO)(O)OCC1O)=O
Formose	G6	C=C1C(C(CO)(O)OCC1O)O
Formose	G6	C=C1C(C(CO)(OC1CO)O)=O
Formose	G6	C=C1C(C(CO)O)OC(C1O)O
Formose	G6	C=C1C(C(CO)OC(C1O)O)=O
Formose	G6	C=C1C(C(CO)OC(C1O)O)O
Formose	G6	C=C1C(C(CO1)(C(CO)O)O)O
Formose	G6	C=C1C(C(CO1)(CCO)O)O
Formose	G6	C=C1C(C(COC(C1O)O)O)=O
Formose	G6	C=C1C(C(COC(C1O)O)O)O
Formose	G6	C=C1C(C(O)OCC1(CO)O)O
Formose	G6	C=C1C(C(O)OCC1O)O
Formose	G6	C=C1C(C(OC1(CO)CO)O)O
Formose	G6	C=C1C(C2(C(O)OCC2O1)O)O
Formose	G6	C=C1C(C2(C(OCC2O)O1)O)O
Formose	G6	C=C1C(CO)(C(C(CO)O1)O)O
Formose	G6	C=C1C(CO)(C(C(CO1)O)O)O
Formose	G6	C=C1C(CO)(C(C)(CO1)O)O
Formose	G6	C=C1C(CO)(C(CO)(CO1)O)O
Formose	G6	C=C1C(CO)(C(CO1)O)O
Formose	G6	C=C1C(CO)(O)OC(CO)C1O
Formose	G6	C=C1C(CO)(O)OCC(C1O)O
Formose	G6	C=C1C(CO)(O)OCC1(C)O
Formose	G6	C=C1C(CO)(O)OCC1(CO)O
Formose	G6	C=C1C(CO)(O)OCC1O
Formose	G6	C=C1C(CO)(O)OCCC1O
Formose	G6	C=C1C(CO)OC(C)(C1O)O
Formose	G6	C=C1C(CO)OC(C1(CO)O)O
Formose	G6	C=C1C(CO)OC(C1CO)O
Formose	G6	C=C1C(CO)OC(C1O)O
Formose	G6	C=C1C(CO)OC(CO)(C1)O
Formose	G6	C=C1C(CO)OC(CO)(C1O)O
Formose	G6	C=C1C(COC(C(C1O)O)O)=O
Formose	G6	C=C1C(COC(C1(CO)O)O)=O
Formose	G6	C=C1C(COC(C1(CO)O)O)O
Formose	G6	C=C1C(COC(C1CO)O)O
Formose	G6	C=C1C(COC(CO)(C1)O)O
Formose	G6	C=C1C(COC(CO)(C1O)O)=O
Formose	G6	C=C1C(O)OC(C(C)O)C1O
Formose	G6	C=C1C(O)OC(C(CO)O)C1O
Formose	G6	C=C1C(O)OC(C)C(C1O)O
Formose	G6	C=C1C(O)OC(CCO)C1O
Formose	G6	C=C1C(O)OC(CO)(CO)C1O
Formose	G6	C=C1C(O)OC(CO)C(C1O)O
Formose	G6	C=C1C(O)OC(CO)C1(C)O
Formose	G6	C=C1C(O)OC(CO)C1(CO)O
Formose	G6	C=C1C(O)OC(CO)C1O
Formose	G6	C=C1C(O)OC(CO)CC1O
Formose	G6	C=C1C(O)OCC(C(C1O)O)O
Formose	G6	C=C1C(O)OCC(C1(C)O)O
Formose	G6	C=C1C(O)OCC(C1(CO)O)O
Formose	G6	C=C1C(O)OCC(C1O)O
Formose	G6	C=C1C(O)OCC(CC1O)O
Formose	G6	C=C1C(O)OCC(CO)(C1O)O
Formose	G6	C=C1C(O)OCC1(C(CO)O)O
Formose	G6	C=C1C(O)OCC1(CCO)O
Formose	G6	C=C1C(O)OCC1(CO)O
Formose	G6	C=C1C(O)OCCC(C1O)O
Formose	G6	C=C1C(O)OCCC1(CO)O
Formose	G6	C=C1C(OC(C(CO)O)C1O)=O
Formose	G6	C=C1C(OC(CO)C(C1O)O)=O
Formose	G6	C=C1C(OCC(C(C1O)O)O)=O
Formose	G6	C=C1C2(C(C(C1(CO2)O)O)O)O
Formose	G6	C=C1C2(C(O)OC(CO1)C2O)O
Formose	G6	C=C1C2(C(O)OCC(C2O)O1)O
Formose	G6	C=C1C2C(C(C(C1O)(O2)O)O)O
Formose	G6	C=C1C2C(C(C(CO)(O2)O)O1)O
Formose	G6	C=C1C2C(C(C(CO1)(O2)O)O)O
Formose	G6	C=C1C2C(C(CO)(C(O2)O)O1)O
Formose	G6	C=C1C2C(C(CO1)(C(O2)O)O)O
Formose	G6	C=C1COC(C(CO)O)(C1)O
Formose	G6	C=C1COC(C(CO)O)(C1O)O
Formose	G6	C=C1COC(C)(C1(CO)O)O
Formose	G6	C=C1COC(C1(C(C)O)O)O
Formose	G6	C=C1COC(C1(C(CO)O)O)O
Formose	G6	C=C1COC(C1(CCO)O)O
Formose	G6	C=C1COC(C1(CO)O)O
Formose	G6	C=C1COC(C1C(CO)O)O
Formose	G6	C=C1COC(CCO)(C1O)O
Formose	G6	C=C1COC(CO)(C1(CO)O)O
Formose	G6	C=C1COC(CO)(C1CO)O
Formose	G6	C=C1COC(CO)(C1O)O
Formose	G6	C=CC(C(C(C(CO)O)=O)=O)O
Formose	G6	C=CC(C(C(C(CO)O)O)=O)=O
Formose	G6	C=CC(C(C(C(O)=O)=C)O)O
Formose	G6	C=CC(C(C(C)O)O)O
Formose	G6	C=CC(C(C(C=C)O)O)O
Formose	G6	C=CC(C(C(CO)(C)O)O)O
Formose	G6	C=CC(C(C(CO)(CO)O)=O)=O
Formose	G6	C=CC(C(C(CO)(CO)O)O)O
Formose	G6	C=CC(C(C(CO)=O)=O)(CO)O
Formose	G6	C=CC(C(C(CO)CO)O)O
Formose	G6	C=CC(C(C(O)=O)=C)(CO)O
Formose	G6	C=CC(C(C(O)=O)=O)(C(C)O)O
Formose	G6	C=CC(C(C(O)=O)=O)(CO)CO
Formose	G6	C=CC(C(C(O)=O)=O)(CO)O
Formose	G6	C=CC(C(C=CCO)O)O
Formose	G6	C=CC(C(CC(C)O)O)O
Formose	G6	C=CC(C(CC(CO)O)O)=O
Formose	G6	C=CC(C(CCO)O)O
Formose	G6	C=CC(C(CO)(C(C)O)O)=O
Formose	G6	C=CC(C(CO)(C(C)O)O)O
Formose	G6	C=CC(C(CO)(C(CO)O)O)=O
Formose	G6	C=CC(C(CO)(C)O)O
Formose	G6	C=CC(C(CO)(CCO)O)=O
Formose	G6	C=CC(C(CO)(CCO)O)O
Formose	G6	C=CC(C(CO)(CO)CO)O
Formose	G6	C=CC(C(CO)C(C)O)O
Formose	G6	C=CC(C(CO)C(CO)O)=O
Formose	G6	C=CC(C(CO)C(CO)O)O
Formose	G6	C=CC(C(CO)CO)O
Formose	G6	C=CC(C)(C(CO)O)O
Formose	G6	C=CC(C1(C(C(CO1)O)O)O)O
Formose	G6	C=CC(C1(C(O)OCC1O)O)=O
Formose	G6	C=CC(C1(C(O)OCC1O)O)O
Formose	G6	C=CC(C1(COC(C1O)O)O)=O
Formose	G6	C=CC(C1(COC(C1O)O)O)O
Formose	G6	C=CC(CC(C(C(O)=O)=O)O)O
Formose	G6	C=CC(CO)(C(C(C)O)O)O
Formose	G6	C=CC(CO)(C(C)O)O
Formose	G6	C=CC(CO)(C(CCO)O)O
Formose	G6	C=CC(CO)(C(CO)(C)O)O
Formose	G6	C=CC(CO)(C(CO)(CO)O)O
Formose	G6	C=CC(CO)(C(CO)CO)O
Formose	G6	C=CC(CO)(CCO)O
Formose	G6	C=CC(CO)C(C(C)O)O
Formose	G6	C=CC(CO)C(C(CO)O)O
Formose	G6	C=CC(CO)C(C)(CO)O
Formose	G6	C=CC(CO)C(CCO)O
Formose	G6	C=CC(CO)C(CO)(CO)O
Formose	G6	C=CC(CO)C(CO)O
Formose	G6	C=CC1(C(C(C(C)O1)O)O)O
Formose	G6	C=CC1(C(C(C(C1O)=O)=O)O)O
Formose	G6	C=CC1(C(C(C(C1O)O)=O)=O)O
Formose	G6	C=CC1(C(C(C(CO)O1)O)O)O
Formose	G6	C=CC1(C(C(C(CO1)O)O)O)O
Formose	G6	C=CC1(C(C(CO)(CO1)O)O)O
Formose	G6	C=CC1(C(C(CO1)(C)O)O)O
Formose	G6	C=CC1(C(C(CO1)O)O)O
Formose	G6	C=CC1(C(CO)(O)OCC1O)O
Formose	G6	C=CC1(C(O)OC(C)C1O)O
Formose	G6	C=CC1(C(O)OCC1(C)O)O
Formose	G6	C=CC1(C(O)OCC1(CO)O)O
Formose	G6	C=CC1(C(O)OCC1CO)O
Formose	G6	C=CC1(COC(C(C1O)O)O)O
Formose	G6	C=CC1(COC(C)(C1O)O)O
Formose	G6	C=CC1(COC(C1(C)O)O)O
Formose	G6	C=CC1(COC(C1(CO)O)O)O
Formose	G6	C=CC1(COC(C1CO)O)O
Formose	G6	C=CC1(COC(C1O)O)O
Formose	G6	C=CC1(COC(CO)(C1O)O)O
Formose	G6	C=CC1C(C(C(C)(O1)O)O)O
Formose	G6	C=CC1C(C(C(CO)(O1)O)O)O
Formose	G6	C=CC1C(C(C)(C(O1)O)O)O
Formose	G6	C=CC1C(C(CO)(C(O1)O)O)O
Formose	G6	C=CC1C(CO)(C(C(O1)O)O)O
Formose	G6	C=CC1C(O)OCC1(CO)O
Formose	G6	C=CCC(C(C)(CO)O)O
Formose	G6	C=CCC(C(CO)(CO)O)O
Formose	G6	C=CCC(C(CO)CO)O
Formose	G6	C=CCC(C(CO)O)O
Formose	G6	CC(C(C(C(CCO)O)O)O)O
Formose	G6	CC(C(C(C)O)(C(CO)O)O)O
Formose	G6	CC(C(C(CCCO)O)O)O
Formose	G6	CC(C(C(CO)(C(C)O)O)O)O
Formose	G6	CC(C(C(CO)(CO)CO)O)O
Formose	G6	CC(C(C(CO)(CO)O)O)O
Formose	G6	CC(C(C(CO)C(C)O)O)O
Formose	G6	CC(C(C(CO)C(CO)O)O)O
Formose	G6	CC(C(C(CO)CO)O)O
Formose	G6	CC(C(CCO)(C(CO)O)O)O
Formose	G6	CC(C(CCO)C(CO)O)O
Formose	G6	CC(C(CCO)O)O
Formose	G6	CC(C(CO)(C(CO)CO)O)O
Formose	G6	CC(C(CO)(CCCO)O)O
Formose	G6	CC(C(CO)(CO)C(C)O)O
Formose	G6	CC(C(CO)(CO)C(CO)O)O
Formose	G6	CC(C(CO)(CO)CCO)O
Formose	G6	CC(C(CO)(CO)CO)O
Formose	G6	CC(C(CO)CCCO)O
Formose	G6	CC(C(CO)CCO)O
Formose	G6	CC(C(CO)O)(C(C(C)O)O)O
Formose	G6	CC(C(CO)O)(C(C)(CO)O)O
Formose	G6	CC(C(CO)O)(C(CCO)O)O
Formose	G6	CC(C1(C(C(C(C)O1)O)O)O)O
Formose	G6	CC(C1(C(C)OC(C1O)O)O)O
Formose	G6	CC(C1(C(O)OC(C)C1O)O)O
Formose	G6	CC(C1C(C(C)(C(O)O1)O)O)O
Formose	G6	CC(C1C(C)(C(C(O)O1)O)O)O
Formose	G6	CC(C1C2(C(C(CO2)O1)O)O)O
Formose	G6	CC(CC(C(C)(CO)O)O)O
Formose	G6	CC(CC(CCCO)O)O
Formose	G6	CC(CC(CO)(C(CO)O)O)O
Formose	G6	CC(CC(CO)(CCO)O)O
Formose	G6	CC(CC(CO)O)(C(CO)O)O
Formose	G6	CC(CC(CO)O)O
Formose	G6	CC(CC1(C(C(CO1)O)O)O)O
Formose	G6	CC(CC1(COC(C1O)O)O)O
Formose	G6	CC(CCCO)(C(CO)O)O
Formose	G6	CC(CCO)(C(C(CO)O)O)O
Formose	G6	CC(CCO)(C(CCO)O)O
Formose	G6	CC(CCO)(C(CO)(CO)O)O
Formose	G6	CC(CCO)(CCCO)O
Formose	G6	CC(CCO)C(C(CO)O)O
Formose	G6	CC(CCO)C(CCO)O
Formose	G6	CC(CCO)C(CO)(CO)O
Formose	G6	CC(CCO)C(CO)CO
Formose	G6	CC(CCO)C(CO)O
Formose	G6	CC(CO)(C(C(C(C)O)O)O)O
Formose	G6	CC(CO)(C(C(C)O)O)O
Formose	G6	CC(CO)(C(C(CCO)O)O)O
Formose	G6	CC(CO)(C(C(CO)CO)O)O
Formose	G6	CC(CO)(C(C)(CO)O)O
Formose	G6	CC(CO)(C(C)O)O
Formose	G6	CC(CO)(C(CC(CO)O)O)O
Formose	G6	CC(CO)(C(CCO)O)O
Formose	G6	CC(CO)(C(CO)(CO)CO)O
Formose	G6	CC(CO)(CC(C(CO)O)O)O
Formose	G6	CC(CO)(CC(CCO)O)O
Formose	G6	CC(CO)(CC(CO)O)O
Formose	G6	CC(CO)(CO)O
Formose	G6	CC1(C(C(C(C)O1)O)O)O
Formose	G6	CC1(C(C(C(C1CO)O)O)O)O
Formose	G6	CC1(C(C(C(CO)C1O)O)O)O
Formose	G6	CC1(C(C(CC1(CO)O)O)O)O
Formose	G6	CC1(C(C(CO)(C(C)O1)O)O)O
Formose	G6	CC1(C(C(CO)C(CO)O1)O)O
Formose	G6	CC1(C(C(O)OC(C)C1O)O)O
Formose	G6	CC1(C(C(O)OCC1CO)O)O
Formose	G6	CC1(C(C2(CC1(CO2)O)O)O)O
Formose	G6	CC1(C(C2C(C1C(O)O2)O)O)O
Formose	G6	CC1(C(C2CC1(C(O)O2)O)O)O
Formose	G6	CC1(C(CC(C1(CO)O)O)O)O
Formose	G6	CC1(C(CC(C1CO)O)O)O
Formose	G6	CC1(C(CCO)OC(C1O)O)O
Formose	G6	CC1(C(CO)(C(C(C)O1)O)O)O
Formose	G6	CC1(C(CO)(O)OC(C)C1O)O
Formose	G6	CC1(C(CO)(O)OCC1(C)O)O
Formose	G6	CC1(C(CO)(O)OCC1CO)O
Formose	G6	CC1(C(CO)C(C(CO)O1)O)O
Formose	G6	CC1(C(CO)OC(C1(C)O)O)O
Formose	G6	CC1(C(COC(C1(C)O)O)O)O
Formose	G6	CC1(C(COC1(C(C)O)O)O)O
Formose	G6	CC1(C(COC1(CO)O)O)O
Formose	G6	CC1(C(O)OC(C)C(C1O)O)O
Formose	G6	CC1(C(O)OC(C)C1(CO)O)O
Formose	G6	CC1(C(O)OC(C)C1CO)O
Formose	G6	CC1(C(O)OC(C)C1O)O
Formose	G6	CC1(C(O)OC(CCO)C1O)O
Formose	G6	CC1(C(O)OC(CO)C1CO)O
Formose	G6	CC1(C(O)OC(CO)C1O)O
Formose	G6	CC1(C(O)OCC(C1CO)O)O
Formose	G6	CC1(C(O)OCC(C1O)O)O
Formose	G6	CC1(C(O)OCC(CO)C1O)O
Formose	G6	CC1(C(O)OCC1C(C)O)O
Formose	G6	CC1(C(O)OCC1C(CO)O)O
Formose	G6	CC1(C(O)OCC1CO)O
Formose	G6	CC1(C(O)OCCC1(CO)O)O
Formose	G6	CC1(C2(C(C(C1CO2)O)O)O)O
Formose	G6	CC1(C2(C(C(CO2)C1O)O)O)O
Formose	G6	CC1(C2(C(CC(C2O)O1)O)O)O
Formose	G6	CC1(C2(CC(C(C2O)O)O1)O)O
Formose	G6	CC1(C2(CC(C(C2O)O1)O)O)O
Formose	G6	CC1(C2(CC(CC2O)O1)O)O
Formose	G6	CC1(C2C(C(C(C1)(O)O2)O)O)O
Formose	G6	CC1(C2C(C(C(O)O2)C1O)O)O
Formose	G6	CC1(C2C(C(C1C(O)O2)O)O)O
Formose	G6	CC1(C2C(CC(C1O)(O)O2)O)O
Formose	G6	CC1(C2C(CC1(C(O)O2)O)O)O
Formose	G6	CC1(C2CC(C1(C(O)O2)O)O)O
Formose	G6	CC1(C2CC(C1C(O)O2)O)O
Formose	G6	CC1(CC(C(CO)(C1O)O)O)O
Formose	G6	CC1(CC(C(CO)C1O)O)O
Formose	G6	CC1(CC(O)OCC1(CO)O)O
Formose	G6	CC1(CCOC(C1(CO)O)O)O
Formose	G6	CC1(CO)C(CO)C(C(O)O1)O
Formose	G6	CC12C(C(C(C(O)O1)C2O)O)O
Formose	G6	CC12CC(C(C(O)O1)(C2O)O)O
Formose	G6	CC12CC(C(C(O)O1)C2O)O
Formose	G6	CC1C(C(C(CCO)(O)O1)O)O
Formose	G6	CC1C(C(C(O)O1)(CCO)O)O
Formose	G6	CC1C(C(C(O)O1)(CO)O)O
Formose	G6	CC1C(CO)(C(C(O)O1)CO)O
Formose	G6	CC1C(CO)(CO)C(C(O)O1)O
Formose	G6	CC1C(CO)C(C(C(O)O1)O)O
Formose	G6	CC1C(CO)C(C(O)O1)(CO)O
Formose	G6	CC1C2(CC(C(C2O)O)(O)O1)O
Formose	G6	CC1C2C(C(C(C2O)O)(O)O1)O
Formose	G6	CC1C2C(C(CC2O)(O)O1)O
FormoseAmm	G1	C(C(C(CO)O)O)=O
FormoseAmm	G2	C(C(C(C(C(CO)O)O)O)N)=O
FormoseAmm	G2	C(C(C(C(CO)O)O)N)=O
FormoseAmm	G2	C(C(C(C(CO)O)O)O)=O
FormoseAmm	G2	C(C(C(CN)O)N)=O
FormoseAmm	G2	C(C(C(CN)O)O)(O)=O
FormoseAmm	G2	C(C(C(CN)O)O)=O
FormoseAmm	G2	C(C(C(CO)N)O)=O
FormoseAmm	G2	C(C(C(CO)NCC=O)O)=O
FormoseAmm	G2	C(C(C(CO)O)(C(CN)O)O)=O
FormoseAmm	G2	C(C(C(CO)O)N)=O
FormoseAmm	G2	C(C(C(CO)O)O)(O)=O
FormoseAmm	G2	C(C(C(CO)O)O)O
FormoseAmm	G2	C(C(CO)(C(CN)O)O)=O
FormoseAmm	G2	C(C(CO)(C(CO)O)O)=O
FormoseAmm	G2	C(C(CO)(CO)O)=O
FormoseAmm	G2	C(C(CO)O)(O)=O
FormoseAmm	G2	C(C(CO)O)O
FormoseAmm	G2	C(CN)(C(CO)O)=O
FormoseAmm	G2	C(CNCC=O)(C(CO)O)=O
FormoseAmm	G2	C(CO)(C(CO)O)=O
FormoseAmm	G3	C(C(C(C(C(C)=O)O)O)N)(O)=O
FormoseAmm	G3	C(C(C(C(C(C)=O)O)O)N)=O
FormoseAmm	G3	C(C(C(C(C(C)=O)O)O)O)=O
FormoseAmm	G3	C(C(C(C(C(CN)N)O)O)O)O
FormoseAmm	G3	C(C(C(C(C(CN)O)N)O)N)(O)=O
FormoseAmm	G3	C(C(C(C(C(CN)O)N)O)N)=O
FormoseAmm	G3	C(C(C(C(C(CN)O)N)O)O)(O)=O
FormoseAmm	G3	C(C(C(C(C(CN)O)N)O)O)=O
FormoseAmm	G3	C(C(C(C(C(CN)O)O)O)N)(O)=O
FormoseAmm	G3	C(C(C(C(C(CN)O)O)O)N)=O
FormoseAmm	G3	C(C(C(C(C(CN)O)O)O)O)=O
FormoseAmm	G3	C(C(C(C(C(CN)O)O)O)O)O
FormoseAmm	G3	C(C(C(C(C(CO)N)O)O)N)(O)=O
FormoseAmm	G3	C(C(C(C(C(CO)N)O)O)N)=O
FormoseAmm	G3	C(C(C(C(C(CO)N)O)O)O)=O
FormoseAmm	G3	C(C(C(C(C(CO)N)O)O)O)O
FormoseAmm	G3	C(C(C(C(C(CO)O)N)O)N)(O)=O
FormoseAmm	G3	C(C(C(C(C(CO)O)N)O)N)=O
FormoseAmm	G3	C(C(C(C(C(CO)O)N)O)O)=O
FormoseAmm	G3	C(C(C(C(C(CO)O)O)N)N)=O
FormoseAmm	G3	C(C(C(C(C(CO)O)O)N)O)=O
FormoseAmm	G3	C(C(C(C(C)=O)O)N)(O)=O
FormoseAmm	G3	C(C(C(C(C)=O)O)O)(O)=O
FormoseAmm	G3	C(C(C(C(CCO)=O)O)N)(O)=O
FormoseAmm	G3	C(C(C(C(CCO)=O)O)N)=O
FormoseAmm	G3	C(C(C(C(CN)=O)O)O)=O
FormoseAmm	G3	C(C(C(C(CN)N)O)O)O
FormoseAmm	G3	C(C(C(C(CN)O)O)N)(O)=O
FormoseAmm	G3	C(C(C(C(CN)O)O)N)=O
FormoseAmm	G3	C(C(C(C(CN)O)O)O)(O)=O
FormoseAmm	G3	C(C(C(C(CN)O)O)O)=O
FormoseAmm	G3	C(C(C(C(CN)O)O)O)O
FormoseAmm	G3	C(C(C(C(CO)(CO)O)O)N)=O
FormoseAmm	G3	C(C(C(C(CO)=O)N)O)=O
FormoseAmm	G3	C(C(C(C(CO)=O)O)O)=O
FormoseAmm	G3	C(C(C(C(CO)N)O)N)(O)=O
FormoseAmm	G3	C(C(C(C(CO)N)O)N)=O
FormoseAmm	G3	C(C(C(C(CO)N)O)O)(O)=O
FormoseAmm	G3	C(C(C(C(CO)N)O)O)=O
FormoseAmm	G3	C(C(C(C(CO)N)O)O)O
FormoseAmm	G3	C(C(C(C(CO)O)=O)CO)=O
FormoseAmm	G3	C(C(C(C(CO)O)N)N)=O
FormoseAmm	G3	C(C(C(C(CO)O)N)O)(O)=O
FormoseAmm	G3	C(C(C(C(CO)O)N)O)=O
FormoseAmm	G3	C(C(C(C(CO)O)O)=O)=O
FormoseAmm	G3	C(C(C(C(CO)O)O)N)(O)=O
FormoseAmm	G3	C(C(C(C(CO)O)O)O)O
FormoseAmm	G3	C(C(C(C)(C(C=O)O)O)N)(O)=O
FormoseAmm	G3	C(C(C(C)(C(C=O)O)O)N)=O
FormoseAmm	G3	C(C(C(C)=O)(C(CN)O)O)=O
FormoseAmm	G3	C(C(C(C)=O)(C(CO)O)O)=O
FormoseAmm	G3	C(C(C(C)O)(C(CN)O)O)(O)=O
FormoseAmm	G3	C(C(C(C)O)(C(CN)O)O)=O
FormoseAmm	G3	C(C(C(C)O)(C(CO)N)O)=O
FormoseAmm	G3	C(C(C(C)O)N)(O)=O
FormoseAmm	G3	C(C(C(C)O)O)(C(CO)O)=O
FormoseAmm	G3	C(C(C(C)O)O)(O)=O
FormoseAmm	G3	C(C(C(C=O)O)N)(C(CO)O)=O
FormoseAmm	G3	C(C(C(C=O)O)N)(O)=O
FormoseAmm	G3	C(C(C(C=O)O)O)(CCO)=O
FormoseAmm	G3	C(C(C(C=O)O)O)(O)=O
FormoseAmm	G3	C(C(C(CC(C=O)O)O)N)(O)=O
FormoseAmm	G3	C(C(C(CC(C=O)O)O)N)=O
FormoseAmm	G3	C(C(C(CC(C=O)O)O)O)=O
FormoseAmm	G3	C(C(C(CC(CN)O)=O)O)=O
FormoseAmm	G3	C(C(C(CC(CO)=O)O)N)(O)=O
FormoseAmm	G3	C(C(C(CC(CO)=O)O)N)=O
FormoseAmm	G3	C(C(C(CC(CO)=O)O)O)=O
FormoseAmm	G3	C(C(C(CC(CO)O)=O)N)=O
FormoseAmm	G3	C(C(C(CC(CO)O)=O)O)=O
FormoseAmm	G3	C(C(C(CC=O)O)(CN)O)=O
FormoseAmm	G3	C(C(C(CCO)=O)(CO)O)=O
FormoseAmm	G3	C(C(C(CCO)=O)O)(O)=O
FormoseAmm	G3	C(C(C(CN)(C(CN)O)O)O)O
FormoseAmm	G3	C(C(C(CN)(C(CO)O)O)N)(O)=O
FormoseAmm	G3	C(C(C(CN)(C(CO)O)O)N)=O
FormoseAmm	G3	C(C(C(CN)(C(CO)O)O)O)=O
FormoseAmm	G3	C(C(C(CN)(C(CO)O)O)O)O
FormoseAmm	G3	C(C(C(CN)(CO)O)N)(O)=O
FormoseAmm	G3	C(C(C(CN)(CO)O)N)=O
FormoseAmm	G3	C(C(C(CN)=O)C(CO)O)=O
FormoseAmm	G3	C(C(C(CN)N)N)=O
FormoseAmm	G3	C(C(C(CN)N)O)(O)=O
FormoseAmm	G3	C(C(C(CN)N)O)=O
FormoseAmm	G3	C(C(C(CN)N)O)O
FormoseAmm	G3	C(C(C(CN)NCC(O)=O)N)=O
FormoseAmm	G3	C(C(C(CN)NCC(O)=O)O)(O)=O
FormoseAmm	G3	C(C(C(CN)NCC(O)=O)O)=O
FormoseAmm	G3	C(C(C(CN)NCC=O)N)=O
FormoseAmm	G3	C(C(C(CN)NCC=O)O)(O)=O
FormoseAmm	G3	C(C(C(CN)NCC=O)O)=O
FormoseAmm	G3	C(C(C(CN)NCCO)N)=O
FormoseAmm	G3	C(C(C(CN)NCCO)O)(O)=O
FormoseAmm	G3	C(C(C(CN)NCCO)O)=O
FormoseAmm	G3	C(C(C(CN)O)(C(C)O)N)=O
FormoseAmm	G3	C(C(C(CN)O)(C(C=O)O)N)=O
FormoseAmm	G3	C(C(C(CN)O)(C(C=O)O)O)=O
FormoseAmm	G3	C(C(C(CN)O)(C(CN)O)N)=O
FormoseAmm	G3	C(C(C(CN)O)(C(CN)O)O)(O)=O
FormoseAmm	G3	C(C(C(CN)O)(C(CN)O)O)=O
FormoseAmm	G3	C(C(C(CN)O)(C(CO)N)O)=O
FormoseAmm	G3	C(C(C(CN)O)(CC=O)O)=O
FormoseAmm	G3	C(C(C(CN)O)C(C=O)O)=O
FormoseAmm	G3	C(C(C(CN)O)N)(O)=O
FormoseAmm	G3	C(C(C(CN)O)N)N
FormoseAmm	G3	C(C(C(CN)O)N)O
FormoseAmm	G3	C(C(C(CN)O)NCC=O)=O
FormoseAmm	G3	C(C(C(CN)O)O)(C(CO)O)=O
FormoseAmm	G3	C(C(C(CN)O)O)N
FormoseAmm	G3	C(C(C(CN)O)O)O
FormoseAmm	G3	C(C(C(CNCC=O)O)N)(O)=O
FormoseAmm	G3	C(C(C(CNCC=O)O)N)=O
FormoseAmm	G3	C(C(C(CNCC=O)O)O)(O)=O
FormoseAmm	G3	C(C(C(CNCC=O)O)O)=O
FormoseAmm	G3	C(C(C(CO)(C(CO)O)O)N)=O
FormoseAmm	G3	C(C(C(CO)(CN)O)O)(O)=O
FormoseAmm	G3	C(C(C(CO)(CN)O)O)=O
FormoseAmm	G3	C(C(C(CO)(CO)O)N)(O)=O
FormoseAmm	G3	C(C(C(CO)(CO)O)N)=O
FormoseAmm	G3	C(C(C(CO)(CO)O)O)=O
FormoseAmm	G3	C(C(C(CO)=O)C(CN)O)=O
FormoseAmm	G3	C(C(C(CO)=O)C(CO)O)=O
FormoseAmm	G3	C(C(C(CO)C(CN)O)=O)=O
FormoseAmm	G3	C(C(C(CO)C(CO)O)=O)=O
FormoseAmm	G3	C(C(C(CO)N)(C(C=O)O)O)=O
FormoseAmm	G3	C(C(C(CO)N)N)=O
FormoseAmm	G3	C(C(C(CO)N)O)(O)=O
FormoseAmm	G3	C(C(C(CO)NCC(O)=O)N)=O
FormoseAmm	G3	C(C(C(CO)NCC(O)=O)O)=O
FormoseAmm	G3	C(C(C(CO)NCC=O)N)=O
FormoseAmm	G3	C(C(C(CO)NCC=O)O)(O)=O
FormoseAmm	G3	C(C(C(CO)NCCN)O)=O
FormoseAmm	G3	C(C(C(CO)NCCO)N)=O
FormoseAmm	G3	C(C(C(CO)NCCO)O)(O)=O
FormoseAmm	G3	C(C(C(CO)NCCO)O)=O
FormoseAmm	G3	C(C(C(CO)O)(C(C)O)O)=O
FormoseAmm	G3	C(C(C(CO)O)(C(C=O)O)N)=O
FormoseAmm	G3	C(C(C(CO)O)(C(CN)O)N)=O
FormoseAmm	G3	C(C(C(CO)O)(C(CN)O)O)O
FormoseAmm	G3	C(C(C(CO)O)(C(CO)N)O)=O
FormoseAmm	G3	C(C(C(CO)O)(C(CO)O)N)=O
FormoseAmm	G3	C(C(C(CO)O)(CC=O)O)=O
FormoseAmm	G3	C(C(C(CO)O)C(C=O)O)=O
FormoseAmm	G3	C(C(C(CO)O)N)(O)=O
FormoseAmm	G3	C(C(C(CO)O)N)O
FormoseAmm	G3	C(C(C(CO)O)NCC(O)=O)=O
FormoseAmm	G3	C(C(C(CO)O)NCC=O)=O
FormoseAmm	G3	C(C(C(CO)O)NCCO)=O
FormoseAmm	G3	C(C(C)(C(C(CN)=O)O)O)=O
FormoseAmm	G3	C(C(C)(C(C(O)=O)N)O)=O
FormoseAmm	G3	C(C(C)(C(C(O)=O)O)O)=O
FormoseAmm	G3	C(C(C)(C(C=O)(CN)O)O)=O
FormoseAmm	G3	C(C(C=CN)(C(CO)O)O)=O
FormoseAmm	G3	C(C(C=CN)(CO)O)=O
FormoseAmm	G3	C(C(C=CN)O)(O)=O
FormoseAmm	G3	C(C(C=O)C(C(CN)O)O)=O
FormoseAmm	G3	C(C(C=O)C(C(CO)N)O)=O
FormoseAmm	G3	C(C(C=O)C(C(CO)O)O)=O
FormoseAmm	G3	C(C(C=O)C(CO)(CN)O)=O
FormoseAmm	G3	C(C(C=O)C(CO)(CO)O)=O
FormoseAmm	G3	C(C(CC(C(CN)O)O)=O)=O
FormoseAmm	G3	C(C(CC(C(CO)N)O)=O)=O
FormoseAmm	G3	C(C(CC(C(CO)O)O)=O)=O
FormoseAmm	G3	C(C(CC(CO)(CO)O)=O)=O
FormoseAmm	G3	C(C(CC(CO)=O)O)(O)=O
FormoseAmm	G3	C(C(CC(CO)O)=O)(O)=O
FormoseAmm	G3	C(C(CCO)(C(C(O)=O)N)O)=O
FormoseAmm	G3	C(C(CCO)(C(C=O)N)O)=O
FormoseAmm	G3	C(C(CCO)(C(C=O)O)O)=O
FormoseAmm	G3	C(C(CCO)O)(O)=O
FormoseAmm	G3	C(C(CN)(C(C(C)=O)O)O)=O
FormoseAmm	G3	C(C(CN)(C(C(CN)O)O)O)=O
FormoseAmm	G3	C(C(CN)(C(C(CO)N)O)O)=O
FormoseAmm	G3	C(C(CN)(C(C(CO)O)O)O)=O
FormoseAmm	G3	C(C(CN)(C(C(CO)O)O)O)O
FormoseAmm	G3	C(C(CN)(C(C)O)O)=O
FormoseAmm	G3	C(C(CN)(C(C=O)O)O)=O
FormoseAmm	G3	C(C(CN)(C(CN)O)O)=O
FormoseAmm	G3	C(C(CN)(C(CN)O)O)O
FormoseAmm	G3	C(C(CN)(C(CO)(CN)O)O)=O
FormoseAmm	G3	C(C(CN)(C(CO)(CO)O)O)=O
FormoseAmm	G3	C(C(CN)(C(CO)O)O)=O
FormoseAmm	G3	C(C(CN)(C(CO)O)O)O
FormoseAmm	G3	C(C(CN)N)O
FormoseAmm	G3	C(C(CN)NC(C=O)CO)=O
FormoseAmm	G3	C(C(CN)NCC(C=O)O)=O
FormoseAmm	G3	C(C(CN)NCC(CO)=O)=O
FormoseAmm	G3	C(C(CN)NCC(O)=O)=O
FormoseAmm	G3	C(C(CN)NCCO)=O
FormoseAmm	G3	C(C(CN)O)(O)=O
FormoseAmm	G3	C(C(CN)O)N
FormoseAmm	G3	C(C(CN)O)O
FormoseAmm	G3	C(C(CNC(C=O)CO)N)=O
FormoseAmm	G3	C(C(CNCC(C=O)O)N)=O
FormoseAmm	G3	C(C(CNCC(C=O)O)O)(O)=O
FormoseAmm	G3	C(C(CNCC(C=O)O)O)=O
FormoseAmm	G3	C(C(CNCC(CN)=O)O)=O
FormoseAmm	G3	C(C(CNCC(CO)=O)N)=O
FormoseAmm	G3	C(C(CNCC(CO)=O)O)(O)=O
FormoseAmm	G3	C(C(CNCC(CO)=O)O)=O
FormoseAmm	G3	C(C(CNCC(O)=O)N)=O
FormoseAmm	G3	C(C(CNCC(O)=O)O)(O)=O
FormoseAmm	G3	C(C(CNCC(O)=O)O)=O
FormoseAmm	G3	C(C(CNCC=O)O)(O)=O
FormoseAmm	G3	C(C(CNCCN)O)=O
FormoseAmm	G3	C(C(CNCCO)N)=O
FormoseAmm	G3	C(C(CNCCO)O)(O)=O
FormoseAmm	G3	C(C(CNCCO)O)=O
FormoseAmm	G3	C(C(CO)(C(C(C)=O)O)N)=O
FormoseAmm	G3	C(C(CO)(C(C(C)=O)O)O)=O
FormoseAmm	G3	C(C(CO)(C(C(CN)O)O)N)=O
FormoseAmm	G3	C(C(CO)(C(C(CN)O)O)O)=O
FormoseAmm	G3	C(C(CO)(C(C(CO)N)O)N)=O
FormoseAmm	G3	C(C(CO)(C(C(CO)N)O)O)=O
FormoseAmm	G3	C(C(CO)(C(C(CO)O)O)N)=O
FormoseAmm	G3	C(C(CO)(C(C)O)N)=O
FormoseAmm	G3	C(C(CO)(C(C)O)O)(O)=O
FormoseAmm	G3	C(C(CO)(C(C)O)O)=O
FormoseAmm	G3	C(C(CO)(C(C=O)(C)O)N)=O
FormoseAmm	G3	C(C(CO)(C(C=O)(C)O)O)=O
FormoseAmm	G3	C(C(CO)(C(C=O)O)N)=O
FormoseAmm	G3	C(C(CO)(C(C=O)O)O)=O
FormoseAmm	G3	C(C(CO)(C(CC=O)O)N)=O
FormoseAmm	G3	C(C(CO)(C(CC=O)O)O)=O
FormoseAmm	G3	C(C(CO)(C(CN)(CO)O)N)=O
FormoseAmm	G3	C(C(CO)(C(CN)O)N)=O
FormoseAmm	G3	C(C(CO)(C(CN)O)O)(O)=O
FormoseAmm	G3	C(C(CO)(C(CN)O)O)O
FormoseAmm	G3	C(C(CO)(C(CO)(CN)O)O)=O
FormoseAmm	G3	C(C(CO)(C(CO)(CO)O)N)=O
FormoseAmm	G3	C(C(CO)(C(CO)N)O)=O
FormoseAmm	G3	C(C(CO)(C(CO)O)N)=O
FormoseAmm	G3	C(C(CO)(C(CO)O)O)O
FormoseAmm	G3	C(C(CO)(CC(CO)=O)O)=O
FormoseAmm	G3	C(C(CO)(CN)O)=O
FormoseAmm	G3	C(C(CO)(CN)O)O
FormoseAmm	G3	C(C(CO)(CNCC=O)O)=O
FormoseAmm	G3	C(C(CO)(CO)N)=O
FormoseAmm	G3	C(C(CO)(CO)O)(O)=O
FormoseAmm	G3	C(C(CO)(CO)O)O
FormoseAmm	G3	C(C(CO)N)(O)=O
FormoseAmm	G3	C(C(CO)N)O
FormoseAmm	G3	C(C(CO)NC(C=O)CO)=O
FormoseAmm	G3	C(C(CO)NCC(C(O)=O)O)=O
FormoseAmm	G3	C(C(CO)NCC(C=O)O)=O
FormoseAmm	G3	C(C(CO)NCC(CN)=O)=O
FormoseAmm	G3	C(C(CO)NCC(CO)=O)=O
FormoseAmm	G3	C(C(CO)NCC(O)=O)=O
FormoseAmm	G3	C(C(CO)NCCO)=O
FormoseAmm	G3	C(C(CO)O)(C(C(C)O)N)=O
FormoseAmm	G3	C(C(CO)O)(C(C(CN)O)N)=O
FormoseAmm	G3	C(C(CO)O)(C(C(CO)O)N)=O
FormoseAmm	G3	C(C(CO)O)(C(CO)N)=O
FormoseAmm	G3	C(C(CO)O)(C(CO)O)=O
FormoseAmm	G3	C(C)(C(C(C(CN)=O)O)O)=O
FormoseAmm	G3	C(C)(C(C(C(CO)=O)O)O)=O
FormoseAmm	G3	C(C1(C(CNC1CO)O)O)=O
FormoseAmm	G3	C(C1(CNCC1O)O)=O
FormoseAmm	G3	C(C1C(C(C(CO)N1)O)O)=O
FormoseAmm	G3	C(C1C(C(CN1)O)O)=O
FormoseAmm	G3	C(CC(C(C(C(O)=O)N)O)O)=O
FormoseAmm	G3	C(CC(C(C(C=O)N)O)O)=O
FormoseAmm	G3	C(CC(C(C(C=O)O)O)O)=O
FormoseAmm	G3	C(CC(C(C(CN)=O)O)O)=O
FormoseAmm	G3	C(CC(C(C(CN)O)N)O)=O
FormoseAmm	G3	C(CC(C(C(CN)O)O)=O)=O
FormoseAmm	G3	C(CC(C(C(CN)O)O)O)=O
FormoseAmm	G3	C(CC(C(C(CO)=O)N)O)=O
FormoseAmm	G3	C(CC(C(C(CO)=O)O)O)=O
FormoseAmm	G3	C(CC(C(C(CO)N)O)O)=O
FormoseAmm	G3	C(CC(C(C(CO)O)N)O)=O
FormoseAmm	G3	C(CC(C(C(CO)O)O)=O)=O
FormoseAmm	G3	C(CC(C(C(CO)O)O)O)=O
FormoseAmm	G3	C(CC(C(C(O)=O)N)O)=O
FormoseAmm	G3	C(CC(C(C(O)=O)O)O)=O
FormoseAmm	G3	C(CC(C(CN)O)O)=O
FormoseAmm	G3	C(CC(C(CO)(CO)O)O)=O
FormoseAmm	G3	C(CC(C(CO)N)O)=O
FormoseAmm	G3	C(CC(C(CO)O)=O)(O)=O
FormoseAmm	G3	C(CC(C(CO)O)O)=O
FormoseAmm	G3	C(CC(C=O)N)(C(CO)O)=O
FormoseAmm	G3	C(CC(C=O)O)(C(CO)O)=O
FormoseAmm	G3	C(CC(CN)(C(CO)O)O)=O
FormoseAmm	G3	C(CC(CO)(C(C(O)=O)N)O)=O
FormoseAmm	G3	C(CC(CO)(C(C=O)N)O)=O
FormoseAmm	G3	C(CC(CO)(C(C=O)O)O)=O
FormoseAmm	G3	C(CC(CO)(C(CO)O)O)=O
FormoseAmm	G3	C(CC(CO)(CN)O)=O
FormoseAmm	G3	C(CC(CO)(CO)O)=O
FormoseAmm	G3	C(CN)(C(C(C(CN)O)O)O)=O
FormoseAmm	G3	C(CN)(C(C(C(CO)N)O)O)=O
FormoseAmm	G3	C(CN)(C(C(C(CO)O)O)O)=O
FormoseAmm	G3	C(CN)(C(C(C)O)O)=O
FormoseAmm	G3	C(CN)(C(C(CN)O)O)=O
FormoseAmm	G3	C(CN)(C(C(CO)(CN)O)O)=O
FormoseAmm	G3	C(CN)(C(C(CO)(CO)O)O)=O
FormoseAmm	G3	C(CN)(C(C(CO)O)O)=O
FormoseAmm	G3	C(CN)(C(CN)O)=O
FormoseAmm	G3	C(CN)(C(CNCC(O)=O)O)=O
FormoseAmm	G3	C(CN)(C(CNCC=O)O)=O
FormoseAmm	G3	C(CN)(C(CNCCO)O)=O
FormoseAmm	G3	C(CN)(C(CO)(C(C)O)O)=O
FormoseAmm	G3	C(CN)(C(CO)(C(C=O)O)O)=O
FormoseAmm	G3	C(CN)(C(CO)(C(CN)O)O)=O
FormoseAmm	G3	C(CN)(C(CO)(C(CO)O)O)=O
FormoseAmm	G3	C(CN)(C(CO)(CO)O)=O
FormoseAmm	G3	C(CN)(C(CO)N)=O
FormoseAmm	G3	C(CN)(C(CO)NCCO)=O
FormoseAmm	G3	C(CNC(C(CN)=O)CO)(O)=O
FormoseAmm	G3	C(CNC(C(CN)=O)CO)=O
FormoseAmm	G3	C(CNC(C(CO)=O)CN)(O)=O
FormoseAmm	G3	C(CNC(C(CO)=O)CN)=O
FormoseAmm	G3	C(CNC(C(CO)=O)CO)(O)=O
FormoseAmm	G3	C(CNC(C(CO)=O)CO)=O
FormoseAmm	G3	C(CNC(CO)C(CN)O)=O
FormoseAmm	G3	C(CNC(CO)C(CO)O)=O
FormoseAmm	G3	C(CNCC(C(CO)=O)O)(O)=O
FormoseAmm	G3	C(CNCC(C(CO)=O)O)=O
FormoseAmm	G3	C(CNCC(C(CO)O)N)=O
FormoseAmm	G3	C(CNCC(CN)=O)(CO)=O
FormoseAmm	G3	C(CNCC(CN)=O)(O)=O
FormoseAmm	G3	C(CNCC(CN)O)=O
FormoseAmm	G3	C(CNCC(CO)=O)(O)=O
FormoseAmm	G3	C(CNCC(CO)N)=O
FormoseAmm	G3	C(CNCC(CO)O)=O
FormoseAmm	G3	C(CNCC(O)=O)(C(CN)O)=O
FormoseAmm	G3	C(CNCC(O)=O)(C(CO)N)=O
FormoseAmm	G3	C(CNCC(O)=O)(C(CO)O)=O
FormoseAmm	G3	C(CNCC=O)(C(CN)O)=O
FormoseAmm	G3	C(CNCC=O)(C(CO)N)=O
FormoseAmm	G3	C(CNCCN)(C(CO)O)=O
FormoseAmm	G3	C(CNCCO)(C(CN)O)=O
FormoseAmm	G3	C(CNCCO)(C(CO)N)=O
FormoseAmm	G3	C(CNCCO)(C(CO)O)=O
FormoseAmm	G3	C(CNCCO)(CN)=O
FormoseAmm	G3	C(CO)(C(C(C(C)=O)O)N)=O
FormoseAmm	G3	C(CO)(C(C(C(CN)O)O)N)=O
FormoseAmm	G3	C(CO)(C(C(C(CN)O)O)O)=O
FormoseAmm	G3	C(CO)(C(C(C(CO)N)O)N)=O
FormoseAmm	G3	C(CO)(C(C(C(CO)N)O)O)=O
FormoseAmm	G3	C(CO)(C(C(C(CO)O)O)N)=O
FormoseAmm	G3	C(CO)(C(C(C)O)N)=O
FormoseAmm	G3	C(CO)(C(C(C)O)O)=O
FormoseAmm	G3	C(CO)(C(C(CN)O)N)=O
FormoseAmm	G3	C(CO)(C(C(CN)O)O)=O
FormoseAmm	G3	C(CO)(C(C(CO)(CN)O)N)=O
FormoseAmm	G3	C(CO)(C(C(CO)(CN)O)O)=O
FormoseAmm	G3	C(CO)(C(C(CO)(CO)O)N)=O
FormoseAmm	G3	C(CO)(C(C(CO)O)N)=O
FormoseAmm	G3	C(CO)(C(C(CO)O)O)=O
FormoseAmm	G3	C(CO)(C(CN)N)=O
FormoseAmm	G3	C(CO)(C(CN)NCCO)=O
FormoseAmm	G3	C(CO)(C(CN)O)=O
FormoseAmm	G3	C(CO)(C(CNCC=O)N)=O
FormoseAmm	G3	C(CO)(C(CNCCO)O)=O
FormoseAmm	G3	C(CO)(C(CO)(C(C)O)O)=O
FormoseAmm	G3	C(CO)(C(CO)(C(CN)O)O)=O
FormoseAmm	G3	C(CO)(C(CO)(CO)O)=O
FormoseAmm	G3	C(CO)(C(CO)N)=O
FormoseAmm	G3	C(CO)(C(CO)NCCO)=O
FormoseAmm	G3	C(CO)(CNCC(CO)=O)=O
FormoseAmm	G3	C(CO)(CNCCN)=O
FormoseAmm	G3	C(CO)(CNCCO)=O
FormoseAmm	G3	C1(CNCC(C1(CO)O)O)=O
FormoseAmm	G3	C1(CNCC(C1O)O)=O
FormoseAmm	G3	C1C(C(C(C(C(O)O1)N)O)O)O
FormoseAmm	G3	C1C(C(C(C(O)O1)O)O)O
FormoseAmm	G3	C1C(C(C(O)O1)(C(CN)O)O)O
FormoseAmm	G3	C1C(C(C(O)O1)(CO)O)O
FormoseAmm	G4	C(C(C(C(C(C)=O)=O)N)O)(O)=O
FormoseAmm	G4	C(C(C(C(C(C)=O)N)O)N)(O)=O
FormoseAmm	G4	C(C(C(C(C(C)=O)N)O)N)=O
FormoseAmm	G4	C(C(C(C(C(C)=O)N)O)O)(O)=O
FormoseAmm	G4	C(C(C(C(C(C)=O)N)O)O)=O
FormoseAmm	G4	C(C(C(C(C(C)=O)O)N)N)(O)=O
FormoseAmm	G4	C(C(C(C(C(C)=O)O)N)N)=O
FormoseAmm	G4	C(C(C(C(C(C)=O)O)N)O)(O)=O
FormoseAmm	G4	C(C(C(C(C(C)=O)O)N)O)=O
FormoseAmm	G4	C(C(C(C(C(C)=O)O)O)CN)=O
FormoseAmm	G4	C(C(C(C(C(C)N)=O)O)N)(O)=O
FormoseAmm	G4	C(C(C(C(C(C)N)=O)O)N)=O
FormoseAmm	G4	C(C(C(C(C(C)N)=O)O)O)(C)=O
FormoseAmm	G4	C(C(C(C(C(C)N)O)O)=O)=O
FormoseAmm	G4	C(C(C(C(C(C)N)O)O)N)(O)=O
FormoseAmm	G4	C(C(C(C(C(C)N)O)O)N)=O
FormoseAmm	G4	C(C(C(C(C(C)N)O)O)O)=O
FormoseAmm	G4	C(C(C(C(C(C)O)=O)O)N)(C)=O
FormoseAmm	G4	C(C(C(C(C(C)O)=O)O)N)(O)=O
FormoseAmm	G4	C(C(C(C(C(C)O)=O)O)N)=O
FormoseAmm	G4	C(C(C(C(C(C)O)=O)O)O)(C)=O
FormoseAmm	G4	C(C(C(C(C(C)O)N)=O)CO)=O
FormoseAmm	G4	C(C(C(C(C(C)O)N)=O)O)(O)=O
FormoseAmm	G4	C(C(C(C(C(C)O)N)O)N)(O)=O
FormoseAmm	G4	C(C(C(C(C(C)O)N)O)N)=O
FormoseAmm	G4	C(C(C(C(C(C)O)N)O)O)(O)=O
FormoseAmm	G4	C(C(C(C(C(C)O)N)O)O)=O
FormoseAmm	G4	C(C(C(C(C(C)O)O)=O)CO)=O
FormoseAmm	G4	C(C(C(C(C(C)O)O)=O)N)(O)=O
FormoseAmm	G4	C(C(C(C(C(C)O)O)O)N)(O)=O
FormoseAmm	G4	C(C(C(C(C(C)O)O)O)N)=O
FormoseAmm	G4	C(C(C(C(C(C)O)O)O)O)=O
FormoseAmm	G4	C(C(C(C(C(C=O)N)O)O)N)(O)=O
FormoseAmm	G4	C(C(C(C(C(C=O)N)O)O)N)=O
FormoseAmm	G4	C(C(C(C(C(C=O)O)N)O)N)(O)=O
FormoseAmm	G4	C(C(C(C(C(C=O)O)N)O)N)=O
FormoseAmm	G4	C(C(C(C(C(C=O)O)N)O)O)=O
FormoseAmm	G4	C(C(C(C(C(C=O)O)O)O)N)=O
FormoseAmm	G4	C(C(C(C(C(CN)=O)O)O)N)(O)=O
FormoseAmm	G4	C(C(C(C(C(CN)=O)O)O)O)=O
FormoseAmm	G4	C(C(C(C(C(CN)N)N)O)O)(O)=O
FormoseAmm	G4	C(C(C(C(C(CN)N)N)O)O)=O
FormoseAmm	G4	C(C(C(C(C(CN)N)N)O)O)O
FormoseAmm	G4	C(C(C(C(C(CN)N)O)N)O)O
FormoseAmm	G4	C(C(C(C(C(CN)N)O)O)=O)=O
FormoseAmm	G4	C(C(C(C(C(CN)N)O)O)N)(O)=O
FormoseAmm	G4	C(C(C(C(C(CN)N)O)O)N)=O
FormoseAmm	G4	C(C(C(C(C(CN)N)O)O)N)O
FormoseAmm	G4	C(C(C(C(C(CN)N)O)O)O)(O)=O
FormoseAmm	G4	C(C(C(C(C(CN)N)O)O)O)=O
FormoseAmm	G4	C(C(C(C(C(CN)N)O)O)O)N
FormoseAmm	G4	C(C(C(C(C(CN)O)=O)=O)O)=O
FormoseAmm	G4	C(C(C(C(C(CN)O)=O)O)N)(O)=O
FormoseAmm	G4	C(C(C(C(C(CN)O)=O)O)N)=O
FormoseAmm	G4	C(C(C(C(C(CN)O)N)=O)O)(O)=O
FormoseAmm	G4	C(C(C(C(C(CN)O)N)N)O)(O)=O
FormoseAmm	G4	C(C(C(C(C(CN)O)N)N)O)=O
FormoseAmm	G4	C(C(C(C(C(CN)O)N)N)O)O
FormoseAmm	G4	C(C(C(C(C(CN)O)N)O)=O)(O)=O
FormoseAmm	G4	C(C(C(C(C(CN)O)N)O)=O)=O
FormoseAmm	G4	C(C(C(C(C(CN)O)N)O)N)O
FormoseAmm	G4	C(C(C(C(C(CN)O)N)O)O)N
FormoseAmm	G4	C(C(C(C(C(CN)O)N)O)O)O
FormoseAmm	G4	C(C(C(C(C(CN)O)O)=O)N)(O)=O
FormoseAmm	G4	C(C(C(C(C(CN)O)O)N)N)(O)=O
FormoseAmm	G4	C(C(C(C(C(CN)O)O)N)N)=O
FormoseAmm	G4	C(C(C(C(C(CN)O)O)N)N)O
FormoseAmm	G4	C(C(C(C(C(CN)O)O)N)O)(O)=O
FormoseAmm	G4	C(C(C(C(C(CN)O)O)N)O)=O
FormoseAmm	G4	C(C(C(C(C(CN)O)O)N)O)O
FormoseAmm	G4	C(C(C(C(C(CN)O)O)O)=O)=O
FormoseAmm	G4	C(C(C(C(C(CN)O)O)O)N)O
FormoseAmm	G4	C(C(C(C(C(CN)O)O)O)O)N
FormoseAmm	G4	C(C(C(C(C(CO)=O)N)N)O)=O
FormoseAmm	G4	C(C(C(C(C(CO)=O)N)O)N)(O)=O
FormoseAmm	G4	C(C(C(C(C(CO)=O)N)O)O)=O
FormoseAmm	G4	C(C(C(C(C(CO)=O)O)N)O)=O
FormoseAmm	G4	C(C(C(C(C(CO)=O)O)O)N)=O
FormoseAmm	G4	C(C(C(C(C(CO)N)N)O)N)(O)=O
FormoseAmm	G4	C(C(C(C(C(CO)N)N)O)N)=O
FormoseAmm	G4	C(C(C(C(C(CO)N)N)O)O)(O)=O
FormoseAmm	G4	C(C(C(C(C(CO)N)N)O)O)=O
FormoseAmm	G4	C(C(C(C(C(CO)N)O)N)N)(O)=O
FormoseAmm	G4	C(C(C(C(C(CO)N)O)N)N)=O
FormoseAmm	G4	C(C(C(C(C(CO)N)O)N)N)O
FormoseAmm	G4	C(C(C(C(C(CO)N)O)N)O)(O)=O
FormoseAmm	G4	C(C(C(C(C(CO)N)O)N)O)=O
FormoseAmm	G4	C(C(C(C(C(CO)N)O)O)=O)=O
FormoseAmm	G4	C(C(C(C(C(CO)N)O)O)N)O
FormoseAmm	G4	C(C(C(C(C(CO)O)=O)O)N)=O
FormoseAmm	G4	C(C(C(C(C(CO)O)N)=O)O)=O
FormoseAmm	G4	C(C(C(C(C(CO)O)N)N)N)(O)=O
FormoseAmm	G4	C(C(C(C(C(CO)O)N)N)N)=O
FormoseAmm	G4	C(C(C(C(C(CO)O)N)N)O)(O)=O
FormoseAmm	G4	C(C(C(C(C(CO)O)N)N)O)=O
FormoseAmm	G4	C(C(C(C(C(CO)O)N)N)O)O
FormoseAmm	G4	C(C(C(C(C(CO)O)N)O)=O)=O
FormoseAmm	G4	C(C(C(C(C(CO)O)N)O)N)O
FormoseAmm	G4	C(C(C(C(C(CO)O)N)O)O)O
FormoseAmm	G4	C(C(C(C(C(CO)O)O)=O)N)=O
FormoseAmm	G4	C(C(C(C(C(CO)O)O)N)=O)=O
FormoseAmm	G4	C(C(C(C(C(CO)O)O)N)N)(O)=O
FormoseAmm	G4	C(C(C(C(C(CO)O)O)N)N)O
FormoseAmm	G4	C(C(C(C(C(N)=C)O)O)N)(O)=O
FormoseAmm	G4	C(C(C(C(C(N)=C)O)O)N)=O
FormoseAmm	G4	C(C(C(C(C(N)=C)O)O)O)=O
FormoseAmm	G4	C(C(C(C(C(O)=O)=O)CN)O)=O
FormoseAmm	G4	C(C(C(C(C(O)=O)N)=O)CO)=O
FormoseAmm	G4	C(C(C(C(C(O)=O)N)N)N)=O
FormoseAmm	G4	C(C(C(C(C(O)=O)N)O)N)(O)=O
FormoseAmm	G4	C(C(C(C(C(O)=O)O)N)N)(O)=O
FormoseAmm	G4	C(C(C(C(C)(CN)O)O)=O)=O
FormoseAmm	G4	C(C(C(C(C)=O)N)N)(O)=O
FormoseAmm	G4	C(C(C(C(C)=O)N)O)(O)=O
FormoseAmm	G4	C(C(C(C(C)=O)O)NC)(O)=O
FormoseAmm	G4	C(C(C(C(C)N)=O)(CN)O)=O
FormoseAmm	G4	C(C(C(C(C)N)=O)(CO)N)=O
FormoseAmm	G4	C(C(C(C(C)N)=O)(CO)O)=O
FormoseAmm	G4	C(C(C(C(C)N)=O)O)(O)=O
FormoseAmm	G4	C(C(C(C(C)N)O)(CC=O)O)=O
FormoseAmm	G4	C(C(C(C(C)N)O)C(C=O)O)=O
FormoseAmm	G4	C(C(C(C(C)N)O)N)(O)=O
FormoseAmm	G4	C(C(C(C(C)N)O)N)=O
FormoseAmm	G4	C(C(C(C(C)N)O)O)(CCO)=O
FormoseAmm	G4	C(C(C(C(C)N)O)O)(O)=O
FormoseAmm	G4	C(C(C(C(C)N)O)O)=O
FormoseAmm	G4	C(C(C(C(C)O)=O)(CN)O)=O
FormoseAmm	G4	C(C(C(C(C)O)=O)(CO)N)=O
FormoseAmm	G4	C(C(C(C(C)O)=O)(CO)O)=O
FormoseAmm	G4	C(C(C(C(C)O)=O)N)(O)=O
FormoseAmm	G4	C(C(C(C(C)O)=O)O)(O)=O
FormoseAmm	G4	C(C(C(C(C)O)C(CN)O)=O)=O
FormoseAmm	G4	C(C(C(C(C)O)N)N)=O
FormoseAmm	G4	C(C(C(C(C)O)N)NC)=O
FormoseAmm	G4	C(C(C(C(C)O)O)N)=O
FormoseAmm	G4	C(C(C(C(C)O)O)NC)=O
FormoseAmm	G4	C(C(C(C(C=C)=O)O)N)(O)=O
FormoseAmm	G4	C(C(C(C(C=C)=O)O)O)(O)=O
FormoseAmm	G4	C(C(C(C(C=CN)N)O)N)(O)=O
FormoseAmm	G4	C(C(C(C(C=CN)N)O)N)=O
FormoseAmm	G4	C(C(C(C(C=CN)N)O)O)(O)=O
FormoseAmm	G4	C(C(C(C(C=CN)N)O)O)=O
FormoseAmm	G4	C(C(C(C(C=CN)O)O)N)(O)=O
FormoseAmm	G4	C(C(C(C(C=CN)O)O)N)=O
FormoseAmm	G4	C(C(C(C(C=CN)O)O)O)=O
FormoseAmm	G4	C(C(C(C(C=O)=O)(C)N)O)(O)=O
FormoseAmm	G4	C(C(C(C(C=O)=O)(C)O)O)=CN
FormoseAmm	G4	C(C(C(C(C=O)=O)(CN)O)O)=O
FormoseAmm	G4	C(C(C(C(C=O)=O)CN)O)(O)=O
FormoseAmm	G4	C(C(C(C(C=O)=O)CO)O)=CN
FormoseAmm	G4	C(C(C(C(C=O)=O)O)N)(O)=O
FormoseAmm	G4	C(C(C(C(C=O)N)=O)CO)(O)=O
FormoseAmm	G4	C(C(C(C(C=O)N)O)C(C)O)=O
FormoseAmm	G4	C(C(C(C(C=O)N)O)N)(O)=O
FormoseAmm	G4	C(C(C(C(C=O)O)N)N)(O)=O
FormoseAmm	G4	C(C(C(C(C=O)O)N)N)=O
FormoseAmm	G4	C(C(C(C(C=O)O)N)NC)=O
FormoseAmm	G4	C(C(C(C(C=O)O)O)(CN)O)=O
FormoseAmm	G4	C(C(C(C(C=O)O)O)C(C)O)=O
FormoseAmm	G4	C(C(C(C(C=O)O)O)N)(O)=O
FormoseAmm	G4	C(C(C(C(C=O)O)O)N)=O
FormoseAmm	G4	C(C(C(C(C=O)O)O)NC)=O
FormoseAmm	G4	C(C(C(C(C=O)O)O)O)=O
FormoseAmm	G4	C(C(C(C(CC(C)O)=O)O)N)=O
FormoseAmm	G4	C(C(C(C(CC(C)O)O)O)=O)=O
FormoseAmm	G4	C(C(C(C(CCN)=O)O)N)(O)=O
FormoseAmm	G4	C(C(C(C(CCN)=O)O)N)=O
FormoseAmm	G4	C(C(C(C(CCN)=O)O)O)(C)=O
FormoseAmm	G4	C(C(C(C(CCN)O)N)O)N
FormoseAmm	G4	C(C(C(C(CCN)O)N)O)O
FormoseAmm	G4	C(C(C(C(CCN)O)O)=O)(O)=O
FormoseAmm	G4	C(C(C(C(CCN)O)O)=O)=O
FormoseAmm	G4	C(C(C(C(CCN)O)O)N)(O)=O
FormoseAmm	G4	C(C(C(C(CCN)O)O)N)=O
FormoseAmm	G4	C(C(C(C(CCN)O)O)N)O
FormoseAmm	G4	C(C(C(C(CCN)O)O)O)(O)=O
FormoseAmm	G4	C(C(C(C(CCN)O)O)O)=O
FormoseAmm	G4	C(C(C(C(CCN)O)O)O)N
FormoseAmm	G4	C(C(C(C(CCN)O)O)O)O
FormoseAmm	G4	C(C(C(C(CCO)=O)O)N)(C)=O
FormoseAmm	G4	C(C(C(C(CCO)=O)O)O)(C)=O
FormoseAmm	G4	C(C(C(C(CCO)N)=O)N)(O)=O
FormoseAmm	G4	C(C(C(C(CCO)N)=O)N)=O
FormoseAmm	G4	C(C(C(C(CCO)N)=O)O)(O)=O
FormoseAmm	G4	C(C(C(C(CCO)N)=O)O)=O
FormoseAmm	G4	C(C(C(C(CCO)N)O)N)(O)=O
FormoseAmm	G4	C(C(C(C(CCO)N)O)N)=O
FormoseAmm	G4	C(C(C(C(CCO)N)O)O)(O)=O
FormoseAmm	G4	C(C(C(C(CCO)N)O)O)=O
FormoseAmm	G4	C(C(C(C(CCO)O)=O)N)(O)=O
FormoseAmm	G4	C(C(C(C(CCO)O)=O)N)=O
FormoseAmm	G4	C(C(C(C(CCO)O)=O)O)=O
FormoseAmm	G4	C(C(C(C(CCO)O)N)O)O
FormoseAmm	G4	C(C(C(C(CCO)O)O)=O)=O
FormoseAmm	G4	C(C(C(C(CCO)O)O)N)(O)=O
FormoseAmm	G4	C(C(C(C(CCO)O)O)N)=O
FormoseAmm	G4	C(C(C(C(CCO)O)O)O)=O
FormoseAmm	G4	C(C(C(C(CCO)O)O)O)O
FormoseAmm	G4	C(C(C(C(CN)(CN)O)O)=O)=O
FormoseAmm	G4	C(C(C(C(CN)(CN)O)O)N)O
FormoseAmm	G4	C(C(C(C(CN)(CN)O)O)O)O
FormoseAmm	G4	C(C(C(C(CN)(CO)O)N)N)=O
FormoseAmm	G4	C(C(C(C(CN)(CO)O)O)N)(O)=O
FormoseAmm	G4	C(C(C(C(CN)(CO)O)O)N)=O
FormoseAmm	G4	C(C(C(C(CN)=O)N)O)(O)=O
FormoseAmm	G4	C(C(C(C(CN)=O)N)O)=O
FormoseAmm	G4	C(C(C(C(CN)=O)NC)O)=O
FormoseAmm	G4	C(C(C(C(CN)=O)O)N)(O)=O
FormoseAmm	G4	C(C(C(C(CN)=O)O)N)=O
FormoseAmm	G4	C(C(C(C(CN)=O)O)O)(O)=O
FormoseAmm	G4	C(C(C(C(CN)N)=O)(C)O)=O
FormoseAmm	G4	C(C(C(C(CN)N)=O)O)(O)=O
FormoseAmm	G4	C(C(C(C(CN)N)=O)O)=O
FormoseAmm	G4	C(C(C(C(CN)N)N)O)O
FormoseAmm	G4	C(C(C(C(CN)N)O)N)(O)=O
FormoseAmm	G4	C(C(C(C(CN)N)O)N)=O
FormoseAmm	G4	C(C(C(C(CN)N)O)N)O
FormoseAmm	G4	C(C(C(C(CN)N)O)O)(O)=O
FormoseAmm	G4	C(C(C(C(CN)N)O)O)=O
FormoseAmm	G4	C(C(C(C(CN)N)O)O)N
FormoseAmm	G4	C(C(C(C(CN)NC)=O)O)=O
FormoseAmm	G4	C(C(C(C(CN)O)=O)(C)O)=O
FormoseAmm	G4	C(C(C(C(CN)O)=O)CN)=O
FormoseAmm	G4	C(C(C(C(CN)O)=O)CO)(O)=O
FormoseAmm	G4	C(C(C(C(CN)O)=O)CO)=O
FormoseAmm	G4	C(C(C(C(CN)O)=O)N)(O)=O
FormoseAmm	G4	C(C(C(C(CN)O)=O)O)(O)=O
FormoseAmm	G4	C(C(C(C(CN)O)=O)O)=O
FormoseAmm	G4	C(C(C(C(CN)O)N)N)(O)=O
FormoseAmm	G4	C(C(C(C(CN)O)N)N)=O
FormoseAmm	G4	C(C(C(C(CN)O)N)N)O
FormoseAmm	G4	C(C(C(C(CN)O)N)NC)=O
FormoseAmm	G4	C(C(C(C(CN)O)N)O)(O)=O
FormoseAmm	G4	C(C(C(C(CN)O)N)O)=O
FormoseAmm	G4	C(C(C(C(CN)O)N)O)N
FormoseAmm	G4	C(C(C(C(CN)O)N)O)O
FormoseAmm	G4	C(C(C(C(CN)O)NC)N)(O)=O
FormoseAmm	G4	C(C(C(C(CN)O)NC)N)=O
FormoseAmm	G4	C(C(C(C(CN)O)NC)O)(O)=O
FormoseAmm	G4	C(C(C(C(CN)O)NC)O)=O
FormoseAmm	G4	C(C(C(C(CN)O)O)=O)(O)=O
FormoseAmm	G4	C(C(C(C(CN)O)O)=O)=O
FormoseAmm	G4	C(C(C(C(CN)O)O)CC=O)=O
FormoseAmm	G4	C(C(C(C(CN)O)O)N)O
FormoseAmm	G4	C(C(C(C(CN)O)O)NC)=O
FormoseAmm	G4	C(C(C(C(CN)O)O)O)N
FormoseAmm	G4	C(C(C(C(CO)(C)O)O)=O)=O
FormoseAmm	G4	C(C(C(C(CO)(CN)N)O)N)O
FormoseAmm	G4	C(C(C(C(CO)(CN)O)O)=O)=O
FormoseAmm	G4	C(C(C(C(CO)(CN)O)O)N)O
FormoseAmm	G4	C(C(C(C(CO)(CN)O)O)O)=O
FormoseAmm	G4	C(C(C(C(CO)(CO)N)O)N)(O)=O
FormoseAmm	G4	C(C(C(C(CO)(CO)N)O)N)=O
FormoseAmm	G4	C(C(C(C(CO)(CO)N)O)N)O
FormoseAmm	G4	C(C(C(C(CO)(CO)N)O)O)=O
FormoseAmm	G4	C(C(C(C(CO)(CO)O)N)N)(O)=O
FormoseAmm	G4	C(C(C(C(CO)(CO)O)N)N)=O
FormoseAmm	G4	C(C(C(C(CO)(CO)O)N)O)=O
FormoseAmm	G4	C(C(C(C(CO)(CO)O)O)N)O
FormoseAmm	G4	C(C(C(C(CO)=O)N)N)(O)=O
FormoseAmm	G4	C(C(C(C(CO)=O)N)N)=O
FormoseAmm	G4	C(C(C(C(CO)=O)N)O)(O)=O
FormoseAmm	G4	C(C(C(C(CO)=O)O)N)(O)=O
FormoseAmm	G4	C(C(C(C(CO)=O)O)N)=O
FormoseAmm	G4	C(C(C(C(CO)=O)O)NC)=O
FormoseAmm	G4	C(C(C(C(CO)C(C)O)=O)N)=O
FormoseAmm	G4	C(C(C(C(CO)C(C)O)=O)O)=O
FormoseAmm	G4	C(C(C(C(CO)CO)=O)N)(O)=O
FormoseAmm	G4	C(C(C(C(CO)CO)=O)N)=O
FormoseAmm	G4	C(C(C(C(CO)CO)=O)O)=O
FormoseAmm	G4	C(C(C(C(CO)N)=O)CN)=O
FormoseAmm	G4	C(C(C(C(CO)N)=O)CO)(O)=O
FormoseAmm	G4	C(C(C(C(CO)N)=O)CO)=O
FormoseAmm	G4	C(C(C(C(CO)N)=O)N)(O)=O
FormoseAmm	G4	C(C(C(C(CO)N)=O)O)(O)=O
FormoseAmm	G4	C(C(C(C(CO)N)=O)O)=O
FormoseAmm	G4	C(C(C(C(CO)N)N)N)(O)=O
FormoseAmm	G4	C(C(C(C(CO)N)N)N)=O
FormoseAmm	G4	C(C(C(C(CO)N)N)O)(O)=O
FormoseAmm	G4	C(C(C(C(CO)N)N)O)=O
FormoseAmm	G4	C(C(C(C(CO)N)NC)N)(O)=O
FormoseAmm	G4	C(C(C(C(CO)N)NC)N)=O
FormoseAmm	G4	C(C(C(C(CO)N)NC)O)(O)=O
FormoseAmm	G4	C(C(C(C(CO)N)NC)O)=O
FormoseAmm	G4	C(C(C(C(CO)N)O)=O)(O)=O
FormoseAmm	G4	C(C(C(C(CO)N)O)=O)=O
FormoseAmm	G4	C(C(C(C(CO)N)O)CC=O)=O
FormoseAmm	G4	C(C(C(C(CO)N)O)N)O
FormoseAmm	G4	C(C(C(C(CO)NC)=O)O)=O
FormoseAmm	G4	C(C(C(C(CO)NC)O)=O)=O
FormoseAmm	G4	C(C(C(C(CO)O)=O)C(C)O)=O
FormoseAmm	G4	C(C(C(C(CO)O)=O)CN)=O
FormoseAmm	G4	C(C(C(C(CO)O)=O)N)(O)=O
FormoseAmm	G4	C(C(C(C(CO)O)=O)N)=O
FormoseAmm	G4	C(C(C(C(CO)O)=O)NC)=O
FormoseAmm	G4	C(C(C(C(CO)O)=O)O)=O
FormoseAmm	G4	C(C(C(C(CO)O)C(C)O)=O)=O
FormoseAmm	G4	C(C(C(C(CO)O)N)=O)=O
FormoseAmm	G4	C(C(C(C(CO)O)N)CC=O)=O
FormoseAmm	G4	C(C(C(C(CO)O)N)N)(O)=O
FormoseAmm	G4	C(C(C(C(CO)O)N)N)O
FormoseAmm	G4	C(C(C(C(CO)O)N)NC)=O
FormoseAmm	G4	C(C(C(C(CO)O)N)O)O
FormoseAmm	G4	C(C(C(C(CO)O)NC)=O)=O
FormoseAmm	G4	C(C(C(C(CO)O)NC)N)(O)=O
FormoseAmm	G4	C(C(C(C(CO)O)NC)N)=O
FormoseAmm	G4	C(C(C(C(CO)O)NC)O)(O)=O
FormoseAmm	G4	C(C(C(C(CO)O)NC)O)=O
FormoseAmm	G4	C(C(C(C(CO)O)O)CC=O)=O
FormoseAmm	G4	C(C(C(C(CO)O)O)NC)=O
FormoseAmm	G4	C(C(C(C(N)=C)O)N)(O)=O
FormoseAmm	G4	C(C(C(C(N)=C)O)N)=O
FormoseAmm	G4	C(C(C(C(N)=C)O)O)(CCO)=O
FormoseAmm	G4	C(C(C(C(N)=C)O)O)(O)=O
FormoseAmm	G4	C(C(C(C(N)=C)O)O)=O
FormoseAmm	G4	C(C(C(C(N)=CCN)O)N)(O)=O
FormoseAmm	G4	C(C(C(C(N)=CCN)O)N)=O
FormoseAmm	G4	C(C(C(C(N)=CCN)O)O)(O)=O
FormoseAmm	G4	C(C(C(C(N)=CCN)O)O)=O
FormoseAmm	G4	C(C(C(C(N)=CCO)O)N)(O)=O
FormoseAmm	G4	C(C(C(C(N)=CCO)O)N)=O
FormoseAmm	G4	C(C(C(C(N)=CCO)O)O)=O
FormoseAmm	G4	C(C(C(C(O)=O)=O)CN)(O)=O
FormoseAmm	G4	C(C(C(C(O)=O)N)N)(CCO)=O
FormoseAmm	G4	C(C(C(C(O)=O)N)N)=O
FormoseAmm	G4	C(C(C(C(O)=O)N)NC)(C)=O
FormoseAmm	G4	C(C(C(C(O)=O)N)NC)=O
FormoseAmm	G4	C(C(C(C(O)=O)N)NCC(O)=O)=O
FormoseAmm	G4	C(C(C(C(O)=O)N)NCC=O)=O
FormoseAmm	G4	C(C(C(C(O)=O)N)NCCN)=O
FormoseAmm	G4	C(C(C(C(O)=O)N)O)(O)=O
FormoseAmm	G4	C(C(C(C(O)=O)NCC(O)=O)N)=O
FormoseAmm	G4	C(C(C(C(O)=O)NCC=O)N)=O
FormoseAmm	G4	C(C(C(C(O)=O)NCCO)N)=O
FormoseAmm	G4	C(C(C(C(O)=O)O)N)(C(CN)O)=O
FormoseAmm	G4	C(C(C(C(O)=O)O)N)(C(CO)N)=O
FormoseAmm	G4	C(C(C(C(O)=O)O)N)(CCO)=O
FormoseAmm	G4	C(C(C(C(O)=O)O)NC)(C)=O
FormoseAmm	G4	C(C(C(C(O)=O)O)NC)=O
FormoseAmm	G4	C(C(C(C(O)=O)O)NCCN)=O
FormoseAmm	G4	C(C(C(C(O)=O)O)NCCO)=O
FormoseAmm	G4	C(C(C(C(O)=O)O)O)(C(CN)N)=O
FormoseAmm	G4	C(C(C(C(O)=O)O)O)(CCN)=O
FormoseAmm	G4	C(C(C(C)(C(C(C)=O)O)O)N)=O
FormoseAmm	G4	C(C(C(C)(C(C(C)N)O)O)=O)=O
FormoseAmm	G4	C(C(C(C)(C(C(O)=O)O)O)N)=O
FormoseAmm	G4	C(C(C(C)(C(C)(CN)O)O)=O)=O
FormoseAmm	G4	C(C(C(C)(C(C=O)N)O)N)(O)=O
FormoseAmm	G4	C(C(C(C)(C(C=O)N)O)N)=O
FormoseAmm	G4	C(C(C(C)(C(CCN)O)O)=O)=O
FormoseAmm	G4	C(C(C(C)(C(CCO)O)O)=O)=O
FormoseAmm	G4	C(C(C(C)(C(CN)N)O)O)=O
FormoseAmm	G4	C(C(C(C)(C(CN)O)N)=O)=O
FormoseAmm	G4	C(C(C(C)(C(CN)O)O)=O)(O)=O
FormoseAmm	G4	C(C(C(C)(C(CN)O)O)=O)=O
FormoseAmm	G4	C(C(C(C)(C(CN)O)O)N)(O)=O
FormoseAmm	G4	C(C(C(C)(C(CN)O)O)N)=O
FormoseAmm	G4	C(C(C(C)(C(CN)O)O)O)(O)=O
FormoseAmm	G4	C(C(C(C)(C(CN)O)O)O)=O
FormoseAmm	G4	C(C(C(C)(C(CO)(C)O)O)=O)=O
FormoseAmm	G4	C(C(C(C)(C(CO)N)O)O)=O
FormoseAmm	G4	C(C(C(C)(C(CO)O)O)=O)=O
FormoseAmm	G4	C(C(C(C)(C(CO)O)O)N)(O)=O
FormoseAmm	G4	C(C(C(C)(C(CO)O)O)N)=O
FormoseAmm	G4	C(C(C(C)(C(CO)O)O)O)=O
FormoseAmm	G4	C(C(C(C)(CN)O)(CC=O)O)=O
FormoseAmm	G4	C(C(C(C)(CN)O)C(C=O)O)=O
FormoseAmm	G4	C(C(C(C)(CN)O)O)(CCO)=O
FormoseAmm	G4	C(C(C(C)(CN)O)O)(O)=O
FormoseAmm	G4	C(C(C(C)(CN)O)O)=O
FormoseAmm	G4	C(C(C(C)(CO)O)N)(O)=O
FormoseAmm	G4	C(C(C(C)(CO)O)N)=O
FormoseAmm	G4	C(C(C(C)=O)(C(C(C)N)O)O)=O
FormoseAmm	G4	C(C(C(C)=O)(C(C(O)=O)O)N)=O
FormoseAmm	G4	C(C(C(C)=O)(C(C)(CN)O)O)=O
FormoseAmm	G4	C(C(C(C)=O)(C(C)O)O)(O)=O
FormoseAmm	G4	C(C(C(C)=O)(C(C=O)N)O)(O)=O
FormoseAmm	G4	C(C(C(C)=O)(C(CCN)O)O)=O
FormoseAmm	G4	C(C(C(C)=O)(C(CCO)O)O)=O
FormoseAmm	G4	C(C(C(C)=O)(C(CN)O)N)=O
FormoseAmm	G4	C(C(C(C)=O)(C(CN)O)O)(O)=O
FormoseAmm	G4	C(C(C(C)=O)(C(CO)(C)O)O)=O
FormoseAmm	G4	C(C(C(C)=O)(C(CO)N)O)=O
FormoseAmm	G4	C(C(C(C)=O)(C(CO)O)N)=O
FormoseAmm	G4	C(C(C(C)=O)(CN)O)(O)=O
FormoseAmm	G4	C(C(C(C)=O)(CO)O)(O)=O
FormoseAmm	G4	C(C(C(C)=O)C(C(CO)O)O)=O
FormoseAmm	G4	C(C(C(C)=O)C(CN)O)(O)=O
FormoseAmm	G4	C(C(C(C)=O)C(CO)O)(O)=O
FormoseAmm	G4	C(C(C(C)=O)NCC(O)=O)(O)=O
FormoseAmm	G4	C(C(C(C)=O)NCCO)(O)=O
FormoseAmm	G4	C(C(C(C)N)(C(C(C)=O)O)O)=O
FormoseAmm	G4	C(C(C(C)N)(C(C(O)=O)N)O)=O
FormoseAmm	G4	C(C(C(C)N)(C(C=O)(C)O)O)=O
FormoseAmm	G4	C(C(C(C)N)(C(C=O)N)O)=O
FormoseAmm	G4	C(C(C(C)N)(C(C=O)O)O)=O
FormoseAmm	G4	C(C(C(C)N)(C(CO)(C)O)O)=O
FormoseAmm	G4	C(C(C(C)N)N)(O)=O
FormoseAmm	G4	C(C(C(C)N)NCC(O)=O)=O
FormoseAmm	G4	C(C(C(C)N)NCCO)=O
FormoseAmm	G4	C(C(C(C)N)O)(C(CO)O)=O
FormoseAmm	G4	C(C(C(C)N)O)(O)=O
FormoseAmm	G4	C(C(C(C)O)(C(C(C)=O)N)O)=O
FormoseAmm	G4	C(C(C(C)O)(C(C(C)=O)O)O)=O
FormoseAmm	G4	C(C(C(C)O)(C(C(C)N)O)O)=O
FormoseAmm	G4	C(C(C(C)O)(C(C(N)=C)O)O)=O
FormoseAmm	G4	C(C(C(C)O)(C(C(O)=O)N)O)=O
FormoseAmm	G4	C(C(C(C)O)(C(C(O)=O)O)N)=O
FormoseAmm	G4	C(C(C(C)O)(C(C)(CN)O)O)=O
FormoseAmm	G4	C(C(C(C)O)(C(C)N)O)=O
FormoseAmm	G4	C(C(C(C)O)(C(C)O)N)(O)=O
FormoseAmm	G4	C(C(C(C)O)(C(C)O)O)(O)=O
FormoseAmm	G4	C(C(C(C)O)(C(C)O)O)=O
FormoseAmm	G4	C(C(C(C)O)(C(C=CN)O)O)=O
FormoseAmm	G4	C(C(C(C)O)(C(C=O)(C)O)O)=O
FormoseAmm	G4	C(C(C(C)O)(C(C=O)N)O)=O
FormoseAmm	G4	C(C(C(C)O)(C(C=O)O)N)(O)=O
FormoseAmm	G4	C(C(C(C)O)(C(C=O)O)N)=O
FormoseAmm	G4	C(C(C(C)O)(C(C=O)O)O)=O
FormoseAmm	G4	C(C(C(C)O)(C(CCN)O)O)=O
FormoseAmm	G4	C(C(C(C)O)(C(CCO)O)O)=O
FormoseAmm	G4	C(C(C(C)O)(C(CN)N)O)(O)=O
FormoseAmm	G4	C(C(C(C)O)(C(CN)N)O)=O
FormoseAmm	G4	C(C(C(C)O)(C(CO)(C)O)O)=O
FormoseAmm	G4	C(C(C(C)O)(C(CO)N)O)(O)=O
FormoseAmm	G4	C(C(C(C)O)(CC(CN)=O)O)=O
FormoseAmm	G4	C(C(C(C)O)(CC(CO)=O)O)=O
FormoseAmm	G4	C(C(C(C)O)(CC(O)=O)O)=O
FormoseAmm	G4	C(C(C(C)O)(CC=O)O)(O)=O
FormoseAmm	G4	C(C(C(C)O)(CCN)O)=O
FormoseAmm	G4	C(C(C(C)O)(CCO)O)(O)=O
FormoseAmm	G4	C(C(C(C)O)(CCO)O)=O
FormoseAmm	G4	C(C(C(C)O)=O)(C(CO)O)=O
FormoseAmm	G4	C(C(C(C)O)C(C(C)N)O)=O
FormoseAmm	G4	C(C(C(C)O)C(C(CN)O)O)=O
FormoseAmm	G4	C(C(C(C)O)C(C(CO)=O)O)=O
FormoseAmm	G4	C(C(C(C)O)C(C(CO)N)O)=O
FormoseAmm	G4	C(C(C(C)O)C(C(CO)O)O)=O
FormoseAmm	G4	C(C(C(C)O)C(C(N)=C)O)=O
FormoseAmm	G4	C(C(C(C)O)C(C(O)=O)(C)O)=O
FormoseAmm	G4	C(C(C(C)O)C(C(O)=O)O)=O
FormoseAmm	G4	C(C(C(C)O)C(C)(CN)O)=O
FormoseAmm	G4	C(C(C(C)O)C(C=CN)O)=O
FormoseAmm	G4	C(C(C(C)O)C(C=O)(CO)O)=O
FormoseAmm	G4	C(C(C(C)O)C(C=O)O)(O)=O
FormoseAmm	G4	C(C(C(C)O)C(CCN)O)=O
FormoseAmm	G4	C(C(C(C)O)C(CCO)O)=O
FormoseAmm	G4	C(C(C(C)O)C(CN)O)=O
FormoseAmm	G4	C(C(C(C)O)C(CO)(CN)O)=O
FormoseAmm	G4	C(C(C(C)O)C(CO)(CO)O)=O
FormoseAmm	G4	C(C(C(C)O)C(CO)N)=O
FormoseAmm	G4	C(C(C(C)O)N)(C(CO)N)=O
FormoseAmm	G4	C(C(C(C)O)N)(CCO)=O
FormoseAmm	G4	C(C(C(C)O)NCC(O)=O)=O
FormoseAmm	G4	C(C(C(C)O)NCC=O)(O)=O
FormoseAmm	G4	C(C(C(C)O)NCCN)(O)=O
FormoseAmm	G4	C(C(C(C)O)NCCN)=O
FormoseAmm	G4	C(C(C(C)O)NCCO)=O
FormoseAmm	G4	C(C(C(C)O)O)(C(C(C)O)N)=O
FormoseAmm	G4	C(C(C(C)O)O)(C(C(C)O)O)=O
FormoseAmm	G4	C(C(C(C)O)O)(C(CN)N)=O
FormoseAmm	G4	C(C(C(C)O)O)(C(CN)O)=O
FormoseAmm	G4	C(C(C(C)O)O)(C(CO)N)=O
FormoseAmm	G4	C(C(C(C)O)O)(CCN)=O
FormoseAmm	G4	C(C(C(C)O)O)(CCO)=O
FormoseAmm	G4	C(C(C(C=CC=O)O)N)(O)=O
FormoseAmm	G4	C(C(C(C=CC=O)O)O)(O)=O
FormoseAmm	G4	C(C(C(C=CN)O)N)(O)=O
FormoseAmm	G4	C(C(C(C=CN)O)N)=O
FormoseAmm	G4	C(C(C(C=CN)O)O)(CCO)=O
FormoseAmm	G4	C(C(C(C=CN)O)O)(O)=O
FormoseAmm	G4	C(C(C(C=CN)O)O)=O
FormoseAmm	G4	C(C(C(C=O)(C(C=O)N)O)O)=O
FormoseAmm	G4	C(C(C(C=O)(C(C=O)O)N)O)=O
FormoseAmm	G4	C(C(C(C=O)(CC=O)N)O)(O)=O
FormoseAmm	G4	C(C(C(C=O)=O)(CN)O)(O)=O
FormoseAmm	G4	C(C(C(C=O)=O)C(CN)O)(O)=O
FormoseAmm	G4	C(C(C(C=O)C(C(N)=C)O)O)=O
FormoseAmm	G4	C(C(C(C=O)C(C=CN)O)O)=O
FormoseAmm	G4	C(C(C(C=O)C(C=O)N)O)(O)=O
FormoseAmm	G4	C(C(C(C=O)N)N)(C(CO)O)=O
FormoseAmm	G4	C(C(C(C=O)N)N)(CCO)=O
FormoseAmm	G4	C(C(C(C=O)N)NCC(O)=O)=O
FormoseAmm	G4	C(C(C(C=O)N)O)(O)=O
FormoseAmm	G4	C(C(C(C=O)NC)N)(CO)=O
FormoseAmm	G4	C(C(C(C=O)NC)O)(CN)=O
FormoseAmm	G4	C(C(C(C=O)NCC=O)O)(O)=O
FormoseAmm	G4	C(C(C(C=O)NCCN)N)=O
FormoseAmm	G4	C(C(C(C=O)NCCO)N)(O)=O
FormoseAmm	G4	C(C(C(C=O)NCCO)N)=O
FormoseAmm	G4	C(C(C(C=O)O)N)(C(CN)O)=O
FormoseAmm	G4	C(C(C(C=O)O)N)(C(CO)N)=O
FormoseAmm	G4	C(C(C(C=O)O)N)(CCO)=O
FormoseAmm	G4	C(C(C(C=O)O)NC)(CO)=O
FormoseAmm	G4	C(C(C(C=O)O)NC)(O)=O
FormoseAmm	G4	C(C(C(C=O)O)NCC=O)(O)=O
FormoseAmm	G4	C(C(C(C=O)O)NCCN)(O)=O
FormoseAmm	G4	C(C(C(C=O)O)NCCN)=O
FormoseAmm	G4	C(C(C(C=O)O)NCCO)(O)=O
FormoseAmm	G4	C(C(C(C=O)O)NCCO)=O
FormoseAmm	G4	C(C(C(C=O)O)O)(C(C)N)=O
FormoseAmm	G4	C(C(C(C=O)O)O)(C(C)O)=O
FormoseAmm	G4	C(C(C(C=O)O)O)(C(CN)N)=O
FormoseAmm	G4	C(C(C(C=O)O)O)(C(CN)O)=O
FormoseAmm	G4	C(C(C(C=O)O)O)(C(CO)N)=O
FormoseAmm	G4	C(C(C(C=O)O)O)(CC(C)O)=O
FormoseAmm	G4	C(C(C(C=O)O)O)(CCN)=O
FormoseAmm	G4	C(C(C(CC(C(C)=O)O)O)N)=O
FormoseAmm	G4	C(C(C(CC(C(C)=O)O)O)O)=O
FormoseAmm	G4	C(C(C(CC(C(O)=O)O)=O)N)=O
FormoseAmm	G4	C(C(C(CC(C(O)=O)O)O)N)=O
FormoseAmm	G4	C(C(C(CC(C)O)=O)(CO)O)=O
FormoseAmm	G4	C(C(C(CC(C)O)=O)O)(O)=O
FormoseAmm	G4	C(C(C(CC(C)O)O)N)(O)=O
FormoseAmm	G4	C(C(C(CC(C)O)O)N)=O
FormoseAmm	G4	C(C(C(CC(C)O)O)O)=O
FormoseAmm	G4	C(C(C(CC(C=O)=O)O)N)(O)=O
FormoseAmm	G4	C(C(C(CC(C=O)=O)O)O)=CN
FormoseAmm	G4	C(C(C(CC(C=O)N)=O)O)(O)=O
FormoseAmm	G4	C(C(C(CC(C=O)N)N)N)=O
FormoseAmm	G4	C(C(C(CC(C=O)N)O)N)(O)=O
FormoseAmm	G4	C(C(C(CC(C=O)O)N)N)(O)=O
FormoseAmm	G4	C(C(C(CC(C=O)O)N)N)=O
FormoseAmm	G4	C(C(C(CC(C=O)O)N)O)(O)=O
FormoseAmm	G4	C(C(C(CC(CCO)O)=O)N)=O
FormoseAmm	G4	C(C(C(CC(CN)=O)O)N)(O)=O
FormoseAmm	G4	C(C(C(CC(CN)=O)O)N)=O
FormoseAmm	G4	C(C(C(CC(CN)=O)O)O)(O)=O
FormoseAmm	G4	C(C(C(CC(CN)=O)O)O)=O
FormoseAmm	G4	C(C(C(CC(CN)N)=O)O)=O
FormoseAmm	G4	C(C(C(CC(CN)O)=O)N)(O)=O
FormoseAmm	G4	C(C(C(CC(CN)O)=O)N)=O
FormoseAmm	G4	C(C(C(CC(CN)O)=O)O)(O)=O
FormoseAmm	G4	C(C(C(CC(CN)O)N)=O)=O
FormoseAmm	G4	C(C(C(CC(CN)O)N)O)=O
FormoseAmm	G4	C(C(C(CC(CN)O)O)=O)(O)=O
FormoseAmm	G4	C(C(C(CC(CN)O)O)=O)=O
FormoseAmm	G4	C(C(C(CC(CN)O)O)N)(O)=O
FormoseAmm	G4	C(C(C(CC(CN)O)O)N)=O
FormoseAmm	G4	C(C(C(CC(CN)O)O)O)(O)=O
FormoseAmm	G4	C(C(C(CC(CN)O)O)O)=O
FormoseAmm	G4	C(C(C(CC(CO)=O)N)N)(O)=O
FormoseAmm	G4	C(C(C(CC(CO)=O)N)N)=O
FormoseAmm	G4	C(C(C(CC(CO)=O)N)O)(O)=O
FormoseAmm	G4	C(C(C(CC(CO)=O)N)O)=O
FormoseAmm	G4	C(C(C(CC(CO)=O)O)CN)=O
FormoseAmm	G4	C(C(C(CC(CO)N)=O)N)(O)=O
FormoseAmm	G4	C(C(C(CC(CO)N)=O)N)=O
FormoseAmm	G4	C(C(C(CC(CO)N)=O)O)(O)=O
FormoseAmm	G4	C(C(C(CC(CO)N)=O)O)=O
FormoseAmm	G4	C(C(C(CC(CO)N)O)N)(O)=O
FormoseAmm	G4	C(C(C(CC(CO)N)O)N)=O
FormoseAmm	G4	C(C(C(CC(CO)N)O)O)(O)=O
FormoseAmm	G4	C(C(C(CC(CO)N)O)O)=O
FormoseAmm	G4	C(C(C(CC(CO)O)=O)N)(O)=O
FormoseAmm	G4	C(C(C(CC(CO)O)N)=O)(O)=O
FormoseAmm	G4	C(C(C(CC(CO)O)N)=O)=O
FormoseAmm	G4	C(C(C(CC(CO)O)N)N)=O
FormoseAmm	G4	C(C(C(CC(CO)O)N)O)(O)=O
FormoseAmm	G4	C(C(C(CC(CO)O)N)O)=O
FormoseAmm	G4	C(C(C(CC(CO)O)O)=O)=O
FormoseAmm	G4	C(C(C(CC(CO)O)O)N)(O)=O
FormoseAmm	G4	C(C(C(CC(CO)O)O)N)=O
FormoseAmm	G4	C(C(C(CC(CO)O)O)O)=O
FormoseAmm	G4	C(C(C(CC(O)=O)O)(CN)O)=O
FormoseAmm	G4	C(C(C(CC(O)=O)O)C(C)O)=O
FormoseAmm	G4	C(C(C(CC(O)=O)O)CN)=O
FormoseAmm	G4	C(C(C(CC=O)N)(C(C)O)O)=O
FormoseAmm	G4	C(C(C(CC=O)N)(CCO)O)=O
FormoseAmm	G4	C(C(C(CC=O)N)(CO)N)(O)=O
FormoseAmm	G4	C(C(C(CC=O)N)(CO)N)=O
FormoseAmm	G4	C(C(C(CC=O)N)C(CO)O)=O
FormoseAmm	G4	C(C(C(CC=O)O)(C(C)N)O)=O
FormoseAmm	G4	C(C(C(CC=O)O)(C(C)O)O)=O
FormoseAmm	G4	C(C(C(CC=O)O)(CCN)O)=O
FormoseAmm	G4	C(C(C(CC=O)O)(CCO)O)=O
FormoseAmm	G4	C(C(C(CC=O)O)(CN)O)(O)=O
FormoseAmm	G4	C(C(C(CC=O)O)C(CN)O)=O
FormoseAmm	G4	C(C(C(CC=O)O)C(CO)N)=O
FormoseAmm	G4	C(C(C(CC=O)O)C(CO)O)=O
FormoseAmm	G4	C(C(C(CCN)=O)(CN)O)=O
FormoseAmm	G4	C(C(C(CCN)=O)(CO)N)=O
FormoseAmm	G4	C(C(C(CCN)=O)(CO)O)(O)=O
FormoseAmm	G4	C(C(C(CCN)=O)(CO)O)=O
FormoseAmm	G4	C(C(C(CCN)=O)O)(O)=O
FormoseAmm	G4	C(C(C(CCN)O)(CC=O)O)=O
FormoseAmm	G4	C(C(C(CCN)O)=O)(O)=O
FormoseAmm	G4	C(C(C(CCN)O)C(C=O)O)=O
FormoseAmm	G4	C(C(C(CCN)O)N)(O)=O
FormoseAmm	G4	C(C(C(CCN)O)N)=O
FormoseAmm	G4	C(C(C(CCN)O)N)O
FormoseAmm	G4	C(C(C(CCN)O)O)(CCO)=O
FormoseAmm	G4	C(C(C(CCN)O)O)(O)=O
FormoseAmm	G4	C(C(C(CCN)O)O)=O
FormoseAmm	G4	C(C(C(CCN)O)O)N
FormoseAmm	G4	C(C(C(CCN)O)O)O
FormoseAmm	G4	C(C(C(CCNC)=O)O)(O)=O
FormoseAmm	G4	C(C(C(CCO)=O)(C(C)O)O)=O
FormoseAmm	G4	C(C(C(CCO)=O)(CN)O)=O
FormoseAmm	G4	C(C(C(CCO)=O)(CO)N)=O
FormoseAmm	G4	C(C(C(CCO)=O)N)(O)=O
FormoseAmm	G4	C(C(C(CCO)=O)NC)(O)=O
FormoseAmm	G4	C(C(C(CCO)N)=O)(O)=O
FormoseAmm	G4	C(C(C(CCO)N)N)=O
FormoseAmm	G4	C(C(C(CCO)N)O)(O)=O
FormoseAmm	G4	C(C(C(CCO)N)O)=O
FormoseAmm	G4	C(C(C(CCO)NC)=O)(O)=O
FormoseAmm	G4	C(C(C(CCO)O)(C(C)N)O)=O
FormoseAmm	G4	C(C(C(CCO)O)(CC=O)O)=O
FormoseAmm	G4	C(C(C(CCO)O)=O)(O)=O
FormoseAmm	G4	C(C(C(CCO)O)C(C=O)N)=O
FormoseAmm	G4	C(C(C(CCO)O)C(C=O)O)=O
FormoseAmm	G4	C(C(C(CCO)O)C(CO)N)=O
FormoseAmm	G4	C(C(C(CCO)O)N)(CCO)=O
FormoseAmm	G4	C(C(C(CCO)O)N)(O)=O
FormoseAmm	G4	C(C(C(CCO)O)N)=O
FormoseAmm	G4	C(C(C(CCO)O)O)(CCN)=O
FormoseAmm	G4	C(C(C(CCO)O)O)(CCO)=O
FormoseAmm	G4	C(C(C(CCO)O)O)(O)=O
FormoseAmm	G4	C(C(C(CCO)O)O)=O
FormoseAmm	G4	C(C(C(CCO)O)O)O
FormoseAmm	G4	C(C(C(CN)(C(C)O)O)=O)=O
FormoseAmm	G4	C(C(C(CN)(C(CN)N)O)O)O
FormoseAmm	G4	C(C(C(CN)(C(CN)O)N)O)=O
FormoseAmm	G4	C(C(C(CN)(C(CN)O)N)O)O
FormoseAmm	G4	C(C(C(CN)(C(CN)O)O)=O)=O
FormoseAmm	G4	C(C(C(CN)(C(CN)O)O)N)(O)=O
FormoseAmm	G4	C(C(C(CN)(C(CN)O)O)N)=O
FormoseAmm	G4	C(C(C(CN)(C(CN)O)O)N)O
FormoseAmm	G4	C(C(C(CN)(C(CN)O)O)O)(O)=O
FormoseAmm	G4	C(C(C(CN)(C(CN)O)O)O)=O
FormoseAmm	G4	C(C(C(CN)(C(CO)N)O)N)(O)=O
FormoseAmm	G4	C(C(C(CN)(C(CO)N)O)N)=O
FormoseAmm	G4	C(C(C(CN)(C(CO)N)O)O)(O)=O
FormoseAmm	G4	C(C(C(CN)(C(CO)N)O)O)=O
FormoseAmm	G4	C(C(C(CN)(C(CO)O)N)O)=O
FormoseAmm	G4	C(C(C(CN)(C(CO)O)N)O)O
FormoseAmm	G4	C(C(C(CN)(C(CO)O)O)=O)=O
FormoseAmm	G4	C(C(C(CN)(C(CO)O)O)N)O
FormoseAmm	G4	C(C(C(CN)(C)O)N)(O)=O
FormoseAmm	G4	C(C(C(CN)(C)O)N)=O
FormoseAmm	G4	C(C(C(CN)(CCN)O)O)O
FormoseAmm	G4	C(C(C(CN)(CCO)O)N)(O)=O
FormoseAmm	G4	C(C(C(CN)(CCO)O)N)=O
FormoseAmm	G4	C(C(C(CN)(CCO)O)O)(O)=O
FormoseAmm	G4	C(C(C(CN)(CCO)O)O)=O
FormoseAmm	G4	C(C(C(CN)(CCO)O)O)O
FormoseAmm	G4	C(C(C(CN)(CN)O)N)(O)=O
FormoseAmm	G4	C(C(C(CN)(CN)O)N)=O
FormoseAmm	G4	C(C(C(CN)(CN)O)O)(O)=O
FormoseAmm	G4	C(C(C(CN)(CN)O)O)=O
FormoseAmm	G4	C(C(C(CN)(CN)O)O)O
FormoseAmm	G4	C(C(C(CN)=O)(C(C)O)O)(O)=O
FormoseAmm	G4	C(C(C(CN)=O)(C(CN)O)N)=O
FormoseAmm	G4	C(C(C(CN)=O)(C(CN)O)O)(O)=O
FormoseAmm	G4	C(C(C(CN)=O)(C(CN)O)O)=O
FormoseAmm	G4	C(C(C(CN)=O)(C(CO)N)O)=O
FormoseAmm	G4	C(C(C(CN)=O)(C(CO)O)N)=O
FormoseAmm	G4	C(C(C(CN)=O)(C(CO)O)O)=O
FormoseAmm	G4	C(C(C(CN)=O)(CCO)O)=O
FormoseAmm	G4	C(C(C(CN)=O)(CN)O)(O)=O
FormoseAmm	G4	C(C(C(CN)=O)(CN)O)=O
FormoseAmm	G4	C(C(C(CN)=O)(CO)CO)=O
FormoseAmm	G4	C(C(C(CN)=O)(CO)N)(O)=O
FormoseAmm	G4	C(C(C(CN)=O)(CO)N)=O
FormoseAmm	G4	C(C(C(CN)=O)(CO)O)(O)=O
FormoseAmm	G4	C(C(C(CN)=O)(CO)O)=O
FormoseAmm	G4	C(C(C(CN)=O)C(C(O)=O)O)=O
FormoseAmm	G4	C(C(C(CN)=O)C(C)O)(O)=O
FormoseAmm	G4	C(C(C(CN)=O)C(C=O)O)(O)=O
FormoseAmm	G4	C(C(C(CN)=O)C(CCO)O)=O
FormoseAmm	G4	C(C(C(CN)=O)C(CN)O)(O)=O
FormoseAmm	G4	C(C(C(CN)=O)C(CN)O)=O
FormoseAmm	G4	C(C(C(CN)=O)C(CO)N)=O
FormoseAmm	G4	C(C(C(CN)=O)C(CO)O)(O)=O
FormoseAmm	G4	C(C(C(CN)=O)CO)(O)=O
FormoseAmm	G4	C(C(C(CN)=O)N)(O)=O
FormoseAmm	G4	C(C(C(CN)=O)NCC(O)=O)(O)=O
FormoseAmm	G4	C(C(C(CN)=O)NCC(O)=O)=O
FormoseAmm	G4	C(C(C(CN)=O)NCC=O)(O)=O
FormoseAmm	G4	C(C(C(CN)=O)NCCN)=O
FormoseAmm	G4	C(C(C(CN)=O)NCCO)(O)=O
FormoseAmm	G4	C(C(C(CN)=O)NCCO)=O
FormoseAmm	G4	C(C(C(CN)=O)O)(O)=O
FormoseAmm	G4	C(C(C(CN)C(C(C)=O)O)O)=O
FormoseAmm	G4	C(C(C(CN)C(C(O)=O)N)N)=O
FormoseAmm	G4	C(C(C(CN)C(C(O)=O)O)N)=O
FormoseAmm	G4	C(C(C(CN)C(C)N)N)=O
FormoseAmm	G4	C(C(C(CN)C(C)O)=O)(O)=O
FormoseAmm	G4	C(C(C(CN)C(C)O)N)=O
FormoseAmm	G4	C(C(C(CN)C(C)O)O)=O
FormoseAmm	G4	C(C(C(CN)C(C=O)N)N)=O
FormoseAmm	G4	C(C(C(CN)C(C=O)O)N)=O
FormoseAmm	G4	C(C(C(CN)C(C=O)O)O)=O
FormoseAmm	G4	C(C(C(CN)C(CCO)O)=O)=O
FormoseAmm	G4	C(C(C(CN)C(CN)O)=O)(O)=O
FormoseAmm	G4	C(C(C(CN)C(CN)O)=O)=O
FormoseAmm	G4	C(C(C(CN)C(CN)O)N)=O
FormoseAmm	G4	C(C(C(CN)C(CN)O)O)=O
FormoseAmm	G4	C(C(C(CN)C(CO)N)N)=O
FormoseAmm	G4	C(C(C(CN)C(CO)O)=O)(O)=O
FormoseAmm	G4	C(C(C(CN)C(CO)O)=O)=O
FormoseAmm	G4	C(C(C(CN)C(CO)O)N)=O
FormoseAmm	G4	C(C(C(CN)C(CO)O)O)=O
FormoseAmm	G4	C(C(C(CN)CC(O)=O)N)=O
FormoseAmm	G4	C(C(C(CN)CCN)N)=O
FormoseAmm	G4	C(C(C(CN)CCO)N)=O
FormoseAmm	G4	C(C(C(CN)CN)N)=O
FormoseAmm	G4	C(C(C(CN)CO)N)=O
FormoseAmm	G4	C(C(C(CN)N)(C(C(O)=O)O)N)=O
FormoseAmm	G4	C(C(C(CN)N)(C(C(O)=O)O)O)=O
FormoseAmm	G4	C(C(C(CN)N)(C(C=O)O)O)(O)=O
FormoseAmm	G4	C(C(C(CN)N)(C(C=O)O)O)=O
FormoseAmm	G4	C(C(C(CN)N)C(C=O)O)=O
FormoseAmm	G4	C(C(C(CN)N)N)(O)=O
FormoseAmm	G4	C(C(C(CN)N)N)O
FormoseAmm	G4	C(C(C(CN)N)NC)=O
FormoseAmm	G4	C(C(C(CN)N)NCC(O)=O)=O
FormoseAmm	G4	C(C(C(CN)N)NCC=O)=O
FormoseAmm	G4	C(C(C(CN)N)NCCO)=O
FormoseAmm	G4	C(C(C(CN)N)O)(C(CO)O)=O
FormoseAmm	G4	C(C(C(CN)N)O)(CCO)=O
FormoseAmm	G4	C(C(C(CN)NC)N)(O)=O
FormoseAmm	G4	C(C(C(CN)NC)N)=O
FormoseAmm	G4	C(C(C(CN)NC)O)(O)=O
FormoseAmm	G4	C(C(C(CN)NC)O)=O
FormoseAmm	G4	C(C(C(CN)NCC(O)=O)N)(O)=O
FormoseAmm	G4	C(C(C(CN)NCCN)=O)=O
FormoseAmm	G4	C(C(C(CN)NCCN)O)(O)=O
FormoseAmm	G4	C(C(C(CN)NCCN)O)=O
FormoseAmm	G4	C(C(C(CN)NCCO)=O)=O
FormoseAmm	G4	C(C(C(CN)NCCO)N)(O)=O
FormoseAmm	G4	C(C(C(CN)O)(C(C(O)=O)N)O)=O
FormoseAmm	G4	C(C(C(CN)O)(C(C(O)=O)O)N)=O
FormoseAmm	G4	C(C(C(CN)O)(C(C)N)O)=O
FormoseAmm	G4	C(C(C(CN)O)(C(C)O)N)(O)=O
FormoseAmm	G4	C(C(C(CN)O)(C(C=O)N)O)=O
FormoseAmm	G4	C(C(C(CN)O)(C(C=O)O)N)(O)=O
FormoseAmm	G4	C(C(C(CN)O)(C(CN)N)O)(O)=O
FormoseAmm	G4	C(C(C(CN)O)(C(CN)N)O)=O
FormoseAmm	G4	C(C(C(CN)O)(C(CN)N)O)O
FormoseAmm	G4	C(C(C(CN)O)(C(CN)O)N)(O)=O
FormoseAmm	G4	C(C(C(CN)O)(C(CN)O)N)O
FormoseAmm	G4	C(C(C(CN)O)(C(CN)O)O)N
FormoseAmm	G4	C(C(C(CN)O)(C(CN)O)O)O
FormoseAmm	G4	C(C(C(CN)O)(C(CO)N)O)(O)=O
FormoseAmm	G4	C(C(C(CN)O)(CC(O)=O)O)=O
FormoseAmm	G4	C(C(C(CN)O)(CC=O)N)=O
FormoseAmm	G4	C(C(C(CN)O)(CC=O)O)(O)=O
FormoseAmm	G4	C(C(C(CN)O)(CCN)O)=O
FormoseAmm	G4	C(C(C(CN)O)(CCO)O)(O)=O
FormoseAmm	G4	C(C(C(CN)O)(CCO)O)=O
FormoseAmm	G4	C(C(C(CN)O)=O)(C(C)O)=O
FormoseAmm	G4	C(C(C(CN)O)=O)(C(CN)O)=O
FormoseAmm	G4	C(C(C(CN)O)=O)(C(CO)O)=O
FormoseAmm	G4	C(C(C(CN)O)=O)(O)=O
FormoseAmm	G4	C(C(C(CN)O)C(C(C)=O)O)=O
FormoseAmm	G4	C(C(C(CN)O)C(C(O)=O)O)=O
FormoseAmm	G4	C(C(C(CN)O)C(C=O)N)=O
FormoseAmm	G4	C(C(C(CN)O)C(C=O)O)(O)=O
FormoseAmm	G4	C(C(C(CN)O)C(CCO)O)=O
FormoseAmm	G4	C(C(C(CN)O)C(CN)O)=O
FormoseAmm	G4	C(C(C(CN)O)C(CO)N)=O
FormoseAmm	G4	C(C(C(CN)O)N)(C(CO)N)=O
FormoseAmm	G4	C(C(C(CN)O)N)(CCO)=O
FormoseAmm	G4	C(C(C(CN)O)NC)=O
FormoseAmm	G4	C(C(C(CN)O)NCC(O)=O)=O
FormoseAmm	G4	C(C(C(CN)O)NCC=O)(O)=O
FormoseAmm	G4	C(C(C(CN)O)NCCN)(O)=O
FormoseAmm	G4	C(C(C(CN)O)NCCN)=O
FormoseAmm	G4	C(C(C(CN)O)NCCO)=O
FormoseAmm	G4	C(C(C(CN)O)O)(C(CN)N)=O
FormoseAmm	G4	C(C(C(CN)O)O)(C(CN)O)=O
FormoseAmm	G4	C(C(C(CN)O)O)(C(CO)N)=O
FormoseAmm	G4	C(C(C(CN)O)O)(CCN)=O
FormoseAmm	G4	C(C(C(CN)O)O)(CCO)=O
FormoseAmm	G4	C(C(C(CN)O)O)(NCC(O)=O)=O
FormoseAmm	G4	C(C(C(CNC)=O)(CN)O)=O
FormoseAmm	G4	C(C(C(CNC)=O)(CO)N)=O
FormoseAmm	G4	C(C(C(CNC)=O)(CO)O)(O)=O
FormoseAmm	G4	C(C(C(CNC)=O)(CO)O)=O
FormoseAmm	G4	C(C(C(CNC)=O)O)(O)=O
FormoseAmm	G4	C(C(C(CNC)N)O)=O
FormoseAmm	G4	C(C(C(CNCC(O)=O)=O)N)(O)=O
FormoseAmm	G4	C(C(C(CNCC(O)=O)=O)N)=O
FormoseAmm	G4	C(C(C(CNCC(O)=O)=O)O)=O
FormoseAmm	G4	C(C(C(CNCC(O)=O)N)O)=O
FormoseAmm	G4	C(C(C(CNCC(O)=O)O)N)(O)=O
FormoseAmm	G4	C(C(C(CNCC(O)=O)O)N)=O
FormoseAmm	G4	C(C(C(CNCC(O)=O)O)O)=O
FormoseAmm	G4	C(C(C(CNCC=O)=O)N)(O)=O
FormoseAmm	G4	C(C(C(CNCC=O)=O)O)(O)=O
FormoseAmm	G4	C(C(C(CNCC=O)N)N)=O
FormoseAmm	G4	C(C(C(CNCC=O)N)O)(O)=O
FormoseAmm	G4	C(C(C(CNCC=O)N)O)=O
FormoseAmm	G4	C(C(C(CNCCN)=O)N)=O
FormoseAmm	G4	C(C(C(CNCCN)=O)O)(O)=O
FormoseAmm	G4	C(C(C(CNCCN)=O)O)=O
FormoseAmm	G4	C(C(C(CNCCN)N)O)(O)=O
FormoseAmm	G4	C(C(C(CNCCN)N)O)=O
FormoseAmm	G4	C(C(C(CNCCN)O)=O)(O)=O
FormoseAmm	G4	C(C(C(CNCCN)O)=O)=O
FormoseAmm	G4	C(C(C(CNCCN)O)N)(O)=O
FormoseAmm	G4	C(C(C(CNCCN)O)N)=O
FormoseAmm	G4	C(C(C(CNCCN)O)O)(O)=O
FormoseAmm	G4	C(C(C(CNCCN)O)O)=O
FormoseAmm	G4	C(C(C(CNCCO)=O)N)(O)=O
FormoseAmm	G4	C(C(C(CNCCO)=O)N)=O
FormoseAmm	G4	C(C(C(CNCCO)=O)O)(O)=O
FormoseAmm	G4	C(C(C(CNCCO)=O)O)=O
FormoseAmm	G4	C(C(C(CNCCO)N)O)=O
FormoseAmm	G4	C(C(C(CNCCO)O)=O)=O
FormoseAmm	G4	C(C(C(CNCCO)O)N)(O)=O
FormoseAmm	G4	C(C(C(CNCCO)O)N)=O
FormoseAmm	G4	C(C(C(CNCCO)O)O)(O)=O
FormoseAmm	G4	C(C(C(CNCCO)O)O)=O
FormoseAmm	G4	C(C(C(CO)(C(C)O)O)=O)=O
FormoseAmm	G4	C(C(C(CO)(C(C)O)O)N)=O
FormoseAmm	G4	C(C(C(CO)(C(C=O)N)O)N)(O)=O
FormoseAmm	G4	C(C(C(CO)(C(C=O)O)O)N)=O
FormoseAmm	G4	C(C(C(CO)(C(CN)N)O)N)(O)=O
FormoseAmm	G4	C(C(C(CO)(C(CN)N)O)N)=O
FormoseAmm	G4	C(C(C(CO)(C(CN)N)O)O)(O)=O
FormoseAmm	G4	C(C(C(CO)(C(CN)N)O)O)=O
FormoseAmm	G4	C(C(C(CO)(C(CN)O)N)O)=O
FormoseAmm	G4	C(C(C(CO)(C(CN)O)O)=O)=O
FormoseAmm	G4	C(C(C(CO)(C(CN)O)O)N)(O)=O
FormoseAmm	G4	C(C(C(CO)(C(CN)O)O)N)=O
FormoseAmm	G4	C(C(C(CO)(C(CN)O)O)N)O
FormoseAmm	G4	C(C(C(CO)(C(CN)O)O)O)=O
FormoseAmm	G4	C(C(C(CO)(C(CO)N)O)N)(O)=O
FormoseAmm	G4	C(C(C(CO)(C(CO)N)O)N)=O
FormoseAmm	G4	C(C(C(CO)(C(CO)N)O)O)=O
FormoseAmm	G4	C(C(C(CO)(C(CO)O)N)O)=O
FormoseAmm	G4	C(C(C(CO)(C(CO)O)O)N)O
FormoseAmm	G4	C(C(C(CO)(C)O)(CC=O)O)=O
FormoseAmm	G4	C(C(C(CO)(C)O)O)(CCN)=O
FormoseAmm	G4	C(C(C(CO)(C)O)O)(CCO)=O
FormoseAmm	G4	C(C(C(CO)(C)O)O)(O)=O
FormoseAmm	G4	C(C(C(CO)(C)O)O)=O
FormoseAmm	G4	C(C(C(CO)(CCN)O)=O)(O)=O
FormoseAmm	G4	C(C(C(CO)(CCN)O)N)(O)=O
FormoseAmm	G4	C(C(C(CO)(CCN)O)N)=O
FormoseAmm	G4	C(C(C(CO)(CCN)O)O)(O)=O
FormoseAmm	G4	C(C(C(CO)(CCN)O)O)=O
FormoseAmm	G4	C(C(C(CO)(CCN)O)O)O
FormoseAmm	G4	C(C(C(CO)(CCO)O)N)(O)=O
FormoseAmm	G4	C(C(C(CO)(CCO)O)N)=O
FormoseAmm	G4	C(C(C(CO)(CCO)O)O)=O
FormoseAmm	G4	C(C(C(CO)(CCO)O)O)O
FormoseAmm	G4	C(C(C(CO)(CN)N)O)=O
FormoseAmm	G4	C(C(C(CO)(CN)O)=O)(O)=O
FormoseAmm	G4	C(C(C(CO)(CN)O)=O)=O
FormoseAmm	G4	C(C(C(CO)(CN)O)CC=O)=O
FormoseAmm	G4	C(C(C(CO)(CO)C(C)O)=O)=O
FormoseAmm	G4	C(C(C(CO)(CO)CO)=O)=O
FormoseAmm	G4	C(C(C(CO)(CO)N)CC=O)=O
FormoseAmm	G4	C(C(C(CO)(CO)N)O)=O
FormoseAmm	G4	C(C(C(CO)(CO)O)=O)=O
FormoseAmm	G4	C(C(C(CO)(CO)O)CC=O)=O
FormoseAmm	G4	C(C(C(CO)(CO)O)NC)=O
FormoseAmm	G4	C(C(C(CO)=O)(C(C)O)N)(O)=O
FormoseAmm	G4	C(C(C(CO)=O)(C(C)O)O)=O
FormoseAmm	G4	C(C(C(CO)=O)(C(CN)O)N)(O)=O
FormoseAmm	G4	C(C(C(CO)=O)(C(CN)O)N)=O
FormoseAmm	G4	C(C(C(CO)=O)(C(CN)O)O)=O
FormoseAmm	G4	C(C(C(CO)=O)(C(CO)N)O)=O
FormoseAmm	G4	C(C(C(CO)=O)(C(CO)O)N)=O
FormoseAmm	G4	C(C(C(CO)=O)(CCO)O)=O
FormoseAmm	G4	C(C(C(CO)=O)(CN)N)(O)=O
FormoseAmm	G4	C(C(C(CO)=O)(CN)O)(O)=O
FormoseAmm	G4	C(C(C(CO)=O)(CN)O)=O
FormoseAmm	G4	C(C(C(CO)=O)(CO)C(C)O)=O
FormoseAmm	G4	C(C(C(CO)=O)(CO)CO)=O
FormoseAmm	G4	C(C(C(CO)=O)(CO)N)(O)=O
FormoseAmm	G4	C(C(C(CO)=O)(CO)N)=O
FormoseAmm	G4	C(C(C(CO)=O)(CO)O)=O
FormoseAmm	G4	C(C(C(CO)=O)C(C(C)N)O)=O
FormoseAmm	G4	C(C(C(CO)=O)C(C(N)=C)O)=O
FormoseAmm	G4	C(C(C(CO)=O)C(C)(CN)O)=O
FormoseAmm	G4	C(C(C(CO)=O)C(C)O)(O)=O
FormoseAmm	G4	C(C(C(CO)=O)C(C=CN)O)=O
FormoseAmm	G4	C(C(C(CO)=O)C(C=O)N)(O)=O
FormoseAmm	G4	C(C(C(CO)=O)C(CCN)O)=O
FormoseAmm	G4	C(C(C(CO)=O)C(CCO)O)=O
FormoseAmm	G4	C(C(C(CO)=O)C(CN)N)=O
FormoseAmm	G4	C(C(C(CO)=O)C(CN)O)(O)=O
FormoseAmm	G4	C(C(C(CO)=O)C(CO)(C)O)=O
FormoseAmm	G4	C(C(C(CO)=O)C(CO)N)=O
FormoseAmm	G4	C(C(C(CO)=O)CN)(O)=O
FormoseAmm	G4	C(C(C(CO)=O)CO)(O)=O
FormoseAmm	G4	C(C(C(CO)=O)N)(O)=O
FormoseAmm	G4	C(C(C(CO)=O)NCC(O)=O)=O
FormoseAmm	G4	C(C(C(CO)=O)NCC=O)(O)=O
FormoseAmm	G4	C(C(C(CO)=O)NCCN)(O)=O
FormoseAmm	G4	C(C(C(CO)=O)NCCN)=O
FormoseAmm	G4	C(C(C(CO)=O)NCCO)(O)=O
FormoseAmm	G4	C(C(C(CO)=O)NCCO)=O
FormoseAmm	G4	C(C(C(CO)=O)O)(O)=O
FormoseAmm	G4	C(C(C(CO)C(C(C)=O)O)N)=O
FormoseAmm	G4	C(C(C(CO)C(C(C)=O)O)O)=O
FormoseAmm	G4	C(C(C(CO)C(C(C)N)O)=O)=O
FormoseAmm	G4	C(C(C(CO)C(C(O)=O)O)N)=O
FormoseAmm	G4	C(C(C(CO)C(C)(CN)O)=O)=O
FormoseAmm	G4	C(C(C(CO)C(C)N)N)=O
FormoseAmm	G4	C(C(C(CO)C(C)O)=O)(O)=O
FormoseAmm	G4	C(C(C(CO)C(C)O)N)=O
FormoseAmm	G4	C(C(C(CO)C(C)O)O)(O)=O
FormoseAmm	G4	C(C(C(CO)C(C)O)O)=O
FormoseAmm	G4	C(C(C(CO)C(C=O)N)N)(O)=O
FormoseAmm	G4	C(C(C(CO)C(C=O)N)N)=O
FormoseAmm	G4	C(C(C(CO)C(C=O)O)N)=O
FormoseAmm	G4	C(C(C(CO)C(C=O)O)O)=O
FormoseAmm	G4	C(C(C(CO)C(CCN)O)=O)=O
FormoseAmm	G4	C(C(C(CO)C(CCO)O)=O)=O
FormoseAmm	G4	C(C(C(CO)C(CN)N)=O)=O
FormoseAmm	G4	C(C(C(CO)C(CN)N)N)=O
FormoseAmm	G4	C(C(C(CO)C(CN)O)=O)(O)=O
FormoseAmm	G4	C(C(C(CO)C(CN)O)N)=O
FormoseAmm	G4	C(C(C(CO)C(CN)O)O)(O)=O
FormoseAmm	G4	C(C(C(CO)C(CN)O)O)=O
FormoseAmm	G4	C(C(C(CO)C(CO)N)=O)=O
FormoseAmm	G4	C(C(C(CO)C(CO)N)N)=O
FormoseAmm	G4	C(C(C(CO)C(CO)O)N)=O
FormoseAmm	G4	C(C(C(CO)C(CO)O)O)=O
FormoseAmm	G4	C(C(C(CO)CC(CO)=O)N)=O
FormoseAmm	G4	C(C(C(CO)CCN)N)=O
FormoseAmm	G4	C(C(C(CO)CCO)N)=O
FormoseAmm	G4	C(C(C(CO)CN)=O)(O)=O
FormoseAmm	G4	C(C(C(CO)CN)O)=O
FormoseAmm	G4	C(C(C(CO)CO)=O)(O)=O
FormoseAmm	G4	C(C(C(CO)CO)N)=O
FormoseAmm	G4	C(C(C(CO)CO)O)(O)=O
FormoseAmm	G4	C(C(C(CO)CO)O)=O
FormoseAmm	G4	C(C(C(CO)N)(C(C(O)=O)O)N)=O
FormoseAmm	G4	C(C(C(CO)N)(C(CN)O)N)=O
FormoseAmm	G4	C(C(C(CO)N)(CC=O)O)=O
FormoseAmm	G4	C(C(C(CO)N)C(C(C)=O)O)=O
FormoseAmm	G4	C(C(C(CO)N)C(C(O)=O)O)=O
FormoseAmm	G4	C(C(C(CO)N)C(C=O)(C)O)=O
FormoseAmm	G4	C(C(C(CO)N)C(C=O)O)=O
FormoseAmm	G4	C(C(C(CO)N)N)(O)=O
FormoseAmm	G4	C(C(C(CO)N)N)O
FormoseAmm	G4	C(C(C(CO)N)NC)=O
FormoseAmm	G4	C(C(C(CO)N)NCC(O)=O)=O
FormoseAmm	G4	C(C(C(CO)N)NCC=O)(O)=O
FormoseAmm	G4	C(C(C(CO)N)NCC=O)=O
FormoseAmm	G4	C(C(C(CO)N)NCCN)=O
FormoseAmm	G4	C(C(C(CO)N)NCCO)=O
FormoseAmm	G4	C(C(C(CO)N)O)(C(CN)N)=O
FormoseAmm	G4	C(C(C(CO)N)O)(C(CN)O)=O
FormoseAmm	G4	C(C(C(CO)N)O)(C(CO)N)=O
FormoseAmm	G4	C(C(C(CO)N)O)(C(CO)O)=O
FormoseAmm	G4	C(C(C(CO)N)O)(CCO)=O
FormoseAmm	G4	C(C(C(CO)NC)N)(O)=O
FormoseAmm	G4	C(C(C(CO)NC)N)=O
FormoseAmm	G4	C(C(C(CO)NC)O)(O)=O
FormoseAmm	G4	C(C(C(CO)NC)O)=O
FormoseAmm	G4	C(C(C(CO)NCC(O)=O)N)(O)=O
FormoseAmm	G4	C(C(C(CO)NCC=O)N)(O)=O
FormoseAmm	G4	C(C(C(CO)NCCN)=O)=O
FormoseAmm	G4	C(C(C(CO)NCCN)N)(O)=O
FormoseAmm	G4	C(C(C(CO)NCCN)N)=O
FormoseAmm	G4	C(C(C(CO)NCCN)O)(O)=O
FormoseAmm	G4	C(C(C(CO)NCCO)=O)=O
FormoseAmm	G4	C(C(C(CO)NCCO)N)(O)=O
FormoseAmm	G4	C(C(C(CO)O)(C(C)N)O)=O
FormoseAmm	G4	C(C(C(CO)O)(C(C)O)N)(O)=O
FormoseAmm	G4	C(C(C(CO)O)(C(C=O)N)O)=O
FormoseAmm	G4	C(C(C(CO)O)(C(CN)N)O)(O)=O
FormoseAmm	G4	C(C(C(CO)O)(C(CN)N)O)=O
FormoseAmm	G4	C(C(C(CO)O)(C(CN)N)O)O
FormoseAmm	G4	C(C(C(CO)O)(C(CN)O)N)(O)=O
FormoseAmm	G4	C(C(C(CO)O)(C(CN)O)N)O
FormoseAmm	G4	C(C(C(CO)O)(C(CO)O)N)O
FormoseAmm	G4	C(C(C(CO)O)(CC=O)N)=O
FormoseAmm	G4	C(C(C(CO)O)(CCN)O)=O
FormoseAmm	G4	C(C(C(CO)O)(CCO)O)=O
FormoseAmm	G4	C(C(C(CO)O)=O)(CCN)=O
FormoseAmm	G4	C(C(C(CO)O)=O)(CCO)=O
FormoseAmm	G4	C(C(C(CO)O)=O)(O)=O
FormoseAmm	G4	C(C(C(CO)O)C(C(C)=O)O)=O
FormoseAmm	G4	C(C(C(CO)O)C(C(C)N)O)=O
FormoseAmm	G4	C(C(C(CO)O)C(C(N)=C)O)=O
FormoseAmm	G4	C(C(C(CO)O)C(C(O)=O)N)=O
FormoseAmm	G4	C(C(C(CO)O)C(C)(CN)O)=O
FormoseAmm	G4	C(C(C(CO)O)C(C)O)=O
FormoseAmm	G4	C(C(C(CO)O)C(C=CN)O)=O
FormoseAmm	G4	C(C(C(CO)O)C(C=O)N)=O
FormoseAmm	G4	C(C(C(CO)O)C(CCN)O)=O
FormoseAmm	G4	C(C(C(CO)O)C(CCO)O)=O
FormoseAmm	G4	C(C(C(CO)O)C(CN)N)=O
FormoseAmm	G4	C(C(C(CO)O)C(CN)O)=O
FormoseAmm	G4	C(C(C(CO)O)C(CO)N)=O
FormoseAmm	G4	C(C(C(CO)O)C(CO)O)=O
FormoseAmm	G4	C(C(C(CO)O)N)(C(CO)N)=O
FormoseAmm	G4	C(C(C(CO)O)N)(CCO)=O
FormoseAmm	G4	C(C(C(CO)O)N)NCCN
FormoseAmm	G4	C(C(C(CO)O)NC)=O
FormoseAmm	G4	C(C(C(CO)O)NCC=O)(O)=O
FormoseAmm	G4	C(C(C(CO)O)NCCN)(O)=O
FormoseAmm	G4	C(C(C(CO)O)NCCN)=O
FormoseAmm	G4	C(C(C(CO)O)NCCO)(O)=O
FormoseAmm	G4	C(C(C(CO)O)NCCO)O
FormoseAmm	G4	C(C(C(CO)O)O)(C(C)O)=O
FormoseAmm	G4	C(C(C(CO)O)O)(C(CN)N)=O
FormoseAmm	G4	C(C(C(CO)O)O)(C(CN)O)=O
FormoseAmm	G4	C(C(C(CO)O)O)(C(CO)N)=O
FormoseAmm	G4	C(C(C(CO)O)O)(CCN)=O
FormoseAmm	G4	C(C(C(CO)O)O)(CCO)=O
FormoseAmm	G4	C(C(C(N)=C)(C(C(C)=O)O)O)=O
FormoseAmm	G4	C(C(C(N)=C)(C(C)O)O)=O
FormoseAmm	G4	C(C(C(N)=C)(C(C=O)O)O)=O
FormoseAmm	G4	C(C(C(N)=C)(C(CC=O)O)O)=O
FormoseAmm	G4	C(C(C(N)=C)(C(CCO)O)O)=O
FormoseAmm	G4	C(C(C(N)=C)(C(CN)O)O)=O
FormoseAmm	G4	C(C(C(N)=C)(C(CO)(C)O)O)=O
FormoseAmm	G4	C(C(C(N)=C)(C(CO)O)O)=O
FormoseAmm	G4	C(C(C(N)=C)(CO)O)=O
FormoseAmm	G4	C(C(C(N)=C)O)(O)=O
FormoseAmm	G4	C(C(C(O)=O)(C(C)O)N)(O)=O
FormoseAmm	G4	C(C(C(O)=O)(C(CN)N)N)=O
FormoseAmm	G4	C(C(C(O)=O)(C(CN)N)O)(O)=O
FormoseAmm	G4	C(C(C(O)=O)(C(CN)O)N)(O)=O
FormoseAmm	G4	C(C(C(O)=O)(C=CN)N)=O
FormoseAmm	G4	C(C(C(O)=O)(CN)N)=O
FormoseAmm	G4	C(C(C(O)=O)(CN)NCC(O)=O)=O
FormoseAmm	G4	C(C(C(O)=O)(CN)NCC=O)=O
FormoseAmm	G4	C(C(C(O)=O)(CN)O)(O)=O
FormoseAmm	G4	C(C(C(O)=O)(CNCC(O)=O)N)=O
FormoseAmm	G4	C(C(C(O)=O)(CNCC=O)N)=O
FormoseAmm	G4	C(C(C(O)=O)(CO)N)(O)=O
FormoseAmm	G4	C(C(C(O)=O)C(CN)=O)(O)=O
FormoseAmm	G4	C(C(C(O)=O)NC(C=O)CN)=O
FormoseAmm	G4	C(C(C(O)=O)NCC(C=O)N)=O
FormoseAmm	G4	C(C(C(O)=O)NCC(CN)=O)(O)=O
FormoseAmm	G4	C(C(C(O)=O)NCC(CN)=O)=O
FormoseAmm	G4	C(C(C(O)=O)NCC(O)=O)=O
FormoseAmm	G4	C(C(C(O)=O)NCC=O)(O)=O
FormoseAmm	G4	C(C(C(O)=O)NCCN)=O
FormoseAmm	G4	C(C(C)(C(C(C)=O)(CN)O)O)=O
FormoseAmm	G4	C(C(C)(C(C(C)=O)(CO)O)O)=O
FormoseAmm	G4	C(C(C)(C(C(C)=O)N)O)(O)=O
FormoseAmm	G4	C(C(C)(C(C(C)=O)O)O)(O)=O
FormoseAmm	G4	C(C(C)(C(C(C)N)O)O)(O)=O
FormoseAmm	G4	C(C(C)(C(C(C=C)=O)O)O)(O)=O
FormoseAmm	G4	C(C(C)(C(C(CC=O)N)O)O)=O
FormoseAmm	G4	C(C(C)(C(C(CC=O)O)N)O)=O
FormoseAmm	G4	C(C(C)(C(C(CC=O)O)O)O)=O
FormoseAmm	G4	C(C(C)(C(C(CCN)=O)O)O)=O
FormoseAmm	G4	C(C(C)(C(C(CCO)=O)O)O)=O
FormoseAmm	G4	C(C(C)(C(C(CN)=O)N)O)(O)=O
FormoseAmm	G4	C(C(C)(C(C(CN)=O)N)O)=O
FormoseAmm	G4	C(C(C)(C(C(CN)=O)O)O)(O)=O
FormoseAmm	G4	C(C(C)(C(C(CN)N)O)O)(O)=O
FormoseAmm	G4	C(C(C)(C(C(CN)N)O)O)=O
FormoseAmm	G4	C(C(C)(C(C(CN)O)O)N)=O
FormoseAmm	G4	C(C(C)(C(C(CN)O)O)O)(O)=O
FormoseAmm	G4	C(C(C)(C(C(CO)=O)CN)O)=O
FormoseAmm	G4	C(C(C)(C(C(CO)=O)CO)O)=O
FormoseAmm	G4	C(C(C)(C(C(CO)=O)N)O)(O)=O
FormoseAmm	G4	C(C(C)(C(C(CO)N)O)O)(O)=O
FormoseAmm	G4	C(C(C)(C(C(N)=C)O)O)(O)=O
FormoseAmm	G4	C(C(C)(C(C(O)=O)(C)O)N)=O
FormoseAmm	G4	C(C(C)(C(C(O)=O)N)O)(O)=O
FormoseAmm	G4	C(C(C)(C(C(O)=O)O)N)=O
FormoseAmm	G4	C(C(C)(C(C)(CN)O)O)(O)=O
FormoseAmm	G4	C(C(C)(C(C)O)O)(O)=O
FormoseAmm	G4	C(C(C)(C(C=CC=O)O)O)(O)=O
FormoseAmm	G4	C(C(C)(C(C=CN)O)O)(O)=O
FormoseAmm	G4	C(C(C)(C(C=O)(C)O)O)(O)=O
FormoseAmm	G4	C(C(C)(C(C=O)(CN)O)O)(O)=O
FormoseAmm	G4	C(C(C)(C(C=O)N)O)(O)=O
FormoseAmm	G4	C(C(C)(C(C=O)O)O)(O)=O
FormoseAmm	G4	C(C(C)(C(CC(C)O)O)O)(O)=O
FormoseAmm	G4	C(C(C)(C(CC(O)=O)O)N)=O
FormoseAmm	G4	C(C(C)(C(CC=O)N)O)(O)=O
FormoseAmm	G4	C(C(C)(C(CC=O)O)O)(O)=O
FormoseAmm	G4	C(C(C)(C(CCN)O)N)=O
FormoseAmm	G4	C(C(C)(C(CCN)O)O)(O)=O
FormoseAmm	G4	C(C(C)(C(CCO)O)O)(O)=O
FormoseAmm	G4	C(C(C)(C(CN)(C)O)N)=O
FormoseAmm	G4	C(C(C)(C(CN)(CC=O)O)O)=O
FormoseAmm	G4	C(C(C)(C(CN)(CN)O)O)(O)=O
FormoseAmm	G4	C(C(C)(C(CN)(CN)O)O)=O
FormoseAmm	G4	C(C(C)(C(CN)N)O)=O
FormoseAmm	G4	C(C(C)(C(CN)O)N)=O
FormoseAmm	G4	C(C(C)(C(CN)O)O)(O)=O
FormoseAmm	G4	C(C(C)(C(CN)O)O)=O
FormoseAmm	G4	C(C(C)(C(CO)(C)O)O)(O)=O
FormoseAmm	G4	C(C(C)(C(CO)(CC=O)O)O)=O
FormoseAmm	G4	C(C(C)(C(CO)(CN)N)O)=O
FormoseAmm	G4	C(C(C)(C(CO)(CN)O)O)(O)=O
FormoseAmm	G4	C(C(C)(C(CO)(CN)O)O)=O
FormoseAmm	G4	C(C(C)(C(CO)(CO)N)O)=O
FormoseAmm	G4	C(C(C)(C(CO)(CO)O)O)=O
FormoseAmm	G4	C(C(C)(C(CO)N)O)=O
FormoseAmm	G4	C(C(C)(C(CO)O)O)(O)=O
FormoseAmm	G4	C(C(C)(C(CO)O)O)=O
FormoseAmm	G4	C(C(C)(CC(C=O)N)O)(O)=O
FormoseAmm	G4	C(C(C)(CC(CN)=O)O)(O)=O
FormoseAmm	G4	C(C(C)(CC(CO)=O)O)(O)=O
FormoseAmm	G4	C(C(C)(CN)O)(O)=O
FormoseAmm	G4	C(C(C)(CNCC(O)=O)O)(O)=O
FormoseAmm	G4	C(C(C)(CNCC=O)O)(O)=O
FormoseAmm	G4	C(C(C)(CNCCO)O)(O)=O
FormoseAmm	G4	C(C(C)=O)(C(C(C(C)N)O)O)=O
FormoseAmm	G4	C(C(C)=O)(C(C(C)(CN)O)O)=O
FormoseAmm	G4	C(C(C)=O)(C(C(CCN)O)O)=O
FormoseAmm	G4	C(C(C)=O)(C(C(CCO)O)N)=O
FormoseAmm	G4	C(C(C)=O)(C(C(CCO)O)O)=O
FormoseAmm	G4	C(C(C)=O)(C(C(CN)O)N)=O
FormoseAmm	G4	C(C(C)=O)(C(C(CN)O)O)=O
FormoseAmm	G4	C(C(C)=O)(C(C(CO)(C)O)O)=O
FormoseAmm	G4	C(C(C)=O)(C(C(CO)O)N)=O
FormoseAmm	G4	C(C(C)=O)(C(C(CO)O)O)=O
FormoseAmm	G4	C(C(C)N)(C(C(CN)=O)O)=O
FormoseAmm	G4	C(C(C)N)(C(C(CO)=O)N)=O
FormoseAmm	G4	C(C(C)N)(C(C(CO)=O)O)=O
FormoseAmm	G4	C(C(C)N)(C(C(O)=O)N)=O
FormoseAmm	G4	C(C(C)O)(C(C(CN)=O)O)=O
FormoseAmm	G4	C(C(C)O)(C(C(CO)=O)N)=O
FormoseAmm	G4	C(C(C)O)(C(C(CO)=O)O)=O
FormoseAmm	G4	C(C(C)O)(C(C(CO)O)N)=O
FormoseAmm	G4	C(C(C)O)(C(CN)N)=O
FormoseAmm	G4	C(C(C)O)(C(CN)NC)=O
FormoseAmm	G4	C(C(C)O)(C(CN)O)=O
FormoseAmm	G4	C(C(C)O)(C(CO)N)=O
FormoseAmm	G4	C(C(C)O)(C(CO)NC)=O
FormoseAmm	G4	C(C(C1(C(NCC1O)=O)O)O)=O
FormoseAmm	G4	C(C(C1(C(O)OCC1)O)N)(O)=O
FormoseAmm	G4	C(C(C1(C(O)OCC1N)O)O)=O
FormoseAmm	G4	C(C(C1(CNCC1O)O)N)(O)=O
FormoseAmm	G4	C(C(C1(CNCC1O)O)O)(O)=O
FormoseAmm	G4	C(C(C1(COC(C1)O)O)N)(O)=O
FormoseAmm	G4	C(C(C1C(C(CC1O)O)O)=O)=O
FormoseAmm	G4	C(C(C1C(C(CN1)O)N)N)(O)=O
FormoseAmm	G4	C(C(C1C(C(CN1)O)N)N)=O
FormoseAmm	G4	C(C(C1C(C(CN1)O)N)O)(O)=O
FormoseAmm	G4	C(C(C1C(C(CN1)O)N)O)=O
FormoseAmm	G4	C(C(C1C(C(CN1)O)O)N)(O)=O
FormoseAmm	G4	C(C(C1C(C(CN1)O)O)N)=O
FormoseAmm	G4	C(C(C1C(C(CN1)O)O)O)(O)=O
FormoseAmm	G4	C(C(C1C(C(CN1)O)O)O)=O
FormoseAmm	G4	C(C(C=C(C=O)N)N)(O)=O
FormoseAmm	G4	C(C(C=C)(C(C(CN)=O)O)O)=O
FormoseAmm	G4	C(C(C=C)(C(C(CO)=O)O)O)=O
FormoseAmm	G4	C(C(C=C)(C(C(O)=O)(C)O)O)=O
FormoseAmm	G4	C(C(C=C)(C(C(O)=O)N)O)=O
FormoseAmm	G4	C(C(C=C)(C(C(O)=O)O)O)=O
FormoseAmm	G4	C(C(C=C)(C(C=O)(CN)O)O)=O
FormoseAmm	G4	C(C(C=C)(C(C=O)(CO)O)O)=O
FormoseAmm	G4	C(C(C=CN)(C(C(C)=O)O)O)=O
FormoseAmm	G4	C(C(C=CN)(C(C(O)=O)O)N)=O
FormoseAmm	G4	C(C(C=CN)(C(C)O)O)(O)=O
FormoseAmm	G4	C(C(C=CN)(C(C)O)O)=O
FormoseAmm	G4	C(C(C=CN)(C(C=O)O)O)=O
FormoseAmm	G4	C(C(C=CN)(C(CC=O)O)O)=O
FormoseAmm	G4	C(C(C=CN)(C(CCO)O)O)=O
FormoseAmm	G4	C(C(C=CN)(C(CN)O)N)=O
FormoseAmm	G4	C(C(C=CN)(C(CN)O)O)(O)=O
FormoseAmm	G4	C(C(C=CN)(C(CN)O)O)=O
FormoseAmm	G4	C(C(C=CN)(C(CO)(C)O)O)=O
FormoseAmm	G4	C(C(C=CN)(CO)N)=O
FormoseAmm	G4	C(C(C=CN)(CO)O)(O)=O
FormoseAmm	G4	C(C(C=CN)N)(O)=O
FormoseAmm	G4	C(C(C=CN)NCCN)=O
FormoseAmm	G4	C(C(C=O)(C(C(C)=O)O)N)(O)=O
FormoseAmm	G4	C(C(C=O)(C(C(CN)O)O)N)(O)=O
FormoseAmm	G4	C(C(C=O)(C(C(CN)O)O)O)=O
FormoseAmm	G4	C(C(C=O)(C(C(CO)N)O)N)(O)=O
FormoseAmm	G4	C(C(C=O)(C(C(CO)N)O)O)=O
FormoseAmm	G4	C(C(C=O)(C(C(CO)O)N)N)(O)=O
FormoseAmm	G4	C(C(C=O)(C(C)N)O)(O)=O
FormoseAmm	G4	C(C(C=O)(C(C)O)C(CN)O)=O
FormoseAmm	G4	C(C(C=O)(C(C)O)N)(O)=O
FormoseAmm	G4	C(C(C=O)(C(C)O)O)(O)=O
FormoseAmm	G4	C(C(C=O)(C(C=O)(C)O)N)(O)=O
FormoseAmm	G4	C(C(C=O)(C(C=O)N)O)(O)=O
FormoseAmm	G4	C(C(C=O)(C(C=O)O)N)(O)=O
FormoseAmm	G4	C(C(C=O)(C(CC=O)O)N)(O)=O
FormoseAmm	G4	C(C(C=O)(C(CCO)=O)N)(O)=O
FormoseAmm	G4	C(C(C=O)(C(CN)(CO)O)N)(O)=O
FormoseAmm	G4	C(C(C=O)(C(CN)=O)CO)(O)=O
FormoseAmm	G4	C(C(C=O)(C(CN)N)O)(O)=O
FormoseAmm	G4	C(C(C=O)(C(CN)O)N)(O)=O
FormoseAmm	G4	C(C(C=O)(C(CN)O)O)(O)=O
FormoseAmm	G4	C(C(C=O)(C(CN)O)O)=O
FormoseAmm	G4	C(C(C=O)(C(CO)(CN)O)O)=O
FormoseAmm	G4	C(C(C=O)(C(CO)N)N)(O)=O
FormoseAmm	G4	C(C(C=O)(C(CO)N)O)(O)=O
FormoseAmm	G4	C(C(C=O)(C(CO)O)N)(O)=O
FormoseAmm	G4	C(C(C=O)(C(CO)O)O)=O
FormoseAmm	G4	C(C(C=O)(C(N)=C)O)(O)=O
FormoseAmm	G4	C(C(C=O)(C=CN)O)(O)=O
FormoseAmm	G4	C(C(C=O)(C=O)C(CN)O)(O)=O
FormoseAmm	G4	C(C(C=O)(CC(CO)=O)N)(O)=O
FormoseAmm	G4	C(C(C=O)(CCN)O)(O)=O
FormoseAmm	G4	C(C(C=O)(CCO)N)(O)=O
FormoseAmm	G4	C(C(C=O)(CCO)O)(O)=O
FormoseAmm	G4	C(C(C=O)(CN)NCCO)(O)=O
FormoseAmm	G4	C(C(C=O)(CN)O)(O)=O
FormoseAmm	G4	C(C(C=O)(CNCC=O)O)(O)=O
FormoseAmm	G4	C(C(C=O)(CNCCN)O)(O)=O
FormoseAmm	G4	C(C(C=O)(CNCCO)N)(O)=O
FormoseAmm	G4	C(C(C=O)(CNCCO)O)(O)=O
FormoseAmm	G4	C(C(C=O)(CO)C(C)(CN)O)=O
FormoseAmm	G4	C(C(C=O)(CO)C(CCN)O)=O
FormoseAmm	G4	C(C(C=O)(CO)C(CN)O)=O
FormoseAmm	G4	C(C(C=O)(CO)C(CO)O)=O
FormoseAmm	G4	C(C(C=O)(CO)N)(O)=O
FormoseAmm	G4	C(C(C=O)(CO)NCC=O)(O)=O
FormoseAmm	G4	C(C(C=O)(CO)NCCO)(O)=O
FormoseAmm	G4	C(C(C=O)(CO)O)(O)=O
FormoseAmm	G4	C(C(C=O)C(C(C(C)N)O)O)=O
FormoseAmm	G4	C(C(C=O)C(C(C(C)O)N)O)=O
FormoseAmm	G4	C(C(C=O)C(C(C(C)O)O)O)=O
FormoseAmm	G4	C(C(C=O)C(C(C(N)=C)O)O)=O
FormoseAmm	G4	C(C(C=O)C(C(C(O)=O)N)O)=O
FormoseAmm	G4	C(C(C=O)C(C(C)N)O)(O)=O
FormoseAmm	G4	C(C(C=O)C(C(C=CN)O)O)=O
FormoseAmm	G4	C(C(C=O)C(C(C=O)N)O)(O)=O
FormoseAmm	G4	C(C(C=O)C(C(CCN)O)O)=O
FormoseAmm	G4	C(C(C=O)C(C(CCO)N)O)=O
FormoseAmm	G4	C(C(C=O)C(C(CCO)O)O)=O
FormoseAmm	G4	C(C(C=O)C(C(CN)N)O)(O)=O
FormoseAmm	G4	C(C(C=O)C(C(CN)N)O)=O
FormoseAmm	G4	C(C(C=O)C(C(CN)O)N)=O
FormoseAmm	G4	C(C(C=O)C(C(CN)O)O)(O)=O
FormoseAmm	G4	C(C(C=O)C(C(CO)N)N)=O
FormoseAmm	G4	C(C(C=O)C(C(CO)N)O)(O)=O
FormoseAmm	G4	C(C(C=O)C(C(CO)O)N)=O
FormoseAmm	G4	C(C(C=O)C(C(N)=C)O)(O)=O
FormoseAmm	G4	C(C(C=O)C(C(N)=CCO)O)=O
FormoseAmm	G4	C(C(C=O)C(C)(C(CN)O)O)=O
FormoseAmm	G4	C(C(C=O)C(C)(C(CO)O)O)=O
FormoseAmm	G4	C(C(C=O)C(C)(CN)O)(O)=O
FormoseAmm	G4	C(C(C=O)C(C)(CO)O)(O)=O
FormoseAmm	G4	C(C(C=O)C(C=CN)O)(O)=O
FormoseAmm	G4	C(C(C=O)C(CC(C)O)O)(O)=O
FormoseAmm	G4	C(C(C=O)C(CC(CN)O)O)=O
FormoseAmm	G4	C(C(C=O)C(CC(CO)N)O)=O
FormoseAmm	G4	C(C(C=O)C(CC(CO)O)O)=O
FormoseAmm	G4	C(C(C=O)C(CCN)O)(O)=O
FormoseAmm	G4	C(C(C=O)C(CCO)O)(O)=O
FormoseAmm	G4	C(C(C=O)C(CN)(CCO)O)=O
FormoseAmm	G4	C(C(C=O)C(CN)(CN)O)(O)=O
FormoseAmm	G4	C(C(C=O)C(CN)O)(O)=O
FormoseAmm	G4	C(C(C=O)C(CO)(CCN)O)=O
FormoseAmm	G4	C(C(C=O)C(CO)(CCO)O)=O
FormoseAmm	G4	C(C(C=O)C(CO)(CN)O)(O)=O
FormoseAmm	G4	C(C(C=O)C(CO)N)(O)=O
FormoseAmm	G4	C(C(C=O)C(CO)O)(O)=O
FormoseAmm	G4	C(C(C=O)NC(C(O)=O)CO)=O
FormoseAmm	G4	C(C(C=O)NC(C=O)CO)(O)=O
FormoseAmm	G4	C(C(C=O)NC(CN)CO)=O
FormoseAmm	G4	C(C(C=O)NC(CO)CO)=O
FormoseAmm	G4	C(C(C=O)NCC(C(O)=O)O)=O
FormoseAmm	G4	C(C(C=O)NCC(C=O)O)(O)=O
FormoseAmm	G4	C(C(C=O)NCC(CN)O)(O)=O
FormoseAmm	G4	C(C(C=O)NCC(CN)O)=O
FormoseAmm	G4	C(C(C=O)NCC(CO)=O)(O)=O
FormoseAmm	G4	C(C(C=O)NCC(CO)N)(O)=O
FormoseAmm	G4	C(C(C=O)NCC(CO)N)=O
FormoseAmm	G4	C(C(C=O)NCC(CO)O)(O)=O
FormoseAmm	G4	C(C(C=O)NCC(CO)O)=O
FormoseAmm	G4	C(C(C=O)NCCO)(O)=O
FormoseAmm	G4	C(C(CC(C(C(C)=O)N)O)O)=O
FormoseAmm	G4	C(C(CC(C(C(C)=O)O)O)N)=O
FormoseAmm	G4	C(C(CC(C(C(C)=O)O)O)O)=O
FormoseAmm	G4	C(C(CC(C(C(C)N)O)O)=O)=O
FormoseAmm	G4	C(C(CC(C(C(C)O)N)O)=O)=O
FormoseAmm	G4	C(C(CC(C(C(C)O)O)O)=O)=O
FormoseAmm	G4	C(C(CC(C(C(O)=O)O)N)N)=O
FormoseAmm	G4	C(C(CC(C(C(O)=O)O)O)N)=O
FormoseAmm	G4	C(C(CC(C(C)=O)(CO)O)N)=O
FormoseAmm	G4	C(C(CC(C(C)=O)O)O)(O)=O
FormoseAmm	G4	C(C(CC(C(C)N)O)=O)(O)=O
FormoseAmm	G4	C(C(CC(C(C=O)N)O)N)=O
FormoseAmm	G4	C(C(CC(C(C=O)O)N)N)=O
FormoseAmm	G4	C(C(CC(C(C=O)O)N)O)=O
FormoseAmm	G4	C(C(CC(C(C=O)O)O)N)=O
FormoseAmm	G4	C(C(CC(C(CCN)O)O)=O)=O
FormoseAmm	G4	C(C(CC(C(CCO)=O)O)N)=O
FormoseAmm	G4	C(C(CC(C(CCO)N)O)=O)=O
FormoseAmm	G4	C(C(CC(C(CCO)O)O)=O)=O
FormoseAmm	G4	C(C(CC(C(CN)=O)=O)O)(O)=O
FormoseAmm	G4	C(C(CC(C(CN)=O)N)N)=O
FormoseAmm	G4	C(C(CC(C(CN)=O)O)N)=O
FormoseAmm	G4	C(C(CC(C(CN)=O)O)O)=O
FormoseAmm	G4	C(C(CC(C(CN)N)O)=O)(O)=O
FormoseAmm	G4	C(C(CC(C(CN)N)O)=O)=O
FormoseAmm	G4	C(C(CC(C(CN)N)O)N)=O
FormoseAmm	G4	C(C(CC(C(CN)N)O)O)=O
FormoseAmm	G4	C(C(CC(C(CN)O)N)=O)(O)=O
FormoseAmm	G4	C(C(CC(C(CN)O)N)=O)=O
FormoseAmm	G4	C(C(CC(C(CN)O)N)N)=O
FormoseAmm	G4	C(C(CC(C(CN)O)O)=O)(O)=O
FormoseAmm	G4	C(C(CC(C(CN)O)O)N)=O
FormoseAmm	G4	C(C(CC(C(CN)O)O)O)(O)=O
FormoseAmm	G4	C(C(CC(C(CN)O)O)O)=O
FormoseAmm	G4	C(C(CC(C(CO)=O)CO)N)=O
FormoseAmm	G4	C(C(CC(C(CO)=O)N)N)=O
FormoseAmm	G4	C(C(CC(C(CO)=O)N)O)(O)=O
FormoseAmm	G4	C(C(CC(C(CO)=O)N)O)=O
FormoseAmm	G4	C(C(CC(C(CO)=O)O)N)=O
FormoseAmm	G4	C(C(CC(C(CO)=O)O)O)=O
FormoseAmm	G4	C(C(CC(C(CO)N)N)=O)=O
FormoseAmm	G4	C(C(CC(C(CO)N)N)N)=O
FormoseAmm	G4	C(C(CC(C(CO)N)O)=O)(O)=O
FormoseAmm	G4	C(C(CC(C(CO)N)O)N)=O
FormoseAmm	G4	C(C(CC(C(CO)N)O)O)(O)=O
FormoseAmm	G4	C(C(CC(C(CO)N)O)O)=O
FormoseAmm	G4	C(C(CC(C(CO)O)N)=O)(O)=O
FormoseAmm	G4	C(C(CC(C(CO)O)N)=O)=O
FormoseAmm	G4	C(C(CC(C(CO)O)N)N)=O
FormoseAmm	G4	C(C(CC(C(CO)O)N)O)(O)=O
FormoseAmm	G4	C(C(CC(C(CO)O)N)O)=O
FormoseAmm	G4	C(C(CC(C(CO)O)O)N)(O)=O
FormoseAmm	G4	C(C(CC(C(CO)O)O)N)=O
FormoseAmm	G4	C(C(CC(C(CO)O)O)O)=O
FormoseAmm	G4	C(C(CC(C(O)=O)=O)N)(O)=O
FormoseAmm	G4	C(C(CC(C(O)=O)N)N)=O
FormoseAmm	G4	C(C(CC(C(O)=O)O)N)=O
FormoseAmm	G4	C(C(CC(C(O)=O)O)NC)=O
FormoseAmm	G4	C(C(CC(C)(C(C=O)O)O)N)=O
FormoseAmm	G4	C(C(CC(C)(CN)O)=O)(O)=O
FormoseAmm	G4	C(C(CC(C)(CO)O)=O)(O)=O
FormoseAmm	G4	C(C(CC(C)O)(C(C=O)N)O)=O
FormoseAmm	G4	C(C(CC(C)O)(C(C=O)O)O)=O
FormoseAmm	G4	C(C(CC(C)O)O)(O)=O
FormoseAmm	G4	C(C(CC(C=O)N)(C(C)O)O)=O
FormoseAmm	G4	C(C(CC(C=O)N)(CCO)O)=O
FormoseAmm	G4	C(C(CC(C=O)N)(CO)N)(O)=O
FormoseAmm	G4	C(C(CC(C=O)N)(CO)N)=O
FormoseAmm	G4	C(C(CC(C=O)N)C(CO)O)=O
FormoseAmm	G4	C(C(CC(C=O)O)N)(O)=O
FormoseAmm	G4	C(C(CC(C=O)O)O)(O)=O
FormoseAmm	G4	C(C(CC(CC(C)O)O)=O)(O)=O
FormoseAmm	G4	C(C(CC(CC(C=O)O)O)N)=O
FormoseAmm	G4	C(C(CC(CC(CN)=O)O)O)=O
FormoseAmm	G4	C(C(CC(CC(CN)O)O)=O)=O
FormoseAmm	G4	C(C(CC(CC(CO)=O)O)N)=O
FormoseAmm	G4	C(C(CC(CC(CO)=O)O)O)=O
FormoseAmm	G4	C(C(CC(CC(CO)N)O)=O)=O
FormoseAmm	G4	C(C(CC(CC(CO)O)O)=O)=O
FormoseAmm	G4	C(C(CC(CCN)O)=O)(O)=O
FormoseAmm	G4	C(C(CC(CCN)O)O)=O
FormoseAmm	G4	C(C(CC(CCO)O)=O)(O)=O
FormoseAmm	G4	C(C(CC(CCO)O)O)=O
FormoseAmm	G4	C(C(CC(CN)(CN)O)=O)(O)=O
FormoseAmm	G4	C(C(CC(CN)(CN)O)N)=O
FormoseAmm	G4	C(C(CC(CN)(CO)N)N)=O
FormoseAmm	G4	C(C(CC(CN)(CO)O)N)=O
FormoseAmm	G4	C(C(CC(CN)=O)N)(O)=O
FormoseAmm	G4	C(C(CC(CN)=O)O)(O)=O
FormoseAmm	G4	C(C(CC(CN)N)N)=O
FormoseAmm	G4	C(C(CC(CN)O)=O)(O)=O
FormoseAmm	G4	C(C(CC(CN)O)N)=O
FormoseAmm	G4	C(C(CC(CN)O)O)(O)=O
FormoseAmm	G4	C(C(CC(CN)O)O)=O
FormoseAmm	G4	C(C(CC(CO)(CN)O)=O)(O)=O
FormoseAmm	G4	C(C(CC(CO)(CO)N)N)=O
FormoseAmm	G4	C(C(CC(CO)(CO)O)N)=O
FormoseAmm	G4	C(C(CC(CO)=O)N)(O)=O
FormoseAmm	G4	C(C(CC(CO)C(C=O)O)N)=O
FormoseAmm	G4	C(C(CC(CO)N)=O)(O)=O
FormoseAmm	G4	C(C(CC(CO)N)N)=O
FormoseAmm	G4	C(C(CC(CO)N)O)(O)=O
FormoseAmm	G4	C(C(CC(CO)N)O)=O
FormoseAmm	G4	C(C(CC(CO)NC)=O)(O)=O
FormoseAmm	G4	C(C(CC(CO)O)N)(O)=O
FormoseAmm	G4	C(C(CC(CO)O)N)=O
FormoseAmm	G4	C(C(CC(CO)O)O)(O)=O
FormoseAmm	G4	C(C(CC(O)=O)NCC(O)=O)=O
FormoseAmm	G4	C(C(CC(O)=O)NCCN)=O
FormoseAmm	G4	C(C(CCC(C(C=O)O)O)N)=O
FormoseAmm	G4	C(C(CCC(C(CN)O)O)=O)=O
FormoseAmm	G4	C(C(CCC(C(CO)N)O)=O)=O
FormoseAmm	G4	C(C(CCC(C(CO)O)=O)N)=O
FormoseAmm	G4	C(C(CCC(C(CO)O)N)=O)=O
FormoseAmm	G4	C(C(CCC(C(CO)O)O)=O)=O
FormoseAmm	G4	C(C(CCC(C(O)=O)O)N)=O
FormoseAmm	G4	C(C(CCC(CO)(CN)O)=O)=O
FormoseAmm	G4	C(C(CCC(CO)(CO)N)=O)=O
FormoseAmm	G4	C(C(CCC(CO)(CO)O)=O)=O
FormoseAmm	G4	C(C(CCN)(C(C(C)=O)O)O)=O
FormoseAmm	G4	C(C(CCN)(C(C(O)=O)N)O)(O)=O
FormoseAmm	G4	C(C(CCN)(C(C(O)=O)N)O)=O
FormoseAmm	G4	C(C(CCN)(C(C(O)=O)O)O)=O
FormoseAmm	G4	C(C(CCN)(C(C=O)(C)O)O)=O
FormoseAmm	G4	C(C(CCN)(C(C=O)N)O)(O)=O
FormoseAmm	G4	C(C(CCN)(C(C=O)N)O)=O
FormoseAmm	G4	C(C(CCN)(C(C=O)O)O)(O)=O
FormoseAmm	G4	C(C(CCN)(C(C=O)O)O)=O
FormoseAmm	G4	C(C(CCN)(C(CCO)O)O)=O
FormoseAmm	G4	C(C(CCN)(C(CO)(C)O)O)=O
FormoseAmm	G4	C(C(CCN)N)(O)=O
FormoseAmm	G4	C(C(CCN)N)O
FormoseAmm	G4	C(C(CCN)NCC(O)=O)=O
FormoseAmm	G4	C(C(CCN)NCCN)=O
FormoseAmm	G4	C(C(CCN)NCCO)=O
FormoseAmm	G4	C(C(CCN)O)(CCO)=O
FormoseAmm	G4	C(C(CCN)O)(O)=O
FormoseAmm	G4	C(C(CCN)O)N
FormoseAmm	G4	C(C(CCN)O)O
FormoseAmm	G4	C(C(CCNCC(O)=O)N)=O
FormoseAmm	G4	C(C(CCNCC(O)=O)O)(O)=O
FormoseAmm	G4	C(C(CCNCC=O)O)(O)=O
FormoseAmm	G4	C(C(CCNCCN)O)=O
FormoseAmm	G4	C(C(CCNCCO)=O)(O)=O
FormoseAmm	G4	C(C(CCNCCO)N)=O
FormoseAmm	G4	C(C(CCNCCO)O)(O)=O
FormoseAmm	G4	C(C(CCO)(C(C(C)=O)N)O)=O
FormoseAmm	G4	C(C(CCO)(C(C(C)=O)O)O)=O
FormoseAmm	G4	C(C(CCO)(C(C(C)N)O)O)=O
FormoseAmm	G4	C(C(CCO)(C(C(N)=C)O)O)=O
FormoseAmm	G4	C(C(CCO)(C(C(O)=O)O)N)=O
FormoseAmm	G4	C(C(CCO)(C(C)(CN)O)O)=O
FormoseAmm	G4	C(C(CCO)(C(C=CN)O)O)=O
FormoseAmm	G4	C(C(CCO)(C(C=O)(C)O)O)=O
FormoseAmm	G4	C(C(CCO)(C(C=O)N)O)(O)=O
FormoseAmm	G4	C(C(CCO)(C(CCN)O)O)=O
FormoseAmm	G4	C(C(CCO)(C(CCO)O)O)=O
FormoseAmm	G4	C(C(CCO)(C(CN)N)O)=O
FormoseAmm	G4	C(C(CCO)(C(CN)O)N)=O
FormoseAmm	G4	C(C(CCO)(C(CO)(C)O)O)=O
FormoseAmm	G4	C(C(CCO)(C(CO)N)O)=O
FormoseAmm	G4	C(C(CCO)(CC(CN)=O)O)=O
FormoseAmm	G4	C(C(CCO)(CC=O)O)(O)=O
FormoseAmm	G4	C(C(CCO)N)(O)=O
FormoseAmm	G4	C(C(CCO)N)O
FormoseAmm	G4	C(C(CCO)NCC(O)=O)=O
FormoseAmm	G4	C(C(CCO)NCCN)=O
FormoseAmm	G4	C(C(CCO)NCCO)=O
FormoseAmm	G4	C(C(CCO)O)(CCO)=O
FormoseAmm	G4	C(C(CCO)O)O
FormoseAmm	G4	C(C(CN)(C(C(C(O)=O)N)O)O)=O
FormoseAmm	G4	C(C(CN)(C(C(C)=O)N)O)=O
FormoseAmm	G4	C(C(CN)(C(C(C)=O)O)O)(O)=O
FormoseAmm	G4	C(C(CN)(C(C(C)N)O)O)(O)=O
FormoseAmm	G4	C(C(CN)(C(C(C)N)O)O)=O
FormoseAmm	G4	C(C(CN)(C(C(C=C)=O)O)O)=O
FormoseAmm	G4	C(C(CN)(C(C(CN)N)O)O)(O)=O
FormoseAmm	G4	C(C(CN)(C(C(CN)N)O)O)=O
FormoseAmm	G4	C(C(CN)(C(C(CN)N)O)O)O
FormoseAmm	G4	C(C(CN)(C(C(CN)O)O)N)=O
FormoseAmm	G4	C(C(CN)(C(C(CN)O)O)N)O
FormoseAmm	G4	C(C(CN)(C(C(CN)O)O)O)(O)=O
FormoseAmm	G4	C(C(CN)(C(C(CN)O)O)O)N
FormoseAmm	G4	C(C(CN)(C(C(CN)O)O)O)O
FormoseAmm	G4	C(C(CN)(C(C(CO)=O)O)O)=O
FormoseAmm	G4	C(C(CN)(C(C(CO)N)N)O)O
FormoseAmm	G4	C(C(CN)(C(C(CO)N)O)O)(O)=O
FormoseAmm	G4	C(C(CN)(C(C(CO)O)O)N)O
FormoseAmm	G4	C(C(CN)(C(C(N)=C)O)O)(O)=O
FormoseAmm	G4	C(C(CN)(C(C(N)=C)O)O)=O
FormoseAmm	G4	C(C(CN)(C(C(O)=O)(C)O)N)=O
FormoseAmm	G4	C(C(CN)(C(C(O)=O)O)N)=O
FormoseAmm	G4	C(C(CN)(C(C(O)=O)O)O)=O
FormoseAmm	G4	C(C(CN)(C(C)(CN)O)O)(O)=O
FormoseAmm	G4	C(C(CN)(C(C)(CN)O)O)=O
FormoseAmm	G4	C(C(CN)(C(C)O)O)(O)=O
FormoseAmm	G4	C(C(CN)(C(C=CC=O)O)O)=O
FormoseAmm	G4	C(C(CN)(C(C=CN)O)O)(O)=O
FormoseAmm	G4	C(C(CN)(C(C=CN)O)O)=O
FormoseAmm	G4	C(C(CN)(C(C=O)(C)O)O)(O)=O
FormoseAmm	G4	C(C(CN)(C(C=O)O)O)(O)=O
FormoseAmm	G4	C(C(CN)(C(CC(C)O)O)O)=O
FormoseAmm	G4	C(C(CN)(C(CC(O)=O)O)N)=O
FormoseAmm	G4	C(C(CN)(C(CC=O)N)N)=O
FormoseAmm	G4	C(C(CN)(C(CC=O)N)O)(O)=O
FormoseAmm	G4	C(C(CN)(C(CC=O)N)O)=O
FormoseAmm	G4	C(C(CN)(C(CCN)O)N)=O
FormoseAmm	G4	C(C(CN)(C(CCN)O)O)(O)=O
FormoseAmm	G4	C(C(CN)(C(CCN)O)O)=O
FormoseAmm	G4	C(C(CN)(C(CCO)O)O)(O)=O
FormoseAmm	G4	C(C(CN)(C(CCO)O)O)=O
FormoseAmm	G4	C(C(CN)(C(CN)(C)O)N)=O
FormoseAmm	G4	C(C(CN)(C(CN)(CN)O)O)(O)=O
FormoseAmm	G4	C(C(CN)(C(CN)(CN)O)O)=O
FormoseAmm	G4	C(C(CN)(C(CN)(CN)O)O)O
FormoseAmm	G4	C(C(CN)(C(CN)N)O)O
FormoseAmm	G4	C(C(CN)(C(CN)O)N)=O
FormoseAmm	G4	C(C(CN)(C(CN)O)N)O
FormoseAmm	G4	C(C(CN)(C(CN)O)O)(O)=O
FormoseAmm	G4	C(C(CN)(C(CN)O)O)N
FormoseAmm	G4	C(C(CN)(C(CO)(C)O)O)(O)=O
FormoseAmm	G4	C(C(CN)(C(CO)(C)O)O)=O
FormoseAmm	G4	C(C(CN)(C(CO)(CN)O)N)O
FormoseAmm	G4	C(C(CN)(C(CO)(CN)O)O)(O)=O
FormoseAmm	G4	C(C(CN)(C(CO)(CN)O)O)O
FormoseAmm	G4	C(C(CN)(C(CO)(CO)O)N)O
FormoseAmm	G4	C(C(CN)(C(CO)N)O)O
FormoseAmm	G4	C(C(CN)(C(CO)O)N)O
FormoseAmm	G4	C(C(CN)(C(CO)O)O)(O)=O
FormoseAmm	G4	C(C(CN)(CC(C=O)N)N)=O
FormoseAmm	G4	C(C(CN)(CC(C=O)N)O)(O)=O
FormoseAmm	G4	C(C(CN)(CC(C=O)N)O)=O
FormoseAmm	G4	C(C(CN)(CC(CN)=O)O)=O
FormoseAmm	G4	C(C(CN)(CC(CO)=O)O)=O
FormoseAmm	G4	C(C(CN)(CCN)O)O
FormoseAmm	G4	C(C(CN)(CCO)O)=O
FormoseAmm	G4	C(C(CN)(CCO)O)O
FormoseAmm	G4	C(C(CN)(CN)O)O
FormoseAmm	G4	C(C(CN)(CO)N)=O
FormoseAmm	G4	C(C(CN)(CO)NCC(O)=O)=O
FormoseAmm	G4	C(C(CN)(CO)NCC=O)=O
FormoseAmm	G4	C(C(CN)(CO)NCCO)=O
FormoseAmm	G4	C(C(CN)=O)(C(CN)CO)=O
FormoseAmm	G4	C(C(CN)=O)(C(CO)CO)=O
FormoseAmm	G4	C(C(CN)=O)(CC(CCO)O)=O
FormoseAmm	G4	C(C(CN)=O)(CC(CN)O)=O
FormoseAmm	G4	C(C(CN)=O)(CC(CO)N)=O
FormoseAmm	G4	C(C(CN)=O)(CC(CO)O)=O
FormoseAmm	G4	C(C(CN)C(C(C(C)O)=O)O)=O
FormoseAmm	G4	C(C(CN)C(C(C(C)O)O)O)=O
FormoseAmm	G4	C(C(CN)C(C(C)=O)(CO)O)=O
FormoseAmm	G4	C(C(CN)C(C(C)N)O)=O
FormoseAmm	G4	C(C(CN)C(C(CC=O)O)O)=O
FormoseAmm	G4	C(C(CN)C(C(CCO)=O)O)=O
FormoseAmm	G4	C(C(CN)C(C(CCO)O)O)=O
FormoseAmm	G4	C(C(CN)C(C(CN)=O)O)=O
FormoseAmm	G4	C(C(CN)C(C(CN)N)O)=O
FormoseAmm	G4	C(C(CN)C(C(CN)O)O)=O
FormoseAmm	G4	C(C(CN)C(C(CO)=O)(C)O)=O
FormoseAmm	G4	C(C(CN)C(C(CO)=O)N)=O
FormoseAmm	G4	C(C(CN)C(C(CO)=O)O)=O
FormoseAmm	G4	C(C(CN)C(C(CO)N)O)=O
FormoseAmm	G4	C(C(CN)C(C(CO)O)O)=O
FormoseAmm	G4	C(C(CN)C(C(N)=C)O)=O
FormoseAmm	G4	C(C(CN)C(C(O)=O)(C)O)=O
FormoseAmm	G4	C(C(CN)C(C(O)=O)(CO)O)=O
FormoseAmm	G4	C(C(CN)C(C(O)=O)N)=O
FormoseAmm	G4	C(C(CN)C(C(O)=O)O)=O
FormoseAmm	G4	C(C(CN)C(C)(C(C=O)O)O)=O
FormoseAmm	G4	C(C(CN)C(C)(C(CO)O)O)=O
FormoseAmm	G4	C(C(CN)C(C)(CN)O)=O
FormoseAmm	G4	C(C(CN)C(C)(CO)O)=O
FormoseAmm	G4	C(C(CN)C(C=CN)O)=O
FormoseAmm	G4	C(C(CN)C(C=O)(C(C)O)O)=O
FormoseAmm	G4	C(C(CN)C(C=O)(CCO)O)=O
FormoseAmm	G4	C(C(CN)C(C=O)(CN)O)=O
FormoseAmm	G4	C(C(CN)C(C=O)(CO)N)=O
FormoseAmm	G4	C(C(CN)C(C=O)(CO)O)=O
FormoseAmm	G4	C(C(CN)C(CC(C)O)O)=O
FormoseAmm	G4	C(C(CN)C(CC(C=O)O)O)=O
FormoseAmm	G4	C(C(CN)C(CC(CO)O)O)=O
FormoseAmm	G4	C(C(CN)C(CCN)O)=O
FormoseAmm	G4	C(C(CN)C(CCO)O)=O
FormoseAmm	G4	C(C(CN)C(CN)(CN)O)=O
FormoseAmm	G4	C(C(CN)C(CN)O)=O
FormoseAmm	G4	C(C(CN)C(CO)(CC=O)O)=O
FormoseAmm	G4	C(C(CN)C(CO)(CCO)O)=O
FormoseAmm	G4	C(C(CN)C(CO)(CN)O)=O
FormoseAmm	G4	C(C(CN)C(CO)(CO)O)=O
FormoseAmm	G4	C(C(CN)C(CO)O)=O
FormoseAmm	G4	C(C(CN)N)(C(C(C)=O)O)=O
FormoseAmm	G4	C(C(CN)N)(C(CO)(CN)O)=O
FormoseAmm	G4	C(C(CN)N)(C(CO)(CO)O)=O
FormoseAmm	G4	C(C(CN)N)(CC(CO)O)=O
FormoseAmm	G4	C(C(CN)N)(CCO)=O
FormoseAmm	G4	C(C(CN)N)(O)=O
FormoseAmm	G4	C(C(CN)N)N
FormoseAmm	G4	C(C(CN)NC(C(O)=O)C(O)=O)=O
FormoseAmm	G4	C(C(CN)NC(C=O)CN)=O
FormoseAmm	G4	C(C(CN)NC(C=O)CO)(O)=O
FormoseAmm	G4	C(C(CN)NC(CN)CO)=O
FormoseAmm	G4	C(C(CN)NC(CO)CO)=O
FormoseAmm	G4	C(C(CN)NCC(C(O)=O)N)=O
FormoseAmm	G4	C(C(CN)NCC(C(O)=O)O)=O
FormoseAmm	G4	C(C(CN)NCC(C)N)=O
FormoseAmm	G4	C(C(CN)NCC(C=O)O)(O)=O
FormoseAmm	G4	C(C(CN)NCC(CN)=O)=O
FormoseAmm	G4	C(C(CN)NCC(CN)O)=O
FormoseAmm	G4	C(C(CN)NCC(CO)=O)(O)=O
FormoseAmm	G4	C(C(CN)NCC(CO)N)=O
FormoseAmm	G4	C(C(CN)NCC(CO)O)=O
FormoseAmm	G4	C(C(CN)NCC(N)=C)=O
FormoseAmm	G4	C(C(CN)NCC(O)=O)(O)=O
FormoseAmm	G4	C(C(CN)NCC=CN)=O
FormoseAmm	G4	C(C(CN)NCCCN)=O
FormoseAmm	G4	C(C(CN)NCCCO)=O
FormoseAmm	G4	C(C(CN)NCCN)=O
FormoseAmm	G4	C(C(CN)NCCO)(O)=O
FormoseAmm	G4	C(C(CN)O)(C(C(C)=O)O)=O
FormoseAmm	G4	C(C(CN)O)(C(C(C)O)N)=O
FormoseAmm	G4	C(C(CN)O)(C(C(CN)O)N)=O
FormoseAmm	G4	C(C(CN)O)(C(C(CO)O)N)=O
FormoseAmm	G4	C(C(CN)O)(C(CN)N)=O
FormoseAmm	G4	C(C(CN)O)(C(CN)NC)=O
FormoseAmm	G4	C(C(CN)O)(C(CN)O)=O
FormoseAmm	G4	C(C(CN)O)(C(CO)(CN)O)=O
FormoseAmm	G4	C(C(CN)O)(C(CO)(CO)O)=O
FormoseAmm	G4	C(C(CN)O)(C(CO)N)=O
FormoseAmm	G4	C(C(CN)O)(C(CO)NC)=O
FormoseAmm	G4	C(C(CN)O)(CC(C)O)=O
FormoseAmm	G4	C(C(CN)O)(CC(CCO)O)=O
FormoseAmm	G4	C(C(CN)O)(CC(CN)=O)=O
FormoseAmm	G4	C(C(CN)O)(CC(CN)O)=O
FormoseAmm	G4	C(C(CN)O)(CC(CO)=O)=O
FormoseAmm	G4	C(C(CN)O)(CC(CO)O)=O
FormoseAmm	G4	C(C(CN)O)(CCO)=O
FormoseAmm	G4	C(C(CNC(C(O)=O)C(O)=O)N)=O
FormoseAmm	G4	C(C(CNC(C(O)=O)CO)N)(O)=O
FormoseAmm	G4	C(C(CNC(C(O)=O)CO)N)=O
FormoseAmm	G4	C(C(CNC(C=O)CN)N)=O
FormoseAmm	G4	C(C(CNC(C=O)CO)N)(O)=O
FormoseAmm	G4	C(C(CNC(CN)CN)O)(O)=O
FormoseAmm	G4	C(C(CNC(CN)CN)O)=O
FormoseAmm	G4	C(C(CNC(CN)CO)N)(O)=O
FormoseAmm	G4	C(C(CNC(CN)CO)N)=O
FormoseAmm	G4	C(C(CNC(CO)CN)O)(O)=O
FormoseAmm	G4	C(C(CNC(CO)CN)O)=O
FormoseAmm	G4	C(C(CNC(CO)CO)N)(O)=O
FormoseAmm	G4	C(C(CNC(CO)CO)N)=O
FormoseAmm	G4	C(C(CNC(CO)CO)O)(O)=O
FormoseAmm	G4	C(C(CNC(CO)CO)O)=O
FormoseAmm	G4	C(C(CNC)N)(O)=O
FormoseAmm	G4	C(C(CNC)NCC(O)=O)=O
FormoseAmm	G4	C(C(CNC)NCCO)=O
FormoseAmm	G4	C(C(CNC)O)(C(CO)N)=O
FormoseAmm	G4	C(C(CNC)O)(C(CO)O)=O
FormoseAmm	G4	C(C(CNC)O)(O)=O
FormoseAmm	G4	C(C(CNCC(C(O)=O)N)N)=O
FormoseAmm	G4	C(C(CNCC(C(O)=O)O)N)(O)=O
FormoseAmm	G4	C(C(CNCC(C(O)=O)O)N)=O
FormoseAmm	G4	C(C(CNCC(C)=O)O)(O)=O
FormoseAmm	G4	C(C(CNCC(C)N)N)=O
FormoseAmm	G4	C(C(CNCC(C)N)O)(O)=O
FormoseAmm	G4	C(C(CNCC(C)N)O)=O
FormoseAmm	G4	C(C(CNCC(C=O)N)N)=O
FormoseAmm	G4	C(C(CNCC(C=O)O)N)(O)=O
FormoseAmm	G4	C(C(CNCC(CN)=O)N)=O
FormoseAmm	G4	C(C(CNCC(CN)=O)O)(O)=O
FormoseAmm	G4	C(C(CNCC(CN)N)O)(O)=O
FormoseAmm	G4	C(C(CNCC(CN)N)O)=O
FormoseAmm	G4	C(C(CNCC(CN)O)N)(O)=O
FormoseAmm	G4	C(C(CNCC(CN)O)N)=O
FormoseAmm	G4	C(C(CNCC(CN)O)O)(O)=O
FormoseAmm	G4	C(C(CNCC(CN)O)O)=O
FormoseAmm	G4	C(C(CNCC(CO)=O)N)(O)=O
FormoseAmm	G4	C(C(CNCC(CO)N)N)(O)=O
FormoseAmm	G4	C(C(CNCC(CO)N)N)=O
FormoseAmm	G4	C(C(CNCC(CO)N)O)(O)=O
FormoseAmm	G4	C(C(CNCC(CO)N)O)=O
FormoseAmm	G4	C(C(CNCC(CO)O)N)(O)=O
FormoseAmm	G4	C(C(CNCC(CO)O)N)=O
FormoseAmm	G4	C(C(CNCC(CO)O)O)(O)=O
FormoseAmm	G4	C(C(CNCC(CO)O)O)=O
FormoseAmm	G4	C(C(CNCC(N)=C)N)=O
FormoseAmm	G4	C(C(CNCC(N)=C)O)(O)=O
FormoseAmm	G4	C(C(CNCC(N)=C)O)=O
FormoseAmm	G4	C(C(CNCC(O)=O)(CO)N)=O
FormoseAmm	G4	C(C(CNCC(O)=O)N)(O)=O
FormoseAmm	G4	C(C(CNCC(O)=O)NC)=O
FormoseAmm	G4	C(C(CNCC=CN)N)=O
FormoseAmm	G4	C(C(CNCC=CN)O)(O)=O
FormoseAmm	G4	C(C(CNCC=CN)O)=O
FormoseAmm	G4	C(C(CNCC=O)(CO)N)=O
FormoseAmm	G4	C(C(CNCCCN)N)=O
FormoseAmm	G4	C(C(CNCCCN)O)(O)=O
FormoseAmm	G4	C(C(CNCCCN)O)=O
FormoseAmm	G4	C(C(CNCCCO)N)=O
FormoseAmm	G4	C(C(CNCCCO)O)(O)=O
FormoseAmm	G4	C(C(CNCCCO)O)=O
FormoseAmm	G4	C(C(CNCCN)N)(O)=O
FormoseAmm	G4	C(C(CNCCN)N)=O
FormoseAmm	G4	C(C(CNCCN)NC)=O
FormoseAmm	G4	C(C(CNCCN)O)(O)=O
FormoseAmm	G4	C(C(CNCCO)(CO)N)=O
FormoseAmm	G4	C(C(CNCCO)N)(O)=O
FormoseAmm	G4	C(C(CNCCO)NC)=O
FormoseAmm	G4	C(C(CO)(C(C(C(O)=O)N)O)N)=O
FormoseAmm	G4	C(C(CO)(C(C(C)=O)N)N)=O
FormoseAmm	G4	C(C(CO)(C(C(C)=O)N)O)(O)=O
FormoseAmm	G4	C(C(CO)(C(C(C)=O)N)O)=O
FormoseAmm	G4	C(C(CO)(C(C(C)=O)O)N)(O)=O
FormoseAmm	G4	C(C(CO)(C(C(C)N)O)N)(O)=O
FormoseAmm	G4	C(C(CO)(C(C(C)N)O)N)=O
FormoseAmm	G4	C(C(CO)(C(C(C)N)O)O)=O
FormoseAmm	G4	C(C(CO)(C(C(C=C)=O)O)O)=O
FormoseAmm	G4	C(C(CO)(C(C(C=O)O)O)N)=O
FormoseAmm	G4	C(C(CO)(C(C(CN)=O)O)O)=O
FormoseAmm	G4	C(C(CO)(C(C(CN)N)O)N)(O)=O
FormoseAmm	G4	C(C(CO)(C(C(CN)N)O)O)(O)=O
FormoseAmm	G4	C(C(CO)(C(C(CN)N)O)O)=O
FormoseAmm	G4	C(C(CO)(C(C(CN)N)O)O)O
FormoseAmm	G4	C(C(CO)(C(C(CN)O)O)N)(O)=O
FormoseAmm	G4	C(C(CO)(C(C(CN)O)O)N)O
FormoseAmm	G4	C(C(CO)(C(C(CN)O)O)O)O
FormoseAmm	G4	C(C(CO)(C(C(CO)=O)N)O)=O
FormoseAmm	G4	C(C(CO)(C(C(CO)=O)O)N)=O
FormoseAmm	G4	C(C(CO)(C(C(CO)N)N)O)O
FormoseAmm	G4	C(C(CO)(C(C(CO)N)O)N)(O)=O
FormoseAmm	G4	C(C(CO)(C(C(CO)O)N)N)=O
FormoseAmm	G4	C(C(CO)(C(C(CO)O)N)O)=O
FormoseAmm	G4	C(C(CO)(C(C(CO)O)O)N)O
FormoseAmm	G4	C(C(CO)(C(C(N)=C)O)N)(O)=O
FormoseAmm	G4	C(C(CO)(C(C(N)=C)O)N)=O
FormoseAmm	G4	C(C(CO)(C(C(N)=C)O)O)=O
FormoseAmm	G4	C(C(CO)(C(C(O)=O)(C)O)N)=O
FormoseAmm	G4	C(C(CO)(C(C(O)=O)N)O)=O
FormoseAmm	G4	C(C(CO)(C(C(O)=O)O)N)=O
FormoseAmm	G4	C(C(CO)(C(C)(CN)O)O)(O)=O
FormoseAmm	G4	C(C(CO)(C(C)(CN)O)O)=O
FormoseAmm	G4	C(C(CO)(C(C)(CO)O)N)(O)=O
FormoseAmm	G4	C(C(CO)(C(C)(CO)O)N)=O
FormoseAmm	G4	C(C(CO)(C(C)N)O)=O
FormoseAmm	G4	C(C(CO)(C(C)O)C(C=O)O)=O
FormoseAmm	G4	C(C(CO)(C(C)O)N)(O)=O
FormoseAmm	G4	C(C(CO)(C(C=CC=O)O)O)=O
FormoseAmm	G4	C(C(CO)(C(C=CN)O)N)(O)=O
FormoseAmm	G4	C(C(CO)(C(C=CN)O)O)=O
FormoseAmm	G4	C(C(CO)(C(C=O)(C)O)N)(O)=O
FormoseAmm	G4	C(C(CO)(C(C=O)(CN)O)O)=O
FormoseAmm	G4	C(C(CO)(C(C=O)(CO)O)N)=O
FormoseAmm	G4	C(C(CO)(C(C=O)N)O)=O
FormoseAmm	G4	C(C(CO)(C(C=O)O)N)(O)=O
FormoseAmm	G4	C(C(CO)(C(CC(C)O)O)O)=O
FormoseAmm	G4	C(C(CO)(C(CC(O)=O)O)N)=O
FormoseAmm	G4	C(C(CO)(C(CC=O)N)O)(O)=O
FormoseAmm	G4	C(C(CO)(C(CC=O)N)O)=O
FormoseAmm	G4	C(C(CO)(C(CC=O)O)N)(O)=O
FormoseAmm	G4	C(C(CO)(C(CCN)O)N)(O)=O
FormoseAmm	G4	C(C(CO)(C(CCN)O)N)=O
FormoseAmm	G4	C(C(CO)(C(CCN)O)O)(O)=O
FormoseAmm	G4	C(C(CO)(C(CCN)O)O)=O
FormoseAmm	G4	C(C(CO)(C(CCN)O)O)O
FormoseAmm	G4	C(C(CO)(C(CCO)N)O)=O
FormoseAmm	G4	C(C(CO)(C(CCO)O)N)(O)=O
FormoseAmm	G4	C(C(CO)(C(CCO)O)N)=O
FormoseAmm	G4	C(C(CO)(C(CCO)O)O)=O
FormoseAmm	G4	C(C(CO)(C(CCO)O)O)O
FormoseAmm	G4	C(C(CO)(C(CN)(C)O)N)(O)=O
FormoseAmm	G4	C(C(CO)(C(CN)(C)O)N)=O
FormoseAmm	G4	C(C(CO)(C(CN)(CN)O)N)(O)=O
FormoseAmm	G4	C(C(CO)(C(CN)(CN)O)O)(O)=O
FormoseAmm	G4	C(C(CO)(C(CN)(CN)O)O)=O
FormoseAmm	G4	C(C(CO)(C(CN)(CN)O)O)O
FormoseAmm	G4	C(C(CO)(C(CN)(CO)O)N)(O)=O
FormoseAmm	G4	C(C(CO)(C(CN)N)N)=O
FormoseAmm	G4	C(C(CO)(C(CN)N)O)(O)=O
FormoseAmm	G4	C(C(CO)(C(CN)N)O)=O
FormoseAmm	G4	C(C(CO)(C(CN)N)O)O
FormoseAmm	G4	C(C(CO)(C(CN)NC)O)=O
FormoseAmm	G4	C(C(CO)(C(CN)O)N)(O)=O
FormoseAmm	G4	C(C(CO)(C(CN)O)N)O
FormoseAmm	G4	C(C(CO)(C(CO)(C)O)O)=O
FormoseAmm	G4	C(C(CO)(C(CO)(CN)O)N)O
FormoseAmm	G4	C(C(CO)(C(CO)(CN)O)O)O
FormoseAmm	G4	C(C(CO)(C(CO)(CO)O)N)O
FormoseAmm	G4	C(C(CO)(C(CO)N)N)=O
FormoseAmm	G4	C(C(CO)(C(CO)N)O)(O)=O
FormoseAmm	G4	C(C(CO)(C(CO)N)O)O
FormoseAmm	G4	C(C(CO)(C(CO)O)N)(O)=O
FormoseAmm	G4	C(C(CO)(C(CO)O)N)O
FormoseAmm	G4	C(C(CO)(C(CO)O)O)=CN
FormoseAmm	G4	C(C(CO)(C)O)(O)=O
FormoseAmm	G4	C(C(CO)(CC(C=O)N)O)(O)=O
FormoseAmm	G4	C(C(CO)(CC(C=O)N)O)=O
FormoseAmm	G4	C(C(CO)(CC(CC=O)O)O)=O
FormoseAmm	G4	C(C(CO)(CC(CN)=O)N)=O
FormoseAmm	G4	C(C(CO)(CC(CN)=O)O)(O)=O
FormoseAmm	G4	C(C(CO)(CC(CN)=O)O)=O
FormoseAmm	G4	C(C(CO)(CC(CO)=O)N)=O
FormoseAmm	G4	C(C(CO)(CC(CO)N)O)=O
FormoseAmm	G4	C(C(CO)(CC(O)=O)O)=O
FormoseAmm	G4	C(C(CO)(CC=O)O)(CCO)=O
FormoseAmm	G4	C(C(CO)(CC=O)O)(O)=O
FormoseAmm	G4	C(C(CO)(CCN)O)=O
FormoseAmm	G4	C(C(CO)(CCN)O)O
FormoseAmm	G4	C(C(CO)(CCO)N)=O
FormoseAmm	G4	C(C(CO)(CCO)O)(O)=O
FormoseAmm	G4	C(C(CO)(CCO)O)=O
FormoseAmm	G4	C(C(CO)(CCO)O)O
FormoseAmm	G4	C(C(CO)(CN)N)O
FormoseAmm	G4	C(C(CO)(CN)O)(O)=O
FormoseAmm	G4	C(C(CO)(CNCC(O)=O)O)=O
FormoseAmm	G4	C(C(CO)(CNCC=O)O)(O)=O
FormoseAmm	G4	C(C(CO)(CNCCN)O)=O
FormoseAmm	G4	C(C(CO)(CNCCO)O)(O)=O
FormoseAmm	G4	C(C(CO)(CNCCO)O)=O
FormoseAmm	G4	C(C(CO)(CO)C(C=O)O)=O
FormoseAmm	G4	C(C(CO)(CO)N)(O)=O
FormoseAmm	G4	C(C(CO)(CO)N)O
FormoseAmm	G4	C(C(CO)(CO)NCC(O)=O)=O
FormoseAmm	G4	C(C(CO)(CO)NCC=O)=O
FormoseAmm	G4	C(C(CO)(CO)NCCN)=O
FormoseAmm	G4	C(C(CO)(CO)NCCO)=O
FormoseAmm	G4	C(C(CO)(CO)O)=CN
FormoseAmm	G4	C(C(CO)=O)(C(C(CN)O)O)=O
FormoseAmm	G4	C(C(CO)=O)(C(C(CO)N)O)=O
FormoseAmm	G4	C(C(CO)=O)(C(CN)O)=O
FormoseAmm	G4	C(C(CO)=O)(C(CO)(CN)O)=O
FormoseAmm	G4	C(C(CO)=O)(C(CO)CN)=O
FormoseAmm	G4	C(C(CO)=O)(C(CO)CO)=O
FormoseAmm	G4	C(C(CO)=O)(C(CO)O)=O
FormoseAmm	G4	C(C(CO)=O)(CC(C(C)N)O)=O
FormoseAmm	G4	C(C(CO)=O)(CC(C)(CN)O)=O
FormoseAmm	G4	C(C(CO)=O)(CC(CCN)O)=O
FormoseAmm	G4	C(C(CO)=O)(CC(CCO)O)=O
FormoseAmm	G4	C(C(CO)=O)(CC(CN)O)=O
FormoseAmm	G4	C(C(CO)=O)(CC(CO)N)=O
FormoseAmm	G4	C(C(CO)=O)(CC(CO)O)=O
FormoseAmm	G4	C(C(CO)=O)(CNCCO)=O
FormoseAmm	G4	C(C(CO)C(C(C(C)=O)N)O)=O
FormoseAmm	G4	C(C(CO)C(C(C(C)=O)O)O)=O
FormoseAmm	G4	C(C(CO)C(C(C(C)N)=O)O)=O
FormoseAmm	G4	C(C(CO)C(C(C(C)N)O)O)=O
FormoseAmm	G4	C(C(CO)C(C(C(C)O)=O)O)=O
FormoseAmm	G4	C(C(CO)C(C(C(C)O)N)O)=O
FormoseAmm	G4	C(C(CO)C(C(C(C)O)O)O)=O
FormoseAmm	G4	C(C(CO)C(C(C(N)=C)O)O)=O
FormoseAmm	G4	C(C(CO)C(C(C(O)=O)N)O)=O
FormoseAmm	G4	C(C(CO)C(C(C)N)O)=O
FormoseAmm	G4	C(C(CO)C(C(C=CN)O)O)=O
FormoseAmm	G4	C(C(CO)C(C(C=O)CN)O)=O
FormoseAmm	G4	C(C(CO)C(C(C=O)CO)O)=O
FormoseAmm	G4	C(C(CO)C(C(C=O)N)O)=O
FormoseAmm	G4	C(C(CO)C(C(C=O)O)O)=O
FormoseAmm	G4	C(C(CO)C(C(CC=O)N)O)=O
FormoseAmm	G4	C(C(CO)C(C(CC=O)O)O)=O
FormoseAmm	G4	C(C(CO)C(C(CCN)=O)O)=O
FormoseAmm	G4	C(C(CO)C(C(CCN)O)O)=O
FormoseAmm	G4	C(C(CO)C(C(CCO)=O)O)=O
FormoseAmm	G4	C(C(CO)C(C(CCO)N)O)=O
FormoseAmm	G4	C(C(CO)C(C(CCO)O)O)=O
FormoseAmm	G4	C(C(CO)C(C(CN)=O)O)=O
FormoseAmm	G4	C(C(CO)C(C(CN)N)O)=O
FormoseAmm	G4	C(C(CO)C(C(CN)O)O)=O
FormoseAmm	G4	C(C(CO)C(C(CO)=O)N)=O
FormoseAmm	G4	C(C(CO)C(C(CO)=O)O)=O
FormoseAmm	G4	C(C(CO)C(C(CO)N)O)=O
FormoseAmm	G4	C(C(CO)C(C(CO)O)N)=O
FormoseAmm	G4	C(C(CO)C(C(CO)O)O)=O
FormoseAmm	G4	C(C(CO)C(C(N)=C)O)=O
FormoseAmm	G4	C(C(CO)C(C(N)=CCO)O)=O
FormoseAmm	G4	C(C(CO)C(C(O)=O)(C)O)=O
FormoseAmm	G4	C(C(CO)C(C(O)=O)N)=O
FormoseAmm	G4	C(C(CO)C(C(O)=O)O)=O
FormoseAmm	G4	C(C(CO)C(C)(C(C=O)O)O)=O
FormoseAmm	G4	C(C(CO)C(C)(CN)O)=O
FormoseAmm	G4	C(C(CO)C(C=CN)O)=O
FormoseAmm	G4	C(C(CO)C(C=O)(C(C)O)O)=O
FormoseAmm	G4	C(C(CO)C(C=O)(CCO)O)=O
FormoseAmm	G4	C(C(CO)C(C=O)(CN)O)=O
FormoseAmm	G4	C(C(CO)C(C=O)(CO)N)=O
FormoseAmm	G4	C(C(CO)C(C=O)(CO)O)=O
FormoseAmm	G4	C(C(CO)C(C=O)O)(O)=O
FormoseAmm	G4	C(C(CO)C(CC(C)O)O)=O
FormoseAmm	G4	C(C(CO)C(CC(C=O)N)O)=O
FormoseAmm	G4	C(C(CO)C(CC(C=O)O)O)=O
FormoseAmm	G4	C(C(CO)C(CC(CN)=O)O)=O
FormoseAmm	G4	C(C(CO)C(CC(CN)O)O)=O
FormoseAmm	G4	C(C(CO)C(CC(CO)=O)O)=O
FormoseAmm	G4	C(C(CO)C(CC(CO)N)O)=O
FormoseAmm	G4	C(C(CO)C(CC(CO)O)O)=O
FormoseAmm	G4	C(C(CO)C(CC(O)=O)O)=O
FormoseAmm	G4	C(C(CO)C(CCN)O)=O
FormoseAmm	G4	C(C(CO)C(CCO)O)=O
FormoseAmm	G4	C(C(CO)C(CN)N)=O
FormoseAmm	G4	C(C(CO)C(CN)O)=O
FormoseAmm	G4	C(C(CO)C(CO)(CC=O)O)=O
FormoseAmm	G4	C(C(CO)C(CO)(CN)O)=O
FormoseAmm	G4	C(C(CO)C(CO)(CO)O)=O
FormoseAmm	G4	C(C(CO)C(CO)C(C=O)N)=O
FormoseAmm	G4	C(C(CO)C(CO)N)=O
FormoseAmm	G4	C(C(CO)C(CO)O)=O
FormoseAmm	G4	C(C(CO)N)(C(C(C)=O)O)=O
FormoseAmm	G4	C(C(CO)N)(C(CO)(CN)O)=O
FormoseAmm	G4	C(C(CO)N)(C(CO)(CO)O)=O
FormoseAmm	G4	C(C(CO)N)(C(CO)N)=O
FormoseAmm	G4	C(C(CO)N)(CC(CN)=O)=O
FormoseAmm	G4	C(C(CO)N)(CC(CO)=O)=O
FormoseAmm	G4	C(C(CO)N)(CC(CO)O)=O
FormoseAmm	G4	C(C(CO)N)(CCO)=O
FormoseAmm	G4	C(C(CO)NC(C=O)CN)(O)=O
FormoseAmm	G4	C(C(CO)NC(C=O)CO)(O)=O
FormoseAmm	G4	C(C(CO)NC(CN)CN)=O
FormoseAmm	G4	C(C(CO)NC(CN)CO)=O
FormoseAmm	G4	C(C(CO)NC(CO)CO)=O
FormoseAmm	G4	C(C(CO)NC)(C(CO)N)=O
FormoseAmm	G4	C(C(CO)NCC(C)N)=O
FormoseAmm	G4	C(C(CO)NCC(C=O)O)(O)=O
FormoseAmm	G4	C(C(CO)NCC(CN)=O)(O)=O
FormoseAmm	G4	C(C(CO)NCC(CN)N)=O
FormoseAmm	G4	C(C(CO)NCC(CN)O)=O
FormoseAmm	G4	C(C(CO)NCC(CO)=O)(O)=O
FormoseAmm	G4	C(C(CO)NCC(CO)N)=O
FormoseAmm	G4	C(C(CO)NCC(CO)O)=O
FormoseAmm	G4	C(C(CO)NCC(N)=C)=O
FormoseAmm	G4	C(C(CO)NCC(O)=O)(O)=O
FormoseAmm	G4	C(C(CO)NCC=CN)=O
FormoseAmm	G4	C(C(CO)NCC=O)(O)=O
FormoseAmm	G4	C(C(CO)NCCCN)=O
FormoseAmm	G4	C(C(CO)NCCCO)=O
FormoseAmm	G4	C(C(CO)NCCN)(O)=O
FormoseAmm	G4	C(C(CO)NCCN)=O
FormoseAmm	G4	C(C(CO)NCCO)(O)=O
FormoseAmm	G4	C(C(CO)O)(C(C(C)=O)N)=O
FormoseAmm	G4	C(C(CO)O)(C(C(C)=O)O)=O
FormoseAmm	G4	C(C(CO)O)(C(C(C)N)N)=O
FormoseAmm	G4	C(C(CO)O)(C(C(CN)=O)N)=O
FormoseAmm	G4	C(C(CO)O)(C(C(CN)=O)O)=O
FormoseAmm	G4	C(C(CO)O)(C(C(CN)N)N)=O
FormoseAmm	G4	C(C(CO)O)(C(C(CO)=O)N)=O
FormoseAmm	G4	C(C(CO)O)(C(C(CO)N)N)=O
FormoseAmm	G4	C(C(CO)O)(C(C)O)=O
FormoseAmm	G4	C(C(CO)O)(C(CN)N)=O
FormoseAmm	G4	C(C(CO)O)(C(CN)NC)=O
FormoseAmm	G4	C(C(CO)O)(C(CN)O)=O
FormoseAmm	G4	C(C(CO)O)(C(CNC)N)=O
FormoseAmm	G4	C(C(CO)O)(C(CO)(CN)O)=O
FormoseAmm	G4	C(C(CO)O)(C(CO)(CO)N)=O
FormoseAmm	G4	C(C(CO)O)(C(CO)CN)=O
FormoseAmm	G4	C(C(CO)O)(C(CO)CO)=O
FormoseAmm	G4	C(C(CO)O)(C(CO)NC)=O
FormoseAmm	G4	C(C(CO)O)(CC(C(C)N)O)=O
FormoseAmm	G4	C(C(CO)O)(CC(C)(CN)O)=O
FormoseAmm	G4	C(C(CO)O)(CC(C)O)=O
FormoseAmm	G4	C(C(CO)O)(CC(CCN)O)=O
FormoseAmm	G4	C(C(CO)O)(CC(CCO)O)=O
FormoseAmm	G4	C(C(CO)O)(CC(CN)=O)=O
FormoseAmm	G4	C(C(CO)O)(CC(CN)N)=O
FormoseAmm	G4	C(C(CO)O)(CC(CN)O)=O
FormoseAmm	G4	C(C(CO)O)(CC(CO)=O)=O
FormoseAmm	G4	C(C(CO)O)(CC(CO)N)=O
FormoseAmm	G4	C(C(CO)O)(CC(CO)O)=O
FormoseAmm	G4	C(C(CO)O)(CCN)=O
FormoseAmm	G4	C(C(CO)O)(CCO)=O
FormoseAmm	G4	C(C(CO)O)=CN
FormoseAmm	G4	C(C(O)=O)(CCNCCN)=O
FormoseAmm	G4	C(C)(C(C(C(C(C)=O)O)O)N)=O
FormoseAmm	G4	C(C)(C(C(C(C(C)N)O)O)O)=O
FormoseAmm	G4	C(C)(C(C(C(C(C)O)N)O)O)=O
FormoseAmm	G4	C(C)(C(C(C(C(C)O)O)O)N)=O
FormoseAmm	G4	C(C)(C(C(C(C(C)O)O)O)O)=O
FormoseAmm	G4	C(C)(C(C(C(C(N)=C)O)O)O)=O
FormoseAmm	G4	C(C)(C(C(C(C)N)O)N)=O
FormoseAmm	G4	C(C)(C(C(C(C)N)O)O)=O
FormoseAmm	G4	C(C)(C(C(C(C=CN)O)O)O)=O
FormoseAmm	G4	C(C)(C(C(C(CCN)O)O)O)=O
FormoseAmm	G4	C(C)(C(C(C(CCO)N)O)O)=O
FormoseAmm	G4	C(C)(C(C(C(CCO)O)O)N)=O
FormoseAmm	G4	C(C)(C(C(C(CCO)O)O)O)=O
FormoseAmm	G4	C(C)(C(C(C(CN)=O)O)N)=O
FormoseAmm	G4	C(C)(C(C(C(CN)N)O)N)=O
FormoseAmm	G4	C(C)(C(C(C(CN)N)O)O)=O
FormoseAmm	G4	C(C)(C(C(C(CN)O)O)N)=O
FormoseAmm	G4	C(C)(C(C(C(CN)O)O)O)=O
FormoseAmm	G4	C(C)(C(C(C(CO)=O)N)N)=O
FormoseAmm	G4	C(C)(C(C(C(CO)=O)O)N)=O
FormoseAmm	G4	C(C)(C(C(C(CO)N)N)O)=O
FormoseAmm	G4	C(C)(C(C(C(CO)N)O)N)=O
FormoseAmm	G4	C(C)(C(C(C(CO)N)O)O)=O
FormoseAmm	G4	C(C)(C(C(C(CO)O)O)N)=O
FormoseAmm	G4	C(C)(C(C(C(CO)O)O)O)=O
FormoseAmm	G4	C(C)(C(C(C(N)=C)O)N)=O
FormoseAmm	G4	C(C)(C(C(C(N)=C)O)O)=O
FormoseAmm	G4	C(C)(C(C(C(N)=CCO)O)O)=O
FormoseAmm	G4	C(C)(C(C(C)(C(CN)O)O)O)=O
FormoseAmm	G4	C(C)(C(C(C)(C(CO)O)O)N)=O
FormoseAmm	G4	C(C)(C(C(C)(C(CO)O)O)O)=O
FormoseAmm	G4	C(C)(C(C(C)(CN)O)O)=O
FormoseAmm	G4	C(C)(C(C(C)(CO)O)N)=O
FormoseAmm	G4	C(C)(C(C(C)O)(C(C=O)N)O)=O
FormoseAmm	G4	C(C)(C(C(C)O)(C(C=O)O)O)=O
FormoseAmm	G4	C(C)(C(C(C=CN)O)N)=O
FormoseAmm	G4	C(C)(C(C(C=CN)O)O)=O
FormoseAmm	G4	C(C)(C(C(CC(C)O)O)N)=O
FormoseAmm	G4	C(C)(C(C(CC(C)O)O)O)=O
FormoseAmm	G4	C(C)(C(C(CC(CN)=O)O)O)=O
FormoseAmm	G4	C(C)(C(C(CC(CN)O)O)O)=O
FormoseAmm	G4	C(C)(C(C(CC(CO)=O)O)N)=O
FormoseAmm	G4	C(C)(C(C(CC(CO)=O)O)O)=O
FormoseAmm	G4	C(C)(C(C(CC(CO)N)O)O)=O
FormoseAmm	G4	C(C)(C(C(CC(CO)O)O)N)=O
FormoseAmm	G4	C(C)(C(C(CC(CO)O)O)O)=O
FormoseAmm	G4	C(C)(C(C(CCN)O)N)=O
FormoseAmm	G4	C(C)(C(C(CCN)O)O)=O
FormoseAmm	G4	C(C)(C(C(CCO)O)N)=O
FormoseAmm	G4	C(C)(C(C(CCO)O)O)=O
FormoseAmm	G4	C(C)(C(C(CN)(C)O)N)=O
FormoseAmm	G4	C(C)(C(C(CN)(CCO)O)O)=O
FormoseAmm	G4	C(C)(C(C(CN)(CN)O)N)=O
FormoseAmm	G4	C(C)(C(C(CN)(CN)O)O)=O
FormoseAmm	G4	C(C)(C(C(CN)(CO)O)N)=O
FormoseAmm	G4	C(C)(C(C(CN)=O)(CO)O)=O
FormoseAmm	G4	C(C)(C(C(CN)N)O)=O
FormoseAmm	G4	C(C)(C(C(CN)O)(CC=O)O)=O
FormoseAmm	G4	C(C)(C(C(CN)O)N)=O
FormoseAmm	G4	C(C)(C(C(CN)O)O)=O
FormoseAmm	G4	C(C)(C(C(CO)(C)O)O)=O
FormoseAmm	G4	C(C)(C(C(CO)(CCN)O)O)=O
FormoseAmm	G4	C(C)(C(C(CO)(CCO)O)N)=O
FormoseAmm	G4	C(C)(C(C(CO)(CCO)O)O)=O
FormoseAmm	G4	C(C)(C(C(CO)(CN)N)O)=O
FormoseAmm	G4	C(C)(C(C(CO)(CN)O)O)=O
FormoseAmm	G4	C(C)(C(C(CO)(CO)N)O)=O
FormoseAmm	G4	C(C)(C(C(CO)(CO)O)N)=O
FormoseAmm	G4	C(C)(C(C(CO)(CO)O)O)=O
FormoseAmm	G4	C(C)(C(C(CO)=O)(CO)O)=O
FormoseAmm	G4	C(C)(C(C(CO)N)O)=O
FormoseAmm	G4	C(C)(C(C(CO)O)(CC=O)O)=O
FormoseAmm	G4	C(C)(C(C(CO)O)N)=O
FormoseAmm	G4	C(C)(C(C(CO)O)O)=O
FormoseAmm	G4	C(C)(C(C(O)=O)NCCN)=O
FormoseAmm	G4	C(C)(C(CN)(C(C(C)=O)O)O)=O
FormoseAmm	G4	C(C)(C(CN)(C(C(O)=O)N)O)=O
FormoseAmm	G4	C(C)(C(CN)(C(C(O)=O)O)O)=O
FormoseAmm	G4	C(C)(C(CN)(C(C)O)O)=O
FormoseAmm	G4	C(C)(C(CN)(C(C=O)N)O)=O
FormoseAmm	G4	C(C)(C(CN)(C(C=O)O)O)=O
FormoseAmm	G4	C(C)(C(CN)(C(CCO)O)O)=O
FormoseAmm	G4	C(C)(C(CN)(C(CN)O)O)=O
FormoseAmm	G4	C(C)(C(CN)(C(CO)(C)O)O)=O
FormoseAmm	G4	C(C)(C(CN)(C(CO)O)O)=O
FormoseAmm	G4	C(C)(C(CN)NCC(O)=O)=O
FormoseAmm	G4	C(C)(C(CN)NCCN)=O
FormoseAmm	G4	C(C)(C(CN)NCCO)=O
FormoseAmm	G4	C(C)(C(CNCC(O)=O)N)=O
FormoseAmm	G4	C(C)(C(CNCC(O)=O)O)=O
FormoseAmm	G4	C(C)(C(CNCCN)O)=O
FormoseAmm	G4	C(C)(C(CNCCO)N)=O
FormoseAmm	G4	C(C)(C(CNCCO)O)=O
FormoseAmm	G4	C(C)(C(CO)(C(C(C)=O)N)O)=O
FormoseAmm	G4	C(C)(C(CO)(C(C(C)=O)O)O)=O
FormoseAmm	G4	C(C)(C(CO)(C(C(C)N)O)O)=O
FormoseAmm	G4	C(C)(C(CO)(C(C(N)=C)O)O)=O
FormoseAmm	G4	C(C)(C(CO)(C(C(O)=O)N)O)=O
FormoseAmm	G4	C(C)(C(CO)(C(C)(CN)O)O)=O
FormoseAmm	G4	C(C)(C(CO)(C(C)O)O)=O
FormoseAmm	G4	C(C)(C(CO)(C(C=CN)O)O)=O
FormoseAmm	G4	C(C)(C(CO)(C(C=O)N)O)=O
FormoseAmm	G4	C(C)(C(CO)(C(C=O)O)O)=O
FormoseAmm	G4	C(C)(C(CO)(C(CCN)O)O)=O
FormoseAmm	G4	C(C)(C(CO)(C(CCO)O)O)=O
FormoseAmm	G4	C(C)(C(CO)(C(CN)O)O)=O
FormoseAmm	G4	C(C)(C(CO)(C(CO)(C)O)O)=O
FormoseAmm	G4	C(C)(C(CO)(C(CO)O)O)=O
FormoseAmm	G4	C(C)(C(CO)(CC(CN)=O)O)=O
FormoseAmm	G4	C(C)(C(CO)(CN)O)=O
FormoseAmm	G4	C(C)(C(CO)(CO)O)=O
FormoseAmm	G4	C(C)(C(CO)NCC(O)=O)=O
FormoseAmm	G4	C(C)(C(CO)NCCN)=O
FormoseAmm	G4	C(C)(C(CO)NCCO)=O
FormoseAmm	G4	C(C)(C1(C(CC(C1O)=O)O)O)=O
FormoseAmm	G4	C(C)(C1(C(O)OCC1O)O)=O
FormoseAmm	G4	C(C1(C(C(C(C1)=O)O)O)O)=O
FormoseAmm	G4	C(C1(C(C(C(C1)O)N)O)O)=O
FormoseAmm	G4	C(C1(C(C(C(C1)O)O)O)O)=O
FormoseAmm	G4	C(C1(C(C(C(CN)O1)O)O)O)N
FormoseAmm	G4	C(C1(C(C(C(CN)O1)O)O)O)O
FormoseAmm	G4	C(C1(C(C(C(O)=O)NC1)O)O)=O
FormoseAmm	G4	C(C1(C(C(CC1O)O)O)N)(O)=O
FormoseAmm	G4	C(C1(C(C(CC1O)O)O)N)=O
FormoseAmm	G4	C(C1(C(C(CC1O)O)O)O)=O
FormoseAmm	G4	C(C1(C(C(CO1)O)O)O)=O
FormoseAmm	G4	C(C1(C(C(O)OCC1N)O)O)=O
FormoseAmm	G4	C(C1(C(C)(CC(C1O)=O)O)O)=O
FormoseAmm	G4	C(C1(C(C)(O)OCC1O)O)=O
FormoseAmm	G4	C(C1(C(CC(C)(C1O)O)=O)O)=O
FormoseAmm	G4	C(C1(C(CC(C1(C)O)O)=O)O)=O
FormoseAmm	G4	C(C1(C(CC(C1)O)O)O)=O
FormoseAmm	G4	C(C1(C(CC(C1O)=O)O)O)=O
FormoseAmm	G4	C(C1(C(CC(C1O)O)=O)O)=O
FormoseAmm	G4	C(C1(C(CC(CC1O)O)=O)O)=O
FormoseAmm	G4	C(C1(C(CN)NCC1O)N)=O
FormoseAmm	G4	C(C1(C(CN)OC(C1O)O)O)=O
FormoseAmm	G4	C(C1(C(CNC1)=O)O)(O)=O
FormoseAmm	G4	C(C1(C(CNC1C(O)=O)O)O)=O
FormoseAmm	G4	C(C1(C(CNC1C=O)O)O)=O
FormoseAmm	G4	C(C1(C(CNC1CN)O)O)(O)=O
FormoseAmm	G4	C(C1(C(CNC1CN)O)O)=O
FormoseAmm	G4	C(C1(C(CNC1CO)=O)O)=O
FormoseAmm	G4	C(C1(C(CNC1CO)O)O)(O)=O
FormoseAmm	G4	C(C1(C(CNCC1O)=O)N)=O
FormoseAmm	G4	C(C1(C(CNCC1O)=O)O)(O)=O
FormoseAmm	G4	C(C1(C(CNCC1O)=O)O)=O
FormoseAmm	G4	C(C1(C(CNCC1O)O)N)(O)=O
FormoseAmm	G4	C(C1(C(CNCC1O)O)N)=O
FormoseAmm	G4	C(C1(C(CNCC1O)O)O)(O)=O
FormoseAmm	G4	C(C1(C(CNCC1O)O)O)=O
FormoseAmm	G4	C(C1(C(CO)C(C(C1)=O)O)O)=O
FormoseAmm	G4	C(C1(C(CO)NCC1O)N)=O
FormoseAmm	G4	C(C1(C(NCC1O)=O)O)(O)=O
FormoseAmm	G4	C(C1(C(O)OCC1O)O)=CN
FormoseAmm	G4	C(C1(C=O)C(C(CC1O)O)O)=O
FormoseAmm	G4	C(C1(C=O)C(C(CN1)O)O)(O)=O
FormoseAmm	G4	C(C1(CC(C(C(C1)=O)O)O)O)=O
FormoseAmm	G4	C(C1(CC(CC(C1O)=O)O)O)=O
FormoseAmm	G4	C(C1(CC(CC1(C=O)O)O)O)=O
FormoseAmm	G4	C(C1(CCNC1C(O)=O)O)=O
FormoseAmm	G4	C(C1(CN)C(C(CN1)O)O)=O
FormoseAmm	G4	C(C1(CNC(C1O)CN)O)=O
FormoseAmm	G4	C(C1(CNC(CO)C1O)N)=O
FormoseAmm	G4	C(C1(CNC(CO)C1O)O)(O)=O
FormoseAmm	G4	C(C1(CNC(CO)C1O)O)=O
FormoseAmm	G4	C(C1(CNCC(C1O)N)O)=O
FormoseAmm	G4	C(C1(CNCC(C1O)O)N)=O
FormoseAmm	G4	C(C1(CNCC(C1O)O)O)(O)=O
FormoseAmm	G4	C(C1(CNCC(C1O)O)O)=O
FormoseAmm	G4	C(C1(CNCC1(CN)O)O)=O
FormoseAmm	G4	C(C1(CNCC1(CO)O)N)=O
FormoseAmm	G4	C(C1(CNCC1(CO)O)O)(O)=O
FormoseAmm	G4	C(C1(CNCC1(CO)O)O)=O
FormoseAmm	G4	C(C1(CNCC1O)N)=O
FormoseAmm	G4	C(C1(CNCC1O)O)(O)=O
FormoseAmm	G4	C(C1(CNCC1O)O)O
FormoseAmm	G4	C(C1(CO)C(C(CN1)N)O)=O
FormoseAmm	G4	C(C1(CO)C(C(CN1)O)O)=O
FormoseAmm	G4	C(C1(COC(C)(C1O)O)O)=O
FormoseAmm	G4	C(C1(COC(C1(C)O)O)O)=O
FormoseAmm	G4	C(C1(COC(C1O)O)O)=O
FormoseAmm	G4	C(C1C(C(C(C)(C1O)O)O)=O)=O
FormoseAmm	G4	C(C1C(C(C(C)(O1)O)O)O)=O
FormoseAmm	G4	C(C1C(C(C(C1(C)O)O)O)=O)=O
FormoseAmm	G4	C(C1C(C(C(C1O)=O)CO)O)=O
FormoseAmm	G4	C(C1C(C(C(C1O)O)N)O)=O
FormoseAmm	G4	C(C1C(C(C(C1O)O)O)=O)=O
FormoseAmm	G4	C(C1C(C(C(C1O)O)O)O)=O
FormoseAmm	G4	C(C1C(C(C(C=O)N1)O)O)(O)=O
FormoseAmm	G4	C(C1C(C(C(C=O)N1)O)O)=O
FormoseAmm	G4	C(C1C(C(C(CC1O)O)O)=O)=O
FormoseAmm	G4	C(C1C(C(C(CN)(O)O1)O)O)O
FormoseAmm	G4	C(C1C(C(C(CN)N1)N)O)(O)=O
FormoseAmm	G4	C(C1C(C(C(CN)N1)N)O)=O
FormoseAmm	G4	C(C1C(C(C(CN)N1)O)O)(O)=O
FormoseAmm	G4	C(C1C(C(C(CN)N1)O)O)=O
FormoseAmm	G4	C(C1C(C(C(CN)N1)O)O)O
FormoseAmm	G4	C(C1C(C(C(CN1)=O)O)O)(O)=O
FormoseAmm	G4	C(C1C(C(C(CN1)O)N)O)=O
FormoseAmm	G4	C(C1C(C(C(CN1)O)O)=O)(O)=O
FormoseAmm	G4	C(C1C(C(C(CN1)O)O)N)=O
FormoseAmm	G4	C(C1C(C(C(CN1)O)O)O)=O
FormoseAmm	G4	C(C1C(C(C(CO)N1)N)O)(O)=O
FormoseAmm	G4	C(C1C(C(C(CO)N1)N)O)=O
FormoseAmm	G4	C(C1C(C(C(CO)N1)O)N)=O
FormoseAmm	G4	C(C1C(C(C(CO)N1)O)O)(O)=O
FormoseAmm	G4	C(C1C(C(C(CO)N1)O)O)O
FormoseAmm	G4	C(C1C(C(C(N1)=O)O)O)(O)=O
FormoseAmm	G4	C(C1C(C(C=O)(CC1O)O)O)=O
FormoseAmm	G4	C(C1C(C(C=O)C(C1O)O)O)=O
FormoseAmm	G4	C(C1C(C(CC(C1O)=O)O)O)=O
FormoseAmm	G4	C(C1C(C(CC1(C=O)O)O)O)=O
FormoseAmm	G4	C(C1C(C(CC1O)O)O)=O
FormoseAmm	G4	C(C1C(C(CCN1)=O)O)(O)=O
FormoseAmm	G4	C(C1C(C(CN1)=O)O)(O)=O
FormoseAmm	G4	C(C1C(C(CN1)N)O)(O)=O
FormoseAmm	G4	C(C1C(C(CN1)N)O)=O
FormoseAmm	G4	C(C1C(C(CN1)O)=O)(O)=O
FormoseAmm	G4	C(C1C(C(CN1)O)N)=O
FormoseAmm	G4	C(C1C(C(CN1)O)NC)=O
FormoseAmm	G4	C(C1C(C(CN1)O)O)(O)=O
FormoseAmm	G4	C(C1C(C(CN1)O)O)O
FormoseAmm	G4	C(C1C(C(CO)(CN1)O)N)=O
FormoseAmm	G4	C(C1C(C(CO)(CN1)O)O)=O
FormoseAmm	G4	C(C1C(C)(C(C(O1)O)N)O)=O
FormoseAmm	G4	C(C1C(CC(C(C1O)O)=O)O)=O
FormoseAmm	G4	C(C1C(CC(C1(C=O)O)O)O)=O
FormoseAmm	G4	C(C1C(CC(C=O)N1)O)(O)=O
FormoseAmm	G4	C(C1C(CC(CN1)=O)O)(O)=O
FormoseAmm	G4	C(C1C(CC(CN1)O)O)=O
FormoseAmm	G4	C(C1C(CN)(C(CN1)O)O)(O)=O
FormoseAmm	G4	C(C1C(CN)(C(CN1)O)O)=O
FormoseAmm	G4	C(C1C(CNCC1O)O)=O
FormoseAmm	G4	C(C1C(CO)(C(CN1)N)O)=O
FormoseAmm	G4	C(C1C(CO)(C(CN1)O)O)(O)=O
FormoseAmm	G4	C(C1C(CO)(C(CN1)O)O)=O
FormoseAmm	G4	C(C1C(CO)(C(CN1)O)O)O
FormoseAmm	G4	C(C1C(CO)(CC(C1O)=O)O)=O
FormoseAmm	G4	C(C1C(O)OC(CO)C1O)=O
FormoseAmm	G4	C(C1C(O)OCC(C1O)O)=O
FormoseAmm	G4	C(C1C(O)OCC1(CN)O)=O
FormoseAmm	G4	C(C1C(O)OCC1(CO)O)=O
FormoseAmm	G4	C(C1C2C(C(C(O)O2)N1)O)O
FormoseAmm	G4	C(CC(C(C(C(C)=O)N)O)O)=O
FormoseAmm	G4	C(CC(C(C(C(C)=O)O)N)O)=O
FormoseAmm	G4	C(CC(C(C(C(C)=O)O)O)N)=O
FormoseAmm	G4	C(CC(C(C(C(C)=O)O)O)O)=O
FormoseAmm	G4	C(CC(C(C(C(C)N)O)O)=O)=O
FormoseAmm	G4	C(CC(C(C(C(N)=C)O)O)=O)=O
FormoseAmm	G4	C(CC(C(C(C(O)=O)N)N)O)=O
FormoseAmm	G4	C(CC(C(C(C(O)=O)N)O)N)=O
FormoseAmm	G4	C(CC(C(C(C(O)=O)O)N)=O)=O
FormoseAmm	G4	C(CC(C(C(C(O)=O)O)N)N)=O
FormoseAmm	G4	C(CC(C(C(C(O)=O)O)N)O)=O
FormoseAmm	G4	C(CC(C(C(C(O)=O)O)O)N)=O
FormoseAmm	G4	C(CC(C(C(C)(CN)O)O)=O)=O
FormoseAmm	G4	C(CC(C(C(C)=O)(CN)O)O)=O
FormoseAmm	G4	C(CC(C(C(C)=O)(CO)O)N)=O
FormoseAmm	G4	C(CC(C(C(C)=O)(CO)O)O)=O
FormoseAmm	G4	C(CC(C(C(C)=O)N)O)(O)=O
FormoseAmm	G4	C(CC(C(C(C)=O)O)O)(O)=O
FormoseAmm	G4	C(CC(C(C(C)N)=O)O)(CO)=O
FormoseAmm	G4	C(CC(C(C(C)N)O)O)=O
FormoseAmm	G4	C(CC(C(C(C)O)=O)O)(CN)=O
FormoseAmm	G4	C(CC(C(C(C)O)=O)O)(CO)=O
FormoseAmm	G4	C(CC(C(C(C)O)N)=O)(O)=O
FormoseAmm	G4	C(CC(C(C(C)O)N)O)=O
FormoseAmm	G4	C(CC(C(C(C)O)O)=O)(O)=O
FormoseAmm	G4	C(CC(C(C(C)O)O)N)=O
FormoseAmm	G4	C(CC(C(C(C)O)O)O)=O
FormoseAmm	G4	C(CC(C(C(C=CN)O)O)=O)=O
FormoseAmm	G4	C(CC(C(C(C=O)N)N)N)=O
FormoseAmm	G4	C(CC(C(C(C=O)N)N)O)=O
FormoseAmm	G4	C(CC(C(C(C=O)N)O)=O)(O)=O
FormoseAmm	G4	C(CC(C(C(C=O)N)O)N)=O
FormoseAmm	G4	C(CC(C(C(C=O)N)O)O)(O)=O
FormoseAmm	G4	C(CC(C(C(C=O)O)N)=O)(O)=O
FormoseAmm	G4	C(CC(C(C(C=O)O)N)N)=O
FormoseAmm	G4	C(CC(C(C(C=O)O)N)O)=O
FormoseAmm	G4	C(CC(C(C(C=O)O)O)N)=O
FormoseAmm	G4	C(CC(C(C(CC=O)N)O)O)=O
FormoseAmm	G4	C(CC(C(C(CC=O)O)N)O)=O
FormoseAmm	G4	C(CC(C(C(CC=O)O)O)O)=O
FormoseAmm	G4	C(CC(C(C(CCN)=O)O)O)=O
FormoseAmm	G4	C(CC(C(C(CCN)O)O)=O)=O
FormoseAmm	G4	C(CC(C(C(CCO)=O)N)O)=O
FormoseAmm	G4	C(CC(C(C(CCO)=O)O)N)=O
FormoseAmm	G4	C(CC(C(C(CCO)=O)O)O)=O
FormoseAmm	G4	C(CC(C(C(CCO)O)N)=O)=O
FormoseAmm	G4	C(CC(C(C(CCO)O)O)=O)=O
FormoseAmm	G4	C(CC(C(C(CN)=O)CO)O)=O
FormoseAmm	G4	C(CC(C(C(CN)=O)N)N)=O
FormoseAmm	G4	C(CC(C(C(CN)=O)N)O)(O)=O
FormoseAmm	G4	C(CC(C(C(CN)=O)N)O)=O
FormoseAmm	G4	C(CC(C(C(CN)=O)O)N)=O
FormoseAmm	G4	C(CC(C(C(CN)=O)O)O)(O)=O
FormoseAmm	G4	C(CC(C(C(CN)N)=O)O)=O
FormoseAmm	G4	C(CC(C(C(CN)N)N)O)=O
FormoseAmm	G4	C(CC(C(C(CN)N)O)=O)=O
FormoseAmm	G4	C(CC(C(C(CN)N)O)N)=O
FormoseAmm	G4	C(CC(C(C(CN)N)O)O)=O
FormoseAmm	G4	C(CC(C(C(CN)O)=O)N)=O
FormoseAmm	G4	C(CC(C(C(CN)O)=O)O)=O
FormoseAmm	G4	C(CC(C(C(CN)O)N)=O)(O)=O
FormoseAmm	G4	C(CC(C(C(CN)O)N)=O)=O
FormoseAmm	G4	C(CC(C(C(CN)O)N)N)=O
FormoseAmm	G4	C(CC(C(C(CN)O)N)O)(O)=O
FormoseAmm	G4	C(CC(C(C(CN)O)N)O)O
FormoseAmm	G4	C(CC(C(C(CN)O)O)=O)(O)=O
FormoseAmm	G4	C(CC(C(C(CN)O)O)N)=O
FormoseAmm	G4	C(CC(C(C(CN)O)O)O)(O)=O
FormoseAmm	G4	C(CC(C(C(CN)O)O)O)O
FormoseAmm	G4	C(CC(C(C(CO)(C)O)O)=O)=O
FormoseAmm	G4	C(CC(C(C(CO)=O)CN)O)=O
FormoseAmm	G4	C(CC(C(C(CO)=O)CO)N)=O
FormoseAmm	G4	C(CC(C(C(CO)=O)CO)O)=O
FormoseAmm	G4	C(CC(C(C(CO)=O)N)N)=O
FormoseAmm	G4	C(CC(C(C(CO)=O)N)O)(O)=O
FormoseAmm	G4	C(CC(C(C(CO)=O)O)N)=O
FormoseAmm	G4	C(CC(C(C(CO)CO)=O)O)=O
FormoseAmm	G4	C(CC(C(C(CO)N)=O)O)=O
FormoseAmm	G4	C(CC(C(C(CO)N)N)N)=O
FormoseAmm	G4	C(CC(C(C(CO)N)N)O)=O
FormoseAmm	G4	C(CC(C(C(CO)N)O)=O)(O)=O
FormoseAmm	G4	C(CC(C(C(CO)N)O)=O)=O
FormoseAmm	G4	C(CC(C(C(CO)N)O)N)=O
FormoseAmm	G4	C(CC(C(C(CO)N)O)O)(O)=O
FormoseAmm	G4	C(CC(C(C(CO)N)O)O)O
FormoseAmm	G4	C(CC(C(C(CO)O)=O)N)(O)=O
FormoseAmm	G4	C(CC(C(C(CO)O)=O)N)=O
FormoseAmm	G4	C(CC(C(C(CO)O)=O)O)=O
FormoseAmm	G4	C(CC(C(C(CO)O)N)=O)(O)=O
FormoseAmm	G4	C(CC(C(C(CO)O)N)=O)=O
FormoseAmm	G4	C(CC(C(C(CO)O)N)N)=O
FormoseAmm	G4	C(CC(C(C(CO)O)N)O)(O)=O
FormoseAmm	G4	C(CC(C(C(CO)O)O)N)(O)=O
FormoseAmm	G4	C(CC(C(C(CO)O)O)N)=O
FormoseAmm	G4	C(CC(C(C(N)=C)O)O)=O
FormoseAmm	G4	C(CC(C(C(O)=O)N)=O)(O)=O
FormoseAmm	G4	C(CC(C(C(O)=O)N)N)=O
FormoseAmm	G4	C(CC(C(C(O)=O)N)NC)=O
FormoseAmm	G4	C(CC(C(C(O)=O)N)O)(O)=O
FormoseAmm	G4	C(CC(C(C(O)=O)O)N)=O
FormoseAmm	G4	C(CC(C(C(O)=O)O)NC)=O
FormoseAmm	G4	C(CC(C(C)(C(C=O)N)O)O)=O
FormoseAmm	G4	C(CC(C(C)(C(C=O)O)O)N)=O
FormoseAmm	G4	C(CC(C(C)(C(C=O)O)O)O)=O
FormoseAmm	G4	C(CC(C(C)=O)O)(C(CN)O)=O
FormoseAmm	G4	C(CC(C(C)=O)O)(C(CO)O)=O
FormoseAmm	G4	C(CC(C(C=CN)(CO)O)O)=O
FormoseAmm	G4	C(CC(C(C=CN)N)O)=O
FormoseAmm	G4	C(CC(C(C=CN)O)O)=O
FormoseAmm	G4	C(CC(C(C=O)N)O)(O)=O
FormoseAmm	G4	C(CC(C(C=O)O)O)(O)=O
FormoseAmm	G4	C(CC(C(CC(C=O)N)O)O)=O
FormoseAmm	G4	C(CC(C(CC(C=O)O)O)N)=O
FormoseAmm	G4	C(CC(C(CC(CN)=O)O)O)=O
FormoseAmm	G4	C(CC(C(CC(CN)O)=O)O)=O
FormoseAmm	G4	C(CC(C(CC(CO)=O)N)O)=O
FormoseAmm	G4	C(CC(C(CC(CO)=O)O)N)=O
FormoseAmm	G4	C(CC(C(CC(CO)=O)O)O)=O
FormoseAmm	G4	C(CC(C(CC(CO)O)=O)O)=O
FormoseAmm	G4	C(CC(C(CC=O)O)O)(O)=O
FormoseAmm	G4	C(CC(C(CCN)=O)O)(CO)=O
FormoseAmm	G4	C(CC(C(CCN)O)O)=O
FormoseAmm	G4	C(CC(C(CCO)=O)O)(CN)=O
FormoseAmm	G4	C(CC(C(CCO)=O)O)(CO)=O
FormoseAmm	G4	C(CC(C(CCO)=O)O)(O)=O
FormoseAmm	G4	C(CC(C(CCO)N)O)=O
FormoseAmm	G4	C(CC(C(CCO)O)O)=O
FormoseAmm	G4	C(CC(C(CN)(C(C)O)O)O)=O
FormoseAmm	G4	C(CC(C(CN)(CC=O)O)O)=O
FormoseAmm	G4	C(CC(C(CN)(CN)O)N)=O
FormoseAmm	G4	C(CC(C(CN)(CN)O)O)=O
FormoseAmm	G4	C(CC(C(CN)C(C=O)O)O)=O
FormoseAmm	G4	C(CC(C(CN)N)N)=O
FormoseAmm	G4	C(CC(C(CN)N)O)=O
FormoseAmm	G4	C(CC(C(CN)O)=O)(O)=O
FormoseAmm	G4	C(CC(C(CN)O)N)=O
FormoseAmm	G4	C(CC(C(CN)O)NC)=O
FormoseAmm	G4	C(CC(C(CN)O)O)(O)=O
FormoseAmm	G4	C(CC(C(CN)O)O)O
FormoseAmm	G4	C(CC(C(CNC)O)=O)(O)=O
FormoseAmm	G4	C(CC(C(CO)(C(C)O)N)O)=O
FormoseAmm	G4	C(CC(C(CO)(C(C)O)O)=O)=O
FormoseAmm	G4	C(CC(C(CO)(C(C)O)O)O)=O
FormoseAmm	G4	C(CC(C(CO)(CC=O)O)N)=O
FormoseAmm	G4	C(CC(C(CO)(CC=O)O)O)=O
FormoseAmm	G4	C(CC(C(CO)(CN)N)N)=O
FormoseAmm	G4	C(CC(C(CO)(CN)N)O)=O
FormoseAmm	G4	C(CC(C(CO)(CN)O)N)=O
FormoseAmm	G4	C(CC(C(CO)(CN)O)O)=O
FormoseAmm	G4	C(CC(C(CO)(CO)N)N)=O
FormoseAmm	G4	C(CC(C(CO)(CO)N)O)=O
FormoseAmm	G4	C(CC(C(CO)(CO)O)=O)=O
FormoseAmm	G4	C(CC(C(CO)(CO)O)N)=O
FormoseAmm	G4	C(CC(C(CO)=O)N)(O)=O
FormoseAmm	G4	C(CC(C(CO)=O)NC)(O)=O
FormoseAmm	G4	C(CC(C(CO)=O)O)(O)=O
FormoseAmm	G4	C(CC(C(CO)C(C=O)N)O)=O
FormoseAmm	G4	C(CC(C(CO)C(C=O)O)N)=O
FormoseAmm	G4	C(CC(C(CO)C(C=O)O)O)=O
FormoseAmm	G4	C(CC(C(CO)C(CN)O)=O)=O
FormoseAmm	G4	C(CC(C(CO)C(CO)O)=O)=O
FormoseAmm	G4	C(CC(C(CO)N)=O)(O)=O
FormoseAmm	G4	C(CC(C(CO)N)N)=O
FormoseAmm	G4	C(CC(C(CO)N)NC)=O
FormoseAmm	G4	C(CC(C(CO)N)O)(O)=O
FormoseAmm	G4	C(CC(C(CO)N)O)O
FormoseAmm	G4	C(CC(C(CO)NC)=O)(O)=O
FormoseAmm	G4	C(CC(C(CO)O)N)(O)=O
FormoseAmm	G4	C(CC(C(CO)O)N)=O
FormoseAmm	G4	C(CC(C(CO)O)NC)=O
FormoseAmm	G4	C(CC(C(CO)O)O)(O)=O
FormoseAmm	G4	C(CC(C(N)=C)O)(C(CO)O)=O
FormoseAmm	G4	C(CC(C(N)=CCN)O)=O
FormoseAmm	G4	C(CC(C(N)=CCO)O)=O
FormoseAmm	G4	C(CC(C(O)=O)N)(C(CN)O)=O
FormoseAmm	G4	C(CC(C(O)=O)N)(C(CO)N)=O
FormoseAmm	G4	C(CC(C(O)=O)N)(C(CO)O)=O
FormoseAmm	G4	C(CC(C(O)=O)NC)(CO)=O
FormoseAmm	G4	C(CC(C(O)=O)NCC(O)=O)=O
FormoseAmm	G4	C(CC(C(O)=O)NCCN)=O
FormoseAmm	G4	C(CC(C(O)=O)NCCO)=O
FormoseAmm	G4	C(CC(C(O)=O)O)(C(CN)O)=O
FormoseAmm	G4	C(CC(C(O)=O)O)(C(CO)N)=O
FormoseAmm	G4	C(CC(C(O)=O)O)(O)=O
FormoseAmm	G4	C(CC(C)(C(C(O)=O)O)O)=O
FormoseAmm	G4	C(CC(C=CN)O)(C(CO)O)=O
FormoseAmm	G4	C(CC(C=O)(C(C(N)=C)O)O)=O
FormoseAmm	G4	C(CC(C=O)(C(C=CN)O)O)=O
FormoseAmm	G4	C(CC(C=O)N)(C(C(C)O)O)=O
FormoseAmm	G4	C(CC(C=O)N)(C(CN)O)=O
FormoseAmm	G4	C(CC(C=O)N)(C(CO)N)=O
FormoseAmm	G4	C(CC(C=O)NCCO)(O)=O
FormoseAmm	G4	C(CC(C=O)O)(C(C(C)O)O)=O
FormoseAmm	G4	C(CC(C=O)O)(C(CN)O)=O
FormoseAmm	G4	C(CC(C=O)O)(C(CO)N)=O
FormoseAmm	G4	C(CC(CC(C(C=O)N)O)O)=O
FormoseAmm	G4	C(CC(CC(C(C=O)O)O)N)=O
FormoseAmm	G4	C(CC(CC(C(C=O)O)O)O)=O
FormoseAmm	G4	C(CC(CC(C(CN)O)=O)O)=O
FormoseAmm	G4	C(CC(CC(C(CN)O)O)O)=O
FormoseAmm	G4	C(CC(CC(C(CO)N)O)O)=O
FormoseAmm	G4	C(CC(CC(C(CO)O)=O)N)=O
FormoseAmm	G4	C(CC(CC(C(CO)O)=O)O)=O
FormoseAmm	G4	C(CC(CC(C(CO)O)O)=O)=O
FormoseAmm	G4	C(CC(CC(C(CO)O)O)O)=O
FormoseAmm	G4	C(CC(CC(C(O)=O)O)N)=O
FormoseAmm	G4	C(CC(CC(C(O)=O)O)O)=O
FormoseAmm	G4	C(CC(CC(C=O)N)(CO)O)=O
FormoseAmm	G4	C(CC(CC(C=O)O)O)(O)=O
FormoseAmm	G4	C(CC(CC(CN)=O)O)(O)=O
FormoseAmm	G4	C(CC(CC(CN)O)O)=O
FormoseAmm	G4	C(CC(CC(CO)(CN)O)O)=O
FormoseAmm	G4	C(CC(CC(CO)(CO)O)O)=O
FormoseAmm	G4	C(CC(CC(CO)=O)O)(O)=O
FormoseAmm	G4	C(CC(CC(CO)N)O)=O
FormoseAmm	G4	C(CC(CC(CO)O)O)=O
FormoseAmm	G4	C(CC(CN)(C(C(C)=O)O)O)=O
FormoseAmm	G4	C(CC(CN)(C(C(O)=O)N)O)(O)=O
FormoseAmm	G4	C(CC(CN)(C(C(O)=O)N)O)=O
FormoseAmm	G4	C(CC(CN)(C(C(O)=O)O)O)=O
FormoseAmm	G4	C(CC(CN)(C(C)O)O)=O
FormoseAmm	G4	C(CC(CN)(C(C=O)N)O)(O)=O
FormoseAmm	G4	C(CC(CN)(C(C=O)N)O)=O
FormoseAmm	G4	C(CC(CN)(C(C=O)O)O)(O)=O
FormoseAmm	G4	C(CC(CN)(C(C=O)O)O)=O
FormoseAmm	G4	C(CC(CN)(C(CN)O)O)=O
FormoseAmm	G4	C(CC(CN)(C(CO)O)O)(O)=O
FormoseAmm	G4	C(CC(CN)N)(O)=O
FormoseAmm	G4	C(CC(CN)N)O
FormoseAmm	G4	C(CC(CN)NCC(O)=O)=O
FormoseAmm	G4	C(CC(CN)NCCN)=O
FormoseAmm	G4	C(CC(CN)NCCO)=O
FormoseAmm	G4	C(CC(CN)O)(O)=O
FormoseAmm	G4	C(CC(CN)O)O
FormoseAmm	G4	C(CC(CNCC(O)=O)=O)(O)=O
FormoseAmm	G4	C(CC(CNCC(O)=O)N)=O
FormoseAmm	G4	C(CC(CNCC(O)=O)O)=O
FormoseAmm	G4	C(CC(CNCC=O)O)(O)=O
FormoseAmm	G4	C(CC(CNCCN)O)=O
FormoseAmm	G4	C(CC(CNCCO)=O)(O)=O
FormoseAmm	G4	C(CC(CNCCO)N)=O
FormoseAmm	G4	C(CC(CNCCO)O)=O
FormoseAmm	G4	C(CC(CO)(C(C(C)=O)N)O)=O
FormoseAmm	G4	C(CC(CO)(C(C(C)=O)O)O)=O
FormoseAmm	G4	C(CC(CO)(C(C)O)O)=O
FormoseAmm	G4	C(CC(CO)(C(C=O)N)O)(O)=O
FormoseAmm	G4	C(CC(CO)(C(CN)N)O)=O
FormoseAmm	G4	C(CC(CO)(C(CN)O)O)=O
FormoseAmm	G4	C(CC(CO)(C(CO)N)O)=O
FormoseAmm	G4	C(CC(CO)(CC(CN)=O)O)=O
FormoseAmm	G4	C(CC(CO)(CC=O)O)(O)=O
FormoseAmm	G4	C(CC(CO)(CCN)O)=O
FormoseAmm	G4	C(CC(CO)(CCO)O)=O
FormoseAmm	G4	C(CC(CO)(CN)O)(O)=O
FormoseAmm	G4	C(CC(CO)(CO)O)(O)=O
FormoseAmm	G4	C(CC(CO)C(C=O)N)(O)=O
FormoseAmm	G4	C(CC(CO)N)(O)=O
FormoseAmm	G4	C(CC(CO)NCC(O)=O)=O
FormoseAmm	G4	C(CC(CO)NCCN)=O
FormoseAmm	G4	C(CC(CO)NCCO)=O
FormoseAmm	G4	C(CC(CO)O)(O)=O
FormoseAmm	G4	C(CC1(C(C(C(C1)=O)O)O)O)=O
FormoseAmm	G4	C(CC1(C(C(CO1)O)O)O)=O
FormoseAmm	G4	C(CC1(C(CC(C1O)=O)O)O)=O
FormoseAmm	G4	C(CC1(C(O)OCC1O)O)=O
FormoseAmm	G4	C(CC1(COC(C1N)O)O)=O
FormoseAmm	G4	C(CC1(COC(C1O)O)O)=O
FormoseAmm	G4	C(CC1C(C(CN1)O)N)=O
FormoseAmm	G4	C(CC1C(C(CN1)O)O)=O
FormoseAmm	G4	C(CCC=O)(C(C(CO)O)O)=O
FormoseAmm	G4	C(CCN)(C(C(CN)=O)O)=O
FormoseAmm	G4	C(CCN)(C(C(CO)=O)N)=O
FormoseAmm	G4	C(CCN)(C(C(CO)=O)O)=O
FormoseAmm	G4	C(CCN)(C(C(O)=O)N)=O
FormoseAmm	G4	C(CCNC(C(O)=O)CO)=O
FormoseAmm	G4	C(CCNC(CO)CN)=O
FormoseAmm	G4	C(CCNC(CO)CO)=O
FormoseAmm	G4	C(CCNCC(C(O)=O)N)=O
FormoseAmm	G4	C(CCNCC(C(O)=O)O)=O
FormoseAmm	G4	C(CCNCC(CN)O)=O
FormoseAmm	G4	C(CCNCC(CO)N)=O
FormoseAmm	G4	C(CCNCC(CO)O)=O
FormoseAmm	G4	C(CCO)(C(C(CN)=O)O)=O
FormoseAmm	G4	C(CCO)(C(C(CO)=O)N)=O
FormoseAmm	G4	C(CCO)(C(C(CO)=O)O)=O
FormoseAmm	G4	C(CCO)(C(CO)(CN)O)=O
FormoseAmm	G4	C(CCO)(C(CO)(CO)O)=O
FormoseAmm	G4	C(CN)(C(C(C(C)=O)O)N)=O
FormoseAmm	G4	C(CN)(C(C(C(C)N)O)N)=O
FormoseAmm	G4	C(CN)(C(C(C(C)N)O)O)=O
FormoseAmm	G4	C(CN)(C(C(C(C=C)=O)O)O)=O
FormoseAmm	G4	C(CN)(C(C(C(CN)N)O)O)=O
FormoseAmm	G4	C(CN)(C(C(C(CN)O)N)O)=O
FormoseAmm	G4	C(CN)(C(C(C(CN)O)O)N)=O
FormoseAmm	G4	C(CN)(C(C(C(CO)=O)O)N)=O
FormoseAmm	G4	C(CN)(C(C(C(CO)N)N)O)=O
FormoseAmm	G4	C(CN)(C(C(C(CO)N)O)N)=O
FormoseAmm	G4	C(CN)(C(C(C(CO)O)N)O)=O
FormoseAmm	G4	C(CN)(C(C(C(CO)O)O)N)=O
FormoseAmm	G4	C(CN)(C(C(C(N)=C)O)N)=O
FormoseAmm	G4	C(CN)(C(C(C(N)=C)O)O)=O
FormoseAmm	G4	C(CN)(C(C(C)N)O)=O
FormoseAmm	G4	C(CN)(C(C(C)O)(C(C)O)O)=O
FormoseAmm	G4	C(CN)(C(C(C)O)N)=O
FormoseAmm	G4	C(CN)(C(C(C)O)NC)=O
FormoseAmm	G4	C(CN)(C(C(C=CC=O)O)O)=O
FormoseAmm	G4	C(CN)(C(C(C=CN)O)N)=O
FormoseAmm	G4	C(CN)(C(C(C=CN)O)O)=O
FormoseAmm	G4	C(CN)(C(C(CC(C)O)O)O)=O
FormoseAmm	G4	C(CN)(C(C(CCN)O)N)=O
FormoseAmm	G4	C(CN)(C(C(CCN)O)O)=O
FormoseAmm	G4	C(CN)(C(C(CCO)O)N)=O
FormoseAmm	G4	C(CN)(C(C(CCO)O)O)=O
FormoseAmm	G4	C(CN)(C(C(CN)(C)O)N)=O
FormoseAmm	G4	C(CN)(C(C(CN)(C)O)O)=O
FormoseAmm	G4	C(CN)(C(C(CN)(CN)O)O)=O
FormoseAmm	G4	C(CN)(C(C(CN)(CO)O)N)=O
FormoseAmm	G4	C(CN)(C(C(CN)=O)(CO)O)=O
FormoseAmm	G4	C(CN)(C(C(CN)=O)CO)=O
FormoseAmm	G4	C(CN)(C(C(CN)=O)O)=O
FormoseAmm	G4	C(CN)(C(C(CN)N)O)=O
FormoseAmm	G4	C(CN)(C(C(CN)NC)O)=O
FormoseAmm	G4	C(CN)(C(C(CN)O)N)=O
FormoseAmm	G4	C(CN)(C(C(CN)O)NC)=O
FormoseAmm	G4	C(CN)(C(C(CNC)=O)O)=O
FormoseAmm	G4	C(CN)(C(C(CO)(C)O)O)=O
FormoseAmm	G4	C(CN)(C(C(CO)(CO)O)N)=O
FormoseAmm	G4	C(CN)(C(C(CO)=O)(CO)O)=O
FormoseAmm	G4	C(CN)(C(C(CO)=O)CO)=O
FormoseAmm	G4	C(CN)(C(C(CO)=O)N)=O
FormoseAmm	G4	C(CN)(C(C(CO)N)O)=O
FormoseAmm	G4	C(CN)(C(C(CO)NC)O)=O
FormoseAmm	G4	C(CN)(C(C(CO)O)N)=O
FormoseAmm	G4	C(CN)(C(C(CO)O)NC)=O
FormoseAmm	G4	C(CN)(C(C)(C(C(C)=O)O)O)=O
FormoseAmm	G4	C(CN)(C(C)(C(C(O)=O)N)O)=O
FormoseAmm	G4	C(CN)(C(C)(C(C(O)=O)O)O)=O
FormoseAmm	G4	C(CN)(C(C)(C(C=O)N)O)=O
FormoseAmm	G4	C(CN)(C(C)(C(C=O)O)O)=O
FormoseAmm	G4	C(CN)(C(CC(CN)=O)O)=O
FormoseAmm	G4	C(CN)(C(CC(CO)=O)O)=O
FormoseAmm	G4	C(CN)(C(CN)(C(C(O)=O)O)O)=O
FormoseAmm	G4	C(CN)(C(CN)(C(C)O)O)=O
FormoseAmm	G4	C(CN)(C(CN)(C(C=O)O)O)=O
FormoseAmm	G4	C(CN)(C(CN)(C(CN)O)O)=O
FormoseAmm	G4	C(CN)(C(CN)(C(CO)O)O)=O
FormoseAmm	G4	C(CN)(C(CN)C(CO)O)=O
FormoseAmm	G4	C(CN)(C(CN)CO)=O
FormoseAmm	G4	C(CN)(C(CN)N)=O
FormoseAmm	G4	C(CN)(C(CN)NC)=O
FormoseAmm	G4	C(CN)(C(CN)NCC(O)=O)=O
FormoseAmm	G4	C(CN)(C(CN)NCCO)=O
FormoseAmm	G4	C(CN)(C(CNC)N)=O
FormoseAmm	G4	C(CN)(C(CNC)O)=O
FormoseAmm	G4	C(CN)(C(CNCC(O)=O)N)=O
FormoseAmm	G4	C(CN)(C(CNCC=O)N)=O
FormoseAmm	G4	C(CN)(C(CNCCN)O)=O
FormoseAmm	G4	C(CN)(C(CNCCO)N)=O
FormoseAmm	G4	C(CN)(C(CO)(C(C(O)=O)O)N)=O
FormoseAmm	G4	C(CN)(C(CO)(C(CN)O)N)=O
FormoseAmm	G4	C(CN)(C(CO)(CC=O)O)=O
FormoseAmm	G4	C(CN)(C(CO)(CN)O)=O
FormoseAmm	G4	C(CN)(C(CO)(CO)N)=O
FormoseAmm	G4	C(CN)(C(CO)C(C(C)=O)O)=O
FormoseAmm	G4	C(CN)(C(CO)C(C(O)=O)O)=O
FormoseAmm	G4	C(CN)(C(CO)C(C)O)=O
FormoseAmm	G4	C(CN)(C(CO)C(C=O)O)=O
FormoseAmm	G4	C(CN)(C(CO)C(CCO)O)=O
FormoseAmm	G4	C(CN)(C(CO)C(CN)O)=O
FormoseAmm	G4	C(CN)(C(CO)C(CO)O)=O
FormoseAmm	G4	C(CN)(C(CO)CO)=O
FormoseAmm	G4	C(CN)(C(CO)NC)=O
FormoseAmm	G4	C(CN)(C(CO)NCCN)=O
FormoseAmm	G4	C(CN)(C1(CNCC1O)O)=O
FormoseAmm	G4	C(CN)(C1(COC(C1O)O)O)=O
FormoseAmm	G4	C(CN)(C1C(C(CN1)O)O)=O
FormoseAmm	G4	C(CN)(C1C(O)OCC1O)=O
FormoseAmm	G4	C(CN)(CC(C(C(C)O)O)O)=O
FormoseAmm	G4	C(CN)(CC(C(C)N)O)=O
FormoseAmm	G4	C(CN)(CC(C(CCO)O)O)=O
FormoseAmm	G4	C(CN)(CC(C(CN)N)O)=O
FormoseAmm	G4	C(CN)(CC(C(CN)O)O)=O
FormoseAmm	G4	C(CN)(CC(C(CO)N)O)=O
FormoseAmm	G4	C(CN)(CC(C(CO)O)O)=O
FormoseAmm	G4	C(CN)(CC(C(N)=C)O)=O
FormoseAmm	G4	C(CN)(CC(C)(C(CO)O)O)=O
FormoseAmm	G4	C(CN)(CC(C)(CO)O)=O
FormoseAmm	G4	C(CN)(CC(C=CN)O)=O
FormoseAmm	G4	C(CN)(CC(CC(C)O)O)=O
FormoseAmm	G4	C(CN)(CC(CC(CO)=O)O)=O
FormoseAmm	G4	C(CN)(CC(CC(CO)O)O)=O
FormoseAmm	G4	C(CN)(CC(CCN)O)=O
FormoseAmm	G4	C(CN)(CC(CCO)O)=O
FormoseAmm	G4	C(CN)(CC(CN)(C)O)=O
FormoseAmm	G4	C(CN)(CC(CN)(CN)O)=O
FormoseAmm	G4	C(CN)(CC(CN)(CO)O)=O
FormoseAmm	G4	C(CN)(CC(CN)O)=O
FormoseAmm	G4	C(CN)(CC(CO)(CCO)O)=O
FormoseAmm	G4	C(CN)(CC(CO)(CO)O)=O
FormoseAmm	G4	C(CN)(CC(CO)O)=O
FormoseAmm	G4	C(CN)(CCNCC(O)=O)=O
FormoseAmm	G4	C(CN)(CCNCCN)=O
FormoseAmm	G4	C(CN)(CCNCCO)=O
FormoseAmm	G4	C(CN)(N)=CCN
FormoseAmm	G4	C(CN)(N)=CCO
FormoseAmm	G4	C(CN)=C(C(O)=O)N
FormoseAmm	G4	C(CN)NC(CN)C(CO)O
FormoseAmm	G4	C(CN)NC(CO)C(CN)O
FormoseAmm	G4	C(CN)NC(CO)C(CO)O
FormoseAmm	G4	C(CN)NC(CO)CN
FormoseAmm	G4	C(CN)NC(CO)CO
FormoseAmm	G4	C(CN)NCC(C(CN)O)O
FormoseAmm	G4	C(CN)NCC(C(CO)N)O
FormoseAmm	G4	C(CN)NCC(C(CO)O)O
FormoseAmm	G4	C(CN)NCC(CN)O
FormoseAmm	G4	C(CN)NCC(CO)(CO)O
FormoseAmm	G4	C(CN)NCC(CO)N
FormoseAmm	G4	C(CN)NCC(CO)O
FormoseAmm	G4	C(CN)NCCN
FormoseAmm	G4	C(CNC(C(C=O)=O)CN)(O)=O
FormoseAmm	G4	C(CNC(C(C=O)=O)CO)(O)=O
FormoseAmm	G4	C(CNC(C(CN)=O)CN)=O
FormoseAmm	G4	C(CNC(C(O)=O)CN)=O
FormoseAmm	G4	C(CNC(C=O)C(C=O)O)(O)=O
FormoseAmm	G4	C(CNC(CN)C(C(O)=O)N)=O
FormoseAmm	G4	C(CNC(CN)C(C)O)=O
FormoseAmm	G4	C(CNC(CN)C(CN)O)(O)=O
FormoseAmm	G4	C(CNC(CN)C(CN)O)=O
FormoseAmm	G4	C(CNC(CN)C(CO)N)(O)=O
FormoseAmm	G4	C(CNC(CN)C(CO)N)=O
FormoseAmm	G4	C(CNC(CN)C(CO)O)(O)=O
FormoseAmm	G4	C(CNC(CN)C(CO)O)=O
FormoseAmm	G4	C(CNC(CN)CC(O)=O)=O
FormoseAmm	G4	C(CNC(CN)CCO)=O
FormoseAmm	G4	C(CNC(CN)CN)(O)=O
FormoseAmm	G4	C(CNC(CN)CN)=O
FormoseAmm	G4	C(CNC(CN)CO)(CN)=O
FormoseAmm	G4	C(CNC(CN)CO)(O)=O
FormoseAmm	G4	C(CNC(CN)CO)=O
FormoseAmm	G4	C(CNC(CO)C(C)O)=O
FormoseAmm	G4	C(CNC(CO)C(CN)N)(O)=O
FormoseAmm	G4	C(CNC(CO)C(CN)N)=O
FormoseAmm	G4	C(CNC(CO)C(CN)O)(O)=O
FormoseAmm	G4	C(CNC(CO)C(CO)N)(O)=O
FormoseAmm	G4	C(CNC(CO)C(CO)N)=O
FormoseAmm	G4	C(CNC(CO)C(CO)O)(O)=O
FormoseAmm	G4	C(CNC(CO)CCN)=O
FormoseAmm	G4	C(CNC(CO)CCO)=O
FormoseAmm	G4	C(CNC(CO)CO)(CN)=O
FormoseAmm	G4	C(CNC(CO)CO)(O)=O
FormoseAmm	G4	C(CNC(CO)CO)=O
FormoseAmm	G4	C(CNC(CO)CO)O
FormoseAmm	G4	C(CNC)(C(C(CN)O)O)=O
FormoseAmm	G4	C(CNC)(C(C(CO)=O)O)=O
FormoseAmm	G4	C(CNC)(C(C(CO)N)O)=O
FormoseAmm	G4	C(CNC)(C(C(CO)O)N)=O
FormoseAmm	G4	C(CNC)(C(C(CO)O)O)=O
FormoseAmm	G4	C(CNC)(C(C(O)=O)N)=O
FormoseAmm	G4	C(CNC)(C(CN)(CO)O)=O
FormoseAmm	G4	C(CNC)(C(CN)N)=O
FormoseAmm	G4	C(CNC)(C(CN)O)=O
FormoseAmm	G4	C(CNC)(C(CO)(CO)O)=O
FormoseAmm	G4	C(CNC)(C(CO)N)=O
FormoseAmm	G4	C(CNC)(C(CO)O)=O
FormoseAmm	G4	C(CNC)(CNCC(O)=O)=O
FormoseAmm	G4	C(CNC1CNCC1O)=O
FormoseAmm	G4	C(CNCC(C(C(O)=O)=O)O)=O
FormoseAmm	G4	C(CNCC(C(C(O)=O)N)N)=O
FormoseAmm	G4	C(CNCC(C(C)N)O)=O
FormoseAmm	G4	C(CNCC(C(C)O)N)=O
FormoseAmm	G4	C(CNCC(C(C)O)O)=O
FormoseAmm	G4	C(CNCC(C(C=O)=O)O)(O)=O
FormoseAmm	G4	C(CNCC(C(CN)N)O)(O)=O
FormoseAmm	G4	C(CNCC(C(CN)N)O)=O
FormoseAmm	G4	C(CNCC(C(CN)O)N)(O)=O
FormoseAmm	G4	C(CNCC(C(CN)O)N)=O
FormoseAmm	G4	C(CNCC(C(CN)O)O)=O
FormoseAmm	G4	C(CNCC(C(CO)=O)=O)(O)=O
FormoseAmm	G4	C(CNCC(C(CO)N)N)(O)=O
FormoseAmm	G4	C(CNCC(C(CO)N)N)=O
FormoseAmm	G4	C(CNCC(C(CO)N)O)(O)=O
FormoseAmm	G4	C(CNCC(C(CO)N)O)=O
FormoseAmm	G4	C(CNCC(C(CO)O)N)(O)=O
FormoseAmm	G4	C(CNCC(C(CO)O)O)=O
FormoseAmm	G4	C(CNCC(C(N)=C)=O)(O)=O
FormoseAmm	G4	C(CNCC(C(N)=C)O)=O
FormoseAmm	G4	C(CNCC(C(O)=O)N)(C)=O
FormoseAmm	G4	C(CNCC(C(O)=O)N)(CN)=O
FormoseAmm	G4	C(CNCC(C(O)=O)N)=O
FormoseAmm	G4	C(CNCC(C)N)(CN)=O
FormoseAmm	G4	C(CNCC(C=CN)=O)(O)=O
FormoseAmm	G4	C(CNCC(C=CN)N)=O
FormoseAmm	G4	C(CNCC(C=CN)O)=O
FormoseAmm	G4	C(CNCC(CCN)O)=O
FormoseAmm	G4	C(CNCC(CCO)N)=O
FormoseAmm	G4	C(CNCC(CCO)O)=O
FormoseAmm	G4	C(CNCC(CN)(CO)O)=O
FormoseAmm	G4	C(CNCC(CN)=O)(CN)=O
FormoseAmm	G4	C(CNCC(CN)N)(O)=O
FormoseAmm	G4	C(CNCC(CN)N)=O
FormoseAmm	G4	C(CNCC(CN)O)(CN)=O
FormoseAmm	G4	C(CNCC(CN)O)(O)=O
FormoseAmm	G4	C(CNCC(CO)(CO)N)=O
FormoseAmm	G4	C(CNCC(CO)(CO)O)=O
FormoseAmm	G4	C(CNCC(CO)N)(CN)=O
FormoseAmm	G4	C(CNCC(CO)N)(O)=O
FormoseAmm	G4	C(CNCC(CO)O)(CN)=O
FormoseAmm	G4	C(CNCC(CO)O)(O)=O
FormoseAmm	G4	C(CNCC(CO)O)O
FormoseAmm	G4	C(CNCC(N)=C)(CN)=O
FormoseAmm	G4	C(CNCC(N)=CCN)=O
FormoseAmm	G4	C(CNCC(N)=CCO)=O
FormoseAmm	G4	C(CNCC(O)=O)(C(C)N)=O
FormoseAmm	G4	C(CNCC(O)=O)(C(C)O)=O
FormoseAmm	G4	C(CNCC(O)=O)(C(CN)N)=O
FormoseAmm	G4	C(CNCC(O)=O)(CCN)=O
FormoseAmm	G4	C(CNCC(O)=O)(CCO)=O
FormoseAmm	G4	C(CNCC(O)=O)(O)=O
FormoseAmm	G4	C(CNCC=CN)(CN)=O
FormoseAmm	G4	C(CNCC=O)(C(CN)N)=O
FormoseAmm	G4	C(CNCCC(C(O)=O)=O)(O)=O
FormoseAmm	G4	C(CNCCC(CN)O)=O
FormoseAmm	G4	C(CNCCC(CO)=O)(O)=O
FormoseAmm	G4	C(CNCCC(CO)N)=O
FormoseAmm	G4	C(CNCCC(CO)O)=O
FormoseAmm	G4	C(CNCCCN)(CN)=O
FormoseAmm	G4	C(CNCCCO)(CN)=O
FormoseAmm	G4	C(CNCCN)(C(C(O)=O)N)=O
FormoseAmm	G4	C(CNCCN)(C(C)N)=O
FormoseAmm	G4	C(CNCCN)(C(C)O)=O
FormoseAmm	G4	C(CNCCN)(C(CN)O)=O
FormoseAmm	G4	C(CNCCN)(C(CO)N)=O
FormoseAmm	G4	C(CNCCN)(CC(O)=O)=O
FormoseAmm	G4	C(CNCCN)(CCN)=O
FormoseAmm	G4	C(CNCCN)(CCO)=O
FormoseAmm	G4	C(CNCCN)(CN)=O
FormoseAmm	G4	C(CNCCN)(CNC)=O
FormoseAmm	G4	C(CNCCN)(O)=O
FormoseAmm	G4	C(CNCCN)=C(C=O)N
FormoseAmm	G4	C(CNCCNCC(O)=O)=O
FormoseAmm	G4	C(CNCCNCCN)=O
FormoseAmm	G4	C(CNCCNCCO)=O
FormoseAmm	G4	C(CNCCO)(C(C)N)=O
FormoseAmm	G4	C(CNCCO)(C(C)O)=O
FormoseAmm	G4	C(CNCCO)(C(CN)N)=O
FormoseAmm	G4	C(CNCCO)(CCN)=O
FormoseAmm	G4	C(CNCCO)(CCO)=O
FormoseAmm	G4	C(CNCCO)(CNC)=O
FormoseAmm	G4	C(CNCCO)(O)=O
FormoseAmm	G4	C(CNCCO)O
FormoseAmm	G4	C(CO)(C(C(C(C)N)O)N)=O
FormoseAmm	G4	C(CO)(C(C(C(C)N)O)O)=O
FormoseAmm	G4	C(CO)(C(C(C(C)O)N)N)=O
FormoseAmm	G4	C(CO)(C(C(C(C)O)N)O)=O
FormoseAmm	G4	C(CO)(C(C(C(C)O)O)N)=O
FormoseAmm	G4	C(CO)(C(C(C(C)O)O)O)=O
FormoseAmm	G4	C(CO)(C(C(C(C=C)=O)O)N)=O
FormoseAmm	G4	C(CO)(C(C(C(C=C)=O)O)O)=O
FormoseAmm	G4	C(CO)(C(C(C(CN)=O)O)O)=O
FormoseAmm	G4	C(CO)(C(C(C(CN)N)O)N)=O
FormoseAmm	G4	C(CO)(C(C(C(CN)N)O)O)=O
FormoseAmm	G4	C(CO)(C(C(C(CN)O)N)N)=O
FormoseAmm	G4	C(CO)(C(C(C(CN)O)N)O)=O
FormoseAmm	G4	C(CO)(C(C(C(CO)=O)O)N)=O
FormoseAmm	G4	C(CO)(C(C(C(CO)N)N)N)=O
FormoseAmm	G4	C(CO)(C(C(C(CO)N)N)O)=O
FormoseAmm	G4	C(CO)(C(C(C(CO)O)N)N)=O
FormoseAmm	G4	C(CO)(C(C(C(CO)O)N)O)=O
FormoseAmm	G4	C(CO)(C(C(C(N)=C)O)N)=O
FormoseAmm	G4	C(CO)(C(C(C(N)=C)O)O)=O
FormoseAmm	G4	C(CO)(C(C(C)(CN)O)O)=O
FormoseAmm	G4	C(CO)(C(C(C)N)N)=O
FormoseAmm	G4	C(CO)(C(C(C)N)O)=O
FormoseAmm	G4	C(CO)(C(C(C)O)(C(C)O)O)=O
FormoseAmm	G4	C(CO)(C(C(C)O)C(C=O)N)=O
FormoseAmm	G4	C(CO)(C(C(C)O)C(C=O)O)=O
FormoseAmm	G4	C(CO)(C(C(C)O)NC)=O
FormoseAmm	G4	C(CO)(C(C(C=CC=O)O)N)=O
FormoseAmm	G4	C(CO)(C(C(C=CC=O)O)O)=O
FormoseAmm	G4	C(CO)(C(C(C=CN)O)N)=O
FormoseAmm	G4	C(CO)(C(C(C=CN)O)O)=O
FormoseAmm	G4	C(CO)(C(C(CC(C)O)O)N)=O
FormoseAmm	G4	C(CO)(C(C(CC(C)O)O)O)=O
FormoseAmm	G4	C(CO)(C(C(CCN)O)N)=O
FormoseAmm	G4	C(CO)(C(C(CCN)O)O)=O
FormoseAmm	G4	C(CO)(C(C(CCO)O)N)=O
FormoseAmm	G4	C(CO)(C(C(CCO)O)O)=O
FormoseAmm	G4	C(CO)(C(C(CN)(C)O)N)=O
FormoseAmm	G4	C(CO)(C(C(CN)(CN)O)O)=O
FormoseAmm	G4	C(CO)(C(C(CN)=O)O)=O
FormoseAmm	G4	C(CO)(C(C(CN)N)N)=O
FormoseAmm	G4	C(CO)(C(C(CN)N)O)=O
FormoseAmm	G4	C(CO)(C(C(CN)NC)N)=O
FormoseAmm	G4	C(CO)(C(C(CN)NC)O)=O
FormoseAmm	G4	C(CO)(C(C(CN)O)NC)=O
FormoseAmm	G4	C(CO)(C(C(CNC)=O)N)=O
FormoseAmm	G4	C(CO)(C(C(CO)(C)O)O)=O
FormoseAmm	G4	C(CO)(C(C(CO)=O)CO)=O
FormoseAmm	G4	C(CO)(C(C(CO)=O)N)=O
FormoseAmm	G4	C(CO)(C(C(CO)=O)O)=O
FormoseAmm	G4	C(CO)(C(C(CO)N)N)=O
FormoseAmm	G4	C(CO)(C(C(CO)N)NC)=O
FormoseAmm	G4	C(CO)(C(C(CO)N)O)=O
FormoseAmm	G4	C(CO)(C(C(CO)NC)N)=O
FormoseAmm	G4	C(CO)(C(C(CO)NC)O)=O
FormoseAmm	G4	C(CO)(C(C(CO)O)NC)=O
FormoseAmm	G4	C(CO)(C(C)(C(C(C)=O)N)O)=O
FormoseAmm	G4	C(CO)(C(C)(C(C(C)=O)O)O)=O
FormoseAmm	G4	C(CO)(C(C)(C(C(O)=O)N)O)=O
FormoseAmm	G4	C(CO)(C(C)(C(C=O)N)O)=O
FormoseAmm	G4	C(CO)(C(C)(C(C=O)O)O)=O
FormoseAmm	G4	C(CO)(C(C)(CC(CN)=O)O)=O
FormoseAmm	G4	C(CO)(C(CC(CN)=O)N)=O
FormoseAmm	G4	C(CO)(C(CC(CN)=O)O)=O
FormoseAmm	G4	C(CO)(C(CC(CO)=O)N)=O
FormoseAmm	G4	C(CO)(C(CC(CO)=O)O)=O
FormoseAmm	G4	C(CO)(C(CN)(C(C(O)=O)O)N)=O
FormoseAmm	G4	C(CO)(C(CN)(C(C)O)O)=O
FormoseAmm	G4	C(CO)(C(CN)(C(C=O)O)O)=O
FormoseAmm	G4	C(CO)(C(CN)(C(CN)O)N)=O
FormoseAmm	G4	C(CO)(C(CN)(C(CN)O)O)=O
FormoseAmm	G4	C(CO)(C(CN)(C(CO)O)O)=O
FormoseAmm	G4	C(CO)(C(CN)C(C(C)=O)O)=O
FormoseAmm	G4	C(CO)(C(CN)C(C(O)=O)N)=O
FormoseAmm	G4	C(CO)(C(CN)C(C(O)=O)O)=O
FormoseAmm	G4	C(CO)(C(CN)C(C)O)=O
FormoseAmm	G4	C(CO)(C(CN)C(C=O)N)=O
FormoseAmm	G4	C(CO)(C(CN)C(C=O)O)=O
FormoseAmm	G4	C(CO)(C(CN)C(CCO)O)=O
FormoseAmm	G4	C(CO)(C(CN)C(CN)O)=O
FormoseAmm	G4	C(CO)(C(CN)C(CO)O)=O
FormoseAmm	G4	C(CO)(C(CN)NC)=O
FormoseAmm	G4	C(CO)(C(CN)NCCN)=O
FormoseAmm	G4	C(CO)(C(CNC)N)=O
FormoseAmm	G4	C(CO)(C(CNC)O)=O
FormoseAmm	G4	C(CO)(C(CNCC(O)=O)N)=O
FormoseAmm	G4	C(CO)(C(CNCCN)N)=O
FormoseAmm	G4	C(CO)(C(CNCCN)O)=O
FormoseAmm	G4	C(CO)(C(CNCCO)N)=O
FormoseAmm	G4	C(CO)(C(CO)(C(C)O)N)=O
FormoseAmm	G4	C(CO)(C(CO)(C(C=O)O)N)=O
FormoseAmm	G4	C(CO)(C(CO)(C(CN)O)N)=O
FormoseAmm	G4	C(CO)(C(CO)(C(CO)O)N)=O
FormoseAmm	G4	C(CO)(C(CO)(CC=O)O)=O
FormoseAmm	G4	C(CO)(C(CO)(CN)N)=O
FormoseAmm	G4	C(CO)(C(CO)(CN)O)=O
FormoseAmm	G4	C(CO)(C(CO)(CO)N)=O
FormoseAmm	G4	C(CO)(C(CO)C(C(C)=O)O)=O
FormoseAmm	G4	C(CO)(C(CO)C(C(C)N)O)=O
FormoseAmm	G4	C(CO)(C(CO)C(C(N)=C)O)=O
FormoseAmm	G4	C(CO)(C(CO)C(C(O)=O)N)=O
FormoseAmm	G4	C(CO)(C(CO)C(C)(CN)O)=O
FormoseAmm	G4	C(CO)(C(CO)C(C)O)=O
FormoseAmm	G4	C(CO)(C(CO)C(C=CN)O)=O
FormoseAmm	G4	C(CO)(C(CO)C(C=O)N)=O
FormoseAmm	G4	C(CO)(C(CO)C(C=O)O)=O
FormoseAmm	G4	C(CO)(C(CO)C(CCN)O)=O
FormoseAmm	G4	C(CO)(C(CO)C(CCO)O)=O
FormoseAmm	G4	C(CO)(C(CO)C(CN)O)=O
FormoseAmm	G4	C(CO)(C(CO)C(CO)O)=O
FormoseAmm	G4	C(CO)(C(CO)CN)=O
FormoseAmm	G4	C(CO)(C(CO)CO)=O
FormoseAmm	G4	C(CO)(C(CO)NC)=O
FormoseAmm	G4	C(CO)(C(CO)NCCN)=O
FormoseAmm	G4	C(CO)(C1(CNCC1O)N)=O
FormoseAmm	G4	C(CO)(C1(CNCC1O)O)=O
FormoseAmm	G4	C(CO)(C1C(C(CN1)N)O)=O
FormoseAmm	G4	C(CO)(C1C(C(CN1)O)N)=O
FormoseAmm	G4	C(CO)(C1C(C(CN1)O)O)=O
FormoseAmm	G4	C(CO)(C1C(CC(C1O)=O)O)=O
FormoseAmm	G4	C(CO)(C1C(O)OCC1O)=O
FormoseAmm	G4	C(CO)(C1CNCCN1)=O
FormoseAmm	G4	C(CO)(CC(C(C(C)N)O)O)=O
FormoseAmm	G4	C(CO)(CC(C(C(C)O)N)O)=O
FormoseAmm	G4	C(CO)(CC(C(C(C)O)O)O)=O
FormoseAmm	G4	C(CO)(CC(C(C(N)=C)O)O)=O
FormoseAmm	G4	C(CO)(CC(C(C)N)O)=O
FormoseAmm	G4	C(CO)(CC(C(C=CN)O)O)=O
FormoseAmm	G4	C(CO)(CC(C(CCN)O)O)=O
FormoseAmm	G4	C(CO)(CC(C(CCO)N)O)=O
FormoseAmm	G4	C(CO)(CC(C(CCO)O)O)=O
FormoseAmm	G4	C(CO)(CC(C(CN)N)O)=O
FormoseAmm	G4	C(CO)(CC(C(CN)O)O)=O
FormoseAmm	G4	C(CO)(CC(C(CO)N)O)=O
FormoseAmm	G4	C(CO)(CC(C(CO)O)O)=O
FormoseAmm	G4	C(CO)(CC(C(N)=C)O)=O
FormoseAmm	G4	C(CO)(CC(C(N)=CCO)O)=O
FormoseAmm	G4	C(CO)(CC(C)(CN)O)=O
FormoseAmm	G4	C(CO)(CC(C=CN)O)=O
FormoseAmm	G4	C(CO)(CC(CC(C)O)O)=O
FormoseAmm	G4	C(CO)(CC(CC(CN)O)O)=O
FormoseAmm	G4	C(CO)(CC(CC(CO)=O)O)=O
FormoseAmm	G4	C(CO)(CC(CC(CO)N)O)=O
FormoseAmm	G4	C(CO)(CC(CC(CO)O)O)=O
FormoseAmm	G4	C(CO)(CC(CCN)O)=O
FormoseAmm	G4	C(CO)(CC(CCO)O)=O
FormoseAmm	G4	C(CO)(CC(CN)N)=O
FormoseAmm	G4	C(CO)(CC(CN)O)=O
FormoseAmm	G4	C(CO)(CC(CO)(CN)O)=O
FormoseAmm	G4	C(CO)(CC(CO)(CO)O)=O
FormoseAmm	G4	C(CO)(CC(CO)N)=O
FormoseAmm	G4	C(CO)(CC(CO)O)=O
FormoseAmm	G4	C(CO)(CCNCCN)=O
FormoseAmm	G4	C(CO)(CCNCCO)=O
FormoseAmm	G4	C(CO)(CNC(CN)CN)=O
FormoseAmm	G4	C(CO)(CNC(CN)CO)=O
FormoseAmm	G4	C(CO)(CNC(CO)CO)=O
FormoseAmm	G4	C(CO)(CNCC(C)N)=O
FormoseAmm	G4	C(CO)(CNCC(CN)N)=O
FormoseAmm	G4	C(CO)(CNCC(CN)O)=O
FormoseAmm	G4	C(CO)(CNCC(CO)N)=O
FormoseAmm	G4	C(CO)(CNCC(CO)O)=O
FormoseAmm	G4	C(CO)(CNCC(N)=C)=O
FormoseAmm	G4	C(CO)(CNCC=CN)=O
FormoseAmm	G4	C(CO)(CNCCCN)=O
FormoseAmm	G4	C(CO)(CNCCCO)=O
FormoseAmm	G4	C(CO)(N)=CCN
FormoseAmm	G4	C(CO)=C(C(CC(C=O)=O)O)N
FormoseAmm	G4	C(CO)=C(C(O)=O)N
FormoseAmm	G4	C(CO)=C(CO)N
FormoseAmm	G4	C(CO)NC(CN)C(CN)O
FormoseAmm	G4	C(CO)NC(CN)C(CO)N
FormoseAmm	G4	C(CO)NC(CN)C(CO)O
FormoseAmm	G4	C(CO)NC(CN)CN
FormoseAmm	G4	C(CO)NC(CO)C(CN)N
FormoseAmm	G4	C(CO)NC(CO)C(CN)O
FormoseAmm	G4	C(CO)NC(CO)C(CO)N
FormoseAmm	G4	C(CO)NC(CO)CN
FormoseAmm	G4	C(CO)NCC(C(CN)N)O
FormoseAmm	G4	C(CO)NCC(C(CN)O)N
FormoseAmm	G4	C(CO)NCC(C(CO)N)N
FormoseAmm	G4	C(CO)NCC(C(CO)N)O
FormoseAmm	G4	C(CO)NCC(C(CO)O)N
FormoseAmm	G4	C(CO)NCC(CN)N
FormoseAmm	G4	C(CO)NCC(CN)O
FormoseAmm	G4	C(CO)NCC(CO)N
FormoseAmm	G4	C(CO)NCCN
FormoseAmm	G4	C(N)=CC(C(C(C(C)=O)=O)O)O
FormoseAmm	G4	C(N)=CC(C(C(C=O)=O)O)O
FormoseAmm	G4	C(N)=CC(CC(C(CO)=O)=O)O
FormoseAmm	G4	C(N)=CC(CC(C(O)=O)=O)O
FormoseAmm	G4	C(N)=CC(CN)(C(CO)O)O
FormoseAmm	G4	C(N)=CC(CN)N
FormoseAmm	G4	C(N)=CC(CN)O
FormoseAmm	G4	C(N)=CC(CNCCN)=O
FormoseAmm	G4	C(N)=CC(CNCCO)=O
FormoseAmm	G4	C(N)=CC(CO)(CN)O
FormoseAmm	G4	C(N)=CC(CO)N
FormoseAmm	G4	C1(C(C(C(C(C1)O)=O)CO)O)=O
FormoseAmm	G4	C1(C(C(C(C(C1)O)N)O)O)=O
FormoseAmm	G4	C1(C(C(C(C(C1)O)O)O)O)=O
FormoseAmm	G4	C1(C(C(C(C(CN)O)N1)O)N)=O
FormoseAmm	G4	C1(C(C(C(C(CN)O)N1)O)O)=O
FormoseAmm	G4	C1(C(C(C(C(CN)O)O1)O)N)=O
FormoseAmm	G4	C1(C(C(C(C(CN)O)O1)O)O)=O
FormoseAmm	G4	C1(C(C(C(C(CN)O1)N)O)N)=O
FormoseAmm	G4	C1(C(C(C(C(CN)O1)N)O)O)=O
FormoseAmm	G4	C1(C(C(C(C(CN)O1)O)O)N)=O
FormoseAmm	G4	C1(C(C(C(C(CN)O1)O)O)O)=O
FormoseAmm	G4	C1(C(C(C(C(CN)O1)O)O)O)O
FormoseAmm	G4	C1(C(C(C(C(CN1)O)N)O)N)=O
FormoseAmm	G4	C1(C(C(C(C(CN1)O)N)O)O)=O
FormoseAmm	G4	C1(C(C(C(C(CN1)O)O)O)N)=O
FormoseAmm	G4	C1(C(C(C(C(CN1)O)O)O)O)=O
FormoseAmm	G4	C1(C(C(C(C(CO)N)O1)O)N)=O
FormoseAmm	G4	C1(C(C(C(C(CO)N)O1)O)O)=O
FormoseAmm	G4	C1(C(C(C(C(CO)N1)O)O)N)=O
FormoseAmm	G4	C1(C(C(C(C(CO)N1)O)O)O)=O
FormoseAmm	G4	C1(C(C(C(C(CO)O)N1)O)N)=O
FormoseAmm	G4	C1(C(C(C(C(CO)O)N1)O)O)=O
FormoseAmm	G4	C1(C(C(C(C(CO)O)O1)N)O)=O
FormoseAmm	G4	C1(C(C(C(C(CO)O)O1)O)N)=O
FormoseAmm	G4	C1(C(C(C(C(CO)O1)N)O)N)=O
FormoseAmm	G4	C1(C(C(C(C(CO)O1)N)O)O)=O
FormoseAmm	G4	C1(C(C(C(C(CO)O1)O)N)O)=O
FormoseAmm	G4	C1(C(C(C(C(CO)O1)O)O)N)=O
FormoseAmm	G4	C1(C(C(C(C(CO1)N)O)O)N)=O
FormoseAmm	G4	C1(C(C(C(C(CO1)N)O)O)O)=O
FormoseAmm	G4	C1(C(C(C(C(CO1)O)N)O)N)=O
FormoseAmm	G4	C1(C(C(C(C(CO1)O)N)O)O)=O
FormoseAmm	G4	C1(C(C(C(C(CO1)O)O)N)O)=O
FormoseAmm	G4	C1(C(C(C(C(CO1)O)O)O)N)=O
FormoseAmm	G4	C1(C(C(C(C)(C1N)O)O)O)=O
FormoseAmm	G4	C1(C(C(C(C)(C1O)O)O)O)=O
FormoseAmm	G4	C1(C(C(C(C)N)O)OC(C1)O)=O
FormoseAmm	G4	C1(C(C(C(C1(CO)O)O)O)N)=O
FormoseAmm	G4	C1(C(C(C(C1)N)O)O)=O
FormoseAmm	G4	C1(C(C(C(C1)O)(CN)O)O)=O
FormoseAmm	G4	C1(C(C(C(C1)O)(CO)N)O)=O
FormoseAmm	G4	C1(C(C(C(C1)O)(CO)O)O)=O
FormoseAmm	G4	C1(C(C(C(C1)O)C(C=O)O)O)=O
FormoseAmm	G4	C1(C(C(C(C1)O)N)O)=O
FormoseAmm	G4	C1(C(C(C(C1)O)O)O)=O
FormoseAmm	G4	C1(C(C(C(C1CO)O)N)O)=O
FormoseAmm	G4	C1(C(C(C(C1CO)O)O)O)=O
FormoseAmm	G4	C1(C(C(C(C1N)O)(C)O)O)=O
FormoseAmm	G4	C1(C(C(C(C1N)O)O)O)=O
FormoseAmm	G4	C1(C(C(C(C1O)O)O)O)=O
FormoseAmm	G4	C1(C(C(C(CC(C1)O)=O)O)O)=O
FormoseAmm	G4	C1(C(C(C(CN)(C1)O)O)O)=O
FormoseAmm	G4	C1(C(C(C(CN)O1)O)N)=O
FormoseAmm	G4	C1(C(C(C(CN)O1)O)O)=O
FormoseAmm	G4	C1(C(C(C(CN1)O)O)N)=O
FormoseAmm	G4	C1(C(C(C(CN1)O)O)O)=O
FormoseAmm	G4	C1(C(C(C(CO)(C1)O)N)O)=O
FormoseAmm	G4	C1(C(C(C(CO)(C1)O)O)O)=O
FormoseAmm	G4	C1(C(C(C(CO)(CO)O1)O)N)=O
FormoseAmm	G4	C1(C(C(C(CO)N1)O)N)=O
FormoseAmm	G4	C1(C(C(C(CO)N1)O)O)=O
FormoseAmm	G4	C1(C(C(C(CO)O1)N)O)=O
FormoseAmm	G4	C1(C(C(C(CO)O1)O)N)=O
FormoseAmm	G4	C1(C(C(C(CO1)(CO)O)O)N)=O
FormoseAmm	G4	C1(C(C(C(CO1)N)O)N)=O
FormoseAmm	G4	C1(C(C(C(CO1)N)O)O)=O
FormoseAmm	G4	C1(C(C(C(CO1)O)N)O)=O
FormoseAmm	G4	C1(C(C(C(CO1)O)O)N)=O
FormoseAmm	G4	C1(C(C(C(N)=C)O)OC(C1)O)=O
FormoseAmm	G4	C1(C(C(C(O)=O)O)NCC1O)=O
FormoseAmm	G4	C1(C(C(C(O)OCC1)N)O)=O
FormoseAmm	G4	C1(C(C(C(O)OCC1)O)O)=O
FormoseAmm	G4	C1(C(C(C)(CN)O)OC(C1)O)=O
FormoseAmm	G4	C1(C(C(C)O)(C(CN1)O)O)=O
FormoseAmm	G4	C1(C(C(C)O)(C(CO1)O)O)=O
FormoseAmm	G4	C1(C(C(C=CN)O)OC(C1)O)=O
FormoseAmm	G4	C1(C(C(C=O)O)NCC1O)=O
FormoseAmm	G4	C1(C(C(CC(C1)O)O)O)=O
FormoseAmm	G4	C1(C(C(CC(C1N)O)O)O)=O
FormoseAmm	G4	C1(C(C(CC(C1O)O)O)O)=O
FormoseAmm	G4	C1(C(C(CCN)O)OC(C1)O)=O
FormoseAmm	G4	C1(C(C(CCO)O)(O)OCC1)=O
FormoseAmm	G4	C1(C(C(CCO)O)OC(C1)O)=O
FormoseAmm	G4	C1(C(C(CN)(C(CO)O1)O)N)=O
FormoseAmm	G4	C1(C(C(CN)(C(CO)O1)O)N)O
FormoseAmm	G4	C1(C(C(CN)(C(CO)O1)O)O)=O
FormoseAmm	G4	C1(C(C(CN)(C(CO)O1)O)O)O
FormoseAmm	G4	C1(C(C(CN)(C(CO1)O)O)N)=O
FormoseAmm	G4	C1(C(C(CN)(C(CO1)O)O)O)=O
FormoseAmm	G4	C1(C(C(CN)(CO1)O)N)=O
FormoseAmm	G4	C1(C(C(CN)O)(O)OCC1)=O
FormoseAmm	G4	C1(C(C(CN)O)OC(C1)O)=O
FormoseAmm	G4	C1(C(C(CN)OC(C1)O)O)=O
FormoseAmm	G4	C1(C(C(CN1)(C(CO)O)O)N)=O
FormoseAmm	G4	C1(C(C(CN1)(C(CO)O)O)O)=O
FormoseAmm	G4	C1(C(C(CN1)(CO)O)N)=O
FormoseAmm	G4	C1(C(C(CN1)NCC(O)=O)O)=O
FormoseAmm	G4	C1(C(C(CN1)NCCN)O)=O
FormoseAmm	G4	C1(C(C(CN1)NCCO)O)=O
FormoseAmm	G4	C1(C(C(CN1)O)(C(CN)O)O)=O
FormoseAmm	G4	C1(C(C(CNC1CN)O)O)=O
FormoseAmm	G4	C1(C(C(CNC1CO)O)O)=O
FormoseAmm	G4	C1(C(C(CNCC1N)O)O)=O
FormoseAmm	G4	C1(C(C(CNCC1O)O)O)=O
FormoseAmm	G4	C1(C(C(CO)(C(CO)O1)O)N)=O
FormoseAmm	G4	C1(C(C(CO)(C(CO)O1)O)N)O
FormoseAmm	G4	C1(C(C(CO)(C(CO1)O)O)N)=O
FormoseAmm	G4	C1(C(C(CO)(C)O)(O)OCC1)=O
FormoseAmm	G4	C1(C(C(CO)(C)O)OC(C1)O)=O
FormoseAmm	G4	C1(C(C(CO)(CN1)O)O)=O
FormoseAmm	G4	C1(C(C(CO)(CO1)O)O)=O
FormoseAmm	G4	C1(C(C(CO)NC1CN)O)=O
FormoseAmm	G4	C1(C(C(CO)NC1CO)O)=O
FormoseAmm	G4	C1(C(C(CO)O)(C(CN1)O)O)=O
FormoseAmm	G4	C1(C(C(CO)O)(O)OCC1)=O
FormoseAmm	G4	C1(C(C(CO)O)C(CO1)O)=O
FormoseAmm	G4	C1(C(C(CO)O)OC(C1)O)=O
FormoseAmm	G4	C1(C(C(CO)OC(C1)O)O)=O
FormoseAmm	G4	C1(C(C(CO1)(C(CO)O)O)N)=O
FormoseAmm	G4	C1(C(C(CO1)(CN)O)O)=O
FormoseAmm	G4	C1(C(C(CO1)(CO)O)N)=O
FormoseAmm	G4	C1(C(C(CO1)NCC(O)=O)O)=O
FormoseAmm	G4	C1(C(C(CO1)NCCO)O)=O
FormoseAmm	G4	C1(C(C(CO1)O)(C(CN)O)O)=O
FormoseAmm	G4	C1(C(C(CO1)O)C(CN)O)=O
FormoseAmm	G4	C1(C(C(COC(C1)O)O)O)=O
FormoseAmm	G4	C1(C(C(O)OC(CN)C1)O)=O
FormoseAmm	G4	C1(C(C(O)OC(CO)C1)N)=O
FormoseAmm	G4	C1(C(C(O)OC(CO)C1)O)=O
FormoseAmm	G4	C1(C(C(O)OCC(C1)O)N)=O
FormoseAmm	G4	C1(C(C(O)OCC(C1)O)O)=O
FormoseAmm	G4	C1(C(CC(C1CO)O)O)=O
FormoseAmm	G4	C1(C(CN)(C(C(CN)O1)O)O)O
FormoseAmm	G4	C1(C(CN)(C(C(CO)O1)O)O)O
FormoseAmm	G4	C1(C(CN)NCC1(CO)O)=O
FormoseAmm	G4	C1(C(CNC1C(C)O)O)=O
FormoseAmm	G4	C1(C(CNC1C(CN)O)O)=O
FormoseAmm	G4	C1(C(CNC1C(CO)O)O)=O
FormoseAmm	G4	C1(C(CNC1CN)O)=O
FormoseAmm	G4	C1(C(CNC1CO)O)=O
FormoseAmm	G4	C1(C(CNCC(C1N)O)O)=O
FormoseAmm	G4	C1(C(CNCC1N)O)=O
FormoseAmm	G4	C1(C(CNCC1NC)O)=O
FormoseAmm	G4	C1(C(CNCC1O)O)=O
FormoseAmm	G4	C1(C(CO)(C(C(CN)O1)O)O)=O
FormoseAmm	G4	C1(C(CO)(C(C(CN)O1)O)O)O
FormoseAmm	G4	C1(C(CO)(C(C(CN1)O)O)O)=O
FormoseAmm	G4	C1(C(CO)(C(C(CO)N1)O)O)=O
FormoseAmm	G4	C1(C(CO)(C(C(CO1)N)O)O)=O
FormoseAmm	G4	C1(C(CO)(C(CN1)O)O)=O
FormoseAmm	G4	C1(C(CO)(C(CO)(CN1)O)O)=O
FormoseAmm	G4	C1(C(CO)(C(CO1)(CN)O)O)=O
FormoseAmm	G4	C1(C(CO)(C(CO1)O)O)=O
FormoseAmm	G4	C1(C(CO)C(C(CO)O1)O)=O
FormoseAmm	G4	C1(C(CO)C(C(CO1)O)O)=O
FormoseAmm	G4	C1(C(CO)C(C=O)(CC1O)O)=O
FormoseAmm	G4	C1(C(CO)NCC(C1N)O)=O
FormoseAmm	G4	C1(C(CO)NCC1(CO)O)=O
FormoseAmm	G4	C1(C(CO)OC(C(C1)N)O)=O
FormoseAmm	G4	C1(C(CO)OC(C(C1)O)O)=O
FormoseAmm	G4	C1(C(CO)OC(C(C1N)O)O)=O
FormoseAmm	G4	C1(C(CO)OC(C1CO)O)=O
FormoseAmm	G4	C1(C(COC(C(C1)N)O)O)=O
FormoseAmm	G4	C1(C(COC(C(C1)O)O)O)=O
FormoseAmm	G4	C1(C(COC(C(C1N)O)O)O)=O
FormoseAmm	G4	C1(C(COC(C1CO)O)O)=O
FormoseAmm	G4	C1(C(O)OC(C(C1)O)CN)=O
FormoseAmm	G4	C1(C(O)OC(C(CN)O)C1)=O
FormoseAmm	G4	C1(C(O)OC(C(CO)N)C1)=O
FormoseAmm	G4	C1(C(O)OC(C(CO)O)C1)=O
FormoseAmm	G4	C1(C(O)OC(CN)C1CO)=O
FormoseAmm	G4	C1(C(O)OC(CO)C(C1)O)=O
FormoseAmm	G4	C1(C(O)OC(CO)C1CO)=O
FormoseAmm	G4	C1(C(O)OC(CO)C1O)=O
FormoseAmm	G4	C1(C(O)OCC(C(C1)O)N)=O
FormoseAmm	G4	C1(C(O)OCC(C(C1)O)O)=O
FormoseAmm	G4	C1(C(O)OCC(C1CO)O)=O
FormoseAmm	G4	C1(C(O)OCC(C1O)O)=O
FormoseAmm	G4	C1(C(O)OCC(CO)(C1)O)=O
FormoseAmm	G4	C1(C(O)OCC1C(C(C)N)O)=O
FormoseAmm	G4	C1(C(O)OCC1C(C(N)=C)O)=O
FormoseAmm	G4	C1(C(O)OCC1C(C)(CN)O)=O
FormoseAmm	G4	C1(C(O)OCC1C(C=CN)O)=O
FormoseAmm	G4	C1(C(O)OCC1C(CCN)O)=O
FormoseAmm	G4	C1(C(O)OCC1C(CCO)O)=O
FormoseAmm	G4	C1(C(O)OCC1C(CN)O)=O
FormoseAmm	G4	C1(C(O)OCC1C(CO)(C)O)=O
FormoseAmm	G4	C1(C(O)OCC1C(CO)O)=O
FormoseAmm	G4	C1(C2C(C(CN2)O1)O)O
FormoseAmm	G4	C1(CC(C(C(CO)O1)O)O)=O
FormoseAmm	G4	C1(CC(C(C(CO1)O)O)O)=O
FormoseAmm	G4	C1(CC(C(C1(CO)O)O)N)=O
FormoseAmm	G4	C1(CC(C(C1(CO)O)O)O)=O
FormoseAmm	G4	C1(CC(C(CC(C1O)O)=O)O)=O
FormoseAmm	G4	C1(CCOC(C1(CO)O)O)=O
FormoseAmm	G4	C1(CNC(C(CN)O)C1O)=O
FormoseAmm	G4	C1(CNC(C(CO)O)C1O)=O
FormoseAmm	G4	C1(CNC(C(O)=O)C1(C)O)=O
FormoseAmm	G4	C1(CNC(CN)C(C1O)O)=O
FormoseAmm	G4	C1(CNC(CO)C(C1N)O)=O
FormoseAmm	G4	C1(CNC(CO)C(C1O)O)=O
FormoseAmm	G4	C1(CNC(CO)C1O)=O
FormoseAmm	G4	C1(CNCC(C(C1N)O)O)=O
FormoseAmm	G4	C1(CNCC(C(C1O)N)O)=O
FormoseAmm	G4	C1(CNCC(C(C1O)O)N)=O
FormoseAmm	G4	C1(CNCC(C(C1O)O)O)=O
FormoseAmm	G4	C1(CNCC(C1(CN)O)O)=O
FormoseAmm	G4	C1(CNCC(C1(CO)N)O)=O
FormoseAmm	G4	C1(CNCC(C1(CO)O)=O)=O
FormoseAmm	G4	C1(CNCC(C1N)O)=O
FormoseAmm	G4	C1(CNCC(C1NC)O)=O
FormoseAmm	G4	C1(CNCC(C1O)N)=O
FormoseAmm	G4	C1(CNCC(C1O)NC)=O
FormoseAmm	G4	C1(CNCC(CN)(C1O)O)=O
FormoseAmm	G4	C1(CNCC(CO)(C1N)O)=O
FormoseAmm	G4	C1(CNCC(CO)(C1O)O)=O
FormoseAmm	G4	C1(CNCC1(C(C(O)=O)O)O)=O
FormoseAmm	G4	C1(CNCC1(C(C)O)O)=O
FormoseAmm	G4	C1(CNCC1(C(C=O)O)O)=O
FormoseAmm	G4	C1(CNCC1(C(CN)O)O)=O
FormoseAmm	G4	C1(CNCC1(C(CO)O)O)=O
FormoseAmm	G4	C1(CNCC1(CO)O)=O
FormoseAmm	G4	C1(CNCC1NCC(O)=O)=O
FormoseAmm	G4	C1(CNCC1NCCN)=O
FormoseAmm	G4	C1(CNCC1NCCO)=O
FormoseAmm	G4	C1(CNCCNC1CO)=O
FormoseAmm	G4	C1(CNCCNCC1O)=O
FormoseAmm	G4	C1(COC(C(C(C1)O)N)O)=O
FormoseAmm	G4	C1(COC(C(C(C1)O)O)O)=O
FormoseAmm	G4	C1(COC(C(C1N)O)O)=O
FormoseAmm	G4	C1(COC(C(C1O)O)O)=O
FormoseAmm	G4	C1(COC(C(CO)(C1)O)O)=O
FormoseAmm	G4	C1(COC(C)(C(C1N)O)O)=O
FormoseAmm	G4	C1(COC(C)(C(C1O)O)O)=O
FormoseAmm	G4	C1(COC(C1C(C(C)N)O)O)=O
FormoseAmm	G4	C1(COC(C1C(C(N)=C)O)O)=O
FormoseAmm	G4	C1(COC(C1C(C)(CN)O)O)=O
FormoseAmm	G4	C1(COC(C1C(C=CN)O)O)=O
FormoseAmm	G4	C1(COC(C1C(CCN)O)O)=O
FormoseAmm	G4	C1(COC(C1C(CCO)O)O)=O
FormoseAmm	G4	C1(COC(C1C(CN)O)O)=O
FormoseAmm	G4	C1(COC(C1C(CO)(C)O)O)=O
FormoseAmm	G4	C1(COC(C1C(CO)O)O)=O
FormoseAmm	G4	C1(COC(CC(C1N)O)O)=O
FormoseAmm	G4	C1(COC(CC(C1O)O)O)=O
FormoseAmm	G4	C1(COC(CO)C(C1O)O)=O
FormoseAmm	G4	C1(COCC(C(C1O)O)O)=O
FormoseAmm	G4	C1C(C(C(C(C(O)O1)O)N)O)O
FormoseAmm	G4	C1C(C(C(C(C(O)O1)O)O)N)O
FormoseAmm	G4	C1C(C(C(C(C(O)O1)O)O)O)N
FormoseAmm	G4	C1C(C(C(C(CN)(O)O1)O)O)N
FormoseAmm	G4	C1C(C(C(C(CN)(O)O1)O)O)O
FormoseAmm	G4	C1C(C(C(C(CO)(O)O1)N)O)O
FormoseAmm	G4	C1C(C(C(C(CO)(O)O1)O)O)N
FormoseAmm	G4	C1C(C(C(C(O)O1)(CN)O)O)N
FormoseAmm	G4	C1C(C(C(C(O)O1)(CN)O)O)O
FormoseAmm	G4	C1C(C(C(C(O)O1)(CO)O)O)N
FormoseAmm	G4	C1C(C(C(CN)(O)O1)O)O
FormoseAmm	G4	C1C(C(C(CN)N1)O)O
FormoseAmm	G4	C1C(C(C(CN1)N)O)O
FormoseAmm	G4	C1C(C(C(CO)(O)O1)O)O
FormoseAmm	G4	C1C(C(C(O)O1)(C(C)O)O)N
FormoseAmm	G4	C1C(C(C(O)O1)(C(C)O)O)O
FormoseAmm	G4	C1C(C(C(O)O1)(C(CN)O)O)N
FormoseAmm	G4	C1C(C(C(O)O1)(C(CO)N)O)O
FormoseAmm	G4	C1C(C(C(O)O1)(C(CO)O)O)N
FormoseAmm	G4	C1C(C(C(O)O1)(CN)O)O
FormoseAmm	G4	C1C(C(C(O)O1)(CO)O)N
FormoseAmm	G4	C1C(C(CN)(C(C(O)O1)N)O)O
FormoseAmm	G4	C1C(C(CN)(C(C(O)O1)O)O)O
FormoseAmm	G4	C1C(C(CN)(C(CO)N1)O)O
FormoseAmm	G4	C1C(C(CN1)O)N
FormoseAmm	G4	C1C(C(CO)(C(C(O)O1)N)O)O
FormoseAmm	G4	C1C(C(CO)(C(CN)(O)O1)O)O
FormoseAmm	G4	C1C(C(CO)(C(CN1)O)O)N
FormoseAmm	G4	C1C(C(CO)O)(C(C(O)O1)N)O
FormoseAmm	G4	C1C(C(COC(C=1N)O)O)O
FormoseAmm	G4	C1C(CN)(C(C(CN)(O)O1)O)O
FormoseAmm	G4	C1C(CN)(C(C(CO)(O)O1)N)O
FormoseAmm	G4	C1C(CN)(C(C(CO)(O)O1)O)O
FormoseAmm	G4	C1C(CN)(C(C(O)O1)(CN)O)O
FormoseAmm	G4	C1C(CN)(C(C(O)O1)(CO)O)O
FormoseAmm	G4	C1C(CN)(C(C(O)O1)N)O
FormoseAmm	G4	C1C(CN)(C(C(O)O1)O)O
FormoseAmm	G4	C1C(CN)(C(CN1)O)O
FormoseAmm	G4	C1C(CO)(C(C(C(O)O1)N)O)O
FormoseAmm	G4	C1C(CO)(C(C(CN)(O)O1)O)O
FormoseAmm	G4	C1C(CO)(C(C(CO)(O)O1)N)O
FormoseAmm	G4	C1C(CO)(C(C(O)O1)(CN)O)O
FormoseAmm	G4	C1C(CO)(C(C(O)O1)N)O
FormoseAmm	G4	C1C(CO)(C(C(O)O1)O)O
FormoseAmm	G4	C1C2C(C(C(C(O)O1)N2)O)O
FormoseAmm	G4	C1C2C(C(O)O1)(C(CN2)O)O
FormoseAmm	G4	C=C(C(C(C(C(C)=O)=O)O)O)N
FormoseAmm	G4	C=C(C(C(C(C=O)=O)(C)O)O)N
FormoseAmm	G4	C=C(C(C(C(C=O)=O)CO)O)N
FormoseAmm	G4	C=C(C(C(C(C=O)=O)O)O)N
FormoseAmm	G4	C=C(C(C(C(CO)O)O)O)N
FormoseAmm	G4	C=C(C(C(CC(C=O)=O)O)O)N
FormoseAmm	G4	C=C(C(C(CO)O)=O)N
FormoseAmm	G4	C=C(C(C(CO)O)O)N
FormoseAmm	G4	C=C(C(C=O)=O)C(C(CN)O)O
FormoseAmm	G4	C=C(C(C=O)=O)C(C(CO)N)O
FormoseAmm	G4	C=C(C(C=O)=O)C(C(CO)O)O
FormoseAmm	G4	C=C(C(C=O)=O)C(CO)(CO)O
FormoseAmm	G4	C=C(C(CC(C(CO)=O)=O)O)N
FormoseAmm	G4	C=C(C(CC(C(O)=O)=O)O)N
FormoseAmm	G4	C=C(C(CN)O)N
FormoseAmm	G4	C=C(C(CNCCN)=O)N
FormoseAmm	G4	C=C(C(CNCCO)=O)N
FormoseAmm	G4	C=C(C(CO)O)N
FormoseAmm	G4	CC(C(C(C(CO)O)N)N)O
FormoseAmm	G4	CC(C(C(C(CO)O)N)O)O
FormoseAmm	G4	CC(C(C(CN)N)O)O
FormoseAmm	G4	CC(C(C(CO)N)N)O
FormoseAmm	G4	CC(C(C(CO)N)O)O
FormoseAmm	G4	CC(C(CN)(C(CN)O)N)O
FormoseAmm	G4	CC(C(CN)(C(CN)O)O)O
FormoseAmm	G4	CC(C(CN)(C(CO)N)O)O
FormoseAmm	G4	CC(C(CN)(C(CO)O)O)O
FormoseAmm	G4	CC(C(CN)(CN)O)O
FormoseAmm	G4	CC(C(CN)N)O
FormoseAmm	G4	CC(C(CN)O)N
FormoseAmm	G4	CC(C(CN)O)O
FormoseAmm	G4	CC(C(CO)(C(CN)N)O)O
FormoseAmm	G4	CC(C(CO)(C(CN)O)N)O
FormoseAmm	G4	CC(C(CO)(C(CN)O)O)O
FormoseAmm	G4	CC(C(CO)(C(CO)N)O)O
FormoseAmm	G4	CC(C(CO)(C(CO)O)O)O
FormoseAmm	G4	CC(C(CO)(CN)N)O
FormoseAmm	G4	CC(C(CO)(CN)O)O
FormoseAmm	G4	CC(C(CO)(CO)N)O
FormoseAmm	G4	CC(C(CO)(CO)O)O
FormoseAmm	G4	CC(C(CO)N)O
FormoseAmm	G4	CC(C(CO)O)N
FormoseAmm	G4	CC(C(CO)O)O
Glucose	G1	C(C(C(C(C(C)=O)O)O)O)=O
Glucose	G1	C(C(C(C=O)O)O)(CCO)=O
Glucose	G1	C(C(C(CC(CO)=O)O)O)=O
Glucose	G1	C(C(C(CC(CO)O)=O)O)=O
Glucose	G1	C(C(C(CO)O)O)=O
Glucose	G1	C(C(CC(C(CO)O)O)=O)=O
Glucose	G1	C(CC(C(C(C=O)O)O)O)=O
Glucose	G1	C(CC(C(C(CO)O)O)=O)=O
Glucose	G1	C(CC(C=O)O)(C(CO)O)=O
Glucose	G2	C(C(C(C(CCO)O)=O)O)=O
Glucose	G2	C(C(C(C(CCO)O)O)O)=O
Glucose	G2	C(C(C(C=O)O)O)(C(C)O)=O
Glucose	G2	C(C(C(CC(C=O)O)O)O)=O
Glucose	G2	C(C(C(CC(CO)O)O)=O)=O
Glucose	G2	C(C(C(CO)O)O)(CCO)=O
Glucose	G2	C(C(C(CO)O)O)(O)=O
Glucose	G2	C(C(C(CO)O)O)O
Glucose	G2	C(C(C1(CC(CO1)O)O)O)=O
Glucose	G2	C(C(CC(C(CO)=O)O)O)=O
Glucose	G2	C(C(CO)=O)(CC(CO)O)=O
Glucose	G2	C(C(CO)O)(CC(CO)=O)=O
Glucose	G2	C(C(CO)O)(CC(CO)O)=O
Glucose	G2	C(C)(C(C(C(CO)=O)O)O)=O
Glucose	G2	C(C)(C(C(C(CO)O)O)O)=O
Glucose	G2	C(C)(C1C(C(C(O1)O)O)O)=O
Glucose	G2	C(C1(C(C(CC1O)O)O)O)=O
Glucose	G2	C(C1(CC(C(CO)O1)O)O)=O
Glucose	G2	C(C1(CC(C(CO1)O)O)O)=O
Glucose	G2	C(C1C(C(C(C)(O1)O)O)O)=O
Glucose	G2	C(C1C(C(C(C1O)O)O)O)=O
Glucose	G2	C(C1C(CC(CO)(O1)O)O)=O
Glucose	G2	C(CC(C(C(CO)=O)O)O)=O
Glucose	G2	C(CC(C(C(CO)O)=O)O)=O
Glucose	G2	C(CC(C(C(CO)O)O)O)=O
Glucose	G2	C(CC1(C(C(CO1)O)O)O)=O
Glucose	G2	C(CCO)(C(C(CO)=O)O)=O
Glucose	G2	C(CO)(C(CC(CO)=O)O)=O
Glucose	G2	C(CO)(C(CO)O)=O
Glucose	G2	C(CO)(CC(C(CO)O)O)=O
Glucose	G2	C1(C(C(C(C(C1)O)O)O)O)=O
Glucose	G2	C1(C(C(C(C1CO)O)O)O)=O
Glucose	G2	C1(C(C(C(O)OCC1)O)O)=O
Glucose	G2	C1(C(C(CO)O)OC(C1)O)=O
Glucose	G2	C1(C(C(CO)OC(C1)O)O)=O
Glucose	G2	C1(C(C(COC(C1)O)O)O)=O
Glucose	G2	C1(C(C(O)OC(CO)C1)O)=O
Glucose	G2	C1(C(C(O)OCC(C1)O)O)=O
Glucose	G2	C1(C(CO)OC(C(C1)O)O)=O
Glucose	G2	C1(C(COC(C(C1)O)O)O)=O
Glucose	G2	C1(C(O)OC(C(CO)O)C1)=O
Glucose	G2	C1(C(O)OC(CO)C(C1)O)=O
Glucose	G2	C1(C(O)OCC(C(C1)O)O)=O
Glucose	G2	C1(CC(C(C(CO)O)O1)O)=O
Glucose	G2	C1(CC(C(C(CO)O1)O)O)=O
Glucose	G2	C1(CC(C(C(CO1)O)O)O)=O
Glucose	G2	C1(CC(C(C1(CO)O)O)O)=O
Glucose	G2	C1(COC(C(C(C1)O)O)O)=O
Glucose	G2	C1(COC(C(CO)O)C1O)=O
Glucose	G2	C1(COC(CO)C(C1O)O)=O
Glucose	G2	C1(COCC(C(C1O)O)O)=O
Glucose	G3	C(C(C(C(C(C)O)O)=O)O)=O
Glucose	G3	C(C(C(C(C)=O)O)O)(O)=O
Glucose	G3	C(C(C(C(C=C)=O)(CO)O)O)=O
Glucose	G3	C(C(C(C(C=C)=O)O)O)(O)=O
Glucose	G3	C(C(C(C(C=C)O)O)O)=O
Glucose	G3	C(C(C(C(C=O)O)O)O)=O
Glucose	G3	C(C(C(C(CCO)=O)O)O)(C)=O
Glucose	G3	C(C(C(C(CCO)O)O)=O)=O
Glucose	G3	C(C(C(C(CCO)O)O)O)O
Glucose	G3	C(C(C(C(CO)=O)O)O)=O
Glucose	G3	C(C(C(C(CO)O)O)O)=O
Glucose	G3	C(C(C(C)(C(C(C)=O)O)O)O)=O
Glucose	G3	C(C(C(C)(C(CO)O)O)O)=O
Glucose	G3	C(C(C(C)(CC(CO)=O)O)O)=O
Glucose	G3	C(C(C(C)=O)(C(CO)(C)O)O)=O
Glucose	G3	C(C(C(C)=O)(C(CO)O)O)=O
Glucose	G3	C(C(C(C)O)(C(C(C)=O)O)O)=O
Glucose	G3	C(C(C(C)O)(C(C=O)O)O)=O
Glucose	G3	C(C(C(C)O)(CC(CO)=O)O)=O
Glucose	G3	C(C(C(C)O)O)(C(CO)O)=O
Glucose	G3	C(C(C(C)O)O)(CCO)=O
Glucose	G3	C(C(C(C)O)O)(O)=O
Glucose	G3	C(C(C(C=CC(O)=O)O)O)=O
Glucose	G3	C(C(C(C=CC=O)O)O)(O)=O
Glucose	G3	C(C(C(C=CCO)=O)(CO)O)=O
Glucose	G3	C(C(C(C=CCO)=O)O)(O)=O
Glucose	G3	C(C(C(C=CCO)O)O)=O
Glucose	G3	C(C(C(C=O)O)O)(CC(C)O)=O
Glucose	G3	C(C(C(C=O)O)O)(O)=O
Glucose	G3	C(C(C(CC(CO)(C)O)=O)O)=O
Glucose	G3	C(C(C(CC(CO)O)O)O)=O
Glucose	G3	C(C(C(CO)(C)O)(CC=O)O)=O
Glucose	G3	C(C(C(CO)(C)O)C(C=O)O)=O
Glucose	G3	C(C(C(CO)(C)O)O)(CCO)=O
Glucose	G3	C(C(C(CO)(C)O)O)(O)=O
Glucose	G3	C(C(C(CO)(C)O)O)=O
Glucose	G3	C(C(C(CO)(CCO)O)O)=O
Glucose	G3	C(C(C(CO)(CO)O)O)=O
Glucose	G3	C(C(C(CO)=O)C(CO)(C)O)=O
Glucose	G3	C(C(C(CO)=O)C(CO)O)=O
Glucose	G3	C(C(C(CO)C(C)(CO)O)=O)=O
Glucose	G3	C(C(C(CO)C(CO)O)=O)=O
Glucose	G3	C(C(C(CO)O)(C(C)O)O)=O
Glucose	G3	C(C(C(CO)O)(CC=O)O)=O
Glucose	G3	C(C(C(CO)O)=O)(CCO)=O
Glucose	G3	C(C(C(CO)O)C(C=O)O)=O
Glucose	G3	C(C(C(CO)O)O)(C(C)O)=O
Glucose	G3	C(C(C(CO)O)O)=CC(O)=O
Glucose	G3	C(C(C(CO)O)O)=CC=O
Glucose	G3	C(C(C)(C(C(C)=O)(CO)O)O)=O
Glucose	G3	C(C(C)(C(C(CCO)=O)O)O)=O
Glucose	G3	C(C(C)(C(C(CO)=O)CO)O)=O
Glucose	G3	C(C(C)(C(C(CO)=O)O)O)=O
Glucose	G3	C(C(C)(C(C(O)=O)O)O)=O
Glucose	G3	C(C(C)(CC(C(CO)O)=O)O)=O
Glucose	G3	C(C(C)(CC(C=O)O)O)(O)=O
Glucose	G3	C(C(C)=O)(C(C(CO)O)O)=O
Glucose	G3	C(C(C)O)(C(C(CO)=O)O)=O
Glucose	G3	C(C(C1(C(CCO1)O)O)O)=O
Glucose	G3	C(C(C=O)(C(CO)(C)O)O)=O
Glucose	G3	C(C(C=O)(C(CO)O)O)=O
Glucose	G3	C(C(CC(C(C(C)=O)O)O)O)=O
Glucose	G3	C(C(CC(C(C)=O)O)O)(O)=O
Glucose	G3	C(C(CC(C(CO)O)O)O)=O
Glucose	G3	C(C(CC(C)(C(CO)O)O)=O)=O
Glucose	G3	C(C(CC(CC(CO)=O)O)O)=O
Glucose	G3	C(C(CC(CO)(CCO)O)=O)=O
Glucose	G3	C(C(CC(CO)(CO)O)=O)=O
Glucose	G3	C(C(CC(CO)=O)O)(O)=O
Glucose	G3	C(C(CCC(CO)=O)O)(O)=O
Glucose	G3	C(C(CCO)(C(C(C)=O)O)O)=O
Glucose	G3	C(C(CCO)(C(C=O)O)O)=O
Glucose	G3	C(C(CCO)(CC(CO)=O)O)=O
Glucose	G3	C(C(CCO)(CC=O)O)(O)=O
Glucose	G3	C(C(CCO)O)(C(CO)O)=O
Glucose	G3	C(C(CCO)O)(O)=O
Glucose	G3	C(C(CO)(C(C(C)=O)O)O)=O
Glucose	G3	C(C(CO)(C(C(C=C)=O)O)O)=O
Glucose	G3	C(C(CO)(C(C)O)O)=O
Glucose	G3	C(C(CO)(C(C=CC=O)O)O)=O
Glucose	G3	C(C(CO)(C(C=O)(C)O)O)=O
Glucose	G3	C(C(CO)(C(C=O)O)O)=O
Glucose	G3	C(C(CO)(C(CO)(C)O)O)=O
Glucose	G3	C(C(CO)(C(CO)O)O)=O
Glucose	G3	C(C(CO)(CC(CO)=O)O)=O
Glucose	G3	C(C(CO)(CO)O)=O
Glucose	G3	C(C(CO)=O)(C(CCO)O)=O
Glucose	G3	C(C(CO)O)(C(C(C)=O)O)=O
Glucose	G3	C(C(CO)O)(C(CO)O)=O
Glucose	G3	C(C(CO)O)(CC(C)O)=O
Glucose	G3	C(C(CO)O)(CC(CO)(C)O)=O
Glucose	G3	C(C(CO)O)(CCO)=O
Glucose	G3	C(C(CO)O)(O)=O
Glucose	G3	C(C(CO)O)O
Glucose	G3	C(C)(C(C(C(C(C)=O)O)O)O)=O
Glucose	G3	C(C)(C(C(C)(C(CO)O)O)O)=O
Glucose	G3	C(C)(C(C(C)O)(C(C=O)O)O)=O
Glucose	G3	C(C)(C(C(CC(CO)=O)O)O)=O
Glucose	G3	C(C)(C(C(CO)(C)O)O)=O
Glucose	G3	C(C)(C(C(CO)(CCO)O)O)=O
Glucose	G3	C(C)(C(C(CO)(CO)O)O)=O
Glucose	G3	C(C)(C(C(CO)O)O)=O
Glucose	G3	C(C)(C(CO)(C(C(C)=O)O)O)=O
Glucose	G3	C(C)(C(CO)(C(C)O)O)=O
Glucose	G3	C(C)(C(CO)(C(C=O)O)O)=O
Glucose	G3	C(C)(C(CO)(C(CO)(C)O)O)=O
Glucose	G3	C(C)(C(CO)(C(CO)O)O)=O
Glucose	G3	C(C)(C(CO)(CO)O)=O
Glucose	G3	C(C1(C(C(C(C1)O)O)O)O)=O
Glucose	G3	C(C1(C(C(CC1O)O)O)O)O
Glucose	G3	C(C1(C(C=CC1O)O)O)=O
Glucose	G3	C(C1(C(CC(CO)O1)O)O)=O
Glucose	G3	C(C1(C(CC(CO1)O)O)O)=O
Glucose	G3	C(C1(C=CC(C1O)O)O)=O
Glucose	G3	C(C1(CC(C(CO)O1)O)O)O
Glucose	G3	C(C1C(C(C(C1O)O)O)O)O
Glucose	G3	C(C1C(C(C(CO)O1)O)O)=O
Glucose	G3	C(C1C(C(C(CO1)O)O)O)=O
Glucose	G3	C(C1CC(C(CO)(O1)O)O)=O
Glucose	G3	C(C=CC(C(CO)(CO)O)=O)=O
Glucose	G3	C(C=CC(C(CO)O)=O)(O)=O
Glucose	G3	C(CC(C(C(C(C)=O)O)O)O)=O
Glucose	G3	C(CC(C(C(CO)(C)O)O)=O)=O
Glucose	G3	C(CC(C(C)=O)O)(C(CO)O)=O
Glucose	G3	C(CC(C(CC(CO)=O)O)O)=O
Glucose	G3	C(CC(C(CCO)=O)O)(CO)=O
Glucose	G3	C(CC(C(CO)O)O)=O
Glucose	G3	C(CC(C(O)=O)O)(CCO)=O
Glucose	G3	C(CC(C)(C(C(C=O)O)O)O)=O
Glucose	G3	C(CC(C)(C(CO)O)O)=O
Glucose	G3	C(CC(C=O)O)(C(C(C)O)O)=O
Glucose	G3	C(CC(CC(C(O)=O)O)O)=O
Glucose	G3	C(CC(CO)(C(C(C)=O)O)O)=O
Glucose	G3	C(CC(CO)(C(C=O)O)O)=O
Glucose	G3	C(CC(CO)(C(CO)O)O)=O
Glucose	G3	C(CC(CO)(CC(C=O)O)O)=O
Glucose	G3	C(CC(CO)(CC(CO)=O)O)=O
Glucose	G3	C(CC(CO)(CCO)O)=O
Glucose	G3	C(CC(CO)(CO)O)=O
Glucose	G3	C(CO)(C(C(C)O)C(C=O)O)=O
Glucose	G3	C(CO)(C(C(C)O)O)=O
Glucose	G3	C(CO)(C(C(CCO)O)O)=O
Glucose	G3	C(CO)(C(C(CO)(C)O)O)=O
Glucose	G3	C(CO)(C(C(CO)O)O)=O
Glucose	G3	C(CO)(C(CC(CO)O)O)=O
Glucose	G3	C(CO)(C(CO)(C(C)O)O)=O
Glucose	G3	C(CO)(C(CO)(CO)O)=O
Glucose	G3	C(CO)(C(CO)C(C(C)=O)O)=O
Glucose	G3	C(CO)(C(CO)C(C)O)=O
Glucose	G3	C(CO)(C(CO)C(C=O)O)=O
Glucose	G3	C(CO)(C(CO)C(CO)(C)O)=O
Glucose	G3	C(CO)(C(CO)C(CO)O)=O
Glucose	G3	C(CO)(C(CO)CO)=O
Glucose	G3	C(CO)(C1(CC(CO1)O)O)=O
Glucose	G3	C(CO)(C1CC(C(O1)O)O)=O
Glucose	G3	C(CO)(CC(C)(C(CO)O)O)=O
Glucose	G3	C(CO)(CC(CC(CO)=O)O)=O
Glucose	G3	C(CO)(CC(CO)(C)O)=O
Glucose	G3	C(CO)(CC(CO)(CCO)O)=O
Glucose	G3	C(CO)(CC(CO)(CO)O)=O
Glucose	G3	C(CO)(CC(CO)O)=O
Glucose	G3	C(CO)=CC(C(CO)O)=O
Glucose	G3	C1(C(C(C(C)(C1O)O)O)O)=O
Glucose	G3	C1(C(C(C(C1(C)O)O)O)O)=O
Glucose	G3	C1(C(C(C(C1)O)(CO)O)O)=O
Glucose	G3	C1(C(C(C(C1)O)O)O)=O
Glucose	G3	C1(C(C(C(CC1O)O)O)O)=O
Glucose	G3	C1(C(C(C(CO)(C1)O)O)O)=O
Glucose	G3	C1(C(C(C(CO)C1O)O)O)=O
Glucose	G3	C1(C(C(CC(C1O)O)O)O)=O
Glucose	G3	C1(C(C(CO)(O)OCC1)O)=O
Glucose	G3	C1(C(C(CO)O)OCC1O)=O
Glucose	G3	C1(C(C(CO)OCC1O)O)=O
Glucose	G3	C1(C(C(COCC1O)O)O)=O
Glucose	G3	C1(C(C)OC(C(C1O)O)O)=O
Glucose	G3	C1(C(CC(C(CO)O)O1)O)=O
Glucose	G3	C1(C(CC(C(CO)O1)O)O)=O
Glucose	G3	C1(C(CC(C(CO1)O)O)O)=O
Glucose	G3	C1(C(CC(C1(CO)O)O)O)=O
Glucose	G3	C1(C(CC(CO)(C1O)O)O)=O
Glucose	G3	C1(C(CC(O)OCC1O)O)=O
Glucose	G3	C1(C(CCO)OC(C1O)O)=O
Glucose	G3	C1(C(CCOC(C1O)O)O)=O
Glucose	G3	C1(C(CO)(O)OC(CO)C1)=O
Glucose	G3	C1(C(CO)(O)OCC(C1)O)=O
Glucose	G3	C1(C(CO)OC(CC1O)O)=O
Glucose	G3	C1(C(CO)OC(CO)(C1)O)=O
Glucose	G3	C1(C(CO)OC(CO)C1O)=O
Glucose	G3	C1(C(CO)OCC(C1O)O)=O
Glucose	G3	C1(C(COC(CO)(C1)O)O)=O
Glucose	G3	C1(C(O)OC(CO)CC1O)=O
Glucose	G3	C1(C(O)OCC(CC1O)O)=O
Glucose	G3	C1(C2(C(C(CC2O)O1)O)O)O
Glucose	G3	C1(C2C(C(C(C2O)O1)O)O)O
Glucose	G3	C1(COC(C(CC1O)O)O)=O
Glucose	G3	C1(COC(C(CO)O)(C1)O)=O
Glucose	G3	C1(COC(C)(C(C1O)O)O)=O
Glucose	G3	C1(COC(CC(C1O)O)O)=O
Glucose	G3	C1(COC(CCO)(C1O)O)=O
Glucose	G3	C1(COC(CO)(C(C1)O)O)=O
Glucose	G3	C1(COC(CO)(CC1O)O)=O
Glucose	G3	C12C(C(C(CC1O)(O)O2)O)O
Glucose	G3	C1C(C(C(C(C=1)=O)O)O)O
Glucose	G3	C1C(C(C(C=1)=O)(CO)O)O
Glucose	G3	C1C(C(C(C=1C=O)O)O)O
Glucose	G3	C1C(C(C(C=1CO)=O)O)O
Glucose	G3	C1C(C(C(CCO)(O)O1)O)O
Glucose	G3	C1C(C(CC(CO)(O)O1)O)O
Glucose	G3	C1C(CC(C(CO)O)(O)O1)O
Glucose	G3	C1C2(C(C(C(CO)O2)O1)O)O
Glucose	G3	C1C2(C(C(C(CO1)O2)O)O)O
Glucose	G3	C1C2(C(C(C(CO2)O)O1)O)O
Glucose	G3	C1C2(C(C(C(CO2)O1)O)O)O
Glucose	G3	C=C1C(C(C(C1O)O)O)=O
Glucose	G3	C=CC(C(C(CO)O)O)=O
Glucose	G3	CC1(C(C(C(CO)O1)O)O)O
Glucose	G3	CC1(C(C(C(CO1)O)O)O)O
Glucose	G4	C(C(C(C(C(C)O)=O)O)O)(C)=O
Glucose	G4	C(C(C(C(C(C)O)O)=O)CO)=O
Glucose	G4	C(C(C(C(C(C)O)O)O)=O)=O
Glucose	G4	C(C(C(C(C(C)O)O)O)O)=O
Glucose	G4	C(C(C(C(C(C=C)=O)O)O)O)=O
Glucose	G4	C(C(C(C(C(C=O)=C)O)O)O)=O
Glucose	G4	C(C(C(C(C(C=O)O)O)=C)O)=O
Glucose	G4	C(C(C(C(C(CO)=C)=O)O)O)=O
Glucose	G4	C(C(C(C(C(CO)=O)=C)O)O)=O
Glucose	G4	C(C(C(C(C(CO)=O)O)=C)O)=O
Glucose	G4	C(C(C(C(C(CO)O)=C)=O)O)=O
Glucose	G4	C(C(C(C(C(CO)O)=O)=C)O)=O
Glucose	G4	C(C(C(C(C)(C(C)O)O)=O)O)=O
Glucose	G4	C(C(C(C(C)(CCO)O)O)O)=O
Glucose	G4	C(C(C(C(C)O)=O)(C(C)O)O)=O
Glucose	G4	C(C(C(C(C)O)=O)(CCO)O)=O
Glucose	G4	C(C(C(C(C)O)=O)(CO)O)=O
Glucose	G4	C(C(C(C(C)O)=O)O)(O)=O
Glucose	G4	C(C(C(C(C)O)O)(CC=O)O)=O
Glucose	G4	C(C(C(C(C)O)O)C(C=O)O)=O
Glucose	G4	C(C(C(C(C)O)O)O)(C(C)O)=O
Glucose	G4	C(C(C(C(C)O)O)O)(CCO)=O
Glucose	G4	C(C(C(C(C)O)O)O)(O)=O
Glucose	G4	C(C(C(C(C)O)O)O)=O
Glucose	G4	C(C(C(C(C=C)O)=O)(CO)O)=O
Glucose	G4	C(C(C(C(C=C)O)=O)O)(O)=O
Glucose	G4	C(C(C(C(C=C)O)O)O)(O)=O
Glucose	G4	C(C(C(C(C=CCO)=O)O)O)=O
Glucose	G4	C(C(C(C(C=O)O)=C)(CO)O)=O
Glucose	G4	C(C(C(C(C=O)O)=C)O)(O)=O
Glucose	G4	C(C(C(C(C=O)O)O)C(C)O)=O
Glucose	G4	C(C(C(C(CC(C)O)O)=O)O)=O
Glucose	G4	C(C(C(C(CC(C)O)O)O)=O)=O
Glucose	G4	C(C(C(C(CCO)O)=O)(C)O)=O
Glucose	G4	C(C(C(C(CCO)O)=O)CO)=O
Glucose	G4	C(C(C(C(CO)(C)O)=O)O)=O
Glucose	G4	C(C(C(C(CO)(C)O)O)=O)=O
Glucose	G4	C(C(C(C(CO)(C)O)O)O)=O
Glucose	G4	C(C(C(C(CO)C(C)O)=O)O)=O
Glucose	G4	C(C(C(C(CO)CCO)=O)O)=O
Glucose	G4	C(C(C(C(CO)CO)=O)O)=O
Glucose	G4	C(C(C(C(CO)O)=C)(CO)O)=O
Glucose	G4	C(C(C(C(CO)O)=C)O)(O)=O
Glucose	G4	C(C(C(C(CO)O)=C)O)=O
Glucose	G4	C(C(C(C(CO)O)=O)(C)O)=O
Glucose	G4	C(C(C(C(CO)O)=O)C(C)O)=O
Glucose	G4	C(C(C(C(CO)O)=O)CO)=O
Glucose	G4	C(C(C(C(CO)O)=O)O)=O
Glucose	G4	C(C(C(C(CO)O)C(C)O)=O)=O
Glucose	G4	C(C(C(C(CO)O)O)=O)=O
Glucose	G4	C(C(C(C(CO)O)O)CC=O)=O
Glucose	G4	C(C(C(C(CO)O)O)O)O
Glucose	G4	C(C(C(C(O)=O)=O)O)=CCO
Glucose	G4	C(C(C(C)(C(C(C)O)O)O)=O)=O
Glucose	G4	C(C(C(C)(C(C(C)O)O)O)O)=O
Glucose	G4	C(C(C(C)(C(CCO)O)O)=O)=O
Glucose	G4	C(C(C(C)(C(CO)(C)O)O)=O)=O
Glucose	G4	C(C(C(C)(C(CO)O)O)=O)=O
Glucose	G4	C(C(C(C)(CCO)O)O)=O
Glucose	G4	C(C(C(C)=O)(C(C(C)O)O)O)=O
Glucose	G4	C(C(C(C)=O)(C(C)O)O)(O)=O
Glucose	G4	C(C(C(C)=O)(C(CCO)O)O)=O
Glucose	G4	C(C(C(C)=O)(CO)O)(O)=O
Glucose	G4	C(C(C(C)=O)C(C(CO)O)O)=O
Glucose	G4	C(C(C(C)=O)C(CO)(CO)O)=O
Glucose	G4	C(C(C(C)=O)C(CO)O)(O)=O
Glucose	G4	C(C(C(C)C(CO)O)=O)(O)=O
Glucose	G4	C(C(C(C)O)(C(C(C)O)O)O)=O
Glucose	G4	C(C(C(C)O)(C(C)O)O)(O)=O
Glucose	G4	C(C(C(C)O)(C(C)O)O)=O
Glucose	G4	C(C(C(C)O)(C(C=O)(C)O)O)=O
Glucose	G4	C(C(C(C)O)(C(CCO)O)O)=O
Glucose	G4	C(C(C(C)O)(C(CO)(C)O)O)=O
Glucose	G4	C(C(C(C)O)(CC(O)=O)O)=O
Glucose	G4	C(C(C(C)O)(CC=O)O)(O)=O
Glucose	G4	C(C(C(C)O)(CCO)O)(O)=O
Glucose	G4	C(C(C(C)O)(CCO)O)=O
Glucose	G4	C(C(C(C)O)=O)(C(CO)O)=O
Glucose	G4	C(C(C(C)O)C(C(C)O)O)=O
Glucose	G4	C(C(C(C)O)C(C(CO)=O)O)=O
Glucose	G4	C(C(C(C)O)C(C(CO)O)O)=O
Glucose	G4	C(C(C(C)O)C(C(O)=O)(C)O)=O
Glucose	G4	C(C(C(C)O)C(C(O)=O)O)=O
Glucose	G4	C(C(C(C)O)C(C)(CO)O)=O
Glucose	G4	C(C(C(C)O)C(C=O)(CO)O)=O
Glucose	G4	C(C(C(C)O)C(C=O)O)(O)=O
Glucose	G4	C(C(C(C)O)C(CCO)O)=O
Glucose	G4	C(C(C(C)O)C(CO)(CO)O)=O
Glucose	G4	C(C(C(C)O)O)(C(C(C)=O)O)=O
Glucose	G4	C(C(C(C)O)O)(C(C(C)O)O)=O
Glucose	G4	C(C(C(C)O)O)(C(C)O)=O
Glucose	G4	C(C(C(C)O)O)(C(CO)CO)=O
Glucose	G4	C(C(C(C)O)O)(CC(C)O)=O
Glucose	G4	C(C(C(C)O)O)(CC(CO)=O)=O
Glucose	G4	C(C(C(C)O)O)(CC(CO)O)=O
Glucose	G4	C(C(C(C=C)(CO)O)O)(C)=O
Glucose	G4	C(C(C(C=C)(CO)O)O)(CO)=O
Glucose	G4	C(C(C(C=C)(CO)O)O)(O)=O
Glucose	G4	C(C(C(C=C)(CO)O)O)=O
Glucose	G4	C(C(C(C=CC(CO)=O)O)O)=O
Glucose	G4	C(C(C(C=CC=O)(CO)O)O)=O
Glucose	G4	C(C(C(C=CCO)O)O)(O)=O
Glucose	G4	C(C(C(C=O)=C)(C(CO)O)O)=O
Glucose	G4	C(C(C(C=O)=O)(CO)O)=CCO
Glucose	G4	C(C(C(C=O)O)O)(CCCO)=O
Glucose	G4	C(C(C(CC(C(C)=O)O)O)O)=O
Glucose	G4	C(C(C(CC(C(C)O)O)=O)O)=O
Glucose	G4	C(C(C(CC(C)=O)O)O)(O)=O
Glucose	G4	C(C(C(CC(C)O)=O)(CO)O)=O
Glucose	G4	C(C(C(CC(C)O)=O)O)(O)=O
Glucose	G4	C(C(C(CC(C)O)O)O)(O)=O
Glucose	G4	C(C(C(CC(C)O)O)O)=O
Glucose	G4	C(C(C(CC(CCO)O)=O)O)=O
Glucose	G4	C(C(C(CC(CO)(C)O)O)=O)=O
Glucose	G4	C(C(C(CC(CO)(C)O)O)O)=O
Glucose	G4	C(C(C(CC(CO)CO)=O)O)=O
Glucose	G4	C(C(C(CC(CO)O)=O)CO)=O
Glucose	G4	C(C(C(CC(CO)O)O)O)O
Glucose	G4	C(C(C(CC=O)O)(C(C)O)O)=O
Glucose	G4	C(C(C(CC=O)O)(CCO)O)=O
Glucose	G4	C(C(C(CC=O)O)C(CO)O)=O
Glucose	G4	C(C(C(CCC(CO)=O)O)O)=O
Glucose	G4	C(C(C(CCCO)=O)(CO)O)=O
Glucose	G4	C(C(C(CCCO)=O)O)(O)=O
Glucose	G4	C(C(C(CCO)=O)(C(C)O)O)=O
Glucose	G4	C(C(C(CCO)=O)(CO)O)=O
Glucose	G4	C(C(C(CCO)=O)C(CO)O)=O
Glucose	G4	C(C(C(CCO)=O)O)(O)=O
Glucose	G4	C(C(C(CCO)O)(CC=O)O)=O
Glucose	G4	C(C(C(CCO)O)C(C=O)O)=O
Glucose	G4	C(C(C(CCO)O)O)(C(C)O)=O
Glucose	G4	C(C(C(CCO)O)O)(CCO)=O
Glucose	G4	C(C(C(CCO)O)O)(O)=O
Glucose	G4	C(C(C(CCO)O)O)=O
Glucose	G4	C(C(C(CCO)O)O)O
Glucose	G4	C(C(C(CO)(C(C)O)O)=O)=O
Glucose	G4	C(C(C(CO)(C(C)O)O)O)=O
Glucose	G4	C(C(C(CO)(C)O)O)(C(C)O)=O
Glucose	G4	C(C(C(CO)(CC(C)O)O)O)=O
Glucose	G4	C(C(C(CO)(CCO)O)=O)=O
Glucose	G4	C(C(C(CO)(CCO)O)O)O
Glucose	G4	C(C(C(CO)(CO)C(C)O)=O)=O
Glucose	G4	C(C(C(CO)(CO)CO)=O)=O
Glucose	G4	C(C(C(CO)(CO)O)=O)=O
Glucose	G4	C(C(C(CO)(CO)O)CC=O)=O
Glucose	G4	C(C(C(CO)(CO)O)O)=CC=O
Glucose	G4	C(C(C(CO)=C)(C(C=O)O)O)=O
Glucose	G4	C(C(C(CO)=C)(C(CO)O)O)=O
Glucose	G4	C(C(C(CO)=C)(CO)O)=O
Glucose	G4	C(C(C(CO)=C)O)(O)=O
Glucose	G4	C(C(C(CO)=O)(C(C)O)O)=O
Glucose	G4	C(C(C(CO)=O)(C)O)(O)=O
Glucose	G4	C(C(C(CO)=O)(CCO)O)=O
Glucose	G4	C(C(C(CO)=O)(CO)C(C)O)=O
Glucose	G4	C(C(C(CO)=O)(CO)CO)=O
Glucose	G4	C(C(C(CO)=O)(CO)O)=O
Glucose	G4	C(C(C(CO)=O)C(C(C)O)O)=O
Glucose	G4	C(C(C(CO)=O)C(C)O)(O)=O
Glucose	G4	C(C(C(CO)=O)C(CCO)O)=O
Glucose	G4	C(C(C(CO)=O)CO)(O)=O
Glucose	G4	C(C(C(CO)=O)O)(O)=O
Glucose	G4	C(C(C(CO)C(C(C)=O)O)O)=O
Glucose	G4	C(C(C(CO)C(C(C)O)O)=O)=O
Glucose	G4	C(C(C(CO)C(C)O)=O)(O)=O
Glucose	G4	C(C(C(CO)C(C)O)O)(O)=O
Glucose	G4	C(C(C(CO)C(C)O)O)=O
Glucose	G4	C(C(C(CO)C(C=O)O)O)=O
Glucose	G4	C(C(C(CO)C(CCO)O)=O)=O
Glucose	G4	C(C(C(CO)C(CO)(C)O)O)=O
Glucose	G4	C(C(C(CO)C(CO)O)O)=O
Glucose	G4	C(C(C(CO)CC(CO)=O)O)=O
Glucose	G4	C(C(C(CO)CCO)=O)(O)=O
Glucose	G4	C(C(C(CO)CO)(CC=O)O)=O
Glucose	G4	C(C(C(CO)CO)=O)(O)=O
Glucose	G4	C(C(C(CO)CO)O)(O)=O
Glucose	G4	C(C(C(CO)CO)O)=O
Glucose	G4	C(C(C(CO)O)(CCO)O)=O
Glucose	G4	C(C(C(CO)O)=O)(C(CO)C)=O
Glucose	G4	C(C(C(CO)O)=O)(O)=O
Glucose	G4	C(C(C(CO)O)C(C(C)=O)O)=O
Glucose	G4	C(C(C(CO)O)C(C(C)O)O)=O
Glucose	G4	C(C(C(CO)O)C(C)(CO)O)=O
Glucose	G4	C(C(C(CO)O)C(C)O)=O
Glucose	G4	C(C(C(CO)O)C(C=O)(C)O)=O
Glucose	G4	C(C(C(CO)O)C(CCO)O)=O
Glucose	G4	C(C(C(CO)O)C(CO)O)=O
Glucose	G4	C(C(C(CO)O)CC(CO)=O)=O
Glucose	G4	C(C(C(CO)O)O)(CC(C)=O)=O
Glucose	G4	C(C(C(CO)O)O)(CC(C)O)=O
Glucose	G4	C(C(C(CO)O)O)(CCCO)=O
Glucose	G4	C(C(C(CO)O)O)=CC(C=O)=O
Glucose	G4	C(C(C(CO)O)O)=CC(CO)=O
Glucose	G4	C(C(C(CO)O)O)=CCO
Glucose	G4	C(C(C(O)=O)(C)O)(O)=O
Glucose	G4	C(C(C)(C(C(C(C)=O)O)O)O)=O
Glucose	G4	C(C(C)(C(C(C(C)O)=O)O)O)=O
Glucose	G4	C(C(C)(C(C(C(C)O)O)O)O)=O
Glucose	G4	C(C(C)(C(C(C)=O)(C)O)O)(O)=O
Glucose	G4	C(C(C)(C(C(C)=O)O)O)(O)=O
Glucose	G4	C(C(C)(C(C(C)O)O)O)(O)=O
Glucose	G4	C(C(C)(C(C(C)O)O)O)=O
Glucose	G4	C(C(C)(C(C(C=C)=O)O)O)(O)=O
Glucose	G4	C(C(C)(C(C(CC=O)O)O)O)=O
Glucose	G4	C(C(C)(C(C(CCO)O)O)O)=O
Glucose	G4	C(C(C)(C(C(CO)=O)(C)O)O)=O
Glucose	G4	C(C(C)(C(C(CO)O)O)O)=O
Glucose	G4	C(C(C)(C(C)(C(CO)O)O)O)=O
Glucose	G4	C(C(C)(C(C)(CC=O)O)O)(O)=O
Glucose	G4	C(C(C)(C(C)O)O)(O)=O
Glucose	G4	C(C(C)(C(C=C)(CO)O)O)(O)=O
Glucose	G4	C(C(C)(C(C=C)(CO)O)O)=O
Glucose	G4	C(C(C)(C(C=CC=O)O)O)(O)=O
Glucose	G4	C(C(C)(C(C=O)(C)O)O)(O)=O
Glucose	G4	C(C(C)(C(C=O)O)O)(C(C)O)=O
Glucose	G4	C(C(C)(C(C=O)O)O)(O)=O
Glucose	G4	C(C(C)(C(CC(C)=O)O)O)(O)=O
Glucose	G4	C(C(C)(C(CC(C)O)O)O)(O)=O
Glucose	G4	C(C(C)(C(CC(C)O)O)O)=O
Glucose	G4	C(C(C)(C(CC(C=O)O)O)O)=O
Glucose	G4	C(C(C)(C(CC(CO)=O)O)O)=O
Glucose	G4	C(C(C)(C(CC(CO)O)O)O)=O
Glucose	G4	C(C(C)(C(CC=O)O)O)(O)=O
Glucose	G4	C(C(C)(C(CCO)O)O)(O)=O
Glucose	G4	C(C(C)(C(CCO)O)O)=O
Glucose	G4	C(C(C)(C(CO)(C(C)O)O)O)=O
Glucose	G4	C(C(C)(C(CO)(C)O)O)(O)=O
Glucose	G4	C(C(C)(C(CO)(C)O)O)=O
Glucose	G4	C(C(C)(C(CO)(CC=O)O)O)=O
Glucose	G4	C(C(C)(C(CO)(CCO)O)O)=O
Glucose	G4	C(C(C)(C(CO)(CO)O)O)=O
Glucose	G4	C(C(C)(C(CO)C(C=O)O)O)=O
Glucose	G4	C(C(C)(C(CO)O)O)(O)=O
Glucose	G4	C(C(C)(C(CO)O)O)=O
Glucose	G4	C(C(C)(CC(C(C=O)O)O)O)=O
Glucose	G4	C(C(C)(CC(C(CO)=O)O)O)=O
Glucose	G4	C(C(C)(CC(C(O)=O)O)O)=O
Glucose	G4	C(C(C)(CC(CO)=O)O)(O)=O
Glucose	G4	C(C(C)(CC(CO)O)O)(O)=O
Glucose	G4	C(C(C)(CCC(CO)=O)O)(O)=O
Glucose	G4	C(C(C)=O)(C(C(C(C)O)O)O)=O
Glucose	G4	C(C(C)=O)(C(C(CCO)O)O)=O
Glucose	G4	C(C(C)=O)(C(C(CO)(C)O)O)=O
Glucose	G4	C(C(C)=O)(C(CO)C(CO)O)=O
Glucose	G4	C(C(C)=O)(CC(C(CO)O)O)=O
Glucose	G4	C(C(C)=O)(CC(CO)(CO)O)=O
Glucose	G4	C(C(C)C(C(C(CO)O)=O)O)=O
Glucose	G4	C(C(C)C(C(CO)=O)(CO)O)=O
Glucose	G4	C(C(C)C(C=O)(C(CO)O)O)=O
Glucose	G4	C(C(C)O)(C(C(C)=O)(CO)O)=O
Glucose	G4	C(C(C)O)(C(C(CO)=O)CO)=O
Glucose	G4	C(C(C)O)(C(C)(C(CO)O)O)=O
Glucose	G4	C(C(C)O)(C(CO)(C)O)=O
Glucose	G4	C(C(C)O)(C(CO)(CCO)O)=O
Glucose	G4	C(C(C)O)(C(CO)(CO)O)=O
Glucose	G4	C(C(C1(C=CCO1)O)O)(O)=O
Glucose	G4	C(C(C1C(C(CC1O)O)O)=O)=O
Glucose	G4	C(C(C1C(O)OCC1(C)O)O)=O
Glucose	G4	C(C(C1CC(CO1)O)O)(O)=O
Glucose	G4	C(C(C=C)(C(C(CO)=O)O)O)=O
Glucose	G4	C(C(C=C)(C(C(O)=O)(C)O)O)=O
Glucose	G4	C(C(C=C)(C(C(O)=O)O)O)=O
Glucose	G4	C(C(C=C)(C(C=O)(CO)O)O)=O
Glucose	G4	C(C(C=C)(C(CO)O)O)(O)=O
Glucose	G4	C(C(C=C)(C(CO)O)O)=O
Glucose	G4	C(C(C=CCO)(CO)O)(O)=O
Glucose	G4	C(C(C=O)(C(C)O)O)(O)=O
Glucose	G4	C(C(C=O)(C(C=C)(CO)O)O)=O
Glucose	G4	C(C(C=O)(C(CCO)O)O)=O
Glucose	G4	C(C(C=O)(CCO)O)(O)=O
Glucose	G4	C(C(C=O)(CO)O)(O)=O
Glucose	G4	C(C(C=O)C(C(C(C)O)O)O)=O
Glucose	G4	C(C(C=O)C(C(CCO)O)O)=O
Glucose	G4	C(C(C=O)C(C(CO)O)O)=O
Glucose	G4	C(C(C=O)C(C)(C(CO)O)O)=O
Glucose	G4	C(C(C=O)C(C)(CO)O)(O)=O
Glucose	G4	C(C(C=O)C(CC(CO)O)O)=O
Glucose	G4	C(C(C=O)C(CO)(C(C)O)O)=O
Glucose	G4	C(C(C=O)C(CO)(CCO)O)=O
Glucose	G4	C(C(C=O)C(CO)(CO)O)=O
Glucose	G4	C(C(C=O)C(CO)O)(O)=O
Glucose	G4	C(C(C=O)CC(CO)O)(O)=O
Glucose	G4	C(C(C=O)O)(C(C=C)(CO)O)=O
Glucose	G4	C(C(CC(C(C(C)O)=O)O)O)=O
Glucose	G4	C(C(CC(C(C(C)O)O)O)=O)=O
Glucose	G4	C(C(CC(C(C)O)O)=O)(O)=O
Glucose	G4	C(C(CC(C(CCO)O)O)=O)=O
Glucose	G4	C(C(CC(C(CO)CO)O)=O)=O
Glucose	G4	C(C(CC(C)(C(C=O)O)O)O)=O
Glucose	G4	C(C(CC(C)(C(CO)O)O)O)=O
Glucose	G4	C(C(CC(C)(CO)O)=O)(O)=O
Glucose	G4	C(C(CC(C)O)(C(C=O)O)O)=O
Glucose	G4	C(C(CC(C)O)O)(O)=O
Glucose	G4	C(C(CC(C=O)O)(CCO)O)=O
Glucose	G4	C(C(CC(C=O)O)O)(CCO)=O
Glucose	G4	C(C(CC(C=O)O)O)(O)=O
Glucose	G4	C(C(CC(CC(C)O)O)=O)(O)=O
Glucose	G4	C(C(CC(CC(CO)O)O)=O)=O
Glucose	G4	C(C(CC(CCO)O)=O)(O)=O
Glucose	G4	C(C(CC(CCO)O)O)(O)=O
Glucose	G4	C(C(CC(CCO)O)O)=O
Glucose	G4	C(C(CC(CO)(C(C)O)O)=O)=O
Glucose	G4	C(C(CC(CO)(C)O)O)(O)=O
Glucose	G4	C(C(CC(CO)(CCO)O)O)=O
Glucose	G4	C(C(CC(CO)C(CO)O)=O)=O
Glucose	G4	C(C(CC(CO)O)(CC=O)O)=O
Glucose	G4	C(C(CC(CO)O)=O)(O)=O
Glucose	G4	C(C(CC(CO)O)O)(O)=O
Glucose	G4	C(C(CC(CO)O)O)=O
Glucose	G4	C(C(CCC(C(CO)O)O)=O)=O
Glucose	G4	C(C(CCC(C=O)O)O)(O)=O
Glucose	G4	C(C(CCC(CO)(CO)O)=O)=O
Glucose	G4	C(C(CCC(CO)O)=O)(O)=O
Glucose	G4	C(C(CCCC(CO)=O)O)(O)=O
Glucose	G4	C(C(CCO)(C(C(C)O)O)O)=O
Glucose	G4	C(C(CCO)(C(C=O)(C)O)O)=O
Glucose	G4	C(C(CCO)(C(CCO)O)O)=O
Glucose	G4	C(C(CCO)(C(CO)(C)O)O)=O
Glucose	G4	C(C(CCO)(CC(O)=O)O)=O
Glucose	G4	C(C(CCO)(CCO)O)(O)=O
Glucose	G4	C(C(CCO)(CCO)O)=O
Glucose	G4	C(C(CCO)(CCO)O)O
Glucose	G4	C(C(CCO)=O)(C(CO)CO)=O
Glucose	G4	C(C(CCO)=O)(CC(CO)O)=O
Glucose	G4	C(C(CCO)C(C(CO)=O)O)=O
Glucose	G4	C(C(CCO)C(C(O)=O)O)=O
Glucose	G4	C(C(CCO)C(C=O)(CO)O)=O
Glucose	G4	C(C(CCO)O)(C(C(C)=O)O)=O
Glucose	G4	C(C(CCO)O)(C(C)O)=O
Glucose	G4	C(C(CCO)O)(C(CO)(C)O)=O
Glucose	G4	C(C(CCO)O)(CC(CO)=O)=O
Glucose	G4	C(C(CCO)O)(CCO)=O
Glucose	G4	C(C(CCO)O)O
Glucose	G4	C(C(CO)(C(C(C)=O)(C)O)O)=O
Glucose	G4	C(C(CO)(C(C(C)O)O)O)=O
Glucose	G4	C(C(CO)(C(C(C=C)O)O)O)=O
Glucose	G4	C(C(CO)(C(C(C=O)=O)O)O)=C
Glucose	G4	C(C(CO)(C(C(CO)=O)C)O)=O
Glucose	G4	C(C(CO)(C(C)(CC=O)O)O)=O
Glucose	G4	C(C(CO)(C(C)O)C(C=O)O)=O
Glucose	G4	C(C(CO)(C(C)O)O)(O)=O
Glucose	G4	C(C(CO)(C(C=C)(CO)O)O)=O
Glucose	G4	C(C(CO)(C(C=CCO)O)O)=O
Glucose	G4	C(C(CO)(C(CC(C)=O)O)O)=O
Glucose	G4	C(C(CO)(C(CC(C)O)O)O)=O
Glucose	G4	C(C(CO)(C(CC=O)O)O)=O
Glucose	G4	C(C(CO)(C(CCO)O)O)=O
Glucose	G4	C(C(CO)(C(CO)O)O)O
Glucose	G4	C(C(CO)(C)O)(O)=O
Glucose	G4	C(C(CO)(C1(C=CCO1)O)O)=O
Glucose	G4	C(C(CO)(C1C=CC(O1)O)O)=O
Glucose	G4	C(C(CO)(CC(C(O)=O)=O)O)=C
Glucose	G4	C(C(CO)(CC(C)=O)O)(O)=O
Glucose	G4	C(C(CO)(CC(CC=O)O)O)=O
Glucose	G4	C(C(CO)(CC(CCO)=O)O)=O
Glucose	G4	C(C(CO)(CC(O)=O)O)=O
Glucose	G4	C(C(CO)(CC=O)O)(C(C)O)=O
Glucose	G4	C(C(CO)(CC=O)O)(CCO)=O
Glucose	G4	C(C(CO)(CC=O)O)(O)=O
Glucose	G4	C(C(CO)(CCC(CO)=O)O)=O
Glucose	G4	C(C(CO)(CCC=O)O)(O)=O
Glucose	G4	C(C(CO)(CCO)O)(O)=O
Glucose	G4	C(C(CO)(CCO)O)=O
Glucose	G4	C(C(CO)(CCO)O)O
Glucose	G4	C(C(CO)(CO)C(C=O)O)=O
Glucose	G4	C(C(CO)(CO)O)(CC(C)=O)=O
Glucose	G4	C(C(CO)(CO)O)(O)=O
Glucose	G4	C(C(CO)(CO)O)O
Glucose	G4	C(C(CO)=O)(C(C(C)O)O)=O
Glucose	G4	C(C(CO)=O)(C(C)C(CO)O)=O
Glucose	G4	C(C(CO)=O)(C(CO)CCO)=O
Glucose	G4	C(C(CO)=O)(C(CO)CO)=O
Glucose	G4	C(C(CO)=O)(C(CO)O)=O
Glucose	G4	C(C(CO)=O)(CC(C(C)O)O)=O
Glucose	G4	C(C(CO)=O)(CC(CCO)O)=O
Glucose	G4	C(C(CO)=O)(CC(CO)(C)O)=O
Glucose	G4	C(C(CO)=O)(CC(CO)CO)=O
Glucose	G4	C(C(CO)C(C(C(C)=O)O)O)=O
Glucose	G4	C(C(CO)C(C(C(C)O)=O)O)=O
Glucose	G4	C(C(CO)C(C(C(C)O)O)O)=O
Glucose	G4	C(C(CO)C(C(C)=O)(CO)O)=O
Glucose	G4	C(C(CO)C(C(C)O)O)=O
Glucose	G4	C(C(CO)C(C(C=O)O)O)=O
Glucose	G4	C(C(CO)C(C(CC=O)O)O)=O
Glucose	G4	C(C(CO)C(C(CCO)=O)O)=O
Glucose	G4	C(C(CO)C(C(CCO)O)O)=O
Glucose	G4	C(C(CO)C(C(CO)=O)(C)O)=O
Glucose	G4	C(C(CO)C(C(CO)=O)CO)=O
Glucose	G4	C(C(CO)C(C(CO)=O)O)=O
Glucose	G4	C(C(CO)C(C(CO)O)O)=O
Glucose	G4	C(C(CO)C(C(O)=O)(C)O)=O
Glucose	G4	C(C(CO)C(C(O)=O)O)=O
Glucose	G4	C(C(CO)C(C)(C(C=O)O)O)=O
Glucose	G4	C(C(CO)C(C)(C(CO)O)O)=O
Glucose	G4	C(C(CO)C(C)(CO)O)=O
Glucose	G4	C(C(CO)C(C=C)(CO)O)=O
Glucose	G4	C(C(CO)C(C=O)(C(C)O)O)=O
Glucose	G4	C(C(CO)C(C=O)(CCO)O)=O
Glucose	G4	C(C(CO)C(C=O)(CO)O)=O
Glucose	G4	C(C(CO)C(C=O)O)(CCO)=O
Glucose	G4	C(C(CO)C(C=O)O)(O)=O
Glucose	G4	C(C(CO)C(CC(C)O)O)=O
Glucose	G4	C(C(CO)C(CC(C=O)O)O)=O
Glucose	G4	C(C(CO)C(CC(CO)=O)O)=O
Glucose	G4	C(C(CO)C(CC(CO)O)O)=O
Glucose	G4	C(C(CO)C(CCO)O)=O
Glucose	G4	C(C(CO)C(CO)(C(C)O)O)=O
Glucose	G4	C(C(CO)C(CO)(CC=O)O)=O
Glucose	G4	C(C(CO)C(CO)(CCO)O)=O
Glucose	G4	C(C(CO)C(CO)(CO)O)=O
Glucose	G4	C(C(CO)C(CO)O)=O
Glucose	G4	C(C(CO)C1(C(O)OCC1)O)=O
Glucose	G4	C(C(CO)C1(COC(C1)O)O)=O
Glucose	G4	C(C(CO)C1(COCC1O)O)=O
Glucose	G4	C(C(CO)CC(C(CO)O)=O)=O
Glucose	G4	C(C(CO)CC=O)(C(CO)O)=O
Glucose	G4	C(C(CO)CO)(C(C(C)=O)O)=O
Glucose	G4	C(C(CO)CO)(CC(CO)=O)=O
Glucose	G4	C(C(CO)O)(C(C(C)=O)CO)=O
Glucose	G4	C(C(CO)O)(C(C(C=C)=O)O)=O
Glucose	G4	C(C(CO)O)(C(C(C=O)=C)O)=O
Glucose	G4	C(C(CO)O)(C(C(CO)=C)O)=O
Glucose	G4	C(C(CO)O)(C(C)O)=O
Glucose	G4	C(C(CO)O)(C(C=C)O)=O
Glucose	G4	C(C(CO)O)(C(C=CC=O)O)=O
Glucose	G4	C(C(CO)O)(C(CO)(C)O)=O
Glucose	G4	C(C(CO)O)(C(CO)C(C)O)=O
Glucose	G4	C(C(CO)O)(C(CO)CO)=O
Glucose	G4	C(C(CO)O)(CC(C(C)O)=O)=O
Glucose	G4	C(C(CO)O)(CC(C(C)O)O)=O
Glucose	G4	C(C(CO)O)(CC(CCO)O)=O
Glucose	G4	C(C(CO)O)(CC(CO)=C)=O
Glucose	G4	C(C(CO)O)(CC(CO)CO)=O
Glucose	G4	C(C(CO)O)(CCCO)=O
Glucose	G4	C(C(CO)O)=CCO
Glucose	G4	C(C)(C(C(C(C(C)O)O)O)O)=O
Glucose	G4	C(C)(C(C(C(C)O)O)O)=O
Glucose	G4	C(C)(C(C(C(CCO)O)O)O)=O
Glucose	G4	C(C)(C(C(C(CO)O)=C)O)=O
Glucose	G4	C(C)(C(C(C)O)(C(C)O)O)=O
Glucose	G4	C(C)(C(C(CC(C)O)O)O)=O
Glucose	G4	C(C)(C(C(CC(CO)O)O)O)=O
Glucose	G4	C(C)(C(C(CCO)O)O)=O
Glucose	G4	C(C)(C(C(CO)(C(C)O)O)O)=O
Glucose	G4	C(C)(C(C(CO)=C)(CO)O)=O
Glucose	G4	C(C)(C(C(CO)=O)(C(C)O)O)=O
Glucose	G4	C(C)(C(C(CO)=O)(CO)O)=O
Glucose	G4	C(C)(C(C(CO)O)(C(C)O)O)=O
Glucose	G4	C(C)(C(C(CO)O)(CC=O)O)=O
Glucose	G4	C(C)(C(C)(C(C(CO)=O)O)O)=O
Glucose	G4	C(C)(C(C)(C(C(O)=O)O)O)=O
Glucose	G4	C(C)(C(CC(C(CO)=O)O)O)=O
Glucose	G4	C(C)(C(CO)(C(C(C)O)O)O)=O
Glucose	G4	C(C)(C(CO)(C(CCO)O)O)=O
Glucose	G4	C(C)(C(CO)(CC(CO)=O)O)=O
Glucose	G4	C(C)(C1(C(C(C(C1)=O)O)O)O)=O
Glucose	G4	C(C)(C1(C(C(CC1O)O)O)O)=O
Glucose	G4	C(C)(C1(C(C(CO1)O)O)O)=O
Glucose	G4	C(C)(C1(C(C)OC(C1O)O)O)=O
Glucose	G4	C(C)(C1(C(CC(C1O)=O)O)O)=O
Glucose	G4	C(C)(C1(C(O)OCC1(C)O)O)=O
Glucose	G4	C(C)(C1(C(O)OCC1O)O)=O
Glucose	G4	C(C)(C1(COC(C)(C1O)O)O)=O
Glucose	G4	C(C)(C1(COC(C1(C)O)O)O)=O
Glucose	G4	C(C)(C1(COC(C1O)O)O)=O
Glucose	G4	C(C)(C1C(C(C(C)(O1)O)O)O)=O
Glucose	G4	C(C)(C1C(C)(C(C(O1)O)O)O)=O
Glucose	G4	C(C)(CC(C(C(CO)=O)O)O)=O
Glucose	G4	C(C1(C(C(C(C1)=O)CO)O)O)=O
Glucose	G4	C(C1(C(C(C(C1)=O)O)O)O)=O
Glucose	G4	C(C1(C(C(C)(CC1O)O)O)O)=O
Glucose	G4	C(C1(C(C(CC1O)O)=O)CO)=O
Glucose	G4	C(C1(C(C(CO)CC1O)=O)O)=O
Glucose	G4	C(C1(C(C)(C(CO1)O)O)O)=O
Glucose	G4	C(C1(C(C)(CC(C1O)=O)O)O)=O
Glucose	G4	C(C1(C(C)(O)OCC1(C)O)O)=O
Glucose	G4	C(C1(C(C)(O)OCC1O)O)=O
Glucose	G4	C(C1(C(C)OC(C)(C1O)O)O)=O
Glucose	G4	C(C1(C(C)OC(C1O)O)O)=O
Glucose	G4	C(C1(C(C=CC1O)O)O)(O)=O
Glucose	G4	C(C1(C(CC(C)(C1O)O)=O)O)=O
Glucose	G4	C(C1(C(CC(C1(C)O)O)=O)O)=O
Glucose	G4	C(C1(C(CC(C1)=O)O)O)(O)=O
Glucose	G4	C(C1(C(CC(C1)O)O)O)(O)=O
Glucose	G4	C(C1(C(CC(C1)O)O)O)=O
Glucose	G4	C(C1(C(CC(C1O)=O)O)O)=O
Glucose	G4	C(C1(C(CC(C1O)O)=O)CO)=O
Glucose	G4	C(C1(C(CC(C1O)O)=O)O)=O
Glucose	G4	C(C1(C(CC(CO)C1O)=O)O)=O
Glucose	G4	C(C1(C(CC(CO)O1)O)O)O
Glucose	G4	C(C1(C(CCC(C1O)=O)O)O)=O
Glucose	G4	C(C1(C(CCC1O)=O)O)(O)=O
Glucose	G4	C(C1(C(CO)C(C(C1)=O)O)O)=O
Glucose	G4	C(C1(C(CO)C(CO1)(C)O)O)=O
Glucose	G4	C(C1(C(CO)CC(C1O)=O)O)=O
Glucose	G4	C(C1(C(O)OCC1(C)O)O)=O
Glucose	G4	C(C1(C(O)OCC1O)O)=O
Glucose	G4	C(C1(C)CC(C(O1)O)O)(O)=O
Glucose	G4	C(C1(C=CC(C1O)O)O)(O)=O
Glucose	G4	C(C1(C=CC(CO)(O1)O)CO)=O
Glucose	G4	C(C1(C=CC(CO)O1)O)(O)=O
Glucose	G4	C(C1(C=CC(CO1)O)O)(O)=O
Glucose	G4	C(C1(CC(C(C(C1)=O)O)O)O)=O
Glucose	G4	C(C1(CC(C(C1(C)O)O)O)O)=O
Glucose	G4	C(C1(CC(C(C1)=O)(CO)O)O)=O
Glucose	G4	C(C1(CC(C(C1)=O)O)O)(O)=O
Glucose	G4	C(C1(CC(C(C1)O)O)O)(O)=O
Glucose	G4	C(C1(CC(C(C1O)=O)CO)O)=O
Glucose	G4	C(C1(CC(C(C1O)O)O)O)O
Glucose	G4	C(C1(CC(CC(C1O)=O)O)O)=O
Glucose	G4	C(C1(CC(CC1(C=O)O)O)O)=O
Glucose	G4	C(C1(CC(CC1(CO)O)O)O)=O
Glucose	G4	C(C1(CC(CO)(CC1O)O)O)=O
Glucose	G4	C(C1(CC(O)OCC1(C)O)O)=O
Glucose	G4	C(C1(CC(O)OCC1)O)(O)=O
Glucose	G4	C(C1(CCC(C1O)=O)O)(O)=O
Glucose	G4	C(C1(CO)C(C(C(C1)=O)O)O)=O
Glucose	G4	C(C1(CO)C(C(C(O1)=C)O)O)=O
Glucose	G4	C(C1(CO)C(C=CC(O1)O)O)=O
Glucose	G4	C(C1(CO)C(CC(C1O)=O)O)=O
Glucose	G4	C(C1(COC(C)(C1O)O)O)=O
Glucose	G4	C(C1(COC(C1(C)O)O)O)=O
Glucose	G4	C(C1(COC(C1O)O)O)=O
Glucose	G4	C(C1(COC(C=C)(C1O)O)O)=O
Glucose	G4	C(C1(COC(CO)C1)O)(O)=O
Glucose	G4	C(C1(COCC(C1)O)O)(O)=O
Glucose	G4	C(C1C(C(C(C)(C1O)O)O)=O)=O
Glucose	G4	C(C1C(C(C(C1(C)O)O)O)=O)=O
Glucose	G4	C(C1C(C(C(C1(C)O)O)O)O)=O
Glucose	G4	C(C1C(C(C(C1)=O)(CO)O)O)=O
Glucose	G4	C(C1C(C(C(C1)=O)O)O)(O)=O
Glucose	G4	C(C1C(C(C(C1CO)O)O)O)=O
Glucose	G4	C(C1C(C(C(C1O)=O)CO)O)=O
Glucose	G4	C(C1C(C(C(C1O)=O)O)O)=O
Glucose	G4	C(C1C(C(C(C1O)O)O)=O)=O
Glucose	G4	C(C1C(C(C(CO)C1O)O)=O)=O
Glucose	G4	C(C1C(C(C(CO)O1)O)O)O
Glucose	G4	C(C1C(C(C(O1)=C)O)O)(O)=O
Glucose	G4	C(C1C(C(CC(C1O)=O)O)O)=O
Glucose	G4	C(C1C(C(CC1(C=O)O)O)O)=O
Glucose	G4	C(C1C(C(CC1(CO)O)O)O)=O
Glucose	G4	C(C1C(C(CC1O)O)=O)(O)=O
Glucose	G4	C(C1C(C(CC1O)O)O)=O
Glucose	G4	C(C1C(C(CO)(CC1O)O)=O)=O
Glucose	G4	C(C1C(C(CO)C(C1O)O)=O)=O
Glucose	G4	C(C1C(C(O)OCC1(C)O)O)=O
Glucose	G4	C(C1C(C(O)OCC1O)O)=O
Glucose	G4	C(C1C(C)(C(C(C)(O1)O)O)O)=O
Glucose	G4	C(C1C(CC(C(C1O)O)O)=O)=O
Glucose	G4	C(C1C(CC(C1(CO)O)=O)O)=O
Glucose	G4	C(C1C(CC(C1O)=O)O)(O)=O
Glucose	G4	C(C1C(CC(C1O)O)=O)(O)=O
Glucose	G4	C(C1C(CC(CO)(C1O)O)=O)=O
Glucose	G4	C(C1C(CO)(CC(C1O)=O)O)=O
Glucose	G4	C(C1C(CO)(O)OCC1(C)O)=O
Glucose	G4	C(C1C(CO)(O)OCC1O)=O
Glucose	G4	C(C1C(CO)OC(C1O)O)=O
Glucose	G4	C(C1C=CC(CO)(O1)O)(O)=O
Glucose	G4	C(C1CC(C(C)(O1)O)O)(O)=O
Glucose	G4	C(C1CCC(CO)(O1)O)(O)=O
Glucose	G4	C(C=CC(C(C(CO)O)O)=O)=O
Glucose	G4	C(C=CC(CO)=O)(C(CO)O)=O
Glucose	G4	C(CC(C(C(C(C)O)=O)O)O)=O
Glucose	G4	C(CC(C(C(C(C)O)O)=O)O)=O
Glucose	G4	C(CC(C(C(C(C)O)O)O)=O)=O
Glucose	G4	C(CC(C(C(C)(CO)O)O)O)=O
Glucose	G4	C(CC(C(C(C)=O)(CO)O)O)=O
Glucose	G4	C(CC(C(C(C)=O)O)O)(O)=O
Glucose	G4	C(CC(C(C(C)O)=O)O)(CO)=O
Glucose	G4	C(CC(C(C(C)O)O)=O)(O)=O
Glucose	G4	C(CC(C(C(C)O)O)O)=O
Glucose	G4	C(CC(C(C(CC=O)O)O)O)=O
Glucose	G4	C(CC(C(C(CCO)=O)O)O)=O
Glucose	G4	C(CC(C(C(CCO)O)O)=O)=O
Glucose	G4	C(CC(C(C(CO)(C)O)=O)O)=O
Glucose	G4	C(CC(C(C(CO)=O)(C)O)O)=O
Glucose	G4	C(CC(C(C(CO)=O)CO)O)=O
Glucose	G4	C(CC(C(C(CO)CO)=O)O)=O
Glucose	G4	C(CC(C(C(CO)CO)O)=O)=O
Glucose	G4	C(CC(C(C(O)=O)O)O)=O
Glucose	G4	C(CC(C(C)(C(C=O)O)O)O)=O
Glucose	G4	C(CC(C(C)O)(C(C=O)O)O)=O
Glucose	G4	C(CC(C(C=O)O)O)(O)=O
Glucose	G4	C(CC(C(CC(CO)O)=O)O)=O
Glucose	G4	C(CC(C(CC=O)O)O)(O)=O
Glucose	G4	C(CC(C(CCO)=O)O)(O)=O
Glucose	G4	C(CC(C(CCO)O)=O)(O)=O
Glucose	G4	C(CC(C(CCO)O)O)=O
Glucose	G4	C(CC(C(CO)(C(C)O)O)=O)=O
Glucose	G4	C(CC(C(CO)(C(C)O)O)O)=O
Glucose	G4	C(CC(C(CO)(CC=O)O)O)=O
Glucose	G4	C(CC(C(CO)(CCO)O)=O)=O
Glucose	G4	C(CC(C(CO)(CO)O)=O)=O
Glucose	G4	C(CC(C(CO)(CO)O)O)=O
Glucose	G4	C(CC(C(CO)=O)O)(O)=O
Glucose	G4	C(CC(C(CO)C(C=O)O)O)=O
Glucose	G4	C(CC(C(CO)C(CO)O)=O)=O
Glucose	G4	C(CC(C(CO)O)(CC=O)O)=O
Glucose	G4	C(CC(C(CO)O)=O)(O)=O
Glucose	G4	C(CC(C(CO)O)O)(O)=O
Glucose	G4	C(CC(C(O)=O)O)(C(C)O)=O
Glucose	G4	C(CC(C(O)=O)O)(O)=O
Glucose	G4	C(CC(C)(C(C(CO)=O)O)O)=O
Glucose	G4	C(CC(C)(C(C(CO)O)O)O)=O
Glucose	G4	C(CC(C)(C(C(O)=O)O)O)=O
Glucose	G4	C(CC(C)(C(C=O)O)O)(O)=O
Glucose	G4	C(CC(C)(C(CO)(CO)O)O)=O
Glucose	G4	C(CC(C)(C(CO)O)O)(O)=O
Glucose	G4	C(CC(C)(CO)O)(O)=O
Glucose	G4	C(CC(C)O)(C(C(CO)=O)O)=O
Glucose	G4	C(CC(C)O)(C(CO)(CO)O)=O
Glucose	G4	C(CC(C=O)O)(C(CO)CO)=O
Glucose	G4	C(CC(CC(C(C=O)O)O)O)=O
Glucose	G4	C(CC(CC(C(CO)=O)O)O)=O
Glucose	G4	C(CC(CC(C(CO)O)=O)O)=O
Glucose	G4	C(CC(CC(C(CO)O)O)=O)=O
Glucose	G4	C(CC(CC(C(CO)O)O)O)=O
Glucose	G4	C(CC(CC(C)(CO)O)O)=O
Glucose	G4	C(CC(CC(C=O)O)O)(O)=O
Glucose	G4	C(CC(CC(CO)(CO)O)=O)=O
Glucose	G4	C(CC(CC(CO)(CO)O)O)=O
Glucose	G4	C(CC(CC(CO)=O)O)(O)=O
Glucose	G4	C(CC(CC(CO)O)=O)(O)=O
Glucose	G4	C(CC(CC(CO)O)O)=O
Glucose	G4	C(CC(CCO)(C(C=O)O)O)=O
Glucose	G4	C(CC(CCO)(C(CO)O)O)=O
Glucose	G4	C(CC(CO)(C(C(C)O)O)O)=O
Glucose	G4	C(CC(CO)(C(C)(CO)O)O)=O
Glucose	G4	C(CC(CO)(C(C)O)O)=O
Glucose	G4	C(CC(CO)(C(CO)CO)O)=O
Glucose	G4	C(CC(CO)(CC(CO)O)O)=O
Glucose	G4	C(CC(CO)(CC=O)O)(O)=O
Glucose	G4	C(CC(CO)(CCO)O)(O)=O
Glucose	G4	C(CC(CO)(CO)O)(O)=O
Glucose	G4	C(CC(CO)C(C(C=O)O)O)=O
Glucose	G4	C(CC(CO)C(C(CO)=O)O)=O
Glucose	G4	C(CC(CO)C(C(CO)O)O)=O
Glucose	G4	C(CC(CO)O)(C(C(C)=O)O)=O
Glucose	G4	C(CC(CO)O)(CC(CO)=O)=O
Glucose	G4	C(CC(CO)O)(CCO)=O
Glucose	G4	C(CC(CO)O)(O)=O
Glucose	G4	C(CC1(C(C(C(C1)=O)O)O)O)=O
Glucose	G4	C(CC1(C(C(CO1)(C)O)O)O)=O
Glucose	G4	C(CC1(C(CC(C1O)=O)O)O)=O
Glucose	G4	C(CC1(C(O)OCC1(C)O)O)=O
Glucose	G4	C(CC1(C(O)OCC1O)O)=O
Glucose	G4	C(CC1(COC(C)(C1O)O)O)=O
Glucose	G4	C(CC1(COC(C1O)O)O)=O
Glucose	G4	C(CC1C(C(C(C)(O)O1)O)O)=O
Glucose	G4	C(CCC(C(C(O)=O)O)O)=O
Glucose	G4	C(CCC(C(CO)O)=O)(CO)=O
Glucose	G4	C(CCC(O)=O)(C(CO)O)=O
Glucose	G4	C(CCC=O)(C(CO)(CO)O)=O
Glucose	G4	C(CCCO)(C(C(CO)=O)O)=O
Glucose	G4	C(CCO)(C(C(C(C)O)=O)O)=O
Glucose	G4	C(CCO)(C(C(C)=O)(CO)O)=O
Glucose	G4	C(CCO)(C(C(CCO)=O)O)=O
Glucose	G4	C(CCO)(C(C(CO)=C)O)=O
Glucose	G4	C(CCO)(C(C(CO)=O)CO)=O
Glucose	G4	C(CCO)(C(CO)(C(C)O)O)=O
Glucose	G4	C(CCO)(C(CO)(CO)O)=O
Glucose	G4	C(CCO)(CC(C(CO)O)=O)=O
Glucose	G4	C(CO)(C(C(C(C)O)O)O)=O
Glucose	G4	C(CO)(C(C(C(C=C)=O)O)O)=O
Glucose	G4	C(CO)(C(C(C(C=O)=C)O)O)=O
Glucose	G4	C(CO)(C(C(C(CO)=C)=O)O)=O
Glucose	G4	C(CO)(C(C(C(CO)=O)=C)O)=O
Glucose	G4	C(CO)(C(C(C(CO)O)=C)O)=O
Glucose	G4	C(CO)(C(C(C)O)(C(C)O)O)=O
Glucose	G4	C(CO)(C(C(C)O)(CC=O)O)=O
Glucose	G4	C(CO)(C(C(C)O)C(C)O)=O
Glucose	G4	C(CO)(C(C(C=C)=O)(CO)O)=O
Glucose	G4	C(CO)(C(C(C=C)O)O)=O
Glucose	G4	C(CO)(C(C(C=CC=O)O)O)=O
Glucose	G4	C(CO)(C(C(C=O)=C)(CO)O)=O
Glucose	G4	C(CO)(C(C(CC(C)O)O)O)=O
Glucose	G4	C(CO)(C(C(CO)=C)(CO)O)=O
Glucose	G4	C(CO)(C(C(CO)=C)CO)=O
Glucose	G4	C(CO)(C(C(CO)=C)O)=O
Glucose	G4	C(CO)(C(C(CO)=O)C(C)O)=O
Glucose	G4	C(CO)(C(C(CO)=O)CO)=O
Glucose	G4	C(CO)(C(C(CO)=O)O)=O
Glucose	G4	C(CO)(C(C(CO)O)C(C)O)=O
Glucose	G4	C(CO)(C(C(CO)O)CC=O)=O
Glucose	G4	C(CO)(C(C)(C(C(C)=O)O)O)=O
Glucose	G4	C(CO)(C(C)(C(C(C)O)O)O)=O
Glucose	G4	C(CO)(C(C)(C(C)O)O)=O
Glucose	G4	C(CO)(C(C)(C(C=O)O)O)=O
Glucose	G4	C(CO)(C(C)(C(CCO)O)O)=O
Glucose	G4	C(CO)(C(C)(C(CO)(C)O)O)=O
Glucose	G4	C(CO)(C(C)(C(CO)O)O)=O
Glucose	G4	C(CO)(C(C)(CC(CO)=O)O)=O
Glucose	G4	C(CO)(C(C)C(C(CO)=O)O)=O
Glucose	G4	C(CO)(C(C)C(C(O)=O)O)=O
Glucose	G4	C(CO)(C(C=C)(CO)O)=O
Glucose	G4	C(CO)(C(C=CC(CO)=O)O)=O
Glucose	G4	C(CO)(C(C=CC(O)=O)O)=O
Glucose	G4	C(CO)(C(C=CC=O)(CO)O)=O
Glucose	G4	C(CO)(C(C=CCO)O)=O
Glucose	G4	C(CO)(C(CC(C)O)O)=O
Glucose	G4	C(CO)(C(CC(CO)(C)O)O)=O
Glucose	G4	C(CO)(C(CCO)O)=O
Glucose	G4	C(CO)(C(CO)(C)O)=O
Glucose	G4	C(CO)(C(CO)(CC=O)O)=O
Glucose	G4	C(CO)(C(CO)(CCO)O)=O
Glucose	G4	C(CO)(C(CO)(CO)C(C)O)=O
Glucose	G4	C(CO)(C(CO)(CO)CO)=O
Glucose	G4	C(CO)(C(CO)C(C(C)O)O)=O
Glucose	G4	C(CO)(C(CO)C(CCO)O)=O
Glucose	G4	C(CO)(C(CO)CC(CO)=O)=O
Glucose	G4	C(CO)(C1(C(CCO1)O)O)=O
Glucose	G4	C(CO)(C1C(C(CC1O)O)O)=O
Glucose	G4	C(CO)(C1C(C(CO1)O)O)=O
Glucose	G4	C(CO)(C1C(CC(C1O)=O)O)=O
Glucose	G4	C(CO)(C1C(O)OCC1(C)O)=O
Glucose	G4	C(CO)(C1C(O)OCC1O)=O
Glucose	G4	C(CO)(C1COC(C)(C1O)O)=O
Glucose	G4	C(CO)(C1COC(C1(C)O)O)=O
Glucose	G4	C(CO)(C1COC(C1O)O)=O
Glucose	G4	C(CO)(CC(C(C(C)O)O)O)=O
Glucose	G4	C(CO)(CC(C(C)O)O)=O
Glucose	G4	C(CO)(CC(C(CCO)O)O)=O
Glucose	G4	C(CO)(CC(C(CO)O)=C)=O
Glucose	G4	C(CO)(CC(CC(C)O)O)=O
Glucose	G4	C(CO)(CC(CC(CO)O)O)=O
Glucose	G4	C(CO)(CC(CCO)O)=O
Glucose	G4	C(CO)(CC(CO)(C(C)O)O)=O
Glucose	G4	C(CO)(CC(CO)C(CO)O)=O
Glucose	G4	C(CO)(CCC(C(CO)=O)O)=O
Glucose	G4	C(CO)(CCC(C(CO)O)O)=O
Glucose	G4	C(CO)(CCC(CO)(CO)O)=O
Glucose	G4	C(CO)(CCC(CO)O)=O
Glucose	G4	C(CO)=CC(C(C(CO)O)=O)=O
Glucose	G4	C(CO)=CC(C(CO)(CO)O)=O
Glucose	G4	C1(C(C(C(C(C)(C1)O)O)O)O)=O
Glucose	G4	C1(C(C(C(C(C)O)(C1)O)O)O)=O
Glucose	G4	C1(C(C(C(C(C1)O)=O)CO)O)=O
Glucose	G4	C1(C(C(C(C(C=O)O)C1)O)O)=O
Glucose	G4	C1(C(C(C(C(CO)C1)=O)O)O)=O
Glucose	G4	C1(C(C(C(C(CO)C1)O)O)O)=O
Glucose	G4	C1(C(C(C(C(O1)=C)O)O)O)=O
Glucose	G4	C1(C(C(C(C)(C1)O)O)O)=O
Glucose	G4	C1(C(C(C(C)(C1CO)O)O)O)=O
Glucose	G4	C1(C(C(C(C)(O)OCC1)O)O)=O
Glucose	G4	C1(C(C(C(C)O)O)(O)OCC1)=O
Glucose	G4	C1(C(C(C(C)O)O)OC(C1)O)=O
Glucose	G4	C1(C(C(C(C)O)O)OCC1O)=O
Glucose	G4	C1(C(C(C(C1)O)(C(C)O)O)O)=O
Glucose	G4	C1(C(C(C(C1)O)(C)O)O)=O
Glucose	G4	C1(C(C(C(C1)O)(CCO)O)O)=O
Glucose	G4	C1(C(C(C(C1)O)C(C=O)O)O)=O
Glucose	G4	C1(C(C(C(C1)O)CO)O)=O
Glucose	G4	C1(C(C(C(C1C(C)O)O)O)O)=O
Glucose	G4	C1(C(C(C(C1CCO)O)O)O)=O
Glucose	G4	C1(C(C(C(C1O)=C)O)O)=O
Glucose	G4	C1(C(C(C(C1O)O)O)O)=O
Glucose	G4	C1(C(C(C(CC(C1)O)=O)O)O)=O
Glucose	G4	C1(C(C(C(CC(C1)O)O)O)O)=O
Glucose	G4	C1(C(C(C(CC1)O)O)O)=O
Glucose	G4	C1(C(C(C(CC1O)=O)O)O)=O
Glucose	G4	C1(C(C(C(CCO)(C1)O)O)O)=O
Glucose	G4	C1(C(C(C(CCO)O1)O)O)=O
Glucose	G4	C1(C(C(C(CCO1)O)O)O)=O
Glucose	G4	C1(C(C(C(CO)C1)O)O)=O
Glucose	G4	C1(C(C(C(CO)C1CO)O)O)=O
Glucose	G4	C1(C(C(C(CO)O1)O)O)=O
Glucose	G4	C1(C(C(C(CO1)O)O)O)=O
Glucose	G4	C1(C(C(C(O)OC(C)C1)O)O)=O
Glucose	G4	C1(C(C(C(O)OCC1)(C)O)O)=O
Glucose	G4	C1(C(C(C)(C(C(C1)O)O)O)O)=O
Glucose	G4	C1(C(C(C)(C(C1CO)O)O)O)=O
Glucose	G4	C1(C(C(C)(C(CO)O1)O)O)=O
Glucose	G4	C1(C(C(C)(C(CO1)O)O)O)=O
Glucose	G4	C1(C(C(C)(O)OCC1O)O)=O
Glucose	G4	C1(C(C(C)O)(C(CO1)O)O)=O
Glucose	G4	C1(C(C(C)O)OC(C(C1)O)O)=O
Glucose	G4	C1(C(C(C)O)OC(C1O)O)=O
Glucose	G4	C1(C(C(C)OC(C(C1)O)O)O)=O
Glucose	G4	C1(C(C(C)OC(C1O)O)O)=O
Glucose	G4	C1(C(C(C=CC1O)O)O)=O
Glucose	G4	C1(C(C(CC(C(C1)O)O)O)O)=O
Glucose	G4	C1(C(C(CC(C1)O)O)O)=O
Glucose	G4	C1(C(C(CC(C1O)O)O)=O)=O
Glucose	G4	C1(C(C(CC(CO)(C1)O)O)O)=O
Glucose	G4	C1(C(C(CC(CO)O1)O)O)=O
Glucose	G4	C1(C(C(CC(CO1)O)O)O)=O
Glucose	G4	C1(C(C(CC1(CO)O)O)O)=O
Glucose	G4	C1(C(C(CC1)(CO)O)O)=O
Glucose	G4	C1(C(C(CC1)O)(C(C=O)O)O)=O
Glucose	G4	C1(C(C(CC1O)O)O)=O
Glucose	G4	C1(C(C(CCO)O)(O)OCC1)=O
Glucose	G4	C1(C(C(CCO)O)OC(C1)O)=O
Glucose	G4	C1(C(C(CCO)O)OCC1O)=O
Glucose	G4	C1(C(C(CO)(C(C)(C1)O)O)O)=O
Glucose	G4	C1(C(C(CO)(C)O)(O)OCC1)=O
Glucose	G4	C1(C(C(CO)(C)O)OC(C1)O)=O
Glucose	G4	C1(C(C(CO)(C)O)OCC1O)=O
Glucose	G4	C1(C(C(CO)(C)OC(C1)O)O)=O
Glucose	G4	C1(C(C(CO)(CC(C1)O)O)O)=O
Glucose	G4	C1(C(C(CO)(CCO1)O)O)=O
Glucose	G4	C1(C(C(CO)(CO1)O)O)=O
Glucose	G4	C1(C(C(CO)C(C1CO)O)=O)=O
Glucose	G4	C1(C(C(CO)C(CO)(C1)O)O)=O
Glucose	G4	C1(C(C(CO)O)(O)OCC1)=O
Glucose	G4	C1(C(C(CO)O)C(CO1)O)=O
Glucose	G4	C1(C(C(CO1)(CCO)O)O)=O
Glucose	G4	C1(C(C(CO1)O)C(C(C)O)O)=O
Glucose	G4	C1(C(C(CO1)O)C(C)(CO)O)=O
Glucose	G4	C1(C(C(CO1)O)C(CCO)O)=O
Glucose	G4	C1(C(C(COC(C1)O)(C)O)O)=O
Glucose	G4	C1(C(C(O)OC(CO)(C)C1)O)=O
Glucose	G4	C1(C(C(O)OCC(C)(C1)O)O)=O
Glucose	G4	C1(C(C(O)OCC(CO)C1)O)=O
Glucose	G4	C1(C(C)(O)OC(CO)C1O)=O
Glucose	G4	C1(C(C)(O)OCC(C1O)O)=O
Glucose	G4	C1(C(C)OC(CO)(C1O)O)=O
Glucose	G4	C1(C(C=C(CO)C1O)O)=O
Glucose	G4	C1(C(C=CC1(CO)O)O)=O
Glucose	G4	C1(C(CC(C(C1CO)O)O)=O)=O
Glucose	G4	C1(C(CC(C(C=O)O)(C1)O)O)=O
Glucose	G4	C1(C(CC(C(CO)O)(C1)O)O)=O
Glucose	G4	C1(C(CC(C1(CO)CO)O)=O)=O
Glucose	G4	C1(C(CC(C1CO)O)O)=O
Glucose	G4	C1(C(CC(CO)(C(C1)O)O)=O)=O
Glucose	G4	C1(C(CC(CO)(C1)O)O)=O
Glucose	G4	C1(C(CC(CO)(C1CO)O)O)=O
Glucose	G4	C1(C(CC(CO)(O)OCC1)O)=O
Glucose	G4	C1(C(CCO)(O)OCC1O)=O
Glucose	G4	C1(C(CO)(C(C(C1)=O)O)O)=O
Glucose	G4	C1(C(CO)(C(C=O)(CC1)O)O)=O
Glucose	G4	C1(C(CO)(C(CC(C1)=O)O)O)=O
Glucose	G4	C1(C(CO)(C(CO1)O)O)=O
Glucose	G4	C1(C(CO)(CC(C1CO)=O)O)=O
Glucose	G4	C1(C(CO)(CC(CO)O1)O)=O
Glucose	G4	C1(C(CO)(CC(CO1)O)O)=O
Glucose	G4	C1(C(CO)(CO)C(C(C1)=O)O)=O
Glucose	G4	C1(C(CO)(CO)CC(C1O)=O)=O
Glucose	G4	C1(C(CO)(O)OCCC1O)=O
Glucose	G4	C1(C(CO)C(C(C(C1)=O)O)O)=O
Glucose	G4	C1(C(CO)C(C(C1)=O)(CO)O)=O
Glucose	G4	C1(C(CO)C(C(C1CO)=O)O)=O
Glucose	G4	C1(C(CO)C(C(C1O)=O)CO)=O
Glucose	G4	C1(C(CO)C(C(C1O)=O)O)=O
Glucose	G4	C1(C(CO)C(C=O)(C(C1)O)O)=O
Glucose	G4	C1(C(CO)C(C=O)(CC1O)O)=O
Glucose	G4	C1(C(CO)C(C=O)C(C1O)O)=O
Glucose	G4	C1(C(CO)C(CC(C1O)=O)O)=O
Glucose	G4	C1(C(CO)CC(C1(CO)O)=O)=O
Glucose	G4	C1(C(CO)OC(C(C)(C1)O)O)=O
Glucose	G4	C1(C(CO)OC(C(C1)O)(C)O)=O
Glucose	G4	C1(C(CO)OC(C(CO)C1)O)=O
Glucose	G4	C1(C(CO)OC(C)(C1O)O)=O
Glucose	G4	C1(C(COC(C(C)(C1)O)O)O)=O
Glucose	G4	C1(C(COC(C(C1)O)(C)O)O)=O
Glucose	G4	C1(C(COC(C(CO)C1)O)O)=O
Glucose	G4	C1(C(O)OC(CCO)C1O)=O
Glucose	G4	C1(C(O)OC(CO)(C)C1CO)=O
Glucose	G4	C1(C(O)OC(CO)C(C)(C1)O)=O
Glucose	G4	C1(C(O)OC(CO)C(CO)C1)=O
Glucose	G4	C1(C(O)OC(CO)C1CO)=O
Glucose	G4	C1(C(O)OCC(C(C)(C1)O)O)=O
Glucose	G4	C1(C(O)OCC(C(CO)C1)O)=O
Glucose	G4	C1(C(O)OCC(C)(C1CO)O)=O
Glucose	G4	C1(C(O)OCC(C1CO)O)=O
Glucose	G4	C1(C(O)OCC(CCO)(C1)O)=O
Glucose	G4	C1(C(O)OCC(CO)(C1)O)=O
Glucose	G4	C1(C(O)OCC1C(C(C)O)O)=O
Glucose	G4	C1(C(O)OCC1C(CCO)O)=O
Glucose	G4	C1(C(O)OCC1C(CO)(C)O)=O
Glucose	G4	C1(C(O)OCC1C(CO)O)=O
Glucose	G4	C1(C(O)OCCC(C1O)O)=O
Glucose	G4	C1(C(O)OCCC(CO)(C1)O)=O
Glucose	G4	C1(C2(C(C(CC2O)O1)O)O)=O
Glucose	G4	C1(C2(CC(C(C2O)O)O1)O)O
Glucose	G4	C1(C2(CC(C(C2O)O1)O)O)O
Glucose	G4	C1(C2C(C(C(C2O)O1)O)O)=O
Glucose	G4	C1(C2C(C(C(CO)O2)O1)O)O
Glucose	G4	C1(CC(C(C(C1CO)=O)O)O)=O
Glucose	G4	C1(CC(C(C)(C1(CO)O)O)O)=O
Glucose	G4	C1(CC(C(C1(C(C)O)O)O)O)=O
Glucose	G4	C1(CC(C(C1(CO)CO)=O)O)=O
Glucose	G4	C1(CC(C(C1CO)O)O)=O
Glucose	G4	C1(CC(C(CC(C1O)O)=O)O)=O
Glucose	G4	C1(CC(C(CC1(CO)O)=O)O)=O
Glucose	G4	C1(CC(C(CO)(C1)O)O)=O
Glucose	G4	C1(CC(C)(C(C1(CO)O)O)O)=O
Glucose	G4	C1(CC(CC(C1(CO)O)=O)O)=O
Glucose	G4	C1(CC(CO)C(C(CO)O)O1)=O
Glucose	G4	C1(CC(CO)C(C(CO)O1)O)=O
Glucose	G4	C1(CC(CO)C(C(CO1)O)O)=O
Glucose	G4	C1(CC(CO)C(C1(CO)O)O)=O
Glucose	G4	C1(CCC(C(C1(CO)O)O)=O)=O
Glucose	G4	C1(CCC(C1(CO)O)O)=O
Glucose	G4	C1(CO)C(C(C(C=1)=O)O)O
Glucose	G4	C1(COC(C(C(C)(C1)O)O)O)=O
Glucose	G4	C1(COC(C(C(C)O)(C1)O)O)=O
Glucose	G4	C1(COC(C(C(CO)C1)O)O)=O
Glucose	G4	C1(COC(C(C)(C1CO)O)O)=O
Glucose	G4	C1(COC(C(C)(C1O)O)O)=O
Glucose	G4	C1(COC(C(C)O)(C1O)O)=O
Glucose	G4	C1(COC(C(C1)O)(CCO)O)=O
Glucose	G4	C1(COC(C(C1C(C)O)O)O)=O
Glucose	G4	C1(COC(C(C1CO)O)O)=O
Glucose	G4	C1(COC(C(C1O)O)O)=O
Glucose	G4	C1(COC(C(CCO)(C1)O)O)=O
Glucose	G4	C1(COC(C(CO)(C1)O)O)=O
Glucose	G4	C1(COC(C)(C(C(C1)O)O)O)=O
Glucose	G4	C1(COC(C)(C(C1CO)O)O)=O
Glucose	G4	C1(COC(C1C(C(C)O)O)O)=O
Glucose	G4	C1(COC(C1C(CCO)O)O)=O
Glucose	G4	C1(COC(C1C(CO)(C)O)O)=O
Glucose	G4	C1(COC(C1C(CO)O)O)=O
Glucose	G4	C1(COC(CC(CO)(C1)O)O)=O
Glucose	G4	C1(COC(CO)(CC(C1)O)O)=O
Glucose	G4	C1(COCC1(C(C(C)O)O)O)=O
Glucose	G4	C1(COCC1(C(CCO)O)O)=O
Glucose	G4	C1(COCC1(C(CO)(C)O)O)=O
Glucose	G4	C1(COCC1(C(CO)O)O)=O
Glucose	G4	C12CC(C(C(C1O)O)(O)O2)O
Glucose	G4	C1C(C(C(C(C=1)=O)(CO)O)O)O
Glucose	G4	C1C(C(C(C(C=1CO)=O)O)O)O
Glucose	G4	C1C(C(C(C(CO)O1)O)O)O
Glucose	G4	C1C(C(C(C(O)O1)O)O)O
Glucose	G4	C1C(C(C(C=1C(O)=O)O)O)O
Glucose	G4	C1C(C(C(C=1CO)=O)(CO)O)O
Glucose	G4	C1C(C(C(C=1CO)O)O)O
Glucose	G4	C1C(C(C(CO)(O)O1)O)O
Glucose	G4	C1C(C(C(O)O1)(C(C)O)O)O
Glucose	G4	C1C(C(C(O)O1)(CO)O)O
Glucose	G4	C1C(C(CO)(C(C)(O)O1)O)O
Glucose	G4	C1C(C(CO)(C(C=1)O)O)O
Glucose	G4	C1C(C(CO)C(CO)(O)O1)O
Glucose	G4	C1C(C(CO)O)(OCC=1)O
Glucose	G4	C1C(C(CO)O)OC(C=1CO)=O
Glucose	G4	C1C(C(CO)OC(C=1CO)=O)O
Glucose	G4	C1C(C(COC(C=1CO)=O)O)O
Glucose	G4	C1C(C(OC(C(C=1)=O)CO)O)O
Glucose	G4	C1C(C(OCC(C=1CO)=O)O)O
Glucose	G4	C1C(C)(C(C(C)(O)O1)O)O
Glucose	G4	C1C(C)(C(C(CCO)(O)O1)O)O
Glucose	G4	C1C(C)(C(C(CO)(O)O1)O)O
Glucose	G4	C1C(C)(C(C(O)O1)(CO)O)O
Glucose	G4	C1C(C)(C(C(O)O1)O)O
Glucose	G4	C1C(C)(C(CO)(C(C)(O)O1)O)O
Glucose	G4	C1C(C)(C(CO)C(CO)(O)O1)O
Glucose	G4	C1C(C2(C(C(CO2)O)O1)O)O
Glucose	G4	C1C(C2(C(C(CO2)O1)O)O)O
Glucose	G4	C1C(C2C(C(C(O)O2)O1)O)O
Glucose	G4	C1C(CC(C(CO)(O)O1)O)O
Glucose	G4	C1C(CC(O)O1)(CCO)O
Glucose	G4	C1C(CCO)(C(C(O)O1)O)O
Glucose	G4	C1C(CO)(C(C(C(C=1)=O)O)O)O
Glucose	G4	C1C(CO)(C(C(C)(O)O1)O)O
Glucose	G4	C1C(CO)(C(C(C=1)=O)O)O
Glucose	G4	C1C(CO)(C(C(C=1)O)O)O
Glucose	G4	C1C(CO)(C(C(O)O1)O)O
Glucose	G4	C1C(CO)OC(C(C=1)=O)(CO)O
Glucose	G4	C1C(CO)OC(C(C=1CO)=O)O
Glucose	G4	C1C(CO)OC(C=1)(CO)O
Glucose	G4	C1C(COC(C(C=1)=O)(CO)O)O
Glucose	G4	C1C(COC(C(C=1CO)=O)O)O
Glucose	G4	C1C(COC(C=1)(CO)O)O
Glucose	G4	C1C(O)OCC(C(C=1)=O)(CO)O
Glucose	G4	C1C(O)OCC(C(C=1CO)=O)O
Glucose	G4	C1C(OC(C(C=1)=O)(CO)CO)O
Glucose	G4	C1C(OC(C(C=1CO)=O)CO)O
Glucose	G4	C1C2(C(C(CC2O)(O)O1)O)O
Glucose	G4	C1C2(C(OC(C=1)C2O)O)O
Glucose	G4	C1C2(CC(C(C2O)O)(O)O1)O
Glucose	G4	C1C2C(C(C(C(O)O1)O2)O)O
Glucose	G4	C1C2C(C(C(C(O)O2)O1)O)O
Glucose	G4	C1C2C(C(C(C2O)O)(O)O1)O
Glucose	G4	C1C2C(C(C(C=1)(O2)O)O)O
Glucose	G4	C1C2C(C(C(CO)O2)(O)O1)O
Glucose	G4	C1CC(C(C(CO)O)(O)O1)O
Glucose	G4	C1COC(C(C(C=1)=O)(CO)O)O
Glucose	G4	C1COC(C(C(C=1CO)=O)O)O
Glucose	G4	C=C(C(C(C(CO)O)O)=O)CO
Glucose	G4	C=C(C(C(CO)=O)=O)C(CO)O
Glucose	G4	C=C(C(C(CO)O)=O)C(CO)=O
Glucose	G4	C=C(C(C(CO)O)=O)C(CO)O
Glucose	G4	C=C(C(C=O)=O)C(C(CO)O)O
Glucose	G4	C=C(C(C=O)=O)C(CO)(CO)O
Glucose	G4	C=C(C(CO)=O)C(C(CO)O)O
Glucose	G4	C=C(C(CO)=O)C(CO)(C)O
Glucose	G4	C=C(C(CO)=O)C(CO)(CO)O
Glucose	G4	C=C(C(CO)=O)C(CO)O
Glucose	G4	C=C(C=O)C(C(C(CO)O)O)=O
Glucose	G4	C=C(C=O)C(C(C(CO)O)O)O
Glucose	G4	C=C(C=O)C1(C(C(CO1)O)O)O
Glucose	G4	C=C1C(C(C(C(C1O)O)O)O)=O
Glucose	G4	C=C1C(C(C(C(OC1)O)O)O)=O
Glucose	G4	C=C1C(C(C(C1O)O)O)O
Glucose	G4	C=C1C(C(C(CO)O)OC1O)=O
Glucose	G4	C=C1C(C(C(CO)O1)O)O
Glucose	G4	C=C1C(C(C(CO)OC1O)O)=O
Glucose	G4	C=C1C(C(C(CO1)O)O)O
Glucose	G4	C=C1C(C(C(COC1O)O)O)=O
Glucose	G4	C=C1C(C(C(O)OCC1O)O)=O
Glucose	G4	C=C1C(C(C(OC1CO)O)O)=O
Glucose	G4	C=C1C(C(CO)(C(C1O)O)O)=O
Glucose	G4	C=C1C(C(CO)OC(C1O)O)=O
Glucose	G4	C=C1C(C(COC(C1O)O)O)=O
Glucose	G4	C=C1C(C(O)OC(CO)C1O)=O
Glucose	G4	C=C1C(C(O)OCC(C1O)O)=O
Glucose	G4	C=C1C(C(OC1C(CO)O)O)=O
Glucose	G4	C=C1C(COC(C(C1O)O)O)=O
Glucose	G4	C=C1C(OC(C(CO)O)C1O)=O
Glucose	G4	C=C1C(OC(CO)C(C1O)O)=O
Glucose	G4	C=C1C(OCC(C(C1O)O)O)=O
Glucose	G4	C=CC(C(C(C(C)O)O)O)=O
Glucose	G4	C=CC(C(C(C(CO)O)O)O)=O
Glucose	G4	C=CC(C(C(CCO)O)O)=O
Glucose	G4	C=CC(C(C(CO)(C)O)O)=O
Glucose	G4	C=CC(C(C(CO)(CO)O)O)=O
Glucose	G4	C=CC(C(C(CO)O)O)O
Glucose	G4	C=CC(C(CO)(C(CO)O)O)=O
Glucose	G4	C=CC(C(CO)O)O
Glucose	G4	C=CC(C1(COC(C1O)O)O)=O
Glucose	G4	C=CC1(C(C(CO1)O)O)O
Glucose	G4	CC(C(C(C(CO)O)O)O)O
Glucose	G4	CC(C(C(CO)O)O)O
Glucose	G4	CC(C(CO)(C(CO)O)O)O
Glucose	G4	CC(C(CO)(CO)O)O
Glucose	G4	CC(C(CO)O)(C(CO)O)O
Glucose	G4	CC(C(CO)O)O
Glucose	G4	CC(C1(C(C(CO1)O)O)O)O
Glucose	G4	CC(CCO)(C(CO)O)O
Glucose	G4	CC(CO)(C(C(CO)O)O)O
Glucose	G4	CC(CO)(C(CO)(CO)O)O
Glucose	G4	CC(CO)(C(CO)O)O
Glucose	G4	CC(CO)(CCO)O
Glucose	G4	CC1(C(C(C)(C(CO)O1)O)O)O
Glucose	G4	CC1(C(C(CO1)(CCO)O)O)O
Glucose	G4	CC1(C(C(CO1)O)O)O
Glucose	G4	CC1(C(CO)OC(C1O)O)O
Glucose	G4	CC1(C(COC(C)(C1O)O)O)O
Glucose	G4	CC1(C(COC(C1O)O)O)O
Glucose	G5	C(C(C(C(C(C)=O)(C)O)O)O)=O
Glucose	G5	C(C(C(C(C(C)=O)CO)O)O)=O
Glucose	G5	C(C(C(C(C(C)=O)O)=C)O)(O)=O
Glucose	G5	C(C(C(C(C(C)O)=C)=O)O)(O)=O
Glucose	G5	C(C(C(C(C(C)O)O)=C)O)(O)=O
Glucose	G5	C(C(C(C(C(C)O)O)=O)(C)O)=O
Glucose	G5	C(C(C(C(C(C)O)O)=O)C)(O)=O
Glucose	G5	C(C(C(C(C(C=C)O)=O)O)O)=O
Glucose	G5	C(C(C(C(C(C=C)O)O)=O)O)=O
Glucose	G5	C(C(C(C(C(C=C)O)O)O)O)=O
Glucose	G5	C(C(C(C(C(CO)=C)O)=O)O)=O
Glucose	G5	C(C(C(C(C(CO)=C)O)O)O)=O
Glucose	G5	C(C(C(C(C(CO)=O)C)O)O)=O
Glucose	G5	C(C(C(C(C(CO)O)=C)O)O)=O
Glucose	G5	C(C(C(C(C(CO)O)O)=C)O)=O
Glucose	G5	C(C(C(C(C(CO)O)O)=O)C)=O
Glucose	G5	C(C(C(C(C(O)=O)O)=C)(C)O)=O
Glucose	G5	C(C(C(C(C)(C(C)O)O)O)=O)=O
Glucose	G5	C(C(C(C(C)(C(C)O)O)O)O)=O
Glucose	G5	C(C(C(C(C)(CCO)O)O)=O)=O
Glucose	G5	C(C(C(C(C)=O)(C=C)O)O)(O)=O
Glucose	G5	C(C(C(C(C)C(C=O)O)O)O)=O
Glucose	G5	C(C(C(C(C)C(CO)O)=O)O)=O
Glucose	G5	C(C(C(C(C)O)(C(C)O)O)=O)=O
Glucose	G5	C(C(C(C(C)O)(C(C)O)O)O)=O
Glucose	G5	C(C(C(C(C)O)(CCO)O)=O)=O
Glucose	G5	C(C(C(C(C)O)(CCO)O)O)=O
Glucose	G5	C(C(C(C(C)O)=C)O)(O)=O
Glucose	G5	C(C(C(C(C)O)=O)(C)O)(O)=O
Glucose	G5	C(C(C(C(C)O)=O)C(C)O)(O)=O
Glucose	G5	C(C(C(C(C)O)=O)C(CO)O)=O
Glucose	G5	C(C(C(C(C)O)=O)CCO)(O)=O
Glucose	G5	C(C(C(C(C)O)=O)CO)(O)=O
Glucose	G5	C(C(C(C(C)O)C(C)O)=O)(O)=O
Glucose	G5	C(C(C(C(C)O)C(C)O)O)(O)=O
Glucose	G5	C(C(C(C(C)O)O)=O)(CCO)=O
Glucose	G5	C(C(C(C(C)O)O)=O)(O)=O
Glucose	G5	C(C(C(C(C)O)O)CC(O)=O)=O
Glucose	G5	C(C(C(C(C)O)O)CC=O)(O)=O
Glucose	G5	C(C(C(C(C=C)(CO)O)O)O)=O
Glucose	G5	C(C(C(C(C=C)=O)CO)O)(O)=O
Glucose	G5	C(C(C(C(C=C)O)=O)(C)O)(O)=O
Glucose	G5	C(C(C(C(C=C)O)=O)CO)(O)=O
Glucose	G5	C(C(C(C(C=CC)=O)O)O)(O)=O
Glucose	G5	C(C(C(C(C=O)=C)(C)O)O)(O)=O
Glucose	G5	C(C(C(C(C=O)=C)(CO)O)O)=O
Glucose	G5	C(C(C(C(C=O)=C)CO)O)(O)=O
Glucose	G5	C(C(C(C(C=O)=C)O)O)(O)=O
Glucose	G5	C(C(C(C(C=O)=O)O)O)=CCO
Glucose	G5	C(C(C(C(C=O)O)=C)(C)O)(O)=O
Glucose	G5	C(C(C(C(C=O)O)O)CCO)=O
Glucose	G5	C(C(C(C(C=O)O)O)O)(CC)=O
Glucose	G5	C(C(C(C(CC(C)=O)O)O)O)=O
Glucose	G5	C(C(C(C(CC)=O)O)O)(CO)=O
Glucose	G5	C(C(C(C(CC=C)=O)O)O)(O)=O
Glucose	G5	C(C(C(C(CC=O)O)=C)O)(O)=O
Glucose	G5	C(C(C(C(CCCO)O)=O)O)=O
Glucose	G5	C(C(C(C(CCO)=C)O)O)=O
Glucose	G5	C(C(C(C(CCO)=O)=C)O)(O)=O
Glucose	G5	C(C(C(C(CCO)O)=O)C)(O)=O
Glucose	G5	C(C(C(C(CO)(C)O)=C)O)(O)=O
Glucose	G5	C(C(C(C(CO)(C)O)=C)O)=O
Glucose	G5	C(C(C(C(CO)(C)O)=O)(C)O)=O
Glucose	G5	C(C(C(C(CO)(CO)O)=C)O)=O
Glucose	G5	C(C(C(C(CO)(CO)O)=O)C)=O
Glucose	G5	C(C(C(C(CO)=C)(CO)O)O)=O
Glucose	G5	C(C(C(C(CO)=C)=O)O)(O)=O
Glucose	G5	C(C(C(C(CO)=C)CO)O)(O)=O
Glucose	G5	C(C(C(C(CO)=C)CO)O)=O
Glucose	G5	C(C(C(C(CO)=O)(C=C)O)O)=O
Glucose	G5	C(C(C(C(CO)=O)=C)(C)O)(O)=O
Glucose	G5	C(C(C(C(CO)=O)=C)(CO)O)=O
Glucose	G5	C(C(C(C(CO)=O)=C)O)(O)=O
Glucose	G5	C(C(C(C(CO)=O)C=C)O)(O)=O
Glucose	G5	C(C(C(C(CO)C(C)O)O)=O)=O
Glucose	G5	C(C(C(C(CO)C(C)O)O)O)=O
Glucose	G5	C(C(C(C(CO)CCO)O)=O)=O
Glucose	G5	C(C(C(C(CO)CCO)O)O)=O
Glucose	G5	C(C(C(C(CO)CCO)O)O)O
Glucose	G5	C(C(C(C(CO)CO)=O)(C)O)=O
Glucose	G5	C(C(C(C(CO)CO)=O)CO)=O
Glucose	G5	C(C(C(C(CO)CO)O)=O)=O
Glucose	G5	C(C(C(C(CO)CO)O)O)=O
Glucose	G5	C(C(C(C(CO)O)=C)CO)=O
Glucose	G5	C(C(C(C(CO)O)=O)(C=C)O)=O
Glucose	G5	C(C(C(C(CO)O)=O)C)(O)=O
Glucose	G5	C(C(C(C(CO)O)=O)C=C)(O)=O
Glucose	G5	C(C(C(C(CO)O)=O)CCO)=O
Glucose	G5	C(C(C(C(CO)O)O)=O)(CC)=O
Glucose	G5	C(C(C(C(O)=O)=C)(CO)O)=O
Glucose	G5	C(C(C(C(O)=O)=C)O)(O)=O
Glucose	G5	C(C(C(C(O)=O)O)O)(CC)=O
Glucose	G5	C(C(C(C)(C(C)(C)O)O)=O)(O)=O
Glucose	G5	C(C(C(C)(C(C)O)O)=O)(O)=O
Glucose	G5	C(C(C(C)(C(C)O)O)O)(O)=O
Glucose	G5	C(C(C(C)(C(C=C)O)O)O)(O)=O
Glucose	G5	C(C(C(C)(C(C=C)O)O)O)=O
Glucose	G5	C(C(C(C)(C(CCO)O)O)O)=O
Glucose	G5	C(C(C(C)(C(CO)CO)O)O)=O
Glucose	G5	C(C(C(C)(C)O)(CC(O)=O)O)=O
Glucose	G5	C(C(C(C)(C)O)(CC=O)O)(O)=O
Glucose	G5	C(C(C(C)(C)O)C(C(O)=O)O)=O
Glucose	G5	C(C(C(C)(C)O)C(C=O)O)(O)=O
Glucose	G5	C(C(C(C)(CC(C)=O)O)O)(O)=O
Glucose	G5	C(C(C(C)(CC(CO)O)O)O)=O
Glucose	G5	C(C(C(C)(CCO)O)O)(O)=O
Glucose	G5	C(C(C(C)(CO)C(CO)O)=O)=O
Glucose	G5	C(C(C(C)(CO)CO)=O)(O)=O
Glucose	G5	C(C(C(C)(CO)O)CC(O)=O)=O
Glucose	G5	C(C(C(C)(CO)O)CC=O)(O)=O
Glucose	G5	C(C(C(C)=CC(CO)=O)O)(O)=O
Glucose	G5	C(C(C(C)=O)(C(C)(C)O)O)(O)=O
Glucose	G5	C(C(C(C)=O)(C(C=C)O)O)(O)=O
Glucose	G5	C(C(C(C)=O)(C(CO)=C)O)(O)=O
Glucose	G5	C(C(C(C)=O)(C(CO)CO)O)=O
Glucose	G5	C(C(C(C)=O)(CCO)O)(O)=O
Glucose	G5	C(C(C(C)=O)(CO)C(CO)O)=O
Glucose	G5	C(C(C(C)=O)C(C(C)O)O)(O)=O
Glucose	G5	C(C(C(C)=O)C(C)(CO)O)(O)=O
Glucose	G5	C(C(C(C)=O)C(CCO)O)(O)=O
Glucose	G5	C(C(C(C)C(C(C)=O)O)O)(O)=O
Glucose	G5	C(C(C(C)C(C(C)O)O)=O)(O)=O
Glucose	G5	C(C(C(C)C(C(CO)O)O)=O)=O
Glucose	G5	C(C(C(C)C(C)(CO)O)=O)(O)=O
Glucose	G5	C(C(C(C)C(C=O)O)O)(O)=O
Glucose	G5	C(C(C(C)C(CCO)O)=O)(O)=O
Glucose	G5	C(C(C(C)C(CO)(CO)O)=O)=O
Glucose	G5	C(C(C(C)C(CO)O)O)(O)=O
Glucose	G5	C(C(C(C)CC(CO)=O)O)(O)=O
Glucose	G5	C(C(C(C)O)(C(C)(C)O)O)(O)=O
Glucose	G5	C(C(C(C)O)(C(C=C)O)O)(O)=O
Glucose	G5	C(C(C(C)O)(C(C=C)O)O)=O
Glucose	G5	C(C(C(C)O)(C(CO)CO)O)=O
Glucose	G5	C(C(C(C)O)(CC(C)=O)O)(O)=O
Glucose	G5	C(C(C(C)O)(CC(C)O)O)(O)=O
Glucose	G5	C(C(C(C)O)(CC(CO)O)O)=O
Glucose	G5	C(C(C(C)O)=O)(C(C(C)O)O)=O
Glucose	G5	C(C(C(C)O)=O)(C(CCO)O)=O
Glucose	G5	C(C(C(C)O)=O)(C(CO)(C)O)=O
Glucose	G5	C(C(C(C)O)=O)(C(CO)CO)=O
Glucose	G5	C(C(C(C)O)=O)(CC(CO)O)=O
Glucose	G5	C(C(C(C)O)C(C(C)=O)O)(O)=O
Glucose	G5	C(C(C(C)O)C(C(C)O)O)(O)=O
Glucose	G5	C(C(C(C)O)C(C)(C)O)(O)=O
Glucose	G5	C(C(C(C)O)C(C)(CO)O)(O)=O
Glucose	G5	C(C(C(C)O)C(C)O)(O)=O
Glucose	G5	C(C(C(C)O)C(C=C)O)(O)=O
Glucose	G5	C(C(C(C)O)C(C=O)(C)O)(O)=O
Glucose	G5	C(C(C(C)O)C(CCO)O)(O)=O
Glucose	G5	C(C(C(C)O)CC(CO)=O)(O)=O
Glucose	G5	C(C(C(C)O)O)(C(C=C)O)=O
Glucose	G5	C(C(C(C)O)O)(C(CO)(C)O)=O
Glucose	G5	C(C(C(C)O)O)(CCCO)=O
Glucose	G5	C(C(C(C)O)O)=CC(C(O)=O)=O
Glucose	G5	C(C(C(C=C(C)CO)O)O)(O)=O
Glucose	G5	C(C(C(C=C(CO)C)=O)O)(O)=O
Glucose	G5	C(C(C(C=C)(C(C=O)O)O)O)=O
Glucose	G5	C(C(C(C=C)(C(CO)O)O)O)=O
Glucose	G5	C(C(C(C=C)=O)(C(C)O)O)(O)=O
Glucose	G5	C(C(C(C=C)=O)(C(CO)O)O)=O
Glucose	G5	C(C(C(C=C)=O)(CO)O)(O)=O
Glucose	G5	C(C(C(C=C)CO)O)(O)=O
Glucose	G5	C(C(C(C=C)O)O)(C(C)O)=O
Glucose	G5	C(C(C(C=C)O)O)(C(CO)O)=O
Glucose	G5	C(C(C(C=C)O)O)(CCO)=O
Glucose	G5	C(C(C(C=C)O)O)(O)=O
Glucose	G5	C(C(C(C=CC(C)=O)O)O)(O)=O
Glucose	G5	C(C(C(C=CC(C)O)=O)O)(O)=O
Glucose	G5	C(C(C(C=CC)(CO)O)O)(O)=O
Glucose	G5	C(C(C(C=CC)(CO)O)O)=O
Glucose	G5	C(C(C(C=CC)=O)(CO)O)(O)=O
Glucose	G5	C(C(C(C=CC)O)O)(O)=O
Glucose	G5	C(C(C(C=CC=O)(C)O)O)(O)=O
Glucose	G5	C(C(C(C=CC=O)CO)O)(O)=O
Glucose	G5	C(C(C(C=CCO)(CO)O)O)=O
Glucose	G5	C(C(C(C=O)(C(C=C)O)O)O)=O
Glucose	G5	C(C(C(C=O)(CC=C)O)O)(O)=O
Glucose	G5	C(C(C(C=O)=C)(C(C)O)O)(O)=O
Glucose	G5	C(C(C(C=O)=C)(CCO)O)(O)=O
Glucose	G5	C(C(C(C=O)=C)(CO)O)(O)=O
Glucose	G5	C(C(C(C=O)=CC(C)O)O)(O)=O
Glucose	G5	C(C(C(C=O)C(C=C)O)O)(O)=O
Glucose	G5	C(C(C(C=O)O)C(C=C)O)(O)=O
Glucose	G5	C(C(C(C=O)O)O)(C(CO)C)=O
Glucose	G5	C(C(C(CC(C(C)O)O)O)=O)=O
Glucose	G5	C(C(C(CC(C(C)O)O)O)O)=O
Glucose	G5	C(C(C(CC(C(O)=O)O)=C)O)=O
Glucose	G5	C(C(C(CC(C)O)=O)(C)O)(O)=O
Glucose	G5	C(C(C(CC(C)O)=O)CO)(O)=O
Glucose	G5	C(C(C(CC(C)O)O)=O)(O)=O
Glucose	G5	C(C(C(CC(C=C)O)=O)O)(O)=O
Glucose	G5	C(C(C(CC(C=O)=C)O)O)(O)=O
Glucose	G5	C(C(C(CC(CCO)O)O)=O)=O
Glucose	G5	C(C(C(CC(CCO)O)O)O)=O
Glucose	G5	C(C(C(CC(CCO)O)O)O)O
Glucose	G5	C(C(C(CC(CO)=C)O)O)(O)=O
Glucose	G5	C(C(C(CC(CO)=C)O)O)=O
Glucose	G5	C(C(C(CC(CO)=O)=C)O)(O)=O
Glucose	G5	C(C(C(CC(CO)CO)O)=O)=O
Glucose	G5	C(C(C(CC(CO)O)=O)(C)O)=O
Glucose	G5	C(C(C(CC(CO)O)=O)C)(O)=O
Glucose	G5	C(C(C(CC(O)=O)O)C(C)O)=O
Glucose	G5	C(C(C(CC)=O)(C(C)O)O)(O)=O
Glucose	G5	C(C(C(CC)=O)(C(CO)O)O)=O
Glucose	G5	C(C(C(CC)=O)(CCO)O)(O)=O
Glucose	G5	C(C(C(CC)=O)(CO)O)(O)=O
Glucose	G5	C(C(C(CC=C)=O)(CO)O)(O)=O
Glucose	G5	C(C(C(CC=C)O)O)(O)=O
Glucose	G5	C(C(C(CC=CC=O)O)O)(O)=O
Glucose	G5	C(C(C(CC=O)O)C(C)O)(O)=O
Glucose	G5	C(C(C(CCC(C)O)=O)O)(O)=O
Glucose	G5	C(C(C(CCC(CO)O)=O)O)=O
Glucose	G5	C(C(C(CCCCO)=O)O)(O)=O
Glucose	G5	C(C(C(CCCO)=O)(C)O)(O)=O
Glucose	G5	C(C(C(CCCO)O)=O)(O)=O
Glucose	G5	C(C(C(CCCO)O)O)(O)=O
Glucose	G5	C(C(C(CCCO)O)O)=O
Glucose	G5	C(C(C(CCO)(CCO)O)O)=O
Glucose	G5	C(C(C(CCO)(CCO)O)O)O
Glucose	G5	C(C(C(CCO)=O)(C)O)(O)=O
Glucose	G5	C(C(C(CCO)=O)(C=C)O)(O)=O
Glucose	G5	C(C(C(CCO)=O)(CCO)O)=O
Glucose	G5	C(C(C(CCO)=O)C(C)O)(O)=O
Glucose	G5	C(C(C(CCO)=O)CCO)(O)=O
Glucose	G5	C(C(C(CCO)=O)CO)(O)=O
Glucose	G5	C(C(C(CCO)C(CO)O)=O)=O
Glucose	G5	C(C(C(CCO)O)=O)(CCO)=O
Glucose	G5	C(C(C(CCO)O)=O)(O)=O
Glucose	G5	C(C(C(CCO)O)CC(O)=O)=O
Glucose	G5	C(C(C(CCO)O)CC=O)(O)=O
Glucose	G5	C(C(C(CO)(C(C=C)O)O)O)=O
Glucose	G5	C(C(C(CO)(C)O)=O)(O)=O
Glucose	G5	C(C(C(CO)(C)O)O)=CC=O
Glucose	G5	C(C(C(CO)(CC(C)=O)O)O)=O
Glucose	G5	C(C(C(CO)(CC(C)O)O)=O)=O
Glucose	G5	C(C(C(CO)(CC=C)O)O)(O)=O
Glucose	G5	C(C(C(CO)(CC=C)O)O)=O
Glucose	G5	C(C(C(CO)(CCCO)O)=O)=O
Glucose	G5	C(C(C(CO)(CCCO)O)O)=O
Glucose	G5	C(C(C(CO)(CO)C(C)O)O)=O
Glucose	G5	C(C(C(CO)(CO)CCO)=O)=O
Glucose	G5	C(C(C(CO)(CO)CO)O)=O
Glucose	G5	C(C(C(CO)(CO)O)O)=CCO
Glucose	G5	C(C(C(CO)=C)(C(C)O)O)(O)=O
Glucose	G5	C(C(C(CO)=C)(C(C)O)O)=O
Glucose	G5	C(C(C(CO)=C)(CC(O)=O)O)=O
Glucose	G5	C(C(C(CO)=C)(CC=O)O)(O)=O
Glucose	G5	C(C(C(CO)=C)(CCO)O)=O
Glucose	G5	C(C(C(CO)=C)(CO)O)(O)=O
Glucose	G5	C(C(C(CO)=C)C(C(O)=O)O)=O
Glucose	G5	C(C(C(CO)=C)C(C=O)O)(O)=O
Glucose	G5	C(C(C(CO)=C)C(CO)O)=O
Glucose	G5	C(C(C(CO)=CC(C)O)O)(O)=O
Glucose	G5	C(C(C(CO)=O)(C(C=C)O)O)=O
Glucose	G5	C(C(C(CO)=O)(C(CO)=C)O)=O
Glucose	G5	C(C(C(CO)=O)(C=C)CO)(O)=O
Glucose	G5	C(C(C(CO)=O)(C=C)O)(O)=O
Glucose	G5	C(C(C(CO)=O)(CC(C)O)O)=O
Glucose	G5	C(C(C(CO)=O)C(C)(C)O)(O)=O
Glucose	G5	C(C(C(CO)=O)C(C=C)O)(O)=O
Glucose	G5	C(C(C(CO)=O)C(CO)=C)(O)=O
Glucose	G5	C(C(C(CO)=O)C(CO)CO)=O
Glucose	G5	C(C(C(CO)=O)CC(C)O)(O)=O
Glucose	G5	C(C(C(CO)=O)CC(CO)O)=O
Glucose	G5	C(C(C(CO)=O)CCCO)(O)=O
Glucose	G5	C(C(C(CO)=O)CCO)(O)=O
Glucose	G5	C(C(C(CO)=O)O)(C(C=C)O)=O
Glucose	G5	C(C(C(CO)C(C(C)O)O)O)=O
Glucose	G5	C(C(C(CO)C(C)(C)O)=O)(O)=O
Glucose	G5	C(C(C(CO)C(CCO)O)O)=O
Glucose	G5	C(C(C(CO)C(CCO)O)O)O
Glucose	G5	C(C(C(CO)C(CO)CO)=O)=O
Glucose	G5	C(C(C(CO)C)(C(C=O)O)O)=O
Glucose	G5	C(C(C(CO)C)(CC=O)O)(O)=O
Glucose	G5	C(C(C(CO)C)O)(C(CO)O)=O
Glucose	G5	C(C(C(CO)C)O)(CCO)=O
Glucose	G5	C(C(C(CO)C)O)(O)=O
Glucose	G5	C(C(C(CO)CC(C)=O)O)(O)=O
Glucose	G5	C(C(C(CO)CC(C)O)=O)(O)=O
Glucose	G5	C(C(C(CO)CC(CO)O)=O)=O
Glucose	G5	C(C(C(CO)CCO)O)(O)=O
Glucose	G5	C(C(C(CO)CCO)O)=O
Glucose	G5	C(C(C(CO)CO)C(C=O)O)=O
Glucose	G5	C(C(C(CO)CO)CC(O)=O)=O
Glucose	G5	C(C(C(CO)CO)CC=O)(O)=O
Glucose	G5	C(C(C(CO)CO)O)(C(C)O)=O
Glucose	G5	C(C(C(CO)CO)O)(CCO)=O
Glucose	G5	C(C(C(CO)CO)O)=CC=O
Glucose	G5	C(C(C(CO)O)(C(C=C)O)O)=O
Glucose	G5	C(C(C(CO)O)(C(CO)C)O)=O
Glucose	G5	C(C(C(CO)O)(CC(C)=O)O)=O
Glucose	G5	C(C(C(CO)O)(CC(C)O)O)=O
Glucose	G5	C(C(C(CO)O)(CC)O)(O)=O
Glucose	G5	C(C(C(CO)O)=O)(CC(C)O)=O
Glucose	G5	C(C(C(CO)O)=O)(CCCO)=O
Glucose	G5	C(C(C(CO)O)C(C)(C)O)(O)=O
Glucose	G5	C(C(C(CO)O)C(C)O)(O)=O
Glucose	G5	C(C(C(CO)O)C(C=C)O)(O)=O
Glucose	G5	C(C(C(CO)O)C(C=C)O)=O
Glucose	G5	C(C(C(CO)O)C(C=O)CO)=O
Glucose	G5	C(C(C(CO)O)C(CO)O)O
Glucose	G5	C(C(C(CO)O)CC(O)=O)=O
Glucose	G5	C(C(C(CO)O)CC=O)(O)=O
Glucose	G5	C(C(C(CO)O)O)(C(C=C)O)=O
Glucose	G5	C(C(C(CO)O)O)(C(CO)C)=O
Glucose	G5	C(C(C(CO)O)O)(CC)=O
Glucose	G5	C(C(C(CO)O)O)(CC=C)=O
Glucose	G5	C(C(C(O)=O)(C=C)O)(O)=O
Glucose	G5	C(C(C(O)=O)C(C)O)(O)=O
Glucose	G5	C(C(C(O)=O)CO)(O)=O
Glucose	G5	C(C(C(O)=O)O)(C(C=C)CO)=O
Glucose	G5	C(C(C(O)=O)O)(CC(CO)=C)=O
Glucose	G5	C(C(C)(C(C(C)=O)CO)O)(O)=O
Glucose	G5	C(C(C)(C(C(C=C)O)O)O)(O)=O
Glucose	G5	C(C(C)(C(C(C=C)O)O)O)=O
Glucose	G5	C(C(C)(C(C(CC)=O)O)O)(O)=O
Glucose	G5	C(C(C)(C(C(CO)(C)O)O)O)=O
Glucose	G5	C(C(C)(C(C(CO)=O)C)O)(O)=O
Glucose	G5	C(C(C)(C(C(CO)CO)O)O)=O
Glucose	G5	C(C(C)(C(C(O)=O)O)O)(CC)=O
Glucose	G5	C(C(C)(C(C)(C)O)O)(O)=O
Glucose	G5	C(C(C)(C(C)(CC(O)=O)O)O)=O
Glucose	G5	C(C(C)(C(C)(CCO)O)O)(O)=O
Glucose	G5	C(C(C)(C(C)(CCO)O)O)=O
Glucose	G5	C(C(C)(C(C)C(C=O)O)O)(O)=O
Glucose	G5	C(C(C)(C(C)C(CO)O)O)(O)=O
Glucose	G5	C(C(C)(C(C=C)O)O)(O)=O
Glucose	G5	C(C(C)(C(C=CC(O)=O)O)O)=O
Glucose	G5	C(C(C)(C(C=CCO)O)O)(O)=O
Glucose	G5	C(C(C)(C(C=CCO)O)O)=O
Glucose	G5	C(C(C)(C(C=O)(CC)O)O)(O)=O
Glucose	G5	C(C(C)(C(C=O)O)O)(CCO)=O
Glucose	G5	C(C(C)(C(CC(O)=O)O)O)=O
Glucose	G5	C(C(C)(C(CCC(O)=O)O)O)=O
Glucose	G5	C(C(C)(C(CCC=O)O)O)(O)=O
Glucose	G5	C(C(C)(C(CO)C(C)O)O)(O)=O
Glucose	G5	C(C(C)(C(CO)C(C)O)O)=O
Glucose	G5	C(C(C)(C(CO)C(CO)O)O)=O
Glucose	G5	C(C(C)(C(CO)C)O)(O)=O
Glucose	G5	C(C(C)(C(CO)CC(O)=O)O)=O
Glucose	G5	C(C(C)(C(CO)CC=O)O)(O)=O
Glucose	G5	C(C(C)(C(CO)CCO)O)(O)=O
Glucose	G5	C(C(C)(C(CO)CO)O)(O)=O
Glucose	G5	C(C(C)(C(CO)CO)O)=O
Glucose	G5	C(C(C)(CC(C(C)=O)O)O)(O)=O
Glucose	G5	C(C(C)(CC(C(C)O)=O)O)(O)=O
Glucose	G5	C(C(C)(CC(C(C)O)O)O)(O)=O
Glucose	G5	C(C(C)(CC(C(CO)O)O)O)=O
Glucose	G5	C(C(C)(CC(C)O)O)(O)=O
Glucose	G5	C(C(C)(CC(C=O)(C)O)O)(O)=O
Glucose	G5	C(C(C)(CC(CC(O)=O)O)O)=O
Glucose	G5	C(C(C)(CC(CC=O)O)O)(O)=O
Glucose	G5	C(C(C)(CC(CCO)=O)O)(O)=O
Glucose	G5	C(C(C)(CC(CCO)O)O)(O)=O
Glucose	G5	C(C(C)(CC(CCO)O)O)=O
Glucose	G5	C(C(C)(CC(CO)(C)O)O)(O)=O
Glucose	G5	C(C(C)(CC(O)=O)O)(O)=O
Glucose	G5	C(C(C)(CC=O)O)(C(CO)O)=O
Glucose	G5	C(C(C)(CCC(C(O)=O)O)O)=O
Glucose	G5	C(C(C)(CCC(C=O)O)O)(O)=O
Glucose	G5	C(C(C)(CCC(O)=O)O)(O)=O
Glucose	G5	C(C(C)(CCCC(O)=O)O)(O)=O
Glucose	G5	C(C(C)(CCO)O)(O)=O
Glucose	G5	C(C(C)=O)(C(C(CO)CO)O)=O
Glucose	G5	C(C(C)=O)(C(C)(C(CO)O)O)=O
Glucose	G5	C(C(C)=O)(C(CC(CO)O)O)=O
Glucose	G5	C(C(C)=O)(C(CO)(C(C)O)O)=O
Glucose	G5	C(C(C)=O)(C(CO)(CCO)O)=O
Glucose	G5	C(C(C)=O)(C(CO)(CO)CO)=O
Glucose	G5	C(C(C)=O)(C(CO)(CO)O)=O
Glucose	G5	C(C(C)C(C(C(C=O)O)O)O)=O
Glucose	G5	C(C(C)C(C(C(CO)=O)O)O)=O
Glucose	G5	C(C(C)C(C(C(CO)O)O)O)=O
Glucose	G5	C(C(C)C(C(C)=O)(CO)O)(O)=O
Glucose	G5	C(C(C)C(C(CCO)=O)O)(O)=O
Glucose	G5	C(C(C)C(C(CO)=O)CO)(O)=O
Glucose	G5	C(C(C)C(C(CO)=O)O)(O)=O
Glucose	G5	C(C(C)C(C(CO)O)O)=O
Glucose	G5	C(C(C)C(C(O)=O)(C(C)O)O)=O
Glucose	G5	C(C(C)C(C(O)=O)(CCO)O)=O
Glucose	G5	C(C(C)C(C(O)=O)(CO)O)=O
Glucose	G5	C(C(C)C(C(O)=O)O)(C(C)O)=O
Glucose	G5	C(C(C)C(C(O)=O)O)(O)=O
Glucose	G5	C(C(C)C(C=O)(CO)O)(O)=O
Glucose	G5	C(C(C)C(C=O)O)(C(CO)O)=O
Glucose	G5	C(C(C)C(CO)(C(C=O)O)O)=O
Glucose	G5	C(C(C)C(CO)(C(CO)O)O)=O
Glucose	G5	C(C(C)C(CO)(CO)O)=O
Glucose	G5	C(C(C)C(CO)C(C(O)=O)O)=O
Glucose	G5	C(C(C)C(CO)C(C=O)O)(O)=O
Glucose	G5	C(C(C)C1(C(O)OCC1O)O)=O
Glucose	G5	C(C(C)CC(C(C(O)=O)O)O)=O
Glucose	G5	C(C(C)CC(C(CO)O)=O)(O)=O
Glucose	G5	C(C(C)O)(C(C(C(C)O)=O)O)=O
Glucose	G5	C(C(C)O)(C(C(CO)=O)(C)O)=O
Glucose	G5	C(C(C)O)(C(C)(C(C)O)O)=O
Glucose	G5	C(C(C)O)(C(C=C)(CO)O)=O
Glucose	G5	C(C(C)O)(C(CO)(C(C)O)O)=O
Glucose	G5	C(C(C)O)(CC(C(C=O)O)O)=O
Glucose	G5	C(C(C)O)(CC(CO)O)=O
Glucose	G5	C(C(C1(C(C(CO1)O)=C)O)O)=O
Glucose	G5	C(C(C1(C(C=CC1O)=O)O)O)=O
Glucose	G5	C(C(C1(C(CO)=CCO1)O)O)=O
Glucose	G5	C(C(C1(C(COC1O)=C)O)O)=O
Glucose	G5	C(C(C1(C(OCC1O)=C)O)O)=O
Glucose	G5	C(C(C1(C=CC(C1O)=O)O)O)=O
Glucose	G5	C(C(C1C(C(C(C=1)=O)O)O)O)=O
Glucose	G5	C(C(C1C(C(C(C=1)O)O)=O)O)=O
Glucose	G5	C(C(C1C(C(C(O)O1)=C)O)O)=O
Glucose	G5	C(C(C1C(C(C(O1)=C)O)O)O)=O
Glucose	G5	C(C(C1C(C(C(O1)O)O)=C)O)=O
Glucose	G5	C(C(C1C(CCO1)O)O)(O)=O
Glucose	G5	C(C(C1C(O)OCC=1)O)(O)=O
Glucose	G5	C(C(C1C(O)OCC=1CO)O)=O
Glucose	G5	C(C(C1C(OCC=1)O)(C)O)(O)=O
Glucose	G5	C(C(C1CC(C(C1O)=O)O)O)=O
Glucose	G5	C(C(C1CC(C(C1O)O)O)=O)=O
Glucose	G5	C(C(C1COC(C1(C)O)O)O)=O
Glucose	G5	C(C(C1COC(C=1)O)(C)O)(O)=O
Glucose	G5	C(C(C1COC(C=1)O)O)(O)=O
Glucose	G5	C(C(C=C(C(O)=O)C)(CO)O)=O
Glucose	G5	C(C(C=C(C(O)=O)C)O)(O)=O
Glucose	G5	C(C(C=C(CO)C)O)(O)=O
Glucose	G5	C(C(C=C)(C(C(C)=O)O)O)(O)=O
Glucose	G5	C(C(C=C)(C(C(C)O)O)O)(O)=O
Glucose	G5	C(C(C=C)(C(C(C)O)O)O)=O
Glucose	G5	C(C(C=C)(C(C(CO)O)O)O)=O
Glucose	G5	C(C(C=C)(C(C(O)=O)CO)O)=O
Glucose	G5	C(C(C=C)(C(C)O)O)(O)=O
Glucose	G5	C(C(C=C)(C(C=C)O)O)(O)=O
Glucose	G5	C(C(C=C)(C(C=O)(C)O)O)(O)=O
Glucose	G5	C(C(C=C)(C(C=O)CO)O)(O)=O
Glucose	G5	C(C(C=C)(C(C=O)O)O)(O)=O
Glucose	G5	C(C(C=C)(C(CC(O)=O)O)O)=O
Glucose	G5	C(C(C=C)(C(CC=O)O)O)(O)=O
Glucose	G5	C(C(C=C)(C(CCO)O)O)(O)=O
Glucose	G5	C(C(C=C)(C(CCO)O)O)=O
Glucose	G5	C(C(C=C)(C(CO)(C)O)O)(O)=O
Glucose	G5	C(C(C=C)(C(CO)(C)O)O)=O
Glucose	G5	C(C(C=C)(C(CO)(CO)O)O)=O
Glucose	G5	C(C(C=C)(C(CO)CO)O)=O
Glucose	G5	C(C(C=C)(CC(C=O)O)O)(O)=O
Glucose	G5	C(C(C=C)(CC(CO)=O)O)(O)=O
Glucose	G5	C(C(C=C)(CC(O)=O)O)(O)=O
Glucose	G5	C(C(C=C)(CCC(O)=O)O)(O)=O
Glucose	G5	C(C(C=C)(CCO)O)(O)=O
Glucose	G5	C(C(C=C)(CO)O)(O)=O
Glucose	G5	C(C(C=C)C(C(O)=O)(CO)O)=O
Glucose	G5	C(C(C=C1COC(C1O)O)O)=O
Glucose	G5	C(C(C=CC(C(C)=O)O)O)(O)=O
Glucose	G5	C(C(C=CC(C(O)=O)O)CO)=O
Glucose	G5	C(C(C=CC(C)=O)(CO)O)(O)=O
Glucose	G5	C(C(C=CC(C)O)O)(O)=O
Glucose	G5	C(C(C=CC(CC=O)O)O)(O)=O
Glucose	G5	C(C(C=CC(CCO)=O)O)(O)=O
Glucose	G5	C(C(C=CC(CO)(C)O)O)(O)=O
Glucose	G5	C(C(C=CC(CO)=O)(C)O)(O)=O
Glucose	G5	C(C(C=CC(O)=O)(C)O)(O)=O
Glucose	G5	C(C(C=CC)(C(C(O)=O)O)O)=O
Glucose	G5	C(C(C=CC=O)(CCO)O)(O)=O
Glucose	G5	C(C(C=CCC(CO)=O)O)(O)=O
Glucose	G5	C(C(C=CCC=O)(CO)O)(O)=O
Glucose	G5	C(C(C=CCCO)O)(O)=O
Glucose	G5	C(C(C=CCO)(C(C=O)O)O)=O
Glucose	G5	C(C(C=CCO)(C)O)(O)=O
Glucose	G5	C(C(C=CCO)O)(O)=O
Glucose	G5	C(C(C=O)(C(C)(C)O)O)(O)=O
Glucose	G5	C(C(C=O)(C(C)(CCO)O)O)=O
Glucose	G5	C(C(C=O)(C(C)O)C(C)O)(O)=O
Glucose	G5	C(C(C=O)(C(C=C)O)O)(O)=O
Glucose	G5	C(C(C=O)(C(CO)=C)O)(O)=O
Glucose	G5	C(C(C=O)(C(CO)CCO)O)=O
Glucose	G5	C(C(C=O)(C(CO)CO)O)=O
Glucose	G5	C(C(C=O)(C=CCO)O)(O)=O
Glucose	G5	C(C(C=O)(CCCO)O)(O)=O
Glucose	G5	C(C(C=O)(CO)C(C(C)O)O)=O
Glucose	G5	C(C(C=O)(CO)C(C)(CO)O)=O
Glucose	G5	C(C(C=O)(CO)C(C)O)(O)=O
Glucose	G5	C(C(C=O)(CO)C(CCO)O)=O
Glucose	G5	C(C(C=O)(CO)C(CO)O)=O
Glucose	G5	C(C(C=O)(CO)CO)(O)=O
Glucose	G5	C(C(C=O)C(C(C)(CO)O)O)=O
Glucose	G5	C(C(C=O)C(C(C)O)O)(O)=O
Glucose	G5	C(C(C=O)C(C(C=C)O)O)(O)=O
Glucose	G5	C(C(C=O)C(C(CO)CO)O)=O
Glucose	G5	C(C(C=O)C(C(CO)O)=C)(O)=O
Glucose	G5	C(C(C=O)C(C)(CCO)O)(O)=O
Glucose	G5	C(C(C=O)C(C=C)(CO)O)(O)=O
Glucose	G5	C(C(C=O)C(C=CCO)O)(O)=O
Glucose	G5	C(C(C=O)C(CC(C)O)O)(O)=O
Glucose	G5	C(C(C=O)C(CCO)O)(O)=O
Glucose	G5	C(C(C=O)CC(C(CO)O)O)=O
Glucose	G5	C(C(C=O)O)(C(C=CCO)O)=O
Glucose	G5	C(C(CC(C(C)(CO)O)O)=O)=O
Glucose	G5	C(C(CC(C(C)=O)(C)O)O)(O)=O
Glucose	G5	C(C(CC(C(C)=O)(CO)O)O)=O
Glucose	G5	C(C(CC(C(C)=O)CO)O)(O)=O
Glucose	G5	C(C(CC(C(C)O)O)O)(O)=O
Glucose	G5	C(C(CC(C(C=C)=O)O)O)(O)=O
Glucose	G5	C(C(CC(C(C=C)O)=O)O)(O)=O
Glucose	G5	C(C(CC(C(C=O)=C)O)O)(O)=O
Glucose	G5	C(C(CC(C(CO)(C)O)O)O)=O
Glucose	G5	C(C(CC(C(CO)=C)=O)O)(O)=O
Glucose	G5	C(C(CC(C(CO)=O)(C)O)O)=O
Glucose	G5	C(C(CC(C(CO)=O)=C)O)(O)=O
Glucose	G5	C(C(CC(C(CO)=O)C)O)(O)=O
Glucose	G5	C(C(CC(C(CO)=O)CO)O)=O
Glucose	G5	C(C(CC(C(CO)CO)O)O)=O
Glucose	G5	C(C(CC(C(CO)CO)O)O)O
Glucose	G5	C(C(CC(C(CO)O)=C)O)(O)=O
Glucose	G5	C(C(CC(C(O)=O)=C)O)(O)=O
Glucose	G5	C(C(CC(C(O)=O)=O)O)=CCO
Glucose	G5	C(C(CC(C(O)=O)O)CCO)=O
Glucose	G5	C(C(CC(C)(CCO)O)=O)(O)=O
Glucose	G5	C(C(CC(C)O)(CC=O)O)(O)=O
Glucose	G5	C(C(CC(C)O)C(C(O)=O)O)=O
Glucose	G5	C(C(CC(C)O)O)(C(C)O)=O
Glucose	G5	C(C(CC(C)O)O)(C(CO)O)=O
Glucose	G5	C(C(CC(C=C)O)O)(O)=O
Glucose	G5	C(C(CC(C=CC=O)O)O)(O)=O
Glucose	G5	C(C(CC(C=O)O)(CC)O)(O)=O
Glucose	G5	C(C(CC(C=O)O)C(CO)O)=O
Glucose	G5	C(C(CC(C=O)O)CCO)(O)=O
Glucose	G5	C(C(CC(CC(C)=O)O)O)(O)=O
Glucose	G5	C(C(CC(CC(C)O)O)O)(O)=O
Glucose	G5	C(C(CC(CCO)O)O)O
Glucose	G5	C(C(CC(CO)(CCO)O)O)O
Glucose	G5	C(C(CC(CO)=C)O)(O)=O
Glucose	G5	C(C(CC(CO)C(C=O)O)O)=O
Glucose	G5	C(C(CC(CO)O)C(C=O)O)=O
Glucose	G5	C(C(CC(CO)O)CC(O)=O)=O
Glucose	G5	C(C(CC(CO)O)CC=O)(O)=O
Glucose	G5	C(C(CC(CO)O)O)(C(C)O)=O
Glucose	G5	C(C(CC(CO)O)O)(CCO)=O
Glucose	G5	C(C(CC(CO)O)O)O
Glucose	G5	C(C(CC)(C(C(C)=O)O)O)(O)=O
Glucose	G5	C(C(CC)(C(C(CO)=O)O)O)=O
Glucose	G5	C(C(CC)(C(C(O)=O)O)O)=O
Glucose	G5	C(C(CC)(C(C=O)(C)O)O)(O)=O
Glucose	G5	C(C(CC)(C(C=O)(CO)O)O)=O
Glucose	G5	C(C(CC)(C(C=O)O)O)(O)=O
Glucose	G5	C(C(CC)(CC(CO)=O)O)(O)=O
Glucose	G5	C(C(CC)=O)(C(CO)(CO)O)=O
Glucose	G5	C(C(CC=CC(CO)=O)O)(O)=O
Glucose	G5	C(C(CC=CC(O)=O)O)(O)=O
Glucose	G5	C(C(CC=CCO)O)(O)=O
Glucose	G5	C(C(CC=O)(C(C=C)O)O)(O)=O
Glucose	G5	C(C(CCC(C(C)=O)O)O)(O)=O
Glucose	G5	C(C(CCC(C(C)O)O)=O)(O)=O
Glucose	G5	C(C(CCC(C)(CO)O)=O)(O)=O
Glucose	G5	C(C(CCC(C)O)O)(O)=O
Glucose	G5	C(C(CCC(CCO)O)=O)(O)=O
Glucose	G5	C(C(CCC(CO)CO)=O)(O)=O
Glucose	G5	C(C(CCC(CO)O)O)(O)=O
Glucose	G5	C(C(CCC(O)=O)(C(C)O)O)=O
Glucose	G5	C(C(CCC(O)=O)(CCO)O)=O
Glucose	G5	C(C(CCC(O)=O)(CO)CO)=O
Glucose	G5	C(C(CCC(O)=O)C(C)O)(O)=O
Glucose	G5	C(C(CCC(O)=O)C(CO)O)=O
Glucose	G5	C(C(CCC(O)=O)CO)(O)=O
Glucose	G5	C(C(CCC=O)(C(C)O)O)(O)=O
Glucose	G5	C(C(CCC=O)(C(CO)O)O)=O
Glucose	G5	C(C(CCC=O)(CCO)O)(O)=O
Glucose	G5	C(C(CCC=O)C(CO)O)(O)=O
Glucose	G5	C(C(CCCC(C=O)O)O)(O)=O
Glucose	G5	C(C(CCCC(CO)O)=O)(O)=O
Glucose	G5	C(C(CCCCO)O)(O)=O
Glucose	G5	C(C(CCCO)(C(C=O)O)O)=O
Glucose	G5	C(C(CCCO)(CC=O)O)(O)=O
Glucose	G5	C(C(CCCO)C(C(O)=O)O)=O
Glucose	G5	C(C(CCCO)O)(C(CO)O)=O
Glucose	G5	C(C(CCCO)O)(O)=O
Glucose	G5	C(C(CCO)(C(C)(C)O)O)(O)=O
Glucose	G5	C(C(CCO)(C(C=C)O)O)(O)=O
Glucose	G5	C(C(CCO)(C(C=C)O)O)=O
Glucose	G5	C(C(CCO)(C(CCO)O)O)O
Glucose	G5	C(C(CCO)(C(CO)C)O)(O)=O
Glucose	G5	C(C(CCO)(C(CO)CO)O)=O
Glucose	G5	C(C(CCO)(C(CO)CO)O)O
Glucose	G5	C(C(CCO)(CC(C)=O)O)(O)=O
Glucose	G5	C(C(CCO)(CC(CO)O)O)=O
Glucose	G5	C(C(CCO)(CC)O)(O)=O
Glucose	G5	C(C(CCO)=O)(C(CO)(C)O)=O
Glucose	G5	C(C(CCO)C(C(C)=O)O)(O)=O
Glucose	G5	C(C(CCO)C(C(CO)O)O)=O
Glucose	G5	C(C(CCO)C(C(O)=O)(C)O)=O
Glucose	G5	C(C(CCO)C(C=O)O)(O)=O
Glucose	G5	C(C(CCO)C(CO)(CO)O)=O
Glucose	G5	C(C(CCO)C(CO)O)=O
Glucose	G5	C(C(CCO)CC(CO)=O)(O)=O
Glucose	G5	C(C(CCO)O)(C(C(C)O)O)=O
Glucose	G5	C(C(CCO)O)(C(C=C)O)=O
Glucose	G5	C(C(CCO)O)(C(CCO)O)=O
Glucose	G5	C(C(CCO)O)(C(CO)CO)=O
Glucose	G5	C(C(CCO)O)(CC(C)O)=O
Glucose	G5	C(C(CCO)O)(CC(CO)O)=O
Glucose	G5	C(C(CCO)O)=CC(CO)=O
Glucose	G5	C(C(CCO)O)=CC(O)=O
Glucose	G5	C(C(CO)(C(C(C)=O)CO)O)=O
Glucose	G5	C(C(CO)(C(C(C=O)=C)O)O)=O
Glucose	G5	C(C(CO)(C(C(CC)=O)O)O)=O
Glucose	G5	C(C(CO)(C(C)(C)O)O)(O)=O
Glucose	G5	C(C(CO)(C(C)(CCO)O)O)=O
Glucose	G5	C(C(CO)(C(C)O)C(C)O)=O
Glucose	G5	C(C(CO)(C(C=C)O)O)(O)=O
Glucose	G5	C(C(CO)(C(C=C)O)O)=O
Glucose	G5	C(C(CO)(C(C=O)O)O)(CC)=O
Glucose	G5	C(C(CO)(C(CCC=O)O)O)=O
Glucose	G5	C(C(CO)(C(CCO)O)O)O
Glucose	G5	C(C(CO)(C(CO)C(C)O)O)=O
Glucose	G5	C(C(CO)(C(CO)C)O)(O)=O
Glucose	G5	C(C(CO)(C(CO)C)O)=O
Glucose	G5	C(C(CO)(C(CO)CC=O)O)=O
Glucose	G5	C(C(CO)(C(CO)CCO)O)=O
Glucose	G5	C(C(CO)(C(CO)CO)O)=O
Glucose	G5	C(C(CO)(C(CO)CO)O)O
Glucose	G5	C(C(CO)(C(CO)O)C(C)O)=O
Glucose	G5	C(C(CO)(C(CO)O)CC=O)=O
Glucose	G5	C(C(CO)(C(CO)O)O)=CC=O
Glucose	G5	C(C(CO)(C)C(C(CO)=O)O)=O
Glucose	G5	C(C(CO)(C)C(C(O)=O)O)=O
Glucose	G5	C(C(CO)(C)C(C=O)(CO)O)=O
Glucose	G5	C(C(CO)(C)O)(C(C(C)=O)O)=O
Glucose	G5	C(C(CO)(C)O)(C(C=C)O)=O
Glucose	G5	C(C(CO)(C)O)(C(CO)(C)O)=O
Glucose	G5	C(C(CO)(C)O)(CC(CO)=O)=O
Glucose	G5	C(C(CO)(C)O)=CC(O)=O
Glucose	G5	C(C(CO)(CC(C(C)=O)O)O)=O
Glucose	G5	C(C(CO)(CC(C(C)O)=O)O)=O
Glucose	G5	C(C(CO)(CC(C(O)=O)=C)O)=O
Glucose	G5	C(C(CO)(CC(C)O)O)(O)=O
Glucose	G5	C(C(CO)(CC(C=C)=O)O)(O)=O
Glucose	G5	C(C(CO)(CC(CCO)O)O)=O
Glucose	G5	C(C(CO)(CC(CCO)O)O)O
Glucose	G5	C(C(CO)(CC(CO)O)O)=O
Glucose	G5	C(C(CO)(CC)O)(O)=O
Glucose	G5	C(C(CO)(CC=CC=O)O)(O)=O
Glucose	G5	C(C(CO)(CCC(O)=O)O)=O
Glucose	G5	C(C(CO)(CCCC(O)=O)O)=O
Glucose	G5	C(C(CO)(CCCC=O)O)(O)=O
Glucose	G5	C(C(CO)(CCCO)O)(O)=O
Glucose	G5	C(C(CO)(CCO)C(C=O)O)=O
Glucose	G5	C(C(CO)(CO)C(C(C)=O)O)=O
Glucose	G5	C(C(CO)(CO)C(C(C)O)O)=O
Glucose	G5	C(C(CO)(CO)C(C)(CO)O)=O
Glucose	G5	C(C(CO)(CO)C(C)O)=O
Glucose	G5	C(C(CO)(CO)C(C=O)(C)O)=O
Glucose	G5	C(C(CO)(CO)C(CC=O)O)=O
Glucose	G5	C(C(CO)(CO)C(CCO)O)=O
Glucose	G5	C(C(CO)(CO)C(CO)O)=O
Glucose	G5	C(C(CO)(CO)CC(CO)=O)=O
Glucose	G5	C(C(CO)(CO)CO)=O
Glucose	G5	C(C(CO)(CO)O)(C(C=C)O)=O
Glucose	G5	C(C(CO)(CO)O)(CC=C)=O
Glucose	G5	C(C(CO)=O)(C(C)(C(C)O)O)=O
Glucose	G5	C(C(CO)=O)(C(CC(C)O)O)=O
Glucose	G5	C(C(CO)=O)(C(CCCO)O)=O
Glucose	G5	C(C(CO)=O)(C(CO)(C)O)=O
Glucose	G5	C(C(CO)=O)(C(CO)(CO)C)=O
Glucose	G5	C(C(CO)=O)(C(CO)C(C)O)=O
Glucose	G5	C(C(CO)=O)(CCC(CO)O)=O
Glucose	G5	C(C(CO)C(C(C)(CO)O)O)=O
Glucose	G5	C(C(CO)C(C(C)=O)(C)O)(O)=O
Glucose	G5	C(C(CO)C(C(C)=O)O)(O)=O
Glucose	G5	C(C(CO)C(C(C)O)O)(O)=O
Glucose	G5	C(C(CO)C(C(C=C)=O)O)(O)=O
Glucose	G5	C(C(CO)C(C(C=C)O)O)(O)=O
Glucose	G5	C(C(CO)C(C(C=C)O)O)=O
Glucose	G5	C(C(CO)C(C(C=O)(C)O)O)=O
Glucose	G5	C(C(CO)C(C(C=O)CO)O)=O
Glucose	G5	C(C(CO)C(C(CC)=O)O)(O)=O
Glucose	G5	C(C(CO)C(C(CCO)O)O)O
Glucose	G5	C(C(CO)C(C(CO)CO)O)=O
Glucose	G5	C(C(CO)C(C(CO)O)O)O
Glucose	G5	C(C(CO)C(C(O)=O)(CC)O)=O
Glucose	G5	C(C(CO)C(C)(C)O)(O)=O
Glucose	G5	C(C(CO)C(C)(CC(O)=O)O)=O
Glucose	G5	C(C(CO)C(C)(CC=O)O)(O)=O
Glucose	G5	C(C(CO)C(C)(CCO)O)(O)=O
Glucose	G5	C(C(CO)C(C)(CCO)O)=O
Glucose	G5	C(C(CO)C(C)(CO)O)(O)=O
Glucose	G5	C(C(CO)C(C)O)(O)=O
Glucose	G5	C(C(CO)C(C=C)(CO)O)(O)=O
Glucose	G5	C(C(CO)C(C=C)O)(O)=O
Glucose	G5	C(C(CO)C(C=CC(O)=O)O)=O
Glucose	G5	C(C(CO)C(C=CC=O)O)(O)=O
Glucose	G5	C(C(CO)C(C=CCO)O)(O)=O
Glucose	G5	C(C(CO)C(C=CCO)O)=O
Glucose	G5	C(C(CO)C(C=O)(C)O)(O)=O
Glucose	G5	C(C(CO)C(C=O)(CC)O)(O)=O
Glucose	G5	C(C(CO)C(C=O)O)(C(C)O)=O
Glucose	G5	C(C(CO)C(CC(C)=O)O)(O)=O
Glucose	G5	C(C(CO)C(CC(C)O)O)(O)=O
Glucose	G5	C(C(CO)C(CC(O)=O)O)=O
Glucose	G5	C(C(CO)C(CC=O)O)(O)=O
Glucose	G5	C(C(CO)C(CCC(O)=O)O)=O
Glucose	G5	C(C(CO)C(CCC=O)O)(O)=O
Glucose	G5	C(C(CO)C(CCO)O)(O)=O
Glucose	G5	C(C(CO)C(CCO)O)O
Glucose	G5	C(C(CO)C(CO)C(C=O)O)=O
Glucose	G5	C(C(CO)C(CO)CC(O)=O)=O
Glucose	G5	C(C(CO)C(CO)CC=O)(O)=O
Glucose	G5	C(C(CO)C(CO)O)(O)=O
Glucose	G5	C(C(CO)C(CO)O)O
Glucose	G5	C(C(CO)C)(C(C(CO)=O)O)=O
Glucose	G5	C(C(CO)C1(C(CCO1)O)O)=O
Glucose	G5	C(C(CO)C1(CC(CO1)O)O)=O
Glucose	G5	C(C(CO)C1C(CC(O)O1)O)=O
Glucose	G5	C(C(CO)CC(C(C=O)O)O)=O
Glucose	G5	C(C(CO)CC(C(CO)=O)O)=O
Glucose	G5	C(C(CO)CC(C(O)=O)(C)O)=O
Glucose	G5	C(C(CO)CC(C(O)=O)O)=O
Glucose	G5	C(C(CO)CC(CCO)=O)(O)=O
Glucose	G5	C(C(CO)CC(CO)=O)(O)=O
Glucose	G5	C(C(CO)CC(CO)O)(O)=O
Glucose	G5	C(C(CO)CC(O)=O)(CCO)=O
Glucose	G5	C(C(CO)CCC(C(O)=O)O)=O
Glucose	G5	C(C(CO)CCC(CO)=O)(O)=O
Glucose	G5	C(C(CO)CO)(C(C=C)O)=O
Glucose	G5	C(C(CO)CO)(O)=O
Glucose	G5	C(C(CO)CO)O
Glucose	G5	C(C(CO)O)(C(C(C)=O)(C)O)=O
Glucose	G5	C(C(CO)O)(C(C(CO)=O)C)=O
Glucose	G5	C(C(CO)O)(C(C)(C(C)O)O)=O
Glucose	G5	C(C(CO)O)(C(C)C(CO)O)=O
Glucose	G5	C(C(CO)O)(C(C=C)(CO)O)=O
Glucose	G5	C(C(CO)O)(C(C=C)CO)=O
Glucose	G5	C(C(CO)O)(C(C=CCO)O)=O
Glucose	G5	C(C(CO)O)(C(CO)C)=O
Glucose	G5	C(C(CO)O)(C(CO)CCO)=O
Glucose	G5	C(C(CO)O)(C1(C=CCO1)O)=O
Glucose	G5	C(C(CO)O)(C1C=CC(O1)O)=O
Glucose	G5	C(C(CO)O)(CC(C(O)=O)=C)=O
Glucose	G5	C(C(CO)O)(CC(CO)C)=O
Glucose	G5	C(C(CO)O)(CC=CC(O)=O)=O
Glucose	G5	C(C(CO)O)(CCC(C)O)=O
Glucose	G5	C(C(CO)O)(CCC(C=O)O)=O
Glucose	G5	C(C(CO)O)(CCC(CO)O)=O
Glucose	G5	C(C(CO)O)(CCCCO)=O
Glucose	G5	C(C(CO)O)=C(C(O)=O)C
Glucose	G5	C(C(CO)O)=C1C(C(OC1)O)=O
Glucose	G5	C(C(CO)O)=C1C(COC1O)=O
Glucose	G5	C(C(CO)O)=C1C(OCC1O)=O
Glucose	G5	C(C(CO)O)=CC(O)=O
Glucose	G5	C(C)(C(C(C(C(O)=O)=C)O)O)=O
Glucose	G5	C(C)(C(C(C(C=C)O)O)O)=O
Glucose	G5	C(C)(C(C(C(CO)(C)O)O)O)=O
Glucose	G5	C(C)(C(C(C(CO)CO)O)O)=O
Glucose	G5	C(C)(C(C(C(O)=O)=C)(CO)O)=O
Glucose	G5	C(C)(C(C(C)(CCO)O)O)=O
Glucose	G5	C(C)(C(C(C)=O)(C(CO)O)O)=O
Glucose	G5	C(C)(C(C(C)O)(CC(O)=O)O)=O
Glucose	G5	C(C)(C(C(C)O)(CCO)O)=O
Glucose	G5	C(C)(C(C(C)O)C(C(O)=O)O)=O
Glucose	G5	C(C)(C(C(C=CC(O)=O)O)O)=O
Glucose	G5	C(C)(C(C(C=CCO)O)O)=O
Glucose	G5	C(C)(C(C(CO)=CC(O)=O)O)=O
Glucose	G5	C(C)(C(C(CO)=O)(CO)CO)=O
Glucose	G5	C(C)(C(C(CO)=O)C(CO)O)=O
Glucose	G5	C(C)(C(C(CO)C(C)O)O)=O
Glucose	G5	C(C)(C(C(CO)C(CO)O)O)=O
Glucose	G5	C(C)(C(C(CO)CCO)O)=O
Glucose	G5	C(C)(C(C(CO)CO)O)=O
Glucose	G5	C(C)(C(C(CO)O)(CCO)O)=O
Glucose	G5	C(C)(C(C(CO)O)C(C=O)O)=O
Glucose	G5	C(C)(C(C)(C(C(CO)O)O)O)=O
Glucose	G5	C(C)(C(C)(C(CO)(C)O)O)=O
Glucose	G5	C(C)(C(C)(C(CO)(CO)O)O)=O
Glucose	G5	C(C)(C(C)(C(CO)CO)O)=O
Glucose	G5	C(C)(C(C)(C(CO)O)O)=O
Glucose	G5	C(C)(C(C=C)(C(CO)O)O)=O
Glucose	G5	C(C)(C(C=CC(O)=O)(CO)O)=O
Glucose	G5	C(C)(C(CC(C(CO)O)O)O)=O
Glucose	G5	C(C)(C(CC(CCO)O)O)=O
Glucose	G5	C(C)(C(CC(CO)O)O)=O
Glucose	G5	C(C)(C(CC)(C(C(O)=O)O)O)=O
Glucose	G5	C(C)(C(CCO)(C(C=O)O)O)=O
Glucose	G5	C(C)(C(CO)(C(C=C)O)O)=O
Glucose	G5	C(C)(C(CO)(C(CO)C)O)=O
Glucose	G5	C(C)(C(CO)(C(CO)CO)O)=O
Glucose	G5	C(C)(C(CO)(CC(O)=O)O)=O
Glucose	G5	C(C)(C(CO)(CCO)O)=O
Glucose	G5	C(C)(C(CO)C(C(C)O)O)=O
Glucose	G5	C(C)(C(CO)C(C(CO)=O)O)=O
Glucose	G5	C(C)(C(CO)C(C(CO)O)O)=O
Glucose	G5	C(C)(C(CO)C(C(O)=O)O)=O
Glucose	G5	C(C)(C(CO)C(C)(CO)O)=O
Glucose	G5	C(C)(C(CO)C(CCO)O)=O
Glucose	G5	C(C)(C(CO)C(CO)(CO)O)=O
Glucose	G5	C(C)(C(CO)C(CO)O)=O
Glucose	G5	C(C)(C1(C(C(C(C)O1)O)O)O)=O
Glucose	G5	C(C)(C1(C(C(C(C1)O)O)O)O)=O
Glucose	G5	C(C)(C1(C(C(CO1)(C)O)O)O)=O
Glucose	G5	C(C)(C1(C(C=CC1O)O)O)=O
Glucose	G5	C(C)(C1(C(CC(C1)O)O)O)=O
Glucose	G5	C(C)(C1(C(CO)C(CO1)O)O)=O
Glucose	G5	C(C)(C1(C(O)OC(C)C1O)O)=O
Glucose	G5	C(C)(C1(C=CC(C1O)O)O)=O
Glucose	G5	C(C)(C1(CC(C(C1O)=O)O)O)=O
Glucose	G5	C(C)(C1(CC(C(CO)O1)O)O)=O
Glucose	G5	C(C)(C1(COC(C1CO)O)O)=O
Glucose	G5	C(C)(C1C(C(C(C1O)=O)O)O)=O
Glucose	G5	C(C)(C1C(C(C)(C(O1)O)O)O)=O
Glucose	G5	C(C)(C1C(O)OCC1(CO)O)=O
Glucose	G5	C(C)(CC(C(C)(CO)O)O)=O
Glucose	G5	C(C)(CC(C(CO)(CO)O)O)=O
Glucose	G5	C(C)(CC(C(CO)CO)O)=O
Glucose	G5	C(C)(CC(C(CO)O)O)=O
Glucose	G5	C(C)(CC1(C(C(CO1)O)O)O)=O
Glucose	G5	C(C)=C1C(C(C(C1O)O)O)=O
Glucose	G5	C(C)=CC(C(C(CO)O)O)=O
Glucose	G5	C(C)=CC(C(CO)(CO)O)=O
Glucose	G5	C(C1(C(C(C(C)O1)O)O)O)=O
Glucose	G5	C(C1(C(C(C(C1)=O)(C)O)O)O)=O
Glucose	G5	C(C1(C(C(C(C1)O)O)=C)O)=O
Glucose	G5	C(C1(C(C(C(C1)O)O)=O)CO)=O
Glucose	G5	C(C1(C(C(C(C1)O)O)=O)O)=O
Glucose	G5	C(C1(C(C(C(C1O)=C)O)O)O)=O
Glucose	G5	C(C1(C(C(C(C1O)=O)=C)O)O)=O
Glucose	G5	C(C1(C(C(C(C1O)=O)C)O)O)=O
Glucose	G5	C(C1(C(C(C(C1O)O)O)=C)O)=O
Glucose	G5	C(C1(C(C(C(C1O)O)O)=O)C)=O
Glucose	G5	C(C1(C(C(C(CO)C1)O)=O)O)=O
Glucose	G5	C(C1(C(C(C(CO)O1)O)=C)O)=O
Glucose	G5	C(C1(C(C(C(CO1)O)O)=C)O)=O
Glucose	G5	C(C1(C(C(C(O)OC1)O)=C)O)=O
Glucose	G5	C(C1(C(C(C(O1)O)O)=C)CO)=O
Glucose	G5	C(C1(C(C(C)(C(C1)O)O)=O)O)=O
Glucose	G5	C(C1(C(C(C)(C(C1)O)O)O)O)=O
Glucose	G5	C(C1(C(C(C)C(C1O)O)=O)O)=O
Glucose	G5	C(C1(C(C(C=C)(CO1)O)O)O)=O
Glucose	G5	C(C1(C(C(C=CC1O)=O)O)O)=O
Glucose	G5	C(C1(C(C(C=O)=CC1O)O)O)=O
Glucose	G5	C(C1(C(C(CC(C1)=O)O)O)O)=O
Glucose	G5	C(C1(C(C(CC(C1)O)O)=O)O)=O
Glucose	G5	C(C1(C(C(CC1(C)O)O)=O)O)=O
Glucose	G5	C(C1(C(C(CC1(C)O)O)O)O)=O
Glucose	G5	C(C1(C(C(CC1)O)=O)O)(O)=O
Glucose	G5	C(C1(C(C(CC1)O)O)O)(O)=O
Glucose	G5	C(C1(C(C(CC1CO)O)=O)O)=O
Glucose	G5	C(C1(C(C(CC1O)O)=O)O)=O
Glucose	G5	C(C1(C(C(CCC1O)O)=O)O)=O
Glucose	G5	C(C1(C(C(CO)(CC1)O)=O)O)=O
Glucose	G5	C(C1(C(C(CO)(CO1)O)=C)O)=O
Glucose	G5	C(C1(C(C(CO)C(C1)O)=O)O)=O
Glucose	G5	C(C1(C(C(CO)C(C1)O)O)O)=O
Glucose	G5	C(C1(C(C(CO)CC1O)O)O)=O
Glucose	G5	C(C1(C(C(CO)OC1O)=C)O)=O
Glucose	G5	C(C1(C(C(CO1)(C)O)O)O)=O
Glucose	G5	C(C1(C(C(CO1)O)O)O)=CC=O
Glucose	G5	C(C1(C(C(CO1)O)O)O)=O
Glucose	G5	C(C1(C(C(COC1O)O)=C)O)=O
Glucose	G5	C(C1(C(C(O)OC1)=CCO)O)=O
Glucose	G5	C(C1(C(C(O)OC1CO)=C)O)=O
Glucose	G5	C(C1(C(C(O)OCC1O)=C)O)=O
Glucose	G5	C(C1(C(C)(C(C(C)O1)O)O)O)=O
Glucose	G5	C(C1(C(C)(C(C(C1)=O)O)O)O)=O
Glucose	G5	C(C1(C(C)(C(CO1)(C)O)O)O)=O
Glucose	G5	C(C1(C(C)(O)OC(C)C1O)O)=O
Glucose	G5	C(C1(C(C)C(C(C1O)=O)O)O)=O
Glucose	G5	C(C1(C(C)OC(C1(C)O)O)O)=O
Glucose	G5	C(C1(C(C)OC(C1)O)O)(O)=O
Glucose	G5	C(C1(C(C)OC(C1CO)O)O)=O
Glucose	G5	C(C1(C(C2(CC1CO2)O)O)O)=O
Glucose	G5	C(C1(C(C2(CCC1O2)O)O)O)=O
Glucose	G5	C(C1(C(C2COC1(C2)O)O)O)=O
Glucose	G5	C(C1(C(C=C(C)C1O)O)O)=O
Glucose	G5	C(C1(C(C=C(CO)C1O)O)O)=O
Glucose	G5	C(C1(C(C=CC(C1O)O)=O)O)=O
Glucose	G5	C(C1(C(C=CC1(CO)O)O)O)=O
Glucose	G5	C(C1(C(C=CC1O)=O)O)(O)=O
Glucose	G5	C(C1(C(C=CCO1)O)O)(O)=O
Glucose	G5	C(C1(C(C=O)=CC(C1O)O)O)=O
Glucose	G5	C(C1(C(CC(C(C1)=O)O)O)O)=O
Glucose	G5	C(C1(C(CC(C(C1)O)=O)O)O)=O
Glucose	G5	C(C1(C(CC(C1(C)O)O)O)O)=O
Glucose	G5	C(C1(C(CC(C1)O)=O)O)(O)=O
Glucose	G5	C(C1(C(CC(C1CO)O)=O)O)=O
Glucose	G5	C(C1(C(CC(C1CO)O)O)O)=O
Glucose	G5	C(C1(C(CC(C1O)=C)O)O)=O
Glucose	G5	C(C1(C(CC(CC1O)=O)O)O)=O
Glucose	G5	C(C1(C(CC(CC1O)O)=O)O)=O
Glucose	G5	C(C1(C(CC(CC1O)O)O)O)=O
Glucose	G5	C(C1(C(CC(CO)(C1)O)=O)O)=O
Glucose	G5	C(C1(C(CCC1(C=O)O)O)O)=O
Glucose	G5	C(C1(C(CCC1(CO)O)=O)O)=O
Glucose	G5	C(C1(C(CCC1(CO)O)O)O)=O
Glucose	G5	C(C1(C(CCC1O)O)O)(O)=O
Glucose	G5	C(C1(C(CCC1O)O)O)=O
Glucose	G5	C(C1(C(CO)(CC(C1)=O)O)O)=O
Glucose	G5	C(C1(C(CO)=C(CO)CO1)O)=O
Glucose	G5	C(C1(C(CO)=CC(C1)O)O)=O
Glucose	G5	C(C1(C(CO)=CC(C1O)O)O)=O
Glucose	G5	C(C1(C(CO)=CC(CO)O1)O)=O
Glucose	G5	C(C1(C(CO)=CC(CO1)O)O)=O
Glucose	G5	C(C1(C(CO)=CC(O)OC1)O)=O
Glucose	G5	C(C1(C(CO)=CCOC1O)O)=O
Glucose	G5	C(C1(C(CO)OC(C1C)O)O)=O
Glucose	G5	C(C1(C(CO)OC(C1O)=C)O)=O
Glucose	G5	C(C1(C(CO)OCC1)O)(O)=O
Glucose	G5	C(C1(C(COC(C1C)O)O)O)=O
Glucose	G5	C(C1(C(COC(C1O)=C)O)O)=O
Glucose	G5	C(C1(C(COC(C1O)O)=C)O)=O
Glucose	G5	C(C1(C(COC1O)=CCO)O)=O
Glucose	G5	C(C1(C(COCC1)O)O)(O)=O
Glucose	G5	C(C1(C(O)OCC1(C=C)O)O)=O
Glucose	G5	C(C1(C(OC(CO)C1O)=C)O)=O
Glucose	G5	C(C1(C(OCC(C1O)O)=C)O)=O
Glucose	G5	C(C1(C(OCC1(CO)O)=C)O)=O
Glucose	G5	C(C1(C)C(CC(C)(O1)O)O)(O)=O
Glucose	G5	C(C1(C)CCC(CO)(O1)O)(O)=O
Glucose	G5	C(C1(C2C(C(CC2O)O1)O)O)=O
Glucose	G5	C(C1(C2C(CC(C2O)O1)O)O)O
Glucose	G5	C(C1(C=C(C(C1O)=O)CO)O)=O
Glucose	G5	C(C1(C=C(C=O)C(C1O)O)O)=O
Glucose	G5	C(C1(C=C(CO)C(C1O)O)O)=O
Glucose	G5	C(C1(C=C(CO)CC1O)O)=O
Glucose	G5	C(C1(C=CC(C(C1O)O)=O)O)=O
Glucose	G5	C(C1(C=CC(C)(C1O)O)O)=O
Glucose	G5	C(C1(C=CC(C1(C)O)O)O)=O
Glucose	G5	C(C1(C=CC(C1(C=O)O)O)O)=O
Glucose	G5	C(C1(C=CC(C1(CO)O)O)O)=O
Glucose	G5	C(C1(C=CC(C1)O)O)(O)=O
Glucose	G5	C(C1(C=CC(C=O)(C1O)O)O)=O
Glucose	G5	C(C1(C=CC(CO)(C1)O)O)=O
Glucose	G5	C(C1(C=CC(CO)(C1O)O)O)=O
Glucose	G5	C(C1(C=CCC1(CO)O)O)=O
Glucose	G5	C(C1(C=CCC1O)O)(O)=O
Glucose	G5	C(C1(C=O)C(C(CC1O)O)O)=O
Glucose	G5	C(C1(C=O)CC(C(C1O)O)O)=O
Glucose	G5	C(C1(CC(C(C(C1)O)=O)O)O)=O
Glucose	G5	C(C1(CC(C(C)O1)O)O)(O)=O
Glucose	G5	C(C1(CC(C(C1)=O)(C)O)O)(O)=O
Glucose	G5	C(C1(CC(C(C1CO)O)O)O)=O
Glucose	G5	C(C1(CC(C(C1CO)O)O)O)O
Glucose	G5	C(C1(CC(C(C1O)=O)(C)O)O)=O
Glucose	G5	C(C1(CC(C(C1O)=O)O)O)=O
Glucose	G5	C(C1(CC(C(CO)(C1)O)O)O)O
Glucose	G5	C(C1(CC(C)(C(C1O)O)O)O)=O
Glucose	G5	C(C1(CC(C=O)(CC1O)O)O)=O
Glucose	G5	C(C1(CC(CC(C)O1)O)O)(O)=O
Glucose	G5	C(C1(CC(CC(C1)=O)O)O)(O)=O
Glucose	G5	C(C1(CC(CC1(CO)O)O)O)O
Glucose	G5	C(C1(CC(CC1O)O)O)O
Glucose	G5	C(C1(CC(CO)=CC1O)O)=O
Glucose	G5	C(C1(CC(CO1)(C)O)O)(O)=O
Glucose	G5	C(C1(CC(CO1)O)O)(CCO)=O
Glucose	G5	C(C1(CC2(C(C1CO2)O)O)O)=O
Glucose	G5	C(C1(CC2C(C1C(O)O2)O)O)=O
Glucose	G5	C(C1(CC2C(C1C(O)O2)O)O)O
Glucose	G5	C(C1(CC2CC1(C(O)O2)O)O)=O
Glucose	G5	C(C1(CC2CC1(C(O)O2)O)O)O
Glucose	G5	C(C1(CC=CC1(CO)O)O)=O
Glucose	G5	C(C1(CC=CC1O)O)(O)=O
Glucose	G5	C(C1(CCC(C(C1O)=O)O)O)=O
Glucose	G5	C(C1(CCC(C(C1O)O)=O)O)=O
Glucose	G5	C(C1(CCCC(C1O)=O)O)(O)=O
Glucose	G5	C(C1(CCCC1(C=O)O)O)(O)=O
Glucose	G5	C(C1(CCCC1(CO)O)O)(O)=O
Glucose	G5	C(C1(CCCC1(CO)O)O)=O
Glucose	G5	C(C1(CCOC(C1(C)O)O)O)=O
Glucose	G5	C(C1(CO)C(C(CC1O)O)O)=O
Glucose	G5	C(C1(CO)C(C=CC1O)O)=O
Glucose	G5	C(C1(CO)C(CC(CO)O1)O)=O
Glucose	G5	C(C1(CO)CC(C(C1O)=O)O)=O
Glucose	G5	C(C1(CO)CC(C(CO)O1)O)=O
Glucose	G5	C(C1(CO)CC(C(CO1)O)O)=O
Glucose	G5	C(C1(COC(C(C1O)O)=C)O)=O
Glucose	G5	C(C1(COC(C)(C1(C)O)O)O)=O
Glucose	G5	C(C1(COC(C)(C1)O)O)(O)=O
Glucose	G5	C(C1(COC(C1(C=C)O)O)O)=O
Glucose	G5	C(C1(COC(C1C(C)O)O)O)=O
Glucose	G5	C(C1(COC(C1CCO)O)O)=O
Glucose	G5	C(C1(COC(C1CO)O)O)=O
Glucose	G5	C(C1(COC(C1O)O)CO)=O
Glucose	G5	C(C1(COC(C1O)O)O)=CC=O
Glucose	G5	C(C1(COC(CC1(C)O)O)O)=O
Glucose	G5	C(C1(COC(CC1)O)O)(O)=O
Glucose	G5	C(C1(COC(CO)(C1C)O)O)=O
Glucose	G5	C(C1(COCCC1O)O)(O)=O
Glucose	G5	C(C12COC(C1)(C(C2O)O)O)=O
Glucose	G5	C(C12COC(C1O)(CC2O)O)=O
Glucose	G5	C(C1C(C(C(C(C1)=O)O)O)O)=O
Glucose	G5	C(C1C(C(C(C(C1)O)=O)O)O)=O
Glucose	G5	C(C1C(C(C(C(C1)O)O)O)=O)=O
Glucose	G5	C(C1C(C(C(C(C=1)=O)O)O)O)=O
Glucose	G5	C(C1C(C(C(C(O1)=C)O)O)O)=O
Glucose	G5	C(C1C(C(C(C(O1)O)=C)O)O)=O
Glucose	G5	C(C1C(C(C(C(O1)O)O)=C)O)=O
Glucose	G5	C(C1C(C(C(C(O1)O)O)O)=C)=O
Glucose	G5	C(C1C(C(C(C1(C)O)=O)O)O)=O
Glucose	G5	C(C1C(C(C(C1)O)O)=O)(O)=O
Glucose	G5	C(C1C(C(C(C1C=O)O)O)O)=O
Glucose	G5	C(C1C(C(C(C1CO)O)O)=O)=O
Glucose	G5	C(C1C(C(C(C1CO)O)O)O)O
Glucose	G5	C(C1C(C(C(C1O)=O)(C)O)O)=O
Glucose	G5	C(C1C(C(C(C1O)O)O)=C)=O
Glucose	G5	C(C1C(C(C(C=1C=O)O)O)O)=O
Glucose	G5	C(C1C(C(C(C=C)(O1)O)O)O)=O
Glucose	G5	C(C1C(C(C(CC1O)O)O)=O)=O
Glucose	G5	C(C1C(C(C(CC1O)O)O)O)=O
Glucose	G5	C(C1C(C(C(CO)(C1)O)O)=O)=O
Glucose	G5	C(C1C(C(C(CO)(O1)O)=C)O)=O
Glucose	G5	C(C1C(C(C(CO)(O1)O)O)=C)=O
Glucose	G5	C(C1C(C(C(O1)=C)(CO)O)O)=O
Glucose	G5	C(C1C(C(C(O1)O)(CO)O)=C)=O
Glucose	G5	C(C1C(C(C(O1)O)O)=C)(O)=O
Glucose	G5	C(C1C(C(C)(C(C1O)O)O)=O)=O
Glucose	G5	C(C1C(C(C)(C(C1O)O)O)O)=O
Glucose	G5	C(C1C(C(C)(C(CO)O1)O)O)=O
Glucose	G5	C(C1C(C(C)(C(CO1)O)O)O)=O
Glucose	G5	C(C1C(C(C)(CC1O)O)O)=O
Glucose	G5	C(C1C(C(C=O)(C(C1)O)O)O)=O
Glucose	G5	C(C1C(C(C=O)(CC1O)O)O)=O
Glucose	G5	C(C1C(C(C=O)C(C1O)O)O)=O
Glucose	G5	C(C1C(C(CC(C1O)O)O)=O)=O
Glucose	G5	C(C1C(C(CC1(CO)O)O)=O)=O
Glucose	G5	C(C1C(C(CC1O)O)O)(O)=O
Glucose	G5	C(C1C(C(CC1O)O)O)O
Glucose	G5	C(C1C(C(CO)(C(C1)O)O)=O)=O
Glucose	G5	C(C1C(C(CO)(CC1O)O)O)=O
Glucose	G5	C(C1C(C(CO)(CO1)O)O)=O
Glucose	G5	C(C1C(C(CO)C(C1O)O)O)=O
Glucose	G5	C(C1C(C(CO1)(CCO)O)O)=O
Glucose	G5	C(C1C(C)(C(C(C1O)=O)O)O)=O
Glucose	G5	C(C1C(C)(C(CO)C(O1)O)O)=O
Glucose	G5	C(C1C(C)(O)OC(CO)C1O)=O
Glucose	G5	C(C1C(C)(O)OCC(C1O)O)=O
Glucose	G5	C(C1C(C)(O)OCC1(CO)O)=O
Glucose	G5	C(C1C(C)OC(C1(CO)O)O)=O
Glucose	G5	C(C1C(C2(CC1(CO2)O)O)O)=O
Glucose	G5	C(C1C(C2(COC1(C2)O)O)O)=O
Glucose	G5	C(C1C(C2C(C1C(O)O2)O)O)O
Glucose	G5	C(C1C(C2C(CC1(O)O2)O)O)=O
Glucose	G5	C(C1C(C2CC1(C(O)O2)O)O)=O
Glucose	G5	C(C1C(C2COC1(C2O)O)O)=O
Glucose	G5	C(C1C(C=CC1(CO)O)O)=O
Glucose	G5	C(C1C(CC(C(C1O)O)=O)O)=O
Glucose	G5	C(C1C(CC(C)(O1)O)O)(O)=O
Glucose	G5	C(C1C(CC(C1(C)O)O)O)=O
Glucose	G5	C(C1C(CC(C1(C=O)O)O)O)=O
Glucose	G5	C(C1C(CC(C1(CO)O)O)=O)=O
Glucose	G5	C(C1C(CC(C1(CO)O)O)O)=O
Glucose	G5	C(C1C(CC(CO)(CO)O1)O)=O
Glucose	G5	C(C1C(CC(CO)O1)O)(O)=O
Glucose	G5	C(C1C(CCC1(CO)O)O)=O
Glucose	G5	C(C1C(CO)(C(C(C1)=O)O)O)=O
Glucose	G5	C(C1C(CO)(C(C)(CO1)O)O)=O
Glucose	G5	C(C1C(CO)(C(CO1)O)O)=O
Glucose	G5	C(C1C(CO)=CC(C1O)O)=O
Glucose	G5	C(C1C(CO)C(C(C1O)=O)O)=O
Glucose	G5	C(C1C(CO)C(C(CO)O1)O)=O
Glucose	G5	C(C1C(CO)C(C(CO1)O)O)=O
Glucose	G5	C(C1C(CO)C(C)(C(O1)O)O)=O
Glucose	G5	C(C1C(CO)C(CO)(CO1)O)=O
Glucose	G5	C(C1C(CO)OC(C)(C1O)O)=O
Glucose	G5	C(C1C(CO)OC(C1(C)O)O)=O
Glucose	G5	C(C1C(COC(C)(C1O)O)O)=O
Glucose	G5	C(C1C(COC(C1(C)O)O)O)=O
Glucose	G5	C(C1C(COC1(CCO)O)O)=O
Glucose	G5	C(C1C(O)OC(C)C1(CO)O)=O
Glucose	G5	C(C1C(O)OC(C1O)CCO)=O
Glucose	G5	C(C1C(O)OC(CO)C1(C)O)=O
Glucose	G5	C(C1C(O)OC(CO)C1O)=O
Glucose	G5	C(C1C(O)OCC(C1(C)O)O)=O
Glucose	G5	C(C1C(O)OCC(C1O)O)=O
Glucose	G5	C(C1C(O)OCC1(C(C)O)O)=O
Glucose	G5	C(C1C(O)OCC1(C)O)(O)=O
Glucose	G5	C(C1C(O)OCC1(CCO)O)=O
Glucose	G5	C(C1C(O)OCC1(CO)O)=O
Glucose	G5	C(C1C(O)OCCC1(CO)O)=O
Glucose	G5	C(C1C2(CC(C(C2)(O)O1)O)O)O
Glucose	G5	C(C1C2(CC(C(C2)(O1)O)O)O)=O
Glucose	G5	C(C1C2C(C(C(C1)(O)O2)O)O)O
Glucose	G5	C(C1C2C(C(C(C2)(O1)O)O)O)=O
Glucose	G5	C(C1C2C(C(C1C(O)O2)O)O)O
Glucose	G5	C(C1C2C(CC(C1O)(O)O2)O)=O
Glucose	G5	C(C1C2C(CC(C2O)(O1)O)O)=O
Glucose	G5	C(C1C2C(CC1(C(O)O2)O)O)=O
Glucose	G5	C(C1C=C(CO)C(CO)(O1)O)=O
Glucose	G5	C(C1C=CC(C(CO)O)(O1)O)=O
Glucose	G5	C(C1CC(C(C(C1O)=O)O)O)=O
Glucose	G5	C(C1CC(C(C(C1O)O)O)O)=O
Glucose	G5	C(C1CC(C(C1(C=O)O)O)O)=O
Glucose	G5	C(C1CC(C(C1(CO)O)=O)O)=O
Glucose	G5	C(C1CC(C(C1O)=O)(CO)O)=O
Glucose	G5	C(C1CC(C(C1O)=O)O)(O)=O
Glucose	G5	C(C1CC(C(C1O)O)O)=O
Glucose	G5	C(C1CC(C(CO)(CO)O1)O)=O
Glucose	G5	C(C1CC(C(CO)O1)O)(O)=O
Glucose	G5	C(C1CC(C(CO)O1)O)O
Glucose	G5	C(C1CC(C(CO1)O)O)(O)=O
Glucose	G5	C(C1CC(C(O)=O)(C(C1)O)O)=O
Glucose	G5	C(C1CC(C=O)(C(C1O)O)O)=O
Glucose	G5	C(C1CC(CO)(C(C1O)O)O)=O
Glucose	G5	C(C1CC(CO1)O)(C(CO)O)=O
Glucose	G5	C(C1CC2(COC1(C2O)O)O)=O
Glucose	G5	C(C1CC2C(C(C1(O)O2)O)O)=O
Glucose	G5	C(C1CCOC(C1(CO)O)O)=O
Glucose	G5	C(C1COC(C(C1(C)O)O)O)=O
Glucose	G5	C(C1COC(C)(C(C1O)O)O)=O
Glucose	G5	C(C1COC(C)(C1(CO)O)O)=O
Glucose	G5	C(C1COC(C1(C(C)O)O)O)=O
Glucose	G5	C(C1COC(C1(CCO)O)O)=O
Glucose	G5	C(C1COC(C1(CO)O)O)=O
Glucose	G5	C(C1COC(C1O)(CCO)O)=O
Glucose	G5	C(C1COC(C1O)O)(O)=O
Glucose	G5	C(C1COC(CO)(C1(C)O)O)=O
Glucose	G5	C(C1COC(CO)(C1CO)O)=O
Glucose	G5	C(C1COC(CO)(C1O)O)=O
Glucose	G5	C(C=C(C=O)C(C(C)O)O)(O)=O
Glucose	G5	C(C=C1C(C(C(C1O)O)O)=O)=O
Glucose	G5	C(C=CC(C(C(C)O)O)=O)(O)=O
Glucose	G5	C(C=CC(C(CO)CO)=O)(O)=O
Glucose	G5	C(CC(C(C(C(C)O)O)O)O)=O
Glucose	G5	C(CC(C(C(C(O)=O)O)O)=C)=O
Glucose	G5	C(CC(C(C(C)(C)O)O)=O)(O)=O
Glucose	G5	C(CC(C(C(C)=O)CO)O)(O)=O
Glucose	G5	C(CC(C(C(C)O)=O)O)(O)=O
Glucose	G5	C(CC(C(C(C)O)O)O)(O)=O
Glucose	G5	C(CC(C(C(C=C)=O)O)O)(O)=O
Glucose	G5	C(CC(C(C(C=C)O)O)=O)(O)=O
Glucose	G5	C(CC(C(C(C=C)O)O)O)=O
Glucose	G5	C(CC(C(C(C=O)=C)O)O)(O)=O
Glucose	G5	C(CC(C(C(C=O)O)O)=C)(O)=O
Glucose	G5	C(CC(C(C(CCO)O)=O)O)=O
Glucose	G5	C(CC(C(C(CCO)O)O)O)=O
Glucose	G5	C(CC(C(C(CO)=C)O)=O)(O)=O
Glucose	G5	C(CC(C(C(CO)=C)O)O)=O
Glucose	G5	C(CC(C(C(CO)CO)O)O)=O
Glucose	G5	C(CC(C(C(CO)O)=O)=C)(O)=O
Glucose	G5	C(CC(C(C(CO)O)=O)O)(C)=O
Glucose	G5	C(CC(C(C(CO)O)O)=C)(O)=O
Glucose	G5	C(CC(C(C(CO)O)O)=C)=O
Glucose	G5	C(CC(C(C)(C(C)O)O)O)=O
Glucose	G5	C(CC(C(C)(C(CO)O)O)=O)=O
Glucose	G5	C(CC(C(C)(C(CO)O)O)O)=O
Glucose	G5	C(CC(C(C)(CC=O)O)O)(O)=O
Glucose	G5	C(CC(C(C)(CCO)O)O)=O
Glucose	G5	C(CC(C(C)(CO)O)O)=O
Glucose	G5	C(CC(C(C)C(C(O)=O)O)O)=O
Glucose	G5	C(CC(C(C)O)O)(CCO)=O
Glucose	G5	C(CC(C(C)O)O)(O)=O
Glucose	G5	C(CC(C(C=C)(CO)O)O)=O
Glucose	G5	C(CC(C(C=O)=C)(CO)O)(O)=O
Glucose	G5	C(CC(C(CC(C)O)=O)O)(O)=O
Glucose	G5	C(CC(C(CC(CO)O)O)=O)=O
Glucose	G5	C(CC(C(CC(CO)O)O)O)=O
Glucose	G5	C(CC(C(CCC=O)O)O)(O)=O
Glucose	G5	C(CC(C(CCO)O)O)(O)=O
Glucose	G5	C(CC(C(CCO)O)O)O
Glucose	G5	C(CC(C(CO)(CCO)O)O)=O
Glucose	G5	C(CC(C(CO)=C)(CO)O)=O
Glucose	G5	C(CC(C(CO)=O)O)(C(C)O)=O
Glucose	G5	C(CC(C(CO)=O)O)(CCO)=O
Glucose	G5	C(CC(C(CO)C(C)O)O)=O
Glucose	G5	C(CC(C(CO)C(CO)O)O)=O
Glucose	G5	C(CC(C(CO)CC=O)O)(O)=O
Glucose	G5	C(CC(C(CO)CO)O)=O
Glucose	G5	C(CC(C(CO)O)(C(C)O)O)=O
Glucose	G5	C(CC(C(CO)O)=C)(O)=O
Glucose	G5	C(CC(C(CO)O)O)(CCO)=O
Glucose	G5	C(CC(C(O)=O)O)(CC(C)O)=O
Glucose	G5	C(CC(C(O)=O)O)(CCCO)=O
Glucose	G5	C(CC(C)(C(C(C)=O)O)O)(O)=O
Glucose	G5	C(CC(C)(C(C)(CO)O)O)=O
Glucose	G5	C(CC(C)(C(CC=O)O)O)(O)=O
Glucose	G5	C(CC(C)(C(CCO)O)O)=O
Glucose	G5	C(CC(C)(C(CO)CO)O)=O
Glucose	G5	C(CC(C)(CC(C(O)=O)O)O)=O
Glucose	G5	C(CC(C)(CC(CO)=O)O)(O)=O
Glucose	G5	C(CC(C)(CO)O)(CCO)=O
Glucose	G5	C(CC(C)C(C(C(O)=O)O)O)=O
Glucose	G5	C(CC(C1COC(C1O)O)O)=O
Glucose	G5	C(CC(C=C)(CO)O)(O)=O
Glucose	G5	C(CC(C=C)O)(C(CO)O)=O
Glucose	G5	C(CC(C=CC(CO)=O)O)(O)=O
Glucose	G5	C(CC(C=CC(O)=O)O)(O)=O
Glucose	G5	C(CC(C=O)(C(C=C)O)O)(O)=O
Glucose	G5	C(CC(C=O)O)(C(CCO)O)=O
Glucose	G5	C(CC(C=O)O)(C(CO)(C)O)=O
Glucose	G5	C(CC(C=O)O)(CC(CO)O)=O
Glucose	G5	C(CC(CC(C(C)=O)O)O)(O)=O
Glucose	G5	C(CC(CC(C(C)O)O)=O)(O)=O
Glucose	G5	C(CC(CC(C(C)O)O)O)=O
Glucose	G5	C(CC(CC(C)(CO)O)=O)(O)=O
Glucose	G5	C(CC(CC(C)(CO)O)O)(O)=O
Glucose	G5	C(CC(CC(C)O)O)(O)=O
Glucose	G5	C(CC(CC(CCO)=O)O)(O)=O
Glucose	G5	C(CC(CC(CCO)O)=O)(O)=O
Glucose	G5	C(CC(CC(CCO)O)O)=O
Glucose	G5	C(CC(CC(CO)O)O)(O)=O
Glucose	G5	C(CC(CCC(C(O)=O)O)O)=O
Glucose	G5	C(CC(CCC(CO)=O)O)(O)=O
Glucose	G5	C(CC(CCC=O)(CO)O)(O)=O
Glucose	G5	C(CC(CCO)O)(CCO)=O
Glucose	G5	C(CC(CCO)O)(O)=O
Glucose	G5	C(CC(CCO)O)O
Glucose	G5	C(CC(CO)(C(C)O)O)(O)=O
Glucose	G5	C(CC(CO)(C(CCO)O)O)=O
Glucose	G5	C(CC(CO)(CO)O)(CCO)=O
Glucose	G5	C(CC(CO)=CC(CO)=O)(O)=O
Glucose	G5	C(CC(CO)C(C(C)=O)O)(O)=O
Glucose	G5	C(CC(CO)C(C(C)O)O)(O)=O
Glucose	G5	C(CC(CO)C(C(C)O)O)=O
Glucose	G5	C(CC(CO)C(C(O)=O)O)=O
Glucose	G5	C(CC(CO)C(C)(CO)O)(O)=O
Glucose	G5	C(CC(CO)C(C)(CO)O)=O
Glucose	G5	C(CC(CO)C(C)O)(O)=O
Glucose	G5	C(CC(CO)C(C=O)O)(O)=O
Glucose	G5	C(CC(CO)C(CC=O)O)(O)=O
Glucose	G5	C(CC(CO)C(CCO)O)(O)=O
Glucose	G5	C(CC(CO)C(CCO)O)=O
Glucose	G5	C(CC(CO)C(CO)(CO)O)=O
Glucose	G5	C(CC(CO)C(CO)CO)(O)=O
Glucose	G5	C(CC(CO)C(CO)CO)=O
Glucose	G5	C(CC(CO)C(CO)O)(O)=O
Glucose	G5	C(CC(CO)C(CO)O)=O
Glucose	G5	C(CC(CO)CC(C(O)=O)O)=O
Glucose	G5	C(CC(CO)CC(C=O)O)(O)=O
Glucose	G5	C(CC(CO)CC(CO)=O)(O)=O
Glucose	G5	C(CC(CO)CC(CO)O)(O)=O
Glucose	G5	C(CC(CO)CC(CO)O)=O
Glucose	G5	C(CC(CO)CC(O)=O)(O)=O
Glucose	G5	C(CC(CO)CCO)(O)=O
Glucose	G5	C(CC(CO)CO)(O)=O
Glucose	G5	C(CC(CO)O)(C(C=C)O)=O
Glucose	G5	C(CC(CO)O)(C(CO)(C)O)=O
Glucose	G5	C(CC(CO)O)(C(CO)CO)=O
Glucose	G5	C(CC(O)=O)(C(C=C)(CO)O)=O
Glucose	G5	C(CC)(C(C(C(CO)O)=O)O)=O
Glucose	G5	C(CC)(C(C(CO)=O)(CO)O)=O
Glucose	G5	C(CC1(C(C(C(C)O1)O)O)O)=O
Glucose	G5	C(CC1(C(C(CO1)CO)O)O)=O
Glucose	G5	C(CC1(C(C)(O)OCC1O)O)=O
Glucose	G5	C(CC1(C(C)OC(C1O)O)O)=O
Glucose	G5	C(CC1(C(CCO1)O)O)(O)=O
Glucose	G5	C(CC1(C(CO)C(CO1)O)O)=O
Glucose	G5	C(CC1(C(O)OC(C)C1O)O)=O
Glucose	G5	C(CC1(C(O)OCC1)O)(O)=O
Glucose	G5	C(CC1(C(O)OCC1CO)O)=O
Glucose	G5	C(CC1(CC(C(C1O)=O)O)O)=O
Glucose	G5	C(CC1(CC(C(CO)O1)O)O)=O
Glucose	G5	C(CC1(CC(CO1)O)O)(O)=O
Glucose	G5	C(CC1(COC(C1(C)O)O)O)=O
Glucose	G5	C(CC1(COC(C1)O)O)(O)=O
Glucose	G5	C(CC1(COC(C1CO)O)O)=O
Glucose	G5	C(CC1(COCC1O)O)(O)=O
Glucose	G5	C(CC1C(C(C(C1)=O)O)O)(O)=O
Glucose	G5	C(CC1C(C(C(C1O)=O)O)O)=O
Glucose	G5	C(CC1C(C(C)(C(O)O1)O)O)=O
Glucose	G5	C(CC1C(C)(C(C(O)O1)O)O)=O
Glucose	G5	C(CC1C(O)OCC1(CO)O)=O
Glucose	G5	C(CC=CC(C(C(O)=O)O)O)=O
Glucose	G5	C(CC=CC(C(O)=O)O)(O)=O
Glucose	G5	C(CCC(C(C(C)=O)O)O)(O)=O
Glucose	G5	C(CCC(C(C(C)O)=O)O)(O)=O
Glucose	G5	C(CCC(C(C(C)O)O)O)(O)=O
Glucose	G5	C(CCC(C(C(C)O)O)O)=O
Glucose	G5	C(CCC(C(C(C=O)O)O)O)=O
Glucose	G5	C(CCC(C(C(CO)=O)O)O)=O
Glucose	G5	C(CCC(C(C(CO)O)=O)O)=O
Glucose	G5	C(CCC(C(C(CO)O)O)O)=O
Glucose	G5	C(CCC(C(C)=O)(CO)O)(O)=O
Glucose	G5	C(CCC(C(C)O)O)(O)=O
Glucose	G5	C(CCC(C(C=O)O)O)(O)=O
Glucose	G5	C(CCC(C(CC=O)O)O)(O)=O
Glucose	G5	C(CCC(C(CCO)=O)O)(O)=O
Glucose	G5	C(CCC(C(CCO)O)O)(O)=O
Glucose	G5	C(CCC(C(CCO)O)O)=O
Glucose	G5	C(CCC(C(CO)(CO)O)O)=O
Glucose	G5	C(CCC(C(CO)=O)(C)O)(O)=O
Glucose	G5	C(CCC(C(CO)=O)(CO)O)=O
Glucose	G5	C(CCC(C(CO)=O)CO)(O)=O
Glucose	G5	C(CCC(C(CO)=O)O)(O)=O
Glucose	G5	C(CCC(C(CO)O)O)(O)=O
Glucose	G5	C(CCC(C(CO)O)O)=O
Glucose	G5	C(CCC(C(O)=O)O)(O)=O
Glucose	G5	C(CCC(C)(C(C(O)=O)O)O)=O
Glucose	G5	C(CCC(C)(C(C=O)O)O)(O)=O
Glucose	G5	C(CCC(C)(C(CO)O)O)(O)=O
Glucose	G5	C(CCC(C)(C(CO)O)O)=O
Glucose	G5	C(CCC(C)(CC(O)=O)O)(O)=O
Glucose	G5	C(CCC(C)(CCO)O)(O)=O
Glucose	G5	C(CCC(C)(CO)O)(O)=O
Glucose	G5	C(CCC(C=CC(O)=O)O)(O)=O
Glucose	G5	C(CCC(CC(C(O)=O)O)O)=O
Glucose	G5	C(CCC(CC(C)O)O)(O)=O
Glucose	G5	C(CCC(CC(C=O)O)O)(O)=O
Glucose	G5	C(CCC(CC(CO)=O)O)(O)=O
Glucose	G5	C(CCC(CC(CO)O)O)(O)=O
Glucose	G5	C(CCC(CC(CO)O)O)=O
Glucose	G5	C(CCC(CC(O)=O)O)(O)=O
Glucose	G5	C(CCC(CCO)O)(O)=O
Glucose	G5	C(CCC(CO)(C(C)O)O)(O)=O
Glucose	G5	C(CCC(CO)(C(C)O)O)=O
Glucose	G5	C(CCC(CO)(C(C=O)O)O)=O
Glucose	G5	C(CCC(CO)(C(CO)O)O)=O
Glucose	G5	C(CCC(CO)(CC=O)O)(O)=O
Glucose	G5	C(CCC(CO)(CCO)O)(O)=O
Glucose	G5	C(CCC(CO)(CCO)O)=O
Glucose	G5	C(CCC(CO)(CO)O)(O)=O
Glucose	G5	C(CCC(CO)(CO)O)=O
Glucose	G5	C(CCC(CO)C(C(O)=O)O)=O
Glucose	G5	C(CCC(CO)C(C)O)(O)=O
Glucose	G5	C(CCC(CO)C(C=O)O)(O)=O
Glucose	G5	C(CCC(CO)C(CO)O)(O)=O
Glucose	G5	C(CCC(CO)C(CO)O)=O
Glucose	G5	C(CCC(CO)CO)(O)=O
Glucose	G5	C(CCC(CO)O)(O)=O
Glucose	G5	C(CCC=O)(C(C(CO)O)O)=O
Glucose	G5	C(CCCC(C(C(O)=O)O)O)=O
Glucose	G5	C(CCCC(C(C=O)O)O)(O)=O
Glucose	G5	C(CCCC(C(CO)=O)O)(O)=O
Glucose	G5	C(CCCC(C(CO)O)=O)(O)=O
Glucose	G5	C(CCCC(C(CO)O)O)(O)=O
Glucose	G5	C(CCCC(C(CO)O)O)=O
Glucose	G5	C(CCCC(C(O)=O)O)(O)=O
Glucose	G5	C(CCCC(CC(O)=O)O)(O)=O
Glucose	G5	C(CCCC(CCO)O)(O)=O
Glucose	G5	C(CCCC(CO)O)(O)=O
Glucose	G5	C(CCCO)(C(CO)(CO)O)=O
Glucose	G5	C(CCO)(C(C(C(O)=O)=C)O)=O
Glucose	G5	C(CCO)(C(C(CO)=O)(C)O)=O
Glucose	G5	C(CCO)(C(C)(C(CO)O)O)=O
Glucose	G5	C(CCO)(C(C=C)(CO)O)=O
Glucose	G5	C(CCO)(C(C=CC(O)=O)O)=O
Glucose	G5	C(CCO)(C(CO)(C)O)=O
Glucose	G5	C(CCO)(C(CO)(CCO)O)=O
Glucose	G5	C(CCO)(C(CO)C(CO)O)=O
Glucose	G5	C(CCO)(C1COC(C1O)O)=O
Glucose	G5	C(CCO)(CC(C(C=O)O)O)=O
Glucose	G5	C(CO)(C(C(C(C=C)O)O)O)=O
Glucose	G5	C(CO)(C(C(C(CO)=C)O)O)=O
Glucose	G5	C(CO)(C(C(C(O)=O)=C)CO)=O
Glucose	G5	C(CO)(C(C(C(O)=O)=C)O)=O
Glucose	G5	C(CO)(C(C(C)(CCO)O)O)=O
Glucose	G5	C(CO)(C(C(C)O)(CCO)O)=O
Glucose	G5	C(CO)(C(C(C)O)CC(O)=O)=O
Glucose	G5	C(CO)(C(C(C)O)CCO)=O
Glucose	G5	C(CO)(C(C(C=CCO)=O)O)=O
Glucose	G5	C(CO)(C(C(C=CCO)O)O)=O
Glucose	G5	C(CO)(C(C(CO)=O)(C)O)=O
Glucose	G5	C(CO)(C(C(CO)C(C)O)O)=O
Glucose	G5	C(CO)(C(C(CO)C)O)=O
Glucose	G5	C(CO)(C(C(CO)CCO)O)=O
Glucose	G5	C(CO)(C(C(CO)CO)O)=O
Glucose	G5	C(CO)(C(C(CO)O)CCO)=O
Glucose	G5	C(CO)(C(C)(C(C=C)O)O)=O
Glucose	G5	C(CO)(C(C)(C(CO)CO)O)=O
Glucose	G5	C(CO)(C(C)(CC(O)=O)O)=O
Glucose	G5	C(CO)(C(C)(CCO)O)=O
Glucose	G5	C(CO)(C(C)C(C(CO)O)O)=O
Glucose	G5	C(CO)(C(C)C(CO)(CO)O)=O
Glucose	G5	C(CO)(C(C)C(CO)O)=O
Glucose	G5	C(CO)(C(C1C=CC(O)O1)O)=O
Glucose	G5	C(CO)(C(C=C)(C(C)O)O)=O
Glucose	G5	C(CO)(C(C=C)(C(CO)O)O)=O
Glucose	G5	C(CO)(C(C=C)(CO)CO)=O
Glucose	G5	C(CO)(C(C=C)C(CO)O)=O
Glucose	G5	C(CO)(C(C=CC(O)=O)CO)=O
Glucose	G5	C(CO)(C(C=CCO)(CO)O)=O
Glucose	G5	C(CO)(C(CC(C(C)O)O)O)=O
Glucose	G5	C(CO)(C(CC(CCO)O)O)=O
Glucose	G5	C(CO)(C(CC(CO)=C)O)=O
Glucose	G5	C(CO)(C(CC(CO)CO)O)=O
Glucose	G5	C(CO)(C(CC)(C(C=O)O)O)=O
Glucose	G5	C(CO)(C(CCCO)O)=O
Glucose	G5	C(CO)(C(CCO)(CC=O)O)=O
Glucose	G5	C(CO)(C(CCO)C(C=O)O)=O
Glucose	G5	C(CO)(C(CCO)CC(O)=O)=O
Glucose	G5	C(CO)(C(CCO)CCO)=O
Glucose	G5	C(CO)(C(CO)(C(C=C)O)O)=O
Glucose	G5	C(CO)(C(CO)(C(CO)C)O)=O
Glucose	G5	C(CO)(C(CO)(C)C(C=O)O)=O
Glucose	G5	C(CO)(C(CO)(CC(C)=O)O)=O
Glucose	G5	C(CO)(C(CO)(CC(C)O)O)=O
Glucose	G5	C(CO)(C(CO)(CO)CC=O)=O
Glucose	G5	C(CO)(C(CO)C(C=C)O)=O
Glucose	G5	C(CO)(C(CO)C(CO)C)=O
Glucose	G5	C(CO)(C(CO)C(CO)CO)=O
Glucose	G5	C(CO)(C(CO)CC(C)O)=O
Glucose	G5	C(CO)(C(CO)CC(CO)O)=O
Glucose	G5	C(CO)(C(CO)CC(O)=O)=O
Glucose	G5	C(CO)(C(CO)CCCO)=O
Glucose	G5	C(CO)(C(CO)CCO)=O
Glucose	G5	C(CO)(C1(C(C(CO1)O)=C)O)=O
Glucose	G5	C(CO)(C1(C(C(O)OC1)=C)O)=O
Glucose	G5	C(CO)(C1(C(C=CC1O)O)O)=O
Glucose	G5	C(CO)(C1(C(CC(C1)=O)O)O)=O
Glucose	G5	C(CO)(C1(C(CC(C1)O)O)O)=O
Glucose	G5	C(CO)(C1(C(CO)=CCO1)O)=O
Glucose	G5	C(CO)(C1(C=CC(C1O)O)O)=O
Glucose	G5	C(CO)(C1(C=CC(O1)O)CO)=O
Glucose	G5	C(CO)(C1(CC(C(C1)=O)O)O)=O
Glucose	G5	C(CO)(C1(CCC(C1O)=O)O)=O
Glucose	G5	C(CO)(C1(CO)CC(CO1)O)=O
Glucose	G5	C(CO)(C1(COC(C1C)O)O)=O
Glucose	G5	C(CO)(C1(COC(C1O)=C)O)=O
Glucose	G5	C(CO)(C1C(C(C(C1)=O)O)O)=O
Glucose	G5	C(CO)(C1C(C(C(C1)O)O)O)=O
Glucose	G5	C(CO)(C1C(C(C(O)O1)=C)O)=O
Glucose	G5	C(CO)(C1C(C(C(O1)=C)O)O)=O
Glucose	G5	C(CO)(C1C(C(C(O1)O)O)=C)=O
Glucose	G5	C(CO)(C1C(C(CC1)O)O)=O
Glucose	G5	C(CO)(C1C(C(CO1)(C)O)O)=O
Glucose	G5	C(CO)(C1C(C=CC1O)O)=O
Glucose	G5	C(CO)(C1C(CC(C1)O)O)=O
Glucose	G5	C(CO)(C1C(CO)C(CO1)O)=O
Glucose	G5	C(CO)(C1C=CC(C1O)O)=O
Glucose	G5	C(CO)(C1CC(C(C1O)=O)O)=O
Glucose	G5	C(CO)(C1CC(C(CO)O1)O)=O
Glucose	G5	C(CO)(CC(C(C(O)=O)=C)O)=O
Glucose	G5	C(CO)(CC(C(C=C)O)O)=O
Glucose	G5	C(CO)(CC(C(CO)(C)O)O)=O
Glucose	G5	C(CO)(CC(C(CO)CO)O)=O
Glucose	G5	C(CO)(CC(C)(CCO)O)=O
Glucose	G5	C(CO)(CC(C)C(CO)O)=O
Glucose	G5	C(CO)(CC(C=CC(O)=O)O)=O
Glucose	G5	C(CO)(CC(C=CCO)O)=O
Glucose	G5	C(CO)(CC(CO)=CC(O)=O)=O
Glucose	G5	C(CO)(CC(CO)C(C)O)=O
Glucose	G5	C(CO)(CC(CO)CCO)=O
Glucose	G5	C(CO)(CC(CO)CO)=O
Glucose	G5	C(CO)(CCC(C(C)O)O)=O
Glucose	G5	C(CO)(CCC(CCO)O)=O
Glucose	G5	C(CO)(CCC(CO)(C)O)=O
Glucose	G5	C(CO)(CCC(CO)CO)=O
Glucose	G5	C(CO)(CCCC(CO)O)=O
Glucose	G5	C(CO)(CO)=C1C(C(O)OC1)=O
Glucose	G5	C(CO)(CO)=C1C(COC1O)=O
Glucose	G5	C(CO)(CO)=C1C(OCC1O)=O
Glucose	G5	C(CO)=C1C(C(C(C1O)O)O)=O
Glucose	G5	C(CO)=C1C(C(C(OC1)O)O)=O
Glucose	G5	C(CO)=C1C(C(CO)(OC1)O)=O
Glucose	G5	C(CO)=C1C(COC(C1O)O)=O
Glucose	G5	C(CO)=C1COC(C)(C1O)O
Glucose	G5	C(CO)=C1COC(C1(CO)O)O
Glucose	G5	C(CO)=C1COC(C1O)O
Glucose	G5	C(CO)=C1COC(CO)(C1O)O
Glucose	G5	C(CO)=CC(C(C(C)O)O)=O
Glucose	G5	C(CO)=CC(C(C(CO)O)O)=O
Glucose	G5	C1(C(C(C(C(C)(C1)O)=O)O)O)=O
Glucose	G5	C1(C(C(C(C(C)(C1)O)O)O)=O)=O
Glucose	G5	C1(C(C(C(C(C)O)C1)O)O)=O
Glucose	G5	C1(C(C(C(C(C1)=C)O)O)O)=O
Glucose	G5	C1(C(C(C(C(C1)=O)O)O)O)=O
Glucose	G5	C1(C(C(C(C(C1)O)(C)O)O)=O)=O
Glucose	G5	C1(C(C(C(C(C1)O)(C)O)O)O)=O
Glucose	G5	C1(C(C(C(C(C1)O)=O)(C)O)O)=O
Glucose	G5	C1(C(C(C(C(C1)O)CO)O)=O)=O
Glucose	G5	C1(C(C(C(C(C1)O)CO)O)O)=O
Glucose	G5	C1(C(C(C(C(C1)O)O)O)=O)=O
Glucose	G5	C1(C(C(C(C(C1C)O)=O)O)O)=O
Glucose	G5	C1(C(C(C(C(C1C)O)O)O)=O)=O
Glucose	G5	C1(C(C(C(C(C1O)=C)O)O)O)=O
Glucose	G5	C1(C(C(C(C(C1O)O)=C)O)O)=O
Glucose	G5	C1(C(C(C(C(CC1)O)=O)O)O)=O
Glucose	G5	C1(C(C(C(C(CC1)O)O)O)=O)=O
Glucose	G5	C1(C(C(C(C(CC1)O)O)O)O)=O
Glucose	G5	C1(C(C(C(C(CO)C1)O)O)=O)=O
Glucose	G5	C1(C(C(C(C(CO)O)C1)O)O)=O
Glucose	G5	C1(C(C(C(C(CO)O)O1)=C)O)=O
Glucose	G5	C1(C(C(C(C(CO)O1)O)=C)O)=O
Glucose	G5	C1(C(C(C(C(CO1)O)O)=C)O)=O
Glucose	G5	C1(C(C(C(C)(C1(C)O)O)O)O)=O
Glucose	G5	C1(C(C(C(C)(C1CO)O)O)=O)=O
Glucose	G5	C1(C(C(C(C)(CC1O)O)O)O)=O
Glucose	G5	C1(C(C(C(C)C1(CO)O)O)O)=O
Glucose	G5	C1(C(C(C(C)C1CO)O)O)=O
Glucose	G5	C1(C(C(C(C)C1O)O)O)=O
Glucose	G5	C1(C(C(C(C)O)(O)OCC1)O)=O
Glucose	G5	C1(C(C(C(C)O)OC(C1)O)O)=O
Glucose	G5	C1(C(C(C(C)OC(C1)O)O)O)=O
Glucose	G5	C1(C(C(C(C1(CO)C)=O)O)O)=O
Glucose	G5	C1(C(C(C(C1(CO)C)O)O)=O)=O
Glucose	G5	C1(C(C(C(C1(CO)O)=C)O)O)=O
Glucose	G5	C1(C(C(C(C1)=C)(CO)O)O)=O
Glucose	G5	C1(C(C(C(C1)=CCO)O)O)=O
Glucose	G5	C1(C(C(C(C1)O)(CO)CO)O)=O
Glucose	G5	C1(C(C(C(C1)O)C(C)O)O)=O
Glucose	G5	C1(C(C(C(C1)O)C(CO)O)O)=O
Glucose	G5	C1(C(C(C(C1)O)CCO)O)=O
Glucose	G5	C1(C(C(C(C1)O)O)(CC=O)O)=O
Glucose	G5	C1(C(C(C(C1C(C)=O)O)O)O)=O
Glucose	G5	C1(C(C(C(C1C)O)(CO)O)=O)=O
Glucose	G5	C1(C(C(C(C1C)O)O)O)=O
Glucose	G5	C1(C(C(C(C1C=C)O)O)O)=O
Glucose	G5	C1(C(C(C(C1CCO)O)O)=O)=O
Glucose	G5	C1(C(C(C(C1CO)=C)O)O)=O
Glucose	G5	C1(C(C(C(C1CO)=O)O)O)=O
Glucose	G5	C1(C(C(C(C1CO)O)(C)O)=O)=O
Glucose	G5	C1(C(C(C(C1CO)O)O)=O)=O
Glucose	G5	C1(C(C(C(C1O)=C)(CO)O)O)=O
Glucose	G5	C1(C(C(C(C1O)=CCO)O)O)=O
Glucose	G5	C1(C(C(C(C1O)O)C(C)O)O)=O
Glucose	G5	C1(C(C(C(C1O)O)CCO)O)=O
Glucose	G5	C1(C(C(C(C1O)O)O)CC=O)=O
Glucose	G5	C1(C(C(C(C=1)=O)(CO)O)O)C
Glucose	G5	C1(C(C(C(C=1)=O)(CO)O)O)CO
Glucose	G5	C1(C(C(C(C=1)=O)O)O)C(C)O
Glucose	G5	C1(C(C(C(C=1)=O)O)O)C(CO)O
Glucose	G5	C1(C(C(C(C=1)=O)O)O)CCO
Glucose	G5	C1(C(C(C(C=CC1)O)O)O)=O
Glucose	G5	C1(C(C(C(C=CC1O)O)O)O)=O
Glucose	G5	C1(C(C(C(CC(C1)O)O)O)=O)=O
Glucose	G5	C1(C(C(C(CC1)(C)O)O)O)=O
Glucose	G5	C1(C(C(C(CC1)(CO)O)O)=O)=O
Glucose	G5	C1(C(C(C(CC1)(CO)O)O)O)=O
Glucose	G5	C1(C(C(C(CC1)CO)O)O)=O
Glucose	G5	C1(C(C(C(CC1CO)O)O)=O)=O
Glucose	G5	C1(C(C(C(CC1CO)O)O)O)=O
Glucose	G5	C1(C(C(C(CCC1)O)O)O)=O
Glucose	G5	C1(C(C(C(CCO)(C1)O)O)=O)=O
Glucose	G5	C1(C(C(C(CCO)C1)O)O)=O
Glucose	G5	C1(C(C(C(CO)(C1C)O)O)=O)=O
Glucose	G5	C1(C(C(C(CO)(C1C)O)O)O)=O
Glucose	G5	C1(C(C(C(CO)(CO)C1)O)=O)=O
Glucose	G5	C1(C(C(C(CO)(CO)C1)O)O)=O
Glucose	G5	C1(C(C(C(CO)=CC1O)O)O)=O
Glucose	G5	C1(C(C(C(CO)C1(C)O)O)O)=O
Glucose	G5	C1(C(C(C(CO)C1CO)O)=O)=O
Glucose	G5	C1(C(C(C(CO)C1O)O)=O)=O
Glucose	G5	C1(C(C(C(CO)CC1O)O)O)=O
Glucose	G5	C1(C(C(C(O)OCC1)CO)O)=O
Glucose	G5	C1(C(C(C(O)OCC1O)C)O)=O
Glucose	G5	C1(C(C(C(OC1)=C)(CO)O)O)=O
Glucose	G5	C1(C(C(C(OC1CO)=C)O)O)=O
Glucose	G5	C1(C(C(C(OCC1O)=C)O)O)=O
Glucose	G5	C1(C(C(C)(C(C(C1)=O)O)O)O)=O
Glucose	G5	C1(C(C(C)(C(C)(C1)O)O)O)=O
Glucose	G5	C1(C(C(C)(C(C)(C1O)O)O)O)=O
Glucose	G5	C1(C(C(C)(C(C1(C)O)O)O)O)=O
Glucose	G5	C1(C(C(C)(C(C1C)O)O)O)=O
Glucose	G5	C1(C(C(C)(C(CC1)O)O)O)=O
Glucose	G5	C1(C(C(C)(C(CC1O)O)O)O)=O
Glucose	G5	C1(C(C(C)(C(CO)(C1)O)O)O)=O
Glucose	G5	C1(C(C(C)(C(CO)C1O)O)O)=O
Glucose	G5	C1(C(C(C)(CC(C1)O)O)O)=O
Glucose	G5	C1(C(C(C)(CC(C1O)O)O)O)=O
Glucose	G5	C1(C(C(C)(O)OC(CO)C1)O)=O
Glucose	G5	C1(C(C(C)(O)OCC(C1)O)O)=O
Glucose	G5	C1(C(C(C)(O)OCC1CO)O)=O
Glucose	G5	C1(C(C(C)C(C1(CO)O)O)O)=O
Glucose	G5	C1(C(C(C)C(C1CO)O)O)=O
Glucose	G5	C1(C(C(C)C(CO)(C1)O)O)=O
Glucose	G5	C1(C(C(C)O)(C(C(C)O1)O)O)=O
Glucose	G5	C1(C(C(C)O)(C(C)(CO1)O)O)=O
Glucose	G5	C1(C(C(C)O)(C(CCO1)O)O)=O
Glucose	G5	C1(C(C(C)O)(O)OC(CO)C1)=O
Glucose	G5	C1(C(C(C)O)(O)OCC(C1)O)=O
Glucose	G5	C1(C(C(C)O)(O)OCC1CO)=O
Glucose	G5	C1(C(C(C)O)(O)OCC1O)=O
Glucose	G5	C1(C(C(C)O)OC(C)(C1O)O)=O
Glucose	G5	C1(C(C(C)O)OC(C1CO)O)=O
Glucose	G5	C1(C(C(C)O)OC(CC1O)O)=O
Glucose	G5	C1(C(C(C)O)OC(CO)(C1)O)=O
Glucose	G5	C1(C(C(C)O)OC(CO)C1O)=O
Glucose	G5	C1(C(C(C)O)OCC(C1O)O)=O
Glucose	G5	C1(C(C(C)O)OCC1(CO)O)=O
Glucose	G5	C1(C(C(C)OC(C)(C1O)O)O)=O
Glucose	G5	C1(C(C(C)OC(C1CO)O)O)=O
Glucose	G5	C1(C(C(C)OC(CO)(C1)O)O)=O
Glucose	G5	C1(C(C(C2(CC1CO2)O)O)O)=O
Glucose	G5	C1(C(C(C2C(O)OCC12)O)O)=O
Glucose	G5	C1(C(C(C2CC1C(O)O2)O)O)=O
Glucose	G5	C1(C(C(C=C(CO)C1)O)O)=O
Glucose	G5	C1(C(C(C=C(CO)C1O)O)O)=O
Glucose	G5	C1(C(C(C=C)(C(C1)O)O)O)=O
Glucose	G5	C1(C(C(C=C)(C(C1O)O)O)O)=O
Glucose	G5	C1(C(C(C=C)(C(OC1)O)O)O)=O
Glucose	G5	C1(C(C(C=C)(CO)OC1O)O)=O
Glucose	G5	C1(C(C(C=C)(O)OCC1O)O)=O
Glucose	G5	C1(C(C(C=C)(OC1CO)O)O)=O
Glucose	G5	C1(C(C(C=C)O)(O)OCC1O)=O
Glucose	G5	C1(C(C(C=C)O)OC(C1O)O)=O
Glucose	G5	C1(C(C(C=CC(C1O)O)O)O)=O
Glucose	G5	C1(C(C(C=CC1(CO)O)O)O)=O
Glucose	G5	C1(C(C(C=CC1)(CO)O)O)=O
Glucose	G5	C1(C(C(C=CC1O)(CO)O)O)=O
Glucose	G5	C1(C(C(CC(C(C1)=O)O)O)O)=O
Glucose	G5	C1(C(C(CC(C(C1)O)O)O)=O)=O
Glucose	G5	C1(C(C(CC(C)(C1)O)O)O)=O
Glucose	G5	C1(C(C(CC(C1(C)O)O)O)O)=O
Glucose	G5	C1(C(C(CC(C1CO)O)O)=O)=O
Glucose	G5	C1(C(C(CC(C1CO)O)O)O)=O
Glucose	G5	C1(C(C(CC(CC1)O)O)O)=O
Glucose	G5	C1(C(C(CC(CC1O)O)O)O)=O
Glucose	G5	C1(C(C(CC(CO)(C1)O)O)=O)=O
Glucose	G5	C1(C(C(CC1(C(C)O)O)O)O)=O
Glucose	G5	C1(C(C(CC1(C)O)O)O)=O
Glucose	G5	C1(C(C(CC1(CO)CO)O)=O)=O
Glucose	G5	C1(C(C(CC1)(C(C)O)O)O)=O
Glucose	G5	C1(C(C(CC1)(C(C=O)O)O)O)=O
Glucose	G5	C1(C(C(CC1)(C(CO)O)O)O)=O
Glucose	G5	C1(C(C(CC1)(CCO)O)O)=O
Glucose	G5	C1(C(C(CC1C(C)O)O)O)=O
Glucose	G5	C1(C(C(CC1C(CO)=O)O)O)=O
Glucose	G5	C1(C(C(CC1C(CO)O)O)=O)=O
Glucose	G5	C1(C(C(CC1C(CO)O)O)O)=O
Glucose	G5	C1(C(C(CC1CCO)O)O)=O
Glucose	G5	C1(C(C(CC1CO)(CO)O)=O)=O
Glucose	G5	C1(C(C(CC1CO)O)O)=O
Glucose	G5	C1(C(C(CC1O)(C(C)O)O)O)=O
Glucose	G5	C1(C(C(CC1O)(CCO)O)O)=O
Glucose	G5	C1(C(C(CC1O)O)(CC=O)O)=O
Glucose	G5	C1(C(C(CC1O)O)C(C=O)O)=O
Glucose	G5	C1(C(C(CCC1O)O)O)=O
Glucose	G5	C1(C(C(CCO)(O)OCC1)O)=O
Glucose	G5	C1(C(C(CCO)OC(C1)O)O)=O
Glucose	G5	C1(C(C(CO)(C(C)C1)O)O)=O
Glucose	G5	C1(C(C(CO)(C(C)C1O)O)O)=O
Glucose	G5	C1(C(C(CO)(C(C)O1)O)O)=O
Glucose	G5	C1(C(C(CO)(C(C1C)O)O)O)=O
Glucose	G5	C1(C(C(CO)(C(CC1)O)O)O)=O
Glucose	G5	C1(C(C(CO)(C(CO)C1)O)O)=O
Glucose	G5	C1(C(C(CO)(CC1(C)O)O)O)=O
Glucose	G5	C1(C(C(CO)(CC1C)O)O)=O
Glucose	G5	C1(C(C(CO)(CC1CO)O)O)=O
Glucose	G5	C1(C(C(CO)(CCC1)O)O)=O
Glucose	G5	C1(C(C(CO)(CCC1O)O)O)=O
Glucose	G5	C1(C(C(CO)(O)OC(C)C1)O)=O
Glucose	G5	C1(C(C(CO)(O)OCCC1)O)=O
Glucose	G5	C1(C(C(CO)=C(CO)C1)O)=O
Glucose	G5	C1(C(C(CO)=C(CO)C1O)O)=O
Glucose	G5	C1(C(C(CO)=CC(CO)O1)O)=O
Glucose	G5	C1(C(C(CO)=CC(CO1)O)O)=O
Glucose	G5	C1(C(C(CO)=CC1(CO)O)O)=O
Glucose	G5	C1(C(C(CO)C(C(C1)=O)O)O)=O
Glucose	G5	C1(C(C(CO)C(C(C1)O)O)O)=O
Glucose	G5	C1(C(C(CO)C(C)(CO1)O)O)=O
Glucose	G5	C1(C(C(CO)C(C1(C)O)O)O)=O
Glucose	G5	C1(C(C(CO)C(C1CO)O)O)=O
Glucose	G5	C1(C(C(CO)C(CO)(C)O1)O)=O
Glucose	G5	C1(C(C(CO)C(CO)C1O)O)=O
Glucose	G5	C1(C(C(CO)C(CO)O1)O)=O
Glucose	G5	C1(C(C(CO)C(CO)O1)O)O
Glucose	G5	C1(C(C(CO)C(CO1)O)O)=O
Glucose	G5	C1(C(C(CO)C)(O)OCC1O)=O
Glucose	G5	C1(C(C(CO)CC(C1O)O)O)=O
Glucose	G5	C1(C(C(CO)CO)(O)OCC1)=O
Glucose	G5	C1(C(C(CO)CO)OC(C1)O)=O
Glucose	G5	C1(C(C(CO)CO)OCC1O)=O
Glucose	G5	C1(C(C(CO)O)(CC(C1)=O)O)=O
Glucose	G5	C1(C(C(CO)O)(CCO1)O)=O
Glucose	G5	C1(C(C(CO)O)(O)OC(C)C1)=O
Glucose	G5	C1(C(C(CO)O)(O)OCC1C)=O
Glucose	G5	C1(C(C(CO)O)C(C(C1)=O)O)=O
Glucose	G5	C1(C(C(CO)O)C(C)(CO1)O)=O
Glucose	G5	C1(C(C(CO)O)CC(C1O)=O)=O
Glucose	G5	C1(C(C(CO)O)OC(C)(C1)O)=O
Glucose	G5	C1(C(C(CO)O)OCC1(C)O)=O
Glucose	G5	C1(C(C(CO)OC(C)(C1)O)O)=O
Glucose	G5	C1(C(C(CO)OC1(CO)C)O)=O
Glucose	G5	C1(C(C(CO1)(C(C)O)O)O)=O
Glucose	G5	C1(C(C(CO1)C(C(C)O)O)O)=O
Glucose	G5	C1(C(C(CO1)C(CCO)O)O)=O
Glucose	G5	C1(C(C(CO1)C(CO)(C)O)O)=O
Glucose	G5	C1(C(C(CO1)C(CO)O)O)=O
Glucose	G5	C1(C(C(CO1)O)(C(C=C)O)O)=O
Glucose	G5	C1(C(C(CO1)O)(CCO)O)=O
Glucose	G5	C1(C(C(COC(C)(C1)O)O)O)=O
Glucose	G5	C1(C(C(COC(C1)O)CO)O)=O
Glucose	G5	C1(C(C(COC1(CO)C)O)O)=O
Glucose	G5	C1(C(C(O)OC(C(C)O)C1)O)=O
Glucose	G5	C1(C(C(O)OC(C(C1)O)C)O)=O
Glucose	G5	C1(C(C(O)OC(C)C1(C)O)O)=O
Glucose	G5	C1(C(C(O)OC(C)C1CO)O)=O
Glucose	G5	C1(C(C(O)OC(CCO)C1)O)=O
Glucose	G5	C1(C(C(O)OCC1(C)O)O)=O
Glucose	G5	C1(C(C(O)OCC1(C=C)O)O)=O
Glucose	G5	C1(C(C(O)OCC1C(C)O)O)=O
Glucose	G5	C1(C(C(O)OCC1CCO)O)=O
Glucose	G5	C1(C(C(O)OCC1CO)O)=O
Glucose	G5	C1(C(C(O)OCC1O)O)=O
Glucose	G5	C1(C(C(O)OCCC1CO)O)=O
Glucose	G5	C1(C(C(OC1(C)C(C)O)O)O)=O
Glucose	G5	C1(C(C(OC1(C=C)CO)O)O)=O
Glucose	G5	C1(C(C(OC1(CO)C)O)O)=O
Glucose	G5	C1(C(C(OC1C=C)O)(CO)O)=O
Glucose	G5	C1(C(C(OCC(C1O)=C)O)O)=O
Glucose	G5	C1(C(C)(C(C(C(C)O)O1)O)O)=O
Glucose	G5	C1(C(C)(C(C(C(C)O1)O)O)O)=O
Glucose	G5	C1(C(C)(C(C(C(C1)=O)O)O)O)=O
Glucose	G5	C1(C(C)(C(C(C1(C)O)O)O)O)=O
Glucose	G5	C1(C(C)(C(C(C1CO)=O)O)O)=O
Glucose	G5	C1(C(C)(C(C(C1O)=O)O)O)=O
Glucose	G5	C1(C(C)(C(C(CCO)O1)O)O)=O
Glucose	G5	C1(C(C)(C(C(CCO1)O)O)O)=O
Glucose	G5	C1(C(C)(C(C)(C(CO)O1)O)O)=O
Glucose	G5	C1(C(C)(C(C)(C(CO1)O)O)O)=O
Glucose	G5	C1(C(C)(C(C=O)(C(C1)O)O)O)=O
Glucose	G5	C1(C(C)(C(C=O)(CC1O)O)O)=O
Glucose	G5	C1(C(C)(C(CC(C1O)=O)O)O)=O
Glucose	G5	C1(C(C)(C(CC(CO)O1)O)O)=O
Glucose	G5	C1(C(C)(C(CC(CO1)O)O)O)=O
Glucose	G5	C1(C(C)(C(CO)(C(C)O1)O)O)=O
Glucose	G5	C1(C(C)(C(CO)(CCO1)O)O)=O
Glucose	G5	C1(C(C)(C(CO)(CO1)O)O)=O
Glucose	G5	C1(C(C)(C(CO1)(C(C)O)O)O)=O
Glucose	G5	C1(C(C)(C(CO1)(CCO)O)O)=O
Glucose	G5	C1(C(C)(CC(C1(CO)O)=O)O)=O
Glucose	G5	C1(C(C)(O)OC(C(C)O)C1O)=O
Glucose	G5	C1(C(C)(O)OC(C(C1)O)CO)=O
Glucose	G5	C1(C(C)(O)OC(C(C1O)O)C)=O
Glucose	G5	C1(C(C)(O)OC(C(CO)O)C1)=O
Glucose	G5	C1(C(C)(O)OC(CCO)C1O)=O
Glucose	G5	C1(C(C)(O)OC(CO)(C)C1O)=O
Glucose	G5	C1(C(C)(O)OC(CO)(CO)C1)=O
Glucose	G5	C1(C(C)(O)OC(CO)C1CO)=O
Glucose	G5	C1(C(C)(O)OCC(C(C1)O)O)=O
Glucose	G5	C1(C(C)(O)OCC(C)(C1O)O)=O
Glucose	G5	C1(C(C)(O)OCC(C1CO)O)=O
Glucose	G5	C1(C(C)(O)OCC(CO)(C1)O)=O
Glucose	G5	C1(C(C)(O)OCC1C(CO)O)=O
Glucose	G5	C1(C(C)(O)OCCC(C1O)O)=O
Glucose	G5	C1(C(C)C(C(C1(CO)O)=O)O)=O
Glucose	G5	C1(C(C)C(C(C1O)=O)(CO)O)=O
Glucose	G5	C1(C(C)C(C=O)(C(C1O)O)O)=O
Glucose	G5	C1(C(C)OC(C(C)(C1O)O)O)=O
Glucose	G5	C1(C(C)OC(C(C1(C)O)O)O)=O
Glucose	G5	C1(C(C)OC(C(C1O)O)(C)O)=O
Glucose	G5	C1(C(C)OC(C(C1O)O)CO)=O
Glucose	G5	C1(C(C)OC(C(CC1O)O)O)=O
Glucose	G5	C1(C(C)OC(C(CO)C1O)O)=O
Glucose	G5	C1(C(C)OC(C(CO)O)(C1)O)=O
Glucose	G5	C1(C(C)OC(C(CO)O)C1O)=O
Glucose	G5	C1(C(C)OC(C)(C1(CO)O)O)=O
Glucose	G5	C1(C(C)OC(C1(C(C)O)O)O)=O
Glucose	G5	C1(C(C)OC(C1(CCO)O)O)=O
Glucose	G5	C1(C(C)OC(C1(CO)O)O)=O
Glucose	G5	C1(C(C)OC(CC(C1O)O)O)=O
Glucose	G5	C1(C(C)OC(CC1(CO)O)O)=O
Glucose	G5	C1(C(C)OC(CC1O)(CO)O)=O
Glucose	G5	C1(C(C)OC(CCO)(C1O)O)=O
Glucose	G5	C1(C(C)OC(CO)(C1CO)O)=O
Glucose	G5	C1(C(C)OC(CO)(CO)C1O)=O
Glucose	G5	C1(C(C)OC(CO)C1(CO)O)=O
Glucose	G5	C1(C(C)OCC(C(C1O)O)O)=O
Glucose	G5	C1(C(C)OCC(C1(CO)O)O)=O
Glucose	G5	C1(C(C)OCC1(C(CO)O)O)=O
Glucose	G5	C1(C(C2(C(C1)OC(C2)O)O)O)=O
Glucose	G5	C1(C(C2(C(C1C(C2)O)O)O)O)=O
Glucose	G5	C1(C(C2(C(C1CC2O)O)O)O)=O
Glucose	G5	C1(C(C2(C(C1CO2)O)O)O)=O
Glucose	G5	C1(C(C2(C(CCO2)(C1)O)O)O)=O
Glucose	G5	C1(C(C2(C(CO)C1CO2)O)O)=O
Glucose	G5	C1(C(C2(C(O)OC(C2)C1)O)O)=O
Glucose	G5	C1(C(C2(C(O)OCC1C2)O)O)=O
Glucose	G5	C1(C(C2(C(O)OCC2C1)O)O)=O
Glucose	G5	C1(C(C2(C)C(C1C(O)O2)O)O)=O
Glucose	G5	C1(C(C2(CC(C1CO2)O)O)O)=O
Glucose	G5	C1(C(C2(CC1(CO2)CO)O)O)=O
Glucose	G5	C1(C(C2(CC1C(C2O)O)O)O)=O
Glucose	G5	C1(C(C2(CC1C(CO)O2)O)O)=O
Glucose	G5	C1(C(C2(CC1C(CO2)O)O)O)=O
Glucose	G5	C1(C(C2(CO)CC1C(O)O2)O)=O
Glucose	G5	C1(C(C2(COC(C1C2)O)O)O)=O
Glucose	G5	C1(C(C2(COCC2(C1)O)O)O)=O
Glucose	G5	C1(C(C2C(C(C(O)O2)O)C1)O)=O
Glucose	G5	C1(C(C2C(C(CO2)O)(C1)O)O)=O
Glucose	G5	C1(C(C2C(C)(C1C(O)O2)O)O)=O
Glucose	G5	C1(C(C2C(C1)OC(C2O)O)O)=O
Glucose	G5	C1(C(C2C(C1C(C2O)O)O)O)=O
Glucose	G5	C1(C(C2C(C1C(O)O2)O)O)=O
Glucose	G5	C1(C(C2C(CC(O)O2)(C1)O)O)=O
Glucose	G5	C1(C(C2C(CC1(CO)O2)O)O)=O
Glucose	G5	C1(C(C2C(CC1C(O)O2)O)O)=O
Glucose	G5	C1(C(C2C(O)OC(C2O)C1)O)=O
Glucose	G5	C1(C(C2C(O)OCC1C2O)O)=O
Glucose	G5	C1(C(C2C(O)OCC2(C1)O)O)=O
Glucose	G5	C1(C(C2CC(C(O)O2)(C1)O)O)=O
Glucose	G5	C1(C(C2CC(C1(CO)O2)O)O)=O
Glucose	G5	C1(C(C2CC1C(C(O)O2)O)O)=O
Glucose	G5	C1(C(C2COC(C1C2O)O)O)=O
Glucose	G5	C1(C(C2COC(C2(C1)O)O)O)=O
Glucose	G5	C1(C(C=C(C(CO)O)C1)O)=O
Glucose	G5	C1(C(C=C(C(CO)O)C1O)O)=O
Glucose	G5	C1(C(C=C(CO)C1(CO)O)O)=O
Glucose	G5	C1(C(C=C(CO)C1CO)O)=O
Glucose	G5	C1(C(C=CC(CO)O1)(CO)O)=O
Glucose	G5	C1(C(C=CC(CO1)O)(CO)O)=O
Glucose	G5	C1(C(C=CC1(CO)O)(CO)O)=O
Glucose	G5	C1(C(CC(C(C(C1)O)O)O)=O)=O
Glucose	G5	C1(C(CC(C(C(C1)O)O)O)O)=O
Glucose	G5	C1(C(CC(C(C1(C)O)O)O)O)=O
Glucose	G5	C1(C(CC(C(C1)O)O)O)=O
Glucose	G5	C1(C(CC(C(C1CO)=O)O)O)=O
Glucose	G5	C1(C(CC(C(C1CO)O)O)O)=O
Glucose	G5	C1(C(CC(C(C1O)=O)O)O)=O
Glucose	G5	C1(C(CC(C(CC1O)O)O)O)=O
Glucose	G5	C1(C(CC(C(CO)(C1)O)O)O)=O
Glucose	G5	C1(C(CC(C(CO)O)(C1)O)=O)=O
Glucose	G5	C1(C(CC(C)(C(CO)O)O1)O)=O
Glucose	G5	C1(C(CC(C)(C(CO)O1)O)O)=O
Glucose	G5	C1(C(CC(C)(C(CO1)O)O)O)=O
Glucose	G5	C1(C(CC(C)(C1(CO)O)O)=O)=O
Glucose	G5	C1(C(CC(C)(C1(CO)O)O)O)=O
Glucose	G5	C1(C(CC(C)(C1O)O)O)=O
Glucose	G5	C1(C(CC(C)O)OC(C1O)O)=O
Glucose	G5	C1(C(CC(C)OC(C1O)O)O)=O
Glucose	G5	C1(C(CC(C1(C(C)=O)O)O)O)=O
Glucose	G5	C1(C(CC(C1(C(C)O)O)O)O)=O
Glucose	G5	C1(C(CC(C1(C)O)O)O)=O
Glucose	G5	C1(C(CC(C1(CCO)O)O)=O)=O
Glucose	G5	C1(C(CC(C1(CCO)O)O)O)=O
Glucose	G5	C1(C(CC(C1(CO)CO)O)O)=O
Glucose	G5	C1(C(CC(C1(CO)O)O)=O)=O
Glucose	G5	C1(C(CC(C1)O)(C(C=O)O)O)=O
Glucose	G5	C1(C(CC(C1C(C)O)O)O)=O
Glucose	G5	C1(C(CC(C1C(CO)=O)O)O)=O
Glucose	G5	C1(C(CC(C1C(CO)O)O)=O)=O
Glucose	G5	C1(C(CC(C1C(CO)O)O)O)=O
Glucose	G5	C1(C(CC(C1O)O)C(C=O)O)=O
Glucose	G5	C1(C(CC(C1O)O)CC(O)=O)=O
Glucose	G5	C1(C(CC(CC(C1)O)O)O)=O
Glucose	G5	C1(C(CC(CC1(CO)O)O)=O)=O
Glucose	G5	C1(C(CC(CC1(CO)O)O)O)=O
Glucose	G5	C1(C(CC(CC1O)O)O)=O
Glucose	G5	C1(C(CC(CO)(C1(C)O)O)O)=O
Glucose	G5	C1(C(CC(CO)(C1CO)O)=O)=O
Glucose	G5	C1(C(CC(CO)(CC1O)O)O)=O
Glucose	G5	C1(C(CC(CO)(CCO)O1)O)=O
Glucose	G5	C1(C(CC(CO)(CCO1)O)O)=O
Glucose	G5	C1(C(CC(CO)(CO)O1)O)=O
Glucose	G5	C1(C(CC(CO)(CO1)O)O)=O
Glucose	G5	C1(C(CC(CO)C(CO)O1)O)=O
Glucose	G5	C1(C(CC(CO)C(CO1)O)O)=O
Glucose	G5	C1(C(CC(CO)C1(CO)O)=O)=O
Glucose	G5	C1(C(CC(CO)C1O)O)=O
Glucose	G5	C1(C(CC(CO)O)(O)OCC1)=O
Glucose	G5	C1(C(CC(CO1)(CCO)O)O)=O
Glucose	G5	C1(C(CC(O)OC(C)C1O)O)=O
Glucose	G5	C1(C(CC(O)OC(CO)C1)O)=O
Glucose	G5	C1(C(CC(O)OCC1(C)O)O)=O
Glucose	G5	C1(C(CC(O)OCC1CO)O)=O
Glucose	G5	C1(C(CC(OC1(CO)C)O)O)=O
Glucose	G5	C1(C(CC2(C(C1CO2)O)O)O)=O
Glucose	G5	C1(C(CC2(C(O)OCC12)O)O)=O
Glucose	G5	C1(C(CCC(C1(CO)O)O)=O)=O
Glucose	G5	C1(C(CCC(CO)(C1)O)O)=O
Glucose	G5	C1(C(CCC1(CO)O)O)=O
Glucose	G5	C1(C(CCO)(C(C(C)O1)O)O)=O
Glucose	G5	C1(C(CCO)(C(C(C1)=O)O)O)=O
Glucose	G5	C1(C(CCO)(C(C)(CO1)O)O)=O
Glucose	G5	C1(C(CCO)(C(CCO1)O)O)=O
Glucose	G5	C1(C(CCO)(O)OC(CO)C1)=O
Glucose	G5	C1(C(CCO)(O)OCC(C1)O)=O
Glucose	G5	C1(C(CCO)(O)OCC1CO)=O
Glucose	G5	C1(C(CCO)C(C(C1O)=O)O)=O
Glucose	G5	C1(C(CCO)OC(C)(C1O)O)=O
Glucose	G5	C1(C(CCO)OC(C1(C)O)O)=O
Glucose	G5	C1(C(CCO)OC(C1CO)O)=O
Glucose	G5	C1(C(CCO)OC(CO)(C1)O)=O
Glucose	G5	C1(C(CCO)OC(CO)C1O)=O
Glucose	G5	C1(C(CCO)OCC(C1O)O)=O
Glucose	G5	C1(C(CCO)OCC1(CO)O)=O
Glucose	G5	C1(C(CCO1)(C(C(C)O)O)O)=O
Glucose	G5	C1(C(CCO1)(C(CCO)O)O)=O
Glucose	G5	C1(C(CCO1)(C(CO)(C)O)O)=O
Glucose	G5	C1(C(CCOC(C)(C1O)O)O)=O
Glucose	G5	C1(C(CCOC(C1(C)O)O)O)=O
Glucose	G5	C1(C(CCOC(C1CO)O)O)=O
Glucose	G5	C1(C(CCOC(CO)(C1)O)O)=O
Glucose	G5	C1(C(CO)(C(C(C1)=C)O)O)=O
Glucose	G5	C1(C(CO)(C(C(C1)=O)(C)O)O)=O
Glucose	G5	C1(C(CO)(C(C(C1C)=O)O)O)=O
Glucose	G5	C1(C(CO)(C(C(C1O)=C)O)O)=O
Glucose	G5	C1(C(CO)(C(C)(CO1)O)O)=O
Glucose	G5	C1(C(CO)(C(C)O)C(CO1)O)=O
Glucose	G5	C1(C(CO)(C(C=C)(CO1)O)O)=O
Glucose	G5	C1(C(CO)(C(C=CC1O)O)O)=O
Glucose	G5	C1(C(CO)(C(CC(C)O1)O)O)=O
Glucose	G5	C1(C(CO)(C(CC1CO)O)O)=O
Glucose	G5	C1(C(CO)(C(CCO1)O)O)=O
Glucose	G5	C1(C(CO)(C)C(C(C1O)=O)O)=O
Glucose	G5	C1(C(CO)(C2(CC1CO2)O)O)=O
Glucose	G5	C1(C(CO)(CC(C(C1)=O)O)O)=O
Glucose	G5	C1(C(CO)(CC(C1(C)O)=O)O)=O
Glucose	G5	C1(C(CO)(CC(C1(C)O)O)O)=O
Glucose	G5	C1(C(CO)(CC(C1CO)O)O)=O
Glucose	G5	C1(C(CO)(CC(C1O)=O)O)=O
Glucose	G5	C1(C(CO)(CCC(C1O)=O)O)=O
Glucose	G5	C1(C(CO)(CO)C(CO1)O)=O
Glucose	G5	C1(C(CO)(O)OC(C(C)O)C1)=O
Glucose	G5	C1(C(CO)(O)OC(C(C1)O)C)=O
Glucose	G5	C1(C(CO)(O)OC(C)C1CO)=O
Glucose	G5	C1(C(CO)(O)OC(C)C1O)=O
Glucose	G5	C1(C(CO)(O)OC(CCO)C1)=O
Glucose	G5	C1(C(CO)(O)OC(CO)(C)C1)=O
Glucose	G5	C1(C(CO)(O)OC(CO)C1C)=O
Glucose	G5	C1(C(CO)(O)OCC(C)(C1)O)=O
Glucose	G5	C1(C(CO)(O)OCC(C1C)O)=O
Glucose	G5	C1(C(CO)(O)OCC(CO)C1)=O
Glucose	G5	C1(C(CO)(O)OCC1C(C)O)=O
Glucose	G5	C1(C(CO)(O)OCC1CCO)=O
Glucose	G5	C1(C(CO)(O)OCC1CO)=O
Glucose	G5	C1(C(CO)(O)OCC1O)=O
Glucose	G5	C1(C(CO)(O)OCCC(C1)O)=O
Glucose	G5	C1(C(CO)(O)OCCC1CO)=O
Glucose	G5	C1(C(CO)(OCC=CC1O)O)=O
Glucose	G5	C1(C(CO)C(C(C1(C)O)=O)O)=O
Glucose	G5	C1(C(CO)C(C(C1CO)O)O)=O
Glucose	G5	C1(C(CO)C(C(C1O)=C)O)=O
Glucose	G5	C1(C(CO)C(C(C1O)=O)(C)O)=O
Glucose	G5	C1(C(CO)C(C(CCO)O1)O)=O
Glucose	G5	C1(C(CO)C(C(CO)O1)O)=O
Glucose	G5	C1(C(CO)C(C(CO1)O)O)=O
Glucose	G5	C1(C(CO)C(C)(C(CO)O1)O)=O
Glucose	G5	C1(C(CO)C(C)(C(CO1)O)O)=O
Glucose	G5	C1(C(CO)C(CO)(CCO1)O)=O
Glucose	G5	C1(C(CO)C(CO1)(CCO)O)=O
Glucose	G5	C1(C(CO)C(CO1)(CO)O)=O
Glucose	G5	C1(C(CO)CC(C(C1O)=O)O)=O
Glucose	G5	C1(C(CO)OC(C(C)C1O)O)=O
Glucose	G5	C1(C(CO)OC(C(C)O)(C1)O)=O
Glucose	G5	C1(C(CO)OC(C(C1)O)CO)=O
Glucose	G5	C1(C(CO)OC(C(C1O)=C)O)=O
Glucose	G5	C1(C(CO)OC(C(CO)O)C1)=O
Glucose	G5	C1(C(CO)OC(C)(C1CO)O)=O
Glucose	G5	C1(C(CO)OC(C1(C)O)O)=O
Glucose	G5	C1(C(CO)OC(C1C(C)O)O)=O
Glucose	G5	C1(C(CO)OC(C1CO)O)=O
Glucose	G5	C1(C(CO)OC(C1O)O)=O
Glucose	G5	C1(C(CO)OC(C=CC1O)O)=O
Glucose	G5	C1(C(CO)OC(CC(C1)O)O)=O
Glucose	G5	C1(C(CO)OC(CC1CO)O)=O
Glucose	G5	C1(C(CO)OC(CCO)(C1)O)=O
Glucose	G5	C1(C(CO)OC(CCO)C1O)=O
Glucose	G5	C1(C(CO)OC(CO)(CC1)O)=O
Glucose	G5	C1(C(CO)OC(CO)C1(C)O)=O
Glucose	G5	C1(C(CO)OCC(C(C1)O)O)=O
Glucose	G5	C1(C(CO)OCC(C1(C)O)O)=O
Glucose	G5	C1(C(CO)OCC1(C(C)O)O)=O
Glucose	G5	C1(C(CO)OCC1(CCO)O)=O
Glucose	G5	C1(C(CO)OCC1(CO)O)=O
Glucose	G5	C1(C(COC(C(C)O)(C1)O)O)=O
Glucose	G5	C1(C(COC(C(C1O)=C)O)O)=O
Glucose	G5	C1(C(COC(C)(C1CO)O)O)=O
Glucose	G5	C1(C(COC(C1(C)O)O)O)=O
Glucose	G5	C1(C(COC(C1C(C)O)O)O)=O
Glucose	G5	C1(C(COC(C1CO)O)O)=O
Glucose	G5	C1(C(COC(CC1)(CO)O)O)=O
Glucose	G5	C1(C(COC(CC1CO)O)O)=O
Glucose	G5	C1(C(COC(CCO)(C1)O)O)=O
Glucose	G5	C1(C(COC1(C=CCO)O)O)=O
Glucose	G5	C1(C(COC1(CO)C(C)O)O)=O
Glucose	G5	C1(C(COC1(CO)CCO)O)=O
Glucose	G5	C1(C(COC1(CO)CO)O)=O
Glucose	G5	C1(C(O)OC(C(C(C)O)O)C1)=O
Glucose	G5	C1(C(O)OC(C(C)O)C1(C)O)=O
Glucose	G5	C1(C(O)OC(C(C)O)C1CO)=O
Glucose	G5	C1(C(O)OC(C(C)O)C1O)=O
Glucose	G5	C1(C(O)OC(C(C1)O)C(C)O)=O
Glucose	G5	C1(C(O)OC(C(C1)O)CCO)=O
Glucose	G5	C1(C(O)OC(C(CCO)O)C1)=O
Glucose	G5	C1(C(O)OC(C(CO)CO)C1)=O
Glucose	G5	C1(C(O)OC(C)C(C(C1)O)O)=O
Glucose	G5	C1(C(O)OC(C)C(C1(C)O)O)=O
Glucose	G5	C1(C(O)OC(C)C(C1CO)O)=O
Glucose	G5	C1(C(O)OC(C)C(C1O)O)=O
Glucose	G5	C1(C(O)OC(C)C(CO)(C1)O)=O
Glucose	G5	C1(C(O)OC(C)C1(CO)CO)=O
Glucose	G5	C1(C(O)OC(C)C1(CO)O)=O
Glucose	G5	C1(C(O)OC(C)C1C(CO)O)=O
Glucose	G5	C1(C(O)OC(C)CC(C1O)O)=O
Glucose	G5	C1(C(O)OC(CC(C)O)C1O)=O
Glucose	G5	C1(C(O)OC(CC(CO)O)C1)=O
Glucose	G5	C1(C(O)OC(CC1)C(CO)O)=O
Glucose	G5	C1(C(O)OC(CCO)C1(C)O)=O
Glucose	G5	C1(C(O)OC(CCO)C1CO)=O
Glucose	G5	C1(C(O)OC(CO)(C)C1(C)O)=O
Glucose	G5	C1(C(O)OC(CO)(C)C1O)=O
Glucose	G5	C1(C(O)OC(CO)(C)CC1O)=O
Glucose	G5	C1(C(O)OC(CO)C(CC1)O)=O
Glucose	G5	C1(C(O)OC(CO)C1(C)O)=O
Glucose	G5	C1(C(O)OC(CO)C1C(C)O)=O
Glucose	G5	C1(C(O)OC(CO)C1O)=CC=O
Glucose	G5	C1(C(O)OC(CO)C1O)=O
Glucose	G5	C1(C(O)OC(CO)CC(C1)O)=O
Glucose	G5	C1(C(O)OC2C(C(CC12)O)O)=O
Glucose	G5	C1(C(O)OC2C(C1C(C2)O)O)=O
Glucose	G5	C1(C(O)OC2C(C1CC2O)O)=O
Glucose	G5	C1(C(O)OC2C(CC(C12)O)O)=O
Glucose	G5	C1(C(O)OC2CC(C(C12)O)O)=O
Glucose	G5	C1(C(O)OC2CC1C(C2O)O)=O
Glucose	G5	C1(C(O)OCC(C(C)O)(C1)O)=O
Glucose	G5	C1(C(O)OCC(C(C1O)=C)O)=O
Glucose	G5	C1(C(O)OCC(C(C=1)=O)O)CO
Glucose	G5	C1(C(O)OCC(C(CO)O)C1)=O
Glucose	G5	C1(C(O)OCC(C)(C1(C)O)O)=O
Glucose	G5	C1(C(O)OCC(C)(C1O)O)=O
Glucose	G5	C1(C(O)OCC(C)(CC1O)O)=O
Glucose	G5	C1(C(O)OCC(C1(C)O)O)=O
Glucose	G5	C1(C(O)OCC(C1C(C)O)O)=O
Glucose	G5	C1(C(O)OCC(C1O)O)=CC=O
Glucose	G5	C1(C(O)OCC(C1O)O)=O
Glucose	G5	C1(C(O)OCC(C=C)(C1O)O)=O
Glucose	G5	C1(C(O)OCC(CO)(CC1)O)=O
Glucose	G5	C1(C(O)OCC(CO)C(C1)O)=O
Glucose	G5	C1(C(O)OCC(CO)CC1O)=O
Glucose	G5	C1(C(O)OCC1(C(C)O)O)=O
Glucose	G5	C1(C(O)OCC1(C(C=C)O)O)=O
Glucose	G5	C1(C(O)OCC1(C=CCO)O)=O
Glucose	G5	C1(C(O)OCC1(CCO)O)=O
Glucose	G5	C1(C(O)OCC1(CO)C(C)O)=O
Glucose	G5	C1(C(O)OCC1(CO)CO)=O
Glucose	G5	C1(C(O)OCC1(CO)O)=CC=O
Glucose	G5	C1(C(O)OCC1(CO)O)=O
Glucose	G5	C1(C(O)OCC1O)=CC(CO)=O
Glucose	G5	C1(C(O)OCC=C(CO)C1O)=O
Glucose	G5	C1(C(O)OCCC(C1(C)O)O)=O
Glucose	G5	C1(C(O)OCCC(C1CO)O)=O
Glucose	G5	C1(C(O)OCCC1(CO)O)=O
Glucose	G5	C1(C(OC(C(C1O)=C)CO)O)=O
Glucose	G5	C1(C(OC(C(C=1)=O)CO)O)CO
Glucose	G5	C1(C(OCC(C=1)=O)O)C(CO)O
Glucose	G5	C1(C(OCC=CC1(CO)O)O)=O
Glucose	G5	C1(C)C(C(C(C(C=1)=O)O)O)O
Glucose	G5	C1(C)C(C(C(C=1C=O)O)O)O
Glucose	G5	C1(C)C(C(C(C=1CO)=O)O)O
Glucose	G5	C1(C)C(CO)(C(C(C=1)=O)O)O
Glucose	G5	C1(C2(C(C(C(C1)O)CO2)O)O)=O
Glucose	G5	C1(C2(C(C(C(C1)O2)CO)O)O)=O
Glucose	G5	C1(C2(C(C(C(C1)O2)O)O)O)=O
Glucose	G5	C1(C2(C(C(C(C2)O)O1)O)O)=O
Glucose	G5	C1(C2(C(C(C(CO)O2)C1)O)O)=O
Glucose	G5	C1(C2(C(C(C(CO2)O)C1)O)O)=O
Glucose	G5	C1(C2(C(C(C)(C1CO2)O)O)O)=O
Glucose	G5	C1(C2(C(C(C1CC2O)O)O)O)=O
Glucose	G5	C1(C2(C(C(C1CO2)O)O)O)=O
Glucose	G5	C1(C2(C(C(CC(C1)O2)O)O)O)=O
Glucose	G5	C1(C2(C(C(CCO2)(C1)O)O)O)=O
Glucose	G5	C1(C2(C(C)(C(C(C1)O2)O)O)O)=O
Glucose	G5	C1(C2(C(C)(C(C1CO2)O)O)O)=O
Glucose	G5	C1(C2(C(C)(C(CO2)(C1)O)O)O)=O
Glucose	G5	C1(C2(C(CC(C(C1)O)O2)O)O)=O
Glucose	G5	C1(C2(C(CC(C(C1)O2)O)O)O)=O
Glucose	G5	C1(C2(C(CC(C1CO)O2)O)O)=O
Glucose	G5	C1(C2(C(CC(C1CO2)O)O)O)=O
Glucose	G5	C1(C2(C(CC(C1O)O2)O)O)=O
Glucose	G5	C1(C2(C(CC(CO2)(C1)O)O)O)=O
Glucose	G5	C1(C2(C(CO)(C(CO2)C1)O)O)=O
Glucose	G5	C1(C2(C(CO)(CC(C1)O2)O)O)=O
Glucose	G5	C1(C2(C(CO)(CC1CO2)O)O)=O
Glucose	G5	C1(C2(C(CO)C(C(C1)O2)O)O)=O
Glucose	G5	C1(C2(C(CO)C(C1CO2)O)O)=O
Glucose	G5	C1(C2(C(O)OCC1CC2O)O)=O
Glucose	G5	C1(C2(CC(C(C1)O)(CO2)O)O)=O
Glucose	G5	C1(C2(CC(C(C1)O2)(CO)O)O)=O
Glucose	G5	C1(C2(CC(C(C1CO)O2)O)O)=O
Glucose	G5	C1(C2(CC(C(C1CO2)O)O)O)=O
Glucose	G5	C1(C2(CC(C(C2O)O)O1)O)=O
Glucose	G5	C1(C2(CC(C(CO)(C1)O2)O)O)=O
Glucose	G5	C1(C2(CC(C(CO2)(C1)O)O)O)=O
Glucose	G5	C1(C2(CC(C1(CO)CO2)O)O)=O
Glucose	G5	C1(C2(CC(CC2O)O1)O)O
Glucose	G5	C1(C2(CC(CO)(CC2O)O1)O)O
Glucose	G5	C1(C2(CO)C(C(CC2O)O1)O)=O
Glucose	G5	C1(C2(CO)CC(C1(CO2)O)O)=O
Glucose	G5	C1(C2(CO)CC(C1C(O2)O)O)=O
Glucose	G5	C1(C2(COC(C1C(C2)O)O)O)=O
Glucose	G5	C1(C2(COC(C2)(C1CO)O)O)=O
Glucose	G5	C1(C2C(C(C(C(O2)O)O)C1)O)=O
Glucose	G5	C1(C2C(C(C(C)(O2)O)(C1)O)O)=O
Glucose	G5	C1(C2C(C(C(C1O)O2)CO)O)=O
Glucose	G5	C1(C2C(C(C(CO)O2)(C1)O)O)=O
Glucose	G5	C1(C2C(C(C(O2)O)(C1)O)O)=O
Glucose	G5	C1(C2C(C(C(O2)O)C1CO)O)=O
Glucose	G5	C1(C2C(C(C(O2)O)C1O)O)=O
Glucose	G5	C1(C2C(C(C)(C1(CO2)O)O)O)=O
Glucose	G5	C1(C2C(C(C)(C1C(O2)O)O)O)=O
Glucose	G5	C1(C2C(C(C1(CO2)O)O)O)=O
Glucose	G5	C1(C2C(C(C1)O)(CC(O2)O)O)=O
Glucose	G5	C1(C2C(C(C1)O)C(C(O2)O)O)=O
Glucose	G5	C1(C2C(C(C1C(O2)O)O)O)=O
Glucose	G5	C1(C2C(C(CC(O2)O)(C1)O)O)=O
Glucose	G5	C1(C2C(C(CC1C(O2)O)O)O)=O
Glucose	G5	C1(C2C(C(CC2O)O1)O)O
Glucose	G5	C1(C2C(C(CO)(C(O2)O)C1)O)=O
Glucose	G5	C1(C2C(C(CO)C(C1)(O2)O)O)=O
Glucose	G5	C1(C2C(C(CO)C(C2O)O1)O)=O
Glucose	G5	C1(C2C(C(CO2)(C1CO)O)O)=O
Glucose	G5	C1(C2C(C)(C(C1(CO2)O)O)O)=O
Glucose	G5	C1(C2C(C)(C(C1C(O2)O)O)O)=O
Glucose	G5	C1(C2C(CC(C(C1)O)(O2)O)O)=O
Glucose	G5	C1(C2C(CC(C(O2)O)(C1)O)O)=O
Glucose	G5	C1(C2C(CC(C1(CO)O)O2)O)=O
Glucose	G5	C1(C2C(CC(C1(CO2)O)O)O)=O
Glucose	G5	C1(C2C(CC(C1C(O2)O)O)O)=O
Glucose	G5	C1(C2C(CC(C1CO)(O2)O)O)=O
Glucose	G5	C1(C2C(CC1C(C(O2)O)O)O)=O
Glucose	G5	C1(C2C(CO)(C(CO2)(C1)O)O)=O
Glucose	G5	C1(C2C(CO)(CC1C(O2)O)O)=O
Glucose	G5	C1(C2C(CO)C(C(C1O)O2)O)=O
Glucose	G5	C1(C2C(CO)C(C(O2)O)(C1)O)=O
Glucose	G5	C1(C2C(CO)C(C1(CO2)O)O)=O
Glucose	G5	C1(C2C(CO)C(C1C(O2)O)O)=O
Glucose	G5	C1(C2C(O)OC(C2O)C1CO)=O
Glucose	G5	C1(C2CC(C(C(C2O)O)O)O1)=O
Glucose	G5	C1(C2CC(C(C(C2O)O)O1)O)=O
Glucose	G5	C1(C2CC(C(C(C2O)O1)O)O)=O
Glucose	G5	C1(C2CC(C(C(O2)O)O)(C1)O)=O
Glucose	G5	C1(C2CC(C(C1(CO)O)O2)O)=O
Glucose	G5	C1(C2CC(C(CO)(O2)O)(C1)O)=O
Glucose	G5	C1(C2CC(C(O2)O)(C1CO)O)=O
Glucose	G5	C1(C2CC(C1(CO)C(O2)O)O)=O
Glucose	G5	C1(C2CC(CO)(C(C2O)O)O1)=O
Glucose	G5	C1(C2CC(CO)(C(C2O)O1)O)=O
Glucose	G5	C1(C2CC(CO1)(C(C2O)O)O)=O
Glucose	G5	C1(C2COC(C1C(C2O)O)O)=O
Glucose	G5	C1(C2COC(C2O)(C1CO)O)=O
Glucose	G5	C1(CC(C(C(C(C1)=O)O)O)O)=O
Glucose	G5	C1(CC(C(C(C(C1)O)O)=O)O)=O
Glucose	G5	C1(CC(C(C(C1(C)O)O)=O)O)=O
Glucose	G5	C1(CC(C(C(C1)O)=O)(CO)O)=O
Glucose	G5	C1(CC(C(C(C1)O)O)O)=O
Glucose	G5	C1(CC(C(C(C1CO)O)=O)O)=O
Glucose	G5	C1(CC(C(C(C1CO)O)O)O)=O
Glucose	G5	C1(CC(C(C(C1O)=C)O)O)=O
Glucose	G5	C1(CC(C(C(C1O)=O)O)O)=O
Glucose	G5	C1(CC(C(C(C=O)O)(C1)O)O)=O
Glucose	G5	C1(CC(C(C(CC1O)O)=O)O)=O
Glucose	G5	C1(CC(C(C(CO)CO)O1)O)=O
Glucose	G5	C1(CC(C(C)(C(C1)O)O)O)=O
Glucose	G5	C1(CC(C(C)(C1(C)O)O)O)=O
Glucose	G5	C1(CC(C(C)C1(CO)O)O)=O
Glucose	G5	C1(CC(C(C1(C(C)=O)O)O)O)=O
Glucose	G5	C1(CC(C(C1(C)O)O)O)=O
Glucose	G5	C1(CC(C(C1(C=C)O)O)O)=O
Glucose	G5	C1(CC(C(C1(CO)CO)O)O)=O
Glucose	G5	C1(CC(C(C1(CO)O)=C)O)=O
Glucose	G5	C1(CC(C(C1(CO)O)=O)O)=O
Glucose	G5	C1(CC(C(C1C(CO)=O)O)O)=O
Glucose	G5	C1(CC(C(C1C(CO)O)=O)O)=O
Glucose	G5	C1(CC(C(C1O)=C)(CO)O)=O
Glucose	G5	C1(CC(C(C1O)=CCO)O)=O
Glucose	G5	C1(CC(C(C=1)=O)O)C(CO)O
Glucose	G5	C1(CC(C(C=CC1O)O)O)=O
Glucose	G5	C1(CC(C(CC(C1O)=O)O)O)=O
Glucose	G5	C1(CC(C(CO)(C(C1)O)O)O)=O
Glucose	G5	C1(CC(C(CO)(C1(C)O)O)O)=O
Glucose	G5	C1(CC(C(CO)(C1CO)O)O)=O
Glucose	G5	C1(CC(C(CO)C(C1)O)O)=O
Glucose	G5	C1(CC(C(CO)C1(C)O)O)=O
Glucose	G5	C1(CC(C(CO)C1(CO)O)O)=O
Glucose	G5	C1(CC(C(CO)O)OC(C1)O)=O
Glucose	G5	C1(CC(C(CO)OC(C1)O)O)=O
Glucose	G5	C1(CC(C(O)OCC1)(CO)O)=O
Glucose	G5	C1(CC(C(O)OCC1CO)O)=O
Glucose	G5	C1(CC(C)(C(C(C1)O)O)O)=O
Glucose	G5	C1(CC(C)(C(C(C1O)=O)O)O)=O
Glucose	G5	C1(CC(C)(C(C1(C)O)O)O)=O
Glucose	G5	C1(CC(C)(O)OCC1(CO)O)=O
Glucose	G5	C1(CC(C)(OC1(CO)CO)O)=O
Glucose	G5	C1(CC(C)C(C1(CO)O)O)=O
Glucose	G5	C1(CC(C)OC(C1(CO)O)O)=O
Glucose	G5	C1(CC(C2(C(O)OCC12)O)O)=O
Glucose	G5	C1(CC(C2(CC1(CO2)O)O)O)=O
Glucose	G5	C1(CC(C2C(C1C(O)O2)O)O)=O
Glucose	G5	C1(CC(C2C(O)OCC12O)O)=O
Glucose	G5	C1(CC(C=C(CO)C1O)O)=O
Glucose	G5	C1(CC(C=C)(C(C1O)O)O)=O
Glucose	G5	C1(CC(C=CC(C1O)O)O)=O
Glucose	G5	C1(CC(C=CC1O)(CO)O)=O
Glucose	G5	C1(CC(CC(C(C1O)=O)O)O)=O
Glucose	G5	C1(CC(CC(C1(CO)O)O)O)=O
Glucose	G5	C1(CC(CC(CO)(C1)O)O)=O
Glucose	G5	C1(CC(CC1(C(C)O)O)O)=O
Glucose	G5	C1(CC(CC1(C(CO)O)O)O)=O
Glucose	G5	C1(CC(CC1(CO)O)O)=O
Glucose	G5	C1(CC(CO)(C(C(C1)=O)O)O)=O
Glucose	G5	C1(CC(CO)(C(C(C1)O)O)O)=O
Glucose	G5	C1(CC(CO)(C(C1(C)O)O)O)=O
Glucose	G5	C1(CC(CO)(C(C1CO)O)O)=O
Glucose	G5	C1(CC(CO)(C(CO)O1)O)=O
Glucose	G5	C1(CC(CO)(C(CO1)O)O)=O
Glucose	G5	C1(CC(CO)(CC(C1O)=O)O)=O
Glucose	G5	C1(CC(CO)(CC1(C)O)O)=O
Glucose	G5	C1(CC(CO)(CC1(CO)O)O)=O
Glucose	G5	C1(CC(CO)(CO)OC(C1)O)=O
Glucose	G5	C1(CC(CO)(O)OC(CO)C1)=O
Glucose	G5	C1(CC(CO)(O)OCC(C1)O)=O
Glucose	G5	C1(CC(CO)(O)OCC1CO)=O
Glucose	G5	C1(CC(CO)=CC1(CO)O)=O
Glucose	G5	C1(CC(CO)C(C(C1O)=O)O)=O
Glucose	G5	C1(CC(CO)OC(C1CO)O)=O
Glucose	G5	C1(CC(CO1)(C(CO)O)O)=O
Glucose	G5	C1(CC(CO1)C(C(CO)O)O)=O
Glucose	G5	C1(CC(COC(C1)O)(CO)O)=O
Glucose	G5	C1(CC(COC(C1CO)O)O)=O
Glucose	G5	C1(CC(O)OC(C)C1(CO)O)=O
Glucose	G5	C1(CC(O)OC(CO)C1CO)=O
Glucose	G5	C1(CC(O)OCC(C1CO)O)=O
Glucose	G5	C1(CC(O)OCC1(C(C)O)O)=O
Glucose	G5	C1(CC(O)OCC1(CCO)O)=O
Glucose	G5	C1(CC(O)OCC1(CO)O)=O
Glucose	G5	C1(CC(O)OCC1C(CO)O)=O
Glucose	G5	C1(CC(O)OCCC1(CO)O)=O
Glucose	G5	C1(CC(OC1(CO)C(C)O)O)=O
Glucose	G5	C1(CC(OC1(CO)CCO)O)=O
Glucose	G5	C1(CC(OC1(CO)CO)O)=O
Glucose	G5	C1(CC2(C(C(C1CO2)O)O)O)=O
Glucose	G5	C1(CC2(C(C1(C(C2)O)O)O)O)=O
Glucose	G5	C1(CC2(C(C1(CO)OC2)O)O)=O
Glucose	G5	C1(CC2(C(C1(CO2)CO)O)O)=O
Glucose	G5	C1(CC2(C(C1(CO2)O)O)O)=O
Glucose	G5	C1(CC2(C(CO)(C1CO2)O)O)=O
Glucose	G5	C1(CC2(C(CO)C1(CO2)O)O)=O
Glucose	G5	C1(CC2(C(O)OCC1(C2)O)O)=O
Glucose	G5	C1(CC2(C(O)OCC1C2O)O)=O
Glucose	G5	C1(CC2(C)C(C1(C(O)O2)O)O)=O
Glucose	G5	C1(CC2(CC(C1(CO)O2)O)O)=O
Glucose	G5	C1(CC2(CC(C1(CO2)O)O)O)=O
Glucose	G5	C1(CC2(CC1(C(C2O)O)O)O)=O
Glucose	G5	C1(CC2(CC1(CO)OC2O)O)=O
Glucose	G5	C1(CC2(CO)C(C1C(O)O2)O)=O
Glucose	G5	C1(CC2(COC(C1C2O)O)O)=O
Glucose	G5	C1(CC2C(C(C1C(O)O2)O)O)=O
Glucose	G5	C1(CC2C(C)(C1(C(O)O2)O)O)=O
Glucose	G5	C1(CC2C(C1(C(C2O)O)O)O)=O
Glucose	G5	C1(CC2C(C1(C(O)O2)CO)O)=O
Glucose	G5	C1(CC2C(C1(C(O)O2)O)O)=O
Glucose	G5	C1(CC2C(C1(CO)OC2O)O)=O
Glucose	G5	C1(CC2C(O)OCC1(C2O)O)=O
Glucose	G5	C1(CC2COC(C1(C2O)O)O)=O
Glucose	G5	C1(CCC(C(C(C1O)=O)O)O)=O
Glucose	G5	C1(CCC(C(C(C1O)O)O)=O)=O
Glucose	G5	C1(CCC(C(C1(CO)O)=O)O)=O
Glucose	G5	C1(CCC(C(C1(CO)O)O)O)=O
Glucose	G5	C1(CCC(C1(C(CO)=O)O)O)=O
Glucose	G5	C1(CCC(C1(C(CO)O)O)=O)=O
Glucose	G5	C1(CCC(C1(C(CO)O)O)O)=O
Glucose	G5	C1(CCC(CO)(C1(CO)O)O)=O
Glucose	G5	C1(CCC(O)OCC1(CO)O)=O
Glucose	G5	C1(CCC(OC1(CO)CO)O)=O
Glucose	G5	C1(CCC2(C(C1(CO2)O)O)O)=O
Glucose	G5	C1(CCC2(C(O)OCC12O)O)=O
Glucose	G5	C1(CCC2C1(C(C(O)O2)O)O)=O
Glucose	G5	C1(CCCOC(C1(CO)O)O)=O
Glucose	G5	C1(CCOC(C(C1CO)O)O)=O
Glucose	G5	C1(CCOC(C)(C1(CO)O)O)=O
Glucose	G5	C1(CCOC(C1(C(C)O)O)O)=O
Glucose	G5	C1(CCOC(C1(CO)O)O)=O
Glucose	G5	C1(CCOC(C1C(CO)O)O)=O
Glucose	G5	C1(CCOC(CC1(CO)O)O)=O
Glucose	G5	C1(CCOC(CO)(C1CO)O)=O
Glucose	G5	C1(CO)C(C(C(C(C=1)=O)O)O)O
Glucose	G5	C1(CO)C(C(C(C=1C=O)O)O)O
Glucose	G5	C1(CO)C(C(C(C=1CO)=O)O)O
Glucose	G5	C1(CO)C(C(CO)O)OC(C=1)=O
Glucose	G5	C1(CO)C(C(CO)OC(C=1)=O)O
Glucose	G5	C1(CO)C(C(COC(C=1)=O)O)O
Glucose	G5	C1(CO)C(C(OCC(C=1)=O)O)O
Glucose	G5	C1(CO)C(C(OCC=1)O)(CO)O
Glucose	G5	C1(CO)C(CO)(C(C(C=1)=O)O)O
Glucose	G5	C1(CO)C(CO)(CC(C=1)=O)O
Glucose	G5	C1(CO)C(CO)(OCC(C=1)=O)O
Glucose	G5	C1(CO)C(CO)C(C(C=1)=O)O
Glucose	G5	C1(CO)C(CO)OC(C(C=1)=O)O
Glucose	G5	C1(CO)C(COC(C(C=1)=O)O)O
Glucose	G5	C1(CO)CC(C(C(C=1)=O)O)O
Glucose	G5	C1(CO)CC(C(C=1C=O)O)O
Glucose	G5	C1(CO)CC(C(C=1CO)=O)O
Glucose	G5	C1(CO)COC(C=1C=O)(CO)O
Glucose	G5	C1(CO)COC(C=1CO)(CO)O
Glucose	G5	C1(COC(C(C(C)O)C1O)O)=O
Glucose	G5	C1(COC(C(C(C)O)O)(C1)O)=O
Glucose	G5	C1(COC(C(C(C)O)O)C1O)=O
Glucose	G5	C1(COC(C(C(C1O)=C)O)O)=O
Glucose	G5	C1(COC(C(C(C1O)O)=C)O)=O
Glucose	G5	C1(COC(C(C(C1O)O)O)=C)=O
Glucose	G5	C1(COC(C(C(C=1)=O)O)O)CO
Glucose	G5	C1(COC(C(C(CO)O)C1)O)=O
Glucose	G5	C1(COC(C(C)(C(C1)O)O)O)=O
Glucose	G5	C1(COC(C(C)(C1(C)O)O)O)=O
Glucose	G5	C1(COC(C(C)(CC1O)O)O)=O
Glucose	G5	C1(COC(C(C)C1(CO)O)O)=O
Glucose	G5	C1(COC(C(C)O)(C1CO)O)=O
Glucose	G5	C1(COC(C(C1(C)O)O)O)=O
Glucose	G5	C1(COC(C(C1(CO)O)=C)O)=O
Glucose	G5	C1(COC(C(C1(CO)O)O)=C)=O
Glucose	G5	C1(COC(C(C1)O)(C(C)O)O)=O
Glucose	G5	C1(COC(C(C1O)=C)(CO)O)=O
Glucose	G5	C1(COC(C(C1O)=CCO)O)=O
Glucose	G5	C1(COC(C(C=1)=O)O)C(CO)O
Glucose	G5	C1(COC(C(C=1C=O)O)O)CO
Glucose	G5	C1(COC(C(C=1CO)=O)O)CO
Glucose	G5	C1(COC(C(CCO)C1O)O)=O
Glucose	G5	C1(COC(C(CCO)O)(C1)O)=O
Glucose	G5	C1(COC(C(CCO)O)C1O)=O
Glucose	G5	C1(COC(C(CO)(C)O)C1O)=O
Glucose	G5	C1(COC(C(CO)(C1C)O)O)=O
Glucose	G5	C1(COC(C(CO)(CC1)O)O)=O
Glucose	G5	C1(COC(C(CO)=C)(C1O)O)=O
Glucose	G5	C1(COC(C(CO)=CC1O)O)=O
Glucose	G5	C1(COC(C(CO)C(C1)O)O)=O
Glucose	G5	C1(COC(C(CO)C1(C)O)O)=O
Glucose	G5	C1(COC(C(CO)C1CO)O)=O
Glucose	G5	C1(COC(C(CO)C1O)O)=O
Glucose	G5	C1(COC(C(CO)CC1O)O)=O
Glucose	G5	C1(COC(C(CO)CO)(C1)O)=O
Glucose	G5	C1(COC(C(CO)CO)C1O)=O
Glucose	G5	C1(COC(C(CO)O)C1CO)=O
Glucose	G5	C1(COC(C)(C(C)(C1O)O)O)=O
Glucose	G5	C1(COC(C)(C(C1(C)O)O)O)=O
Glucose	G5	C1(COC(C)(C(CC1O)O)O)=O
Glucose	G5	C1(COC(C)(C(CO)(C1)O)O)=O
Glucose	G5	C1(COC(C)(C1(C(C)O)O)O)=O
Glucose	G5	C1(COC(C)(C1(CO)O)O)=O
Glucose	G5	C1(COC(C)(CC(C1O)O)O)=O
Glucose	G5	C1(COC(C1(C(C)O)O)O)=O
Glucose	G5	C1(COC(C1(C(C=C)O)O)O)=O
Glucose	G5	C1(COC(C1(CCO)O)O)=O
Glucose	G5	C1(COC(C1(CO)C(C)O)O)=O
Glucose	G5	C1(COC(C1(CO)CO)O)=O
Glucose	G5	C1(COC(C1(CO)O)O)=CC=O
Glucose	G5	C1(COC(C1(CO)O)O)=O
Glucose	G5	C1(COC(C=1C(CO)=O)O)CO
Glucose	G5	C1(COC(C=1CO)(CO)O)C
Glucose	G5	C1(COC(C=C(CO)C1O)O)=O
Glucose	G5	C1(COC(C=C)(C(C1O)O)O)=O
Glucose	G5	C1(COC(C=C)(C1(CO)O)O)=O
Glucose	G5	C1(COC(C=CC1(CO)O)O)=O
Glucose	G5	C1(COC(C=CC1O)(CO)O)=O
Glucose	G5	C1(COC(CC(C)(C1O)O)O)=O
Glucose	G5	C1(COC(CC(C)O)(C1O)O)=O
Glucose	G5	C1(COC(CC(C1(C)O)O)O)=O
Glucose	G5	C1(COC(CC(C1CO)O)O)=O
Glucose	G5	C1(COC(CC(CO)C1O)O)=O
Glucose	G5	C1(COC(CC(CO)O)(C1)O)=O
Glucose	G5	C1(COC(CC1(C(C)O)O)O)=O
Glucose	G5	C1(COC(CC1(CO)O)O)=O
Glucose	G5	C1(COC(CC1C(CO)O)O)=O
Glucose	G5	C1(COC(CCCO)(C1O)O)=O
Glucose	G5	C1(COC(CCO)(C1CO)O)=O
Glucose	G5	C1(COC(CCO)C1(CO)O)=O
Glucose	G5	C1(COC(CO)(C(C)(C1)O)O)=O
Glucose	G5	C1(COC(CO)(C(C)C1O)O)=O
Glucose	G5	C1(COC(CO)(C(C1C)O)O)=O
Glucose	G5	C1(COC(CO)(C(CC1)O)O)=O
Glucose	G5	C1(COC(CO)(C(CO)C1)O)=O
Glucose	G5	C1(COC(CO)(C1C(C)O)O)=O
Glucose	G5	C1(COC(CO)(C1CO)O)=O
Glucose	G5	C1(COC(CO)(C1O)O)=CC=O
Glucose	G5	C1(COC(CO)(C1O)O)=O
Glucose	G5	C1(COC(CO)(CC1(C)O)O)=O
Glucose	G5	C1(COC(CO)(CC1CO)O)=O
Glucose	G5	C1(COC(CO)(CCC1O)O)=O
Glucose	G5	C1(COC(CO)C(C1CO)O)=O
Glucose	G5	C1(COC(CO)C1(C(C)O)O)=O
Glucose	G5	C1(COC(CO)C1(CO)O)=O
Glucose	G5	C1(COC2(C(C1C(C2)O)O)O)=O
Glucose	G5	C1(COC2(CC1C(C2O)O)O)=O
Glucose	G5	C1(COCC(C(C1CO)O)O)=O
Glucose	G5	C1(COCC(C1(C(C)O)O)O)=O
Glucose	G5	C1(COCC(C1(CO)O)O)=O
Glucose	G5	C12CC(C(C(CC1O)(O)O2)O)O
Glucose	G5	C12CC(CC(C(C1O)O)(O)O2)O
Glucose	G5	C12CCC(C(C1O)O)(O)O2
Glucose	G5	C1C(C(C(C(C(C=1)=O)O)O)O)O
Glucose	G5	C1C(C(C(C(C=1C=O)=O)O)O)O
Glucose	G5	C1C(C(C(C(O)=O)=O)C(C=1)O)O
Glucose	G5	C1C(C(C(C)O)(C(C)(O)O1)O)O
Glucose	G5	C1C(C(C(C=1)=O)(C(C)O)O)O
Glucose	G5	C1C(C(C(C=1)=O)(C(CO)O)O)O
Glucose	G5	C1C(C(C(C=1)O)O)O
Glucose	G5	C1C(C(C(C=1C(C)O)=O)O)O
Glucose	G5	C1C(C(C(C=1C(C=O)=O)O)O)O
Glucose	G5	C1C(C(C(C=1C(CO)=O)O)O)O
Glucose	G5	C1C(C(C(C=1C(CO)O)=O)O)O
Glucose	G5	C1C(C(C(C=1C(O)=O)=O)O)O
Glucose	G5	C1C(C(C(C=1C=O)(C)O)O)O
Glucose	G5	C1C(C(C(C=1C=O)(CO)O)O)O
Glucose	G5	C1C(C(C(C=1C=O)CO)O)O
Glucose	G5	C1C(C(C(C=1CCO)=O)O)O
Glucose	G5	C1C(C(C(C=O)=O)(C(C=1)O)O)O
Glucose	G5	C1C(C(C(CCCO)(O)O1)O)O
Glucose	G5	C1C(C(C(O)O1)(CCO)O)O
Glucose	G5	C1C(C(C(OCC=1C=O)O)O)O
Glucose	G5	C1C(C(C)(C(C(C=1)=O)O)O)O
Glucose	G5	C1C(C(C)O)(C(C(C)(O)O1)O)O
Glucose	G5	C1C(C(C)O)(C(C(C=1)=O)O)O
Glucose	G5	C1C(C(C)O)(C(C(O)O1)CO)O
Glucose	G5	C1C(C(C)O)(C(C(O)O1)O)O
Glucose	G5	C1C(C(C)O)(C(C)(C(O)O1)O)O
Glucose	G5	C1C(C(CC(CO)O1)O)O
Glucose	G5	C1C(C(CC=1C(O)=O)O)O
Glucose	G5	C1C(C(CO)(C(C(C=1)=O)O)O)O
Glucose	G5	C1C(C(CO)(C(C=1C=O)O)O)O
Glucose	G5	C1C(C(CO)(CO)O)(OCC=1)O
Glucose	G5	C1C(C(CO)(CO)O)OC(C=1)O
Glucose	G5	C1C(C(CO)(CO)OC(C=1)O)O
Glucose	G5	C1C(C(CO)(OCC(C=1)=O)O)O
Glucose	G5	C1C(C(CO)(OCC=1)O)O
Glucose	G5	C1C(C(CO)(OCC=1C=O)O)O
Glucose	G5	C1C(C(CO)C(C(O)O1)O)O
Glucose	G5	C1C(C(CO)O)(C(C(C=1)=O)O)O
Glucose	G5	C1C(C(CO)O)(CC(C=1)=O)O
Glucose	G5	C1C(C(CO)O)(OCC(C=1)=O)O
Glucose	G5	C1C(C(CO)O)OC(C(C=1)=O)O
Glucose	G5	C1C(C(CO)OC(C(C=1)=O)O)O
Glucose	G5	C1C(C(CO1)(CCO)O)O
Glucose	G5	C1C(C(CO1)O)(C(CO)CO)O
Glucose	G5	C1C(C(COC(C=1CO)O)O)O
Glucose	G5	C1C(C(OCC(C=1)=O)O)(CO)O
Glucose	G5	C1C(C)(C(C(C(C)O)(O)O1)O)O
Glucose	G5	C1C(C)(C(C(C(O)O1)O)O)O
Glucose	G5	C1C(C)(C(C(C=1)=O)(CO)O)O
Glucose	G5	C1C(C)(C(C(C=1CO)=O)O)O
Glucose	G5	C1C(C)(C(C(O)O1)(C(C)O)O)O
Glucose	G5	C1C(C)(C(C(O)O1)(CCO)O)O
Glucose	G5	C1C(C)(C(C(O)O1)C(C)O)O
Glucose	G5	C1C(C)(C(C(O)O1)C(CO)O)O
Glucose	G5	C1C(C)(C(C(O)O1)CO)O
Glucose	G5	C1C(C)(C(C)(C(O)O1)O)O
Glucose	G5	C1C(C)(C(CO)(CC(O)O1)O)O
Glucose	G5	C1C(C)(C(CO)C(C(O)O1)O)O
Glucose	G5	C1C(C2(C(C(C(C)O2)O)O1)O)O
Glucose	G5	C1C(C2(C(C(CCO2)O)O1)O)O
Glucose	G5	C1C(C2(C(C(CO2)(C)O)O1)O)O
Glucose	G5	C1C(C2(CC(C(C2)O)(O)O1)O)O
Glucose	G5	C1C(CC(C(C(C=1)=O)O)O)O
Glucose	G5	C1C(CC(C=1C(CO)=O)O)O
Glucose	G5	C1C(CC(C=1C(O)=O)O)O
Glucose	G5	C1C(CC(C=1C=O)(CO)O)O
Glucose	G5	C1C(CC(CCO)(O)O1)O
Glucose	G5	C1C(CC(O)O1)(C(CO)CO)O
Glucose	G5	C1C(CCO)(C(C(C=1)=O)O)O
Glucose	G5	C1C(CCO)(C(C(O)O1)CO)O
Glucose	G5	C1C(CCO)(C(C)(C(O)O1)O)O
Glucose	G5	C1C(CO)(C(C(C=1)=O)(CO)O)O
Glucose	G5	C1C(CO)(C(C(C=1)=O)CO)O
Glucose	G5	C1C(CO)(C(C(C=1C=O)O)O)O
Glucose	G5	C1C(CO)(C(C(C=1CO)=O)O)O
Glucose	G5	C1C(CO)(C(C(O)O1)C(C)O)O
Glucose	G5	C1C(CO)(C(C(O)O1)CO)O
Glucose	G5	C1C(CO)(C(C)(C(O)O1)O)O
Glucose	G5	C1C(CO)(CC(C=1C=O)O)O
Glucose	G5	C1C(CO)(CO)OC(C=1)(CO)O
Glucose	G5	C1C(CO)(O)OCC(C(C=1)=O)O
Glucose	G5	C1C(CO)(OC(C(C=1)=O)CO)O
Glucose	G5	C1C(CO)(OCC(C=1CO)=O)O
Glucose	G5	C1C(CO)C(C(O)O1)O
Glucose	G5	C1C(CO)OC(C(C(C=1)=O)O)O
Glucose	G5	C1C(CO)OC(C=1)(C(CO)O)O
Glucose	G5	C1C(CO)OC(C=1CO)(CO)O
Glucose	G5	C1C(COC(C(C=1C=O)O)O)O
Glucose	G5	C1C(COC(C=1C=O)(CO)O)O
Glucose	G5	C1C(COC(C=1CO)(CO)O)O
Glucose	G5	C1C(O)OC(CO)C(C(C=1)=O)O
Glucose	G5	C1C(O)OCC(C(C=1C=O)O)O
Glucose	G5	C1C(O)OCC(C=1C=O)(CO)O
Glucose	G5	C1C(OC(C(C=1)=O)C(CO)O)O
Glucose	G5	C1C(OCC(C=1C(CO)O)=O)O
Glucose	G5	C1C(OCC=1C(C(CO)O)=O)O
Glucose	G5	C1C2(C(CO1)OC(C2CO)O)O
Glucose	G5	C1C2(CC(C(C(C2)(O)O1)O)O)O
Glucose	G5	C1C2(CC(C(C(O)O1)(C2)O)O)O
Glucose	G5	C1C2(CC(C(C2)(O)O1)O)O
Glucose	G5	C1C2(CC(C(C2C(O)O1)O)O)O
Glucose	G5	C1C2(CC(C(C2CO)(O)O1)O)O
Glucose	G5	C1C2(CC(C(C2CO)O)(O)O1)O
Glucose	G5	C1C2(CC(CC2O)(O)O1)O
Glucose	G5	C1C2(CO)C(C(C(C=1)(O2)O)O)O
Glucose	G5	C1C2(COC(C=1)(C2O)O)O
Glucose	G5	C1C2C(C(C(C2C(O)O1)O)O)O
Glucose	G5	C1C2C(C(C(C2CO)(O)O1)O)O
Glucose	G5	C1C2C(C(C(C=1CO)(O2)O)O)O
Glucose	G5	C1C2C(C(C(CO)(O)O2)O1)O
Glucose	G5	C1C2C(C(CC2(CO)O)(O)O1)O
Glucose	G5	C1C2C(C(CC2O)(O)O1)O
Glucose	G5	C1C2C(C(CO)(C(C=1)(O2)O)O)O
Glucose	G5	C1C2CC(C(C(C2O)O)O)(O)O1
Glucose	G5	C1C2CC(C(C2O)O)(O)O1
Glucose	G5	C1C2CC(C(CO)(C2O)O)(O)O1
Glucose	G5	C1CC(C(C(C(C=1)=O)O)O)O
Glucose	G5	C1CC(C(C=1C(CO)=O)O)O
Glucose	G5	C1CC(C(CCO)(O)O1)O
Glucose	G5	C1CC(C(O)O1)(C(CO)CO)O
Glucose	G5	C1CC(C(O)O1)(CCO)O
Glucose	G5	C1CC(CO)(C(C(C=1)=O)O)O
Glucose	G5	C1CC2(CC(C(C2O)O)(O)O1)O
Glucose	G5	C1CC2C(C(C(C2O)O)O)(O)O1
Glucose	G5	C1COC(C(C=1)=O)(C(CO)O)O
Glucose	G5	C1COC(C(C=1C=O)(CO)O)O
Glucose	G5	C1COC(C(C=1CO)=O)(CO)O
Glucose	G5	C1COC(C=1C(C(CO)O)O)=O
Glucose	G5	C1COC(C=1C(CO)(CO)O)=O
Glucose	G5	C1COC(C=1CO)(C(CO)O)O
Glucose	G5	C1COC(C=1CO)(CO)O
Glucose	G5	C=C(C(C(C(C)O)O)=O)CO
Glucose	G5	C=C(C(C(C(CO)O)=O)=O)CO
Glucose	G5	C=C(C(C(C)O)=O)C(CO)O
Glucose	G5	C=C(C(C(CCO)O)=O)CO
Glucose	G5	C=C(C(C(CO)O)=O)C(C)O
Glucose	G5	C=C(C(C(CO)O)=O)CO
Glucose	G5	C=C(C(C(O)=O)=O)C(C(C)O)O
Glucose	G5	C=C(C(C(O)=O)=O)C(CCO)O
Glucose	G5	C=C(C(C(O)=O)=O)C(CO)(C)O
Glucose	G5	C=C(C(C(O)=O)=O)C(CO)O
Glucose	G5	C=C(C(CO)=O)C(C(C)O)O
Glucose	G5	C=C(C(CO)=O)C(CCO)O
Glucose	G5	C=C(C(CO)O)C(C(C=O)=O)O
Glucose	G5	C=C(C(CO)O)C(CO)(CO)O
Glucose	G5	C=C(C(CO)O)C(CO)O
Glucose	G5	C=C(C(CO)O)CC(C(O)=O)=O
Glucose	G5	C=C(C(CO)O)CCO
Glucose	G5	C=C(C(O)=O)C(C(C(C)O)O)=O
Glucose	G5	C=C(C(O)=O)C(C(C)O)O
Glucose	G5	C=C(C(O)=O)C(C(CO)O)=O
Glucose	G5	C=C(C(O)=O)C(C(CO)O)O
Glucose	G5	C=C(C(O)=O)CC(CO)O
Glucose	G5	C=C(C=O)C(C(C(C)O)O)O
Glucose	G5	C=C(C=O)C(C(CCO)O)O
Glucose	G5	C=C(C=O)C(C(CO)(CO)O)O
Glucose	G5	C=C(C=O)C(C(CO)O)O
Glucose	G5	C=C(C=O)C(C)(C(CO)O)O
Glucose	G5	C=C(C=O)C(CC(CO)O)O
Glucose	G5	C=C(C=O)C(CO)(C(C)O)O
Glucose	G5	C=C(C=O)C(CO)(C(CO)O)O
Glucose	G5	C=C(C=O)C(CO)(CCO)O
Glucose	G5	C=C(C=O)C(CO)(CO)O
Glucose	G5	C=C(C=O)C1(C(O)OCC1O)O
Glucose	G5	C=C(CO)C(C(C(C=O)=O)O)O
Glucose	G5	C=C(CO)C(C(C(CO)=O)=O)O
Glucose	G5	C=C(CO)C(C(C(CO)O)O)O
Glucose	G5	C=C(CO)C(C(C(O)=O)=O)CO
Glucose	G5	C=C(CO)C(CO)(C(CO)O)O
Glucose	G5	C=C(CO)C(CO)(CO)O
Glucose	G5	C=C(CO)C(CO)O
Glucose	G5	C=C(CO)C1(C(C(CO1)O)O)O
Glucose	G5	C=C(CO)C1(C(O)OCC1O)O
Glucose	G5	C=C1C(C(C(C(CO)O)O1)O)O
Glucose	G5	C=C1C(C(C(C(CO)O1)O)O)O
Glucose	G5	C=C1C(C(C(C(CO1)O)O)O)O
Glucose	G5	C=C1C(C(C(C)(C1O)O)O)=O
Glucose	G5	C=C1C(C(C(C1(C)O)O)O)=O
Glucose	G5	C=C1C(C(C(C1(CO)O)O)O)=O
Glucose	G5	C=C1C(C(C(C1CO)O)O)=O
Glucose	G5	C=C1C(C(C(CO)(C1O)O)O)=O
Glucose	G5	C=C1C(C(C(CO)(CO)O1)O)O
Glucose	G5	C=C1C(C(C(CO)(OC1)O)O)=O
Glucose	G5	C=C1C(C(C)(C(CO)O1)O)O
Glucose	G5	C=C1C(C(C)(C(CO1)O)O)O
Glucose	G5	C=C1C(C(C)(O)OCC1O)O
Glucose	G5	C=C1C(C(CC1(CO)O)O)=O
Glucose	G5	C=C1C(C(CO)(C(CO)O1)O)O
Glucose	G5	C=C1C(C(CO)(C(CO1)O)O)O
Glucose	G5	C=C1C(C(CO)(CO1)O)O
Glucose	G5	C=C1C(C(CO)(O)OCC1O)=O
Glucose	G5	C=C1C(C(CO)(O)OCC1O)O
Glucose	G5	C=C1C(C(CO)(OC1CO)O)=O
Glucose	G5	C=C1C(C(CO)O)(O)OCC1O
Glucose	G5	C=C1C(C(CO)OC1(CO)O)=O
Glucose	G5	C=C1C(C(CO1)(C(CO)O)O)O
Glucose	G5	C=C1C(C(CO1)(CCO)O)O
Glucose	G5	C=C1C(C(COC1(CO)O)O)=O
Glucose	G5	C=C1C(C(O)OCC1(CO)O)=O
Glucose	G5	C=C1C(C(O)OCC1O)O
Glucose	G5	C=C1C(C(OC1(CO)CO)O)=O
Glucose	G5	C=C1C(CO)(C(C(CO)O1)O)O
Glucose	G5	C=C1C(CO)(C(C(CO1)O)O)O
Glucose	G5	C=C1C(CO)(C(C)(CO1)O)O
Glucose	G5	C=C1C(CO)(C(CO)(CO1)O)O
Glucose	G5	C=C1C(CO)(C(CO1)O)O
Glucose	G5	C=C1C(CO)(O)OC(CO)C1O
Glucose	G5	C=C1C(CO)(O)OCC(C1O)O
Glucose	G5	C=C1C(CO)(O)OCC1(C)O
Glucose	G5	C=C1C(CO)(O)OCC1(CO)O
Glucose	G5	C=C1C(CO)(O)OCC1O
Glucose	G5	C=C1C(CO)OC(C)(C1O)O
Glucose	G5	C=C1C(CO)OC(C1(CO)O)O
Glucose	G5	C=C1C(CO)OC(C1O)O
Glucose	G5	C=C1C(CO)OC(CO)(C1)O
Glucose	G5	C=C1C(CO)OC(CO)(C1O)O
Glucose	G5	C=C1C(COC(C1(CO)O)O)O
Glucose	G5	C=C1C(COC(CO)(C1)O)O
Glucose	G5	C=C1C(COC(CO)(C1O)O)=O
Glucose	G5	C=C1C(COC1(C(CO)O)O)=O
Glucose	G5	C=C1C(O)OC(C(CO)O)C1O
Glucose	G5	C=C1C(O)OC(CO)C(C1O)O
Glucose	G5	C=C1C(O)OCC(C(C1O)O)O
Glucose	G5	C=C1C2(C(C(C(C1O)O2)O)O)O
Glucose	G5	C=C1C2(CO)C(C(C(O2)O)O1)O
Glucose	G5	C=C1C2C(C(CO)(C(O2)O)O1)O
Glucose	G5	C=C1COC(C(CO)O)(C1)O
Glucose	G5	C=C1COC(C(CO)O)(C1O)O
Glucose	G5	C=C1COC(C)(C1(CO)O)O
Glucose	G5	C=C1COC(C1(C(CO)O)O)O
Glucose	G5	C=C1COC(C1(CO)O)O
Glucose	G5	C=C1COC(CCO)(C1O)O
Glucose	G5	C=C1COC(CO)(C1(CO)O)O
Glucose	G5	C=C1COC(CO)(C1CO)O
Glucose	G5	C=C1COC(CO)(C1O)O
Glucose	G5	C=CC(C(C(C(C=O)=O)O)O)O
Glucose	G5	C=CC(C(C(C(CO)=O)=O)O)O
Glucose	G5	C=CC(C(C(C(CO)O)=O)=O)O
Glucose	G5	C=CC(C(C(C(CO)O)O)=O)=O
Glucose	G5	C=CC(C(C(C(O)=O)=O)(C)O)O
Glucose	G5	C=CC(C(C(C(O)=O)=O)CO)O
Glucose	G5	C=CC(C(C(C(O)=O)=O)O)O
Glucose	G5	C=CC(C(C(C=O)=O)(CO)O)O
Glucose	G5	C=CC(C(C(CO)(CO)O)=O)=O
Glucose	G5	C=CC(C(C(CO)(CO)O)O)O
Glucose	G5	C=CC(C(C(CO)=O)=O)(CO)O
Glucose	G5	C=CC(C(C(CO)CO)O)=O
Glucose	G5	C=CC(C(CC(C(O)=O)=O)O)O
Glucose	G5	C=CC(C(CO)(C(C)O)O)=O
Glucose	G5	C=CC(C(CO)(CO)O)=O
Glucose	G5	C=CC(CO)(C(CO)(C)O)O
Glucose	G5	C=CC(CO)(C(CO)(CO)O)O
Glucose	G5	C=CC(CO)(C(CO)CO)O
Glucose	G5	C=CC(CO)(C(CO)O)O
Glucose	G5	C=CC(CO)(CCO)O
Glucose	G5	C=CC(CO)(CO)O
Glucose	G5	C=CC1(C(C(C(C)O1)O)O)O
Glucose	G5	C=CC1(C(C(C(CO)O1)O)O)O
Glucose	G5	C=CC1(C(C(C(CO1)O)O)O)O
Glucose	G5	C=CC1(C(C(CO)(CO1)O)O)O
Glucose	G5	C=CC1(C(C(CO1)(C)O)O)O
Glucose	G5	C=CC1(C(CO)(C(CO1)O)O)O
Glucose	G5	C=CC1(C(O)OCC1O)O
Glucose	G5	C=CC1(COC(C)(C1O)O)O
Glucose	G5	C=CC1(COC(C1(C)O)O)O
Glucose	G5	C=CC1(COC(C1(CO)O)O)O
Glucose	G5	C=CC1(COC(C1CO)O)O
Glucose	G5	C=CC1(COC(C1O)O)O
Glucose	G5	C=CC1(COC(CO)(C1O)O)O
Glucose	G5	C=CC1C(C(CO)(C(O1)O)O)O
Glucose	G5	CC(C(C(C(CO)CO)O)O)O
Glucose	G5	CC(C(C(CCO)O)O)O
Glucose	G5	CC(C(C(CO)(C(C)O)O)O)O
Glucose	G5	CC(C(C(CO)(CCO)O)O)O
Glucose	G5	CC(C(C(CO)(CO)O)O)O
Glucose	G5	CC(C(C(CO)C(C)O)O)O
Glucose	G5	CC(C(C(CO)C(CO)O)O)O
Glucose	G5	CC(C(C(CO)CO)O)O
Glucose	G5	CC(C(CCO)O)O
Glucose	G5	CC(C(CO)(C(C)O)O)O
Glucose	G5	CC(C(CO)(C(CCO)O)O)O
Glucose	G5	CC(C(CO)(C(CO)CO)O)O
Glucose	G5	CC(C(CO)(CCO)O)O
Glucose	G5	CC(C(CO)C(C(CO)O)O)O
Glucose	G5	CC(C(CO)C(C)O)O
Glucose	G5	CC(C(CO)C(CCO)O)O
Glucose	G5	CC(C(CO)C(CO)(CO)O)O
Glucose	G5	CC(C(CO)C(CO)O)O
Glucose	G5	CC(C(CO)CO)O
Glucose	G5	CC(C(CO)O)(C(C(C)O)O)O
Glucose	G5	CC(C(CO)O)(C(C)(CO)O)O
Glucose	G5	CC(C(CO)O)(C(CO)CO)O
Glucose	G5	CC(C1(C(C(C(C)O1)O)O)O)O
Glucose	G5	CC(C1(C(O)OC(C)C1O)O)O
Glucose	G5	CC(C1C(C(C(C)(O)O1)O)O)O
Glucose	G5	CC(C1C(C(C)(C(O)O1)O)O)O
Glucose	G5	CC(C1C(C)(C(C(O)O1)O)O)O
Glucose	G5	CC(CC(C(C)(CO)O)O)O
Glucose	G5	CC(CC(C(CO)(CO)O)O)O
Glucose	G5	CC(CC(C(CO)CO)O)O
Glucose	G5	CC(CC(C(CO)O)O)O
Glucose	G5	CC(CC(CCO)O)O
Glucose	G5	CC(CC(CO)(C(CO)O)O)O
Glucose	G5	CC(CC(CO)O)(C(CO)O)O
Glucose	G5	CC(CC1(C(C(CO1)O)O)O)O
Glucose	G5	CC(CC1(COC(C1O)O)O)O
Glucose	G5	CC(CCO)(C(C(CO)O)O)O
Glucose	G5	CC(CCO)(C(CO)(CO)O)O
Glucose	G5	CC(CO)(C(C(C(C)O)O)O)O
Glucose	G5	CC(CO)(C(C(C)O)O)O
Glucose	G5	CC(CO)(C(C(CCO)O)O)O
Glucose	G5	CC(CO)(C(C)(CO)O)O
Glucose	G5	CC(CO)(C(C)O)O
Glucose	G5	CC(CO)(C(CC(CO)O)O)O
Glucose	G5	CC(CO)(C(CCO)O)O
Glucose	G5	CC(CO)(C(CO)(C(C)O)O)O
Glucose	G5	CC(CO)(C(CO)(CCO)O)O
Glucose	G5	CC(CO)(C(CO)C(C)O)O
Glucose	G5	CC(CO)(C(CO)C(CO)O)O
Glucose	G5	CC(CO)(C(CO)CO)O
Glucose	G5	CC(CO)(CC(C(CO)O)O)O
Glucose	G5	CC(CO)(CC(CCO)O)O
Glucose	G5	CC(CO)(CO)O
Glucose	G5	CC1(C(C(C(C(C)O1)O)O)O)O
Glucose	G5	CC1(C(C(C(C)O1)O)O)O
Glucose	G5	CC1(C(C(C(C1CO)O)O)O)O
Glucose	G5	CC1(C(C(C(CCO)O1)O)O)O
Glucose	G5	CC1(C(C(CC1(CO)O)O)O)O
Glucose	G5	CC1(C(C(CO)(C(C)O1)O)O)O
Glucose	G5	CC1(C(C(O)OC(C)C1O)O)O
Glucose	G5	CC1(C(C2C(C1C(O)O2)O)O)O
Glucose	G5	CC1(C(C2CC1(C(O)O2)O)O)O
Glucose	G5	CC1(C(CO)(C(C(C)O1)O)O)O
Glucose	G5	CC1(C(CO)(O)OC(C)C1O)O
Glucose	G5	CC1(C(CO)(O)OCC1(C)O)O
Glucose	G5	CC1(C(CO)OC(C1(C)O)O)O
Glucose	G5	CC1(C(CO)OC(C1CO)O)O
Glucose	G5	CC1(C(COC(C1(C)O)O)O)O
Glucose	G5	CC1(C(COC(C1CO)O)O)O
Glucose	G5	CC1(C(COC1(C(C)O)O)O)O
Glucose	G5	CC1(C(COC1(CO)O)O)O
Glucose	G5	CC1(C(O)OC(C)C(C1O)O)O
Glucose	G5	CC1(C(O)OC(C)C1(CO)O)O
Glucose	G5	CC1(C(O)OC(C)C1O)O
Glucose	G5	CC1(C(O)OC(CCO)C1O)O
Glucose	G5	CC1(C(O)OC(CO)C1O)O
Glucose	G5	CC1(C(O)OCC(C1O)O)O
Glucose	G5	CC1(C(O)OCC1O)O
Glucose	G5	CC1(C(O)OCCC1(CO)O)O
Glucose	G5	CC1(C2(C(CC(C2O)O1)O)O)O
Glucose	G5	CC1(C2C(C(C(C1)(O)O2)O)O)O
Glucose	G5	CC1(C2C(C(C1C(O)O2)O)O)O
Glucose	G5	CC1(C2C(CC(C1O)(O)O2)O)O
Glucose	G5	CC1(C2C(CC1(C(O)O2)O)O)O
Glucose	G5	CC1(CC(C(CO)(C1O)O)O)O
Glucose	G5	CC1(CC(O)OCC1(CO)O)O
Glucose	G5	CC12CC(C(C(O)O1)(C2O)O)O
Glucose	G5	CC1C(C(C(C(O)O1)O)O)O
Glucose	G5	CC1C(C(C(CCO)(O)O1)O)O
Glucose	G5	CC1C(C(C(CO)(O)O1)O)O
Glucose	G5	CC1C(C(C(O)O1)(CCO)O)O
Glucose	G5	CC1C(C(C(O)O1)(CO)O)O
Glucose	G5	CC1C(CO)(C(C(O)O1)CO)O
Glucose	G5	CC1C(CO)(C(C(O)O1)O)O
Glucose	G5	CC1C2(CC(C(C2O)O)(O)O1)O
GlucoseAmm	G1	C(C(C(C(C(C)=O)O)O)O)=O
GlucoseAmm	G1	C(C(C(C(C(CO)O)O)N)O)=O
GlucoseAmm	G1	C(C(C(C=O)O)O)(CCO)=O
GlucoseAmm	G1	C(C(C(CC(CO)=O)O)O)=O
GlucoseAmm	G1	C(C(C(CC(CO)O)=O)O)=O
GlucoseAmm	G1	C(C(C(CO)O)O)=O
GlucoseAmm	G1	C(C(CC(C(CO)O)O)=O)=O
GlucoseAmm	G1	C(CC(C(C(C=O)O)O)O)=O
GlucoseAmm	G1	C(CC(C(C(CO)O)O)=O)=O
GlucoseAmm	G1	C(CC(C=O)O)(C(CO)O)=O
GlucoseAmm	G1	C(CN)(C(C(C(CO)O)O)O)=O
GlucoseAmm	G2	C(C(C(C(C(C)=O)N)O)O)=O
GlucoseAmm	G2	C(C(C(C(C(C)=O)O)N)O)=O
GlucoseAmm	G2	C(C(C(C(C(CO)O)N)O)O)O
GlucoseAmm	G2	C(C(C(C(C(CO)O)O)O)N)=O
GlucoseAmm	G2	C(C(C(C(CCO)=O)O)N)=O
GlucoseAmm	G2	C(C(C(C(CCO)N)=O)O)=O
GlucoseAmm	G2	C(C(C(C(CCO)O)=O)O)=O
GlucoseAmm	G2	C(C(C(C(CCO)O)O)O)=O
GlucoseAmm	G2	C(C(C(C=O)O)N)(CCO)=O
GlucoseAmm	G2	C(C(C(C=O)O)O)(C(C)N)=O
GlucoseAmm	G2	C(C(C(C=O)O)O)(C(C)O)=O
GlucoseAmm	G2	C(C(C(C=O)O)O)(CCN)=O
GlucoseAmm	G2	C(C(C(CC(C=O)O)O)O)=O
GlucoseAmm	G2	C(C(C(CC(CO)=O)N)O)=O
GlucoseAmm	G2	C(C(C(CC(CO)N)=O)O)=O
GlucoseAmm	G2	C(C(C(CC(CO)O)=O)N)=O
GlucoseAmm	G2	C(C(C(CC(CO)O)N)=O)=O
GlucoseAmm	G2	C(C(C(CC(CO)O)O)=O)=O
GlucoseAmm	G2	C(C(C(CO)N)O)=O
GlucoseAmm	G2	C(C(C(CO)O)O)(C(CN)N)=O
GlucoseAmm	G2	C(C(C(CO)O)O)(C(CN)O)=O
GlucoseAmm	G2	C(C(C(CO)O)O)(C(CO)N)=O
GlucoseAmm	G2	C(C(C(CO)O)O)(CCO)=O
GlucoseAmm	G2	C(C(C(CO)O)O)(O)=O
GlucoseAmm	G2	C(C(C(CO)O)O)O
GlucoseAmm	G2	C(C(C1(CC(CO1)O)O)O)=O
GlucoseAmm	G2	C(C(C1C(C(C(O)O1)O)N)O)O
GlucoseAmm	G2	C(C(CC(C(C=O)O)O)N)=O
GlucoseAmm	G2	C(C(CC(C(CO)=O)N)O)=O
GlucoseAmm	G2	C(C(CC(C(CO)=O)O)O)=O
GlucoseAmm	G2	C(C(CC(C(CO)O)N)=O)=O
GlucoseAmm	G2	C(C(CN)=O)(CC(CO)O)=O
GlucoseAmm	G2	C(C(CO)=O)(CC(CO)O)=O
GlucoseAmm	G2	C(C(CO)O)(CC(CN)=O)=O
GlucoseAmm	G2	C(C(CO)O)(CC(CO)=O)=O
GlucoseAmm	G2	C(C(CO)O)(CC(CO)O)=O
GlucoseAmm	G2	C(C)(C(C(C(CN)=O)O)O)=O
GlucoseAmm	G2	C(C)(C(C(C(CO)=O)O)O)=O
GlucoseAmm	G2	C(C)(C(C(C(CO)O)O)O)=O
GlucoseAmm	G2	C(C)(C1C(C(C(O1)O)O)O)=O
GlucoseAmm	G2	C(C1(C(C(CC1O)O)O)O)=O
GlucoseAmm	G2	C(C1(CC(C(CO)O1)O)O)=O
GlucoseAmm	G2	C(C1(CC(C(CO1)O)O)O)=O
GlucoseAmm	G2	C(C1C(C(C(C(O)O1)O)N)O)O
GlucoseAmm	G2	C(C1C(C(C(C)(O1)O)O)O)=O
GlucoseAmm	G2	C(C1C(C(C(C1O)O)O)O)=O
GlucoseAmm	G2	C(C1C(C(C(CN)(O)O1)O)O)O
GlucoseAmm	G2	C(C1C(CC(CO)(O1)O)O)=O
GlucoseAmm	G2	C(CC(C(C(C=O)O)N)O)=O
GlucoseAmm	G2	C(CC(C(C(C=O)O)O)N)=O
GlucoseAmm	G2	C(CC(C(C(CN)=O)O)O)=O
GlucoseAmm	G2	C(CC(C(C(CO)=O)O)O)=O
GlucoseAmm	G2	C(CC(C(C(CO)N)O)=O)=O
GlucoseAmm	G2	C(CC(C(C(CO)O)=O)N)=O
GlucoseAmm	G2	C(CC(C(C(CO)O)=O)O)=O
GlucoseAmm	G2	C(CC(C(C(CO)O)N)=O)=O
GlucoseAmm	G2	C(CC(C(C(CO)O)O)O)=O
GlucoseAmm	G2	C(CC(C=O)N)(C(CO)O)=O
GlucoseAmm	G2	C(CC(C=O)O)(C(CN)O)=O
GlucoseAmm	G2	C(CC(C=O)O)(C(CO)N)=O
GlucoseAmm	G2	C(CC1(C(C(CO1)O)O)O)=O
GlucoseAmm	G2	C(CCO)(C(C(CN)=O)O)=O
GlucoseAmm	G2	C(CCO)(C(C(CO)=O)O)=O
GlucoseAmm	G2	C(CN)(C(C(C(CO)O)N)O)=O
GlucoseAmm	G2	C(CN)(C(C(C(CO)O)O)N)=O
GlucoseAmm	G2	C(CN)(C(CC(CO)=O)O)=O
GlucoseAmm	G2	C(CN)(C(CO)O)=O
GlucoseAmm	G2	C(CO)(C(C(C(CO)O)N)O)=O
GlucoseAmm	G2	C(CO)(C(C(C(CO)O)O)N)=O
GlucoseAmm	G2	C(CO)(C(CC(CO)=O)O)=O
GlucoseAmm	G2	C(CO)(C(CO)O)=O
GlucoseAmm	G2	C(CO)(CC(C(CO)O)O)=O
GlucoseAmm	G2	C1(C(C(C(C(C1)O)O)O)O)=O
GlucoseAmm	G2	C1(C(C(C(C1CO)O)O)O)=O
GlucoseAmm	G2	C1(C(C(C(O)OCC1)O)O)=O
GlucoseAmm	G2	C1(C(C(CO)O)OC(C1)O)=O
GlucoseAmm	G2	C1(C(C(CO)OC(C1)O)O)=O
GlucoseAmm	G2	C1(C(C(COC(C1)O)O)O)=O
GlucoseAmm	G2	C1(C(C(O)OC(CO)C1)O)=O
GlucoseAmm	G2	C1(C(C(O)OCC(C1)O)O)=O
GlucoseAmm	G2	C1(C(CO)OC(C(C1)O)O)=O
GlucoseAmm	G2	C1(C(COC(C(C1)O)O)O)=O
GlucoseAmm	G2	C1(C(O)OC(C(CO)O)C1)=O
GlucoseAmm	G2	C1(C(O)OC(CO)C(C1)O)=O
GlucoseAmm	G2	C1(C(O)OCC(C(C1)O)O)=O
GlucoseAmm	G2	C1(CC(C(C(CO)O)O1)O)=O
GlucoseAmm	G2	C1(CC(C(C(CO)O1)O)O)=O
GlucoseAmm	G2	C1(CC(C(C(CO1)O)O)O)=O
GlucoseAmm	G2	C1(CC(C(C1(CO)O)O)O)=O
GlucoseAmm	G2	C1(COC(C(C(C1)O)O)O)=O
GlucoseAmm	G2	C1(COC(C(CO)O)C1O)=O
GlucoseAmm	G2	C1(COC(CO)C(C1O)O)=O
GlucoseAmm	G2	C1(COCC(C(C1O)O)O)=O
GlucoseAmm	G2	C1C(C(C(C(C(O)O1)O)N)O)O
GlucoseAmm	G2	C1C(C(C(C(CN)(O)O1)O)O)O
GlucoseAmm	G3	C(C(C(C(C(C)=O)N)N)O)=O
GlucoseAmm	G3	C(C(C(C(C(C)=O)N)O)O)(O)=O
GlucoseAmm	G3	C(C(C(C(C(C)=O)O)N)O)(O)=O
GlucoseAmm	G3	C(C(C(C(C(C)=O)O)O)N)=O
GlucoseAmm	G3	C(C(C(C(C(C)N)=O)O)N)=O
GlucoseAmm	G3	C(C(C(C(C(C)N)N)=O)O)=O
GlucoseAmm	G3	C(C(C(C(C(C)N)O)=O)O)=O
GlucoseAmm	G3	C(C(C(C(C(C)O)=O)O)N)=O
GlucoseAmm	G3	C(C(C(C(C(C)O)N)=O)O)=O
GlucoseAmm	G3	C(C(C(C(C(C)O)O)=O)O)=O
GlucoseAmm	G3	C(C(C(C(C(C=O)O)O)O)N)=O
GlucoseAmm	G3	C(C(C(C(C(CN)=O)O)O)O)=O
GlucoseAmm	G3	C(C(C(C(C(CN)O)O)O)O)=O
GlucoseAmm	G3	C(C(C(C(C(CO)=O)N)O)O)=O
GlucoseAmm	G3	C(C(C(C(C(CO)N)O)O)N)=O
GlucoseAmm	G3	C(C(C(C(C(CO)N)O)O)O)=O
GlucoseAmm	G3	C(C(C(C(C(CO)N)O)O)O)O
GlucoseAmm	G3	C(C(C(C(C(CO)O)N)N)O)=O
GlucoseAmm	G3	C(C(C(C(C(CO)O)N)O)=O)=O
GlucoseAmm	G3	C(C(C(C(C(CO)O)N)O)N)=O
GlucoseAmm	G3	C(C(C(C(C(CO)O)N)O)O)=O
GlucoseAmm	G3	C(C(C(C(C(CO)O)O)=O)N)=O
GlucoseAmm	G3	C(C(C(C(C(CO)O)O)N)=O)=O
GlucoseAmm	G3	C(C(C(C(C(CO)O)O)N)N)=O
GlucoseAmm	G3	C(C(C(C(C)=O)O)O)(O)=O
GlucoseAmm	G3	C(C(C(C(C=C)=O)(CO)O)O)=O
GlucoseAmm	G3	C(C(C(C(C=C)=O)O)O)(O)=O
GlucoseAmm	G3	C(C(C(C(C=O)O)O)N)=O
GlucoseAmm	G3	C(C(C(C(CCN)=O)O)N)=O
GlucoseAmm	G3	C(C(C(C(CCN)N)=O)O)=O
GlucoseAmm	G3	C(C(C(C(CCN)O)=O)O)=O
GlucoseAmm	G3	C(C(C(C(CCO)=O)O)N)(O)=O
GlucoseAmm	G3	C(C(C(C(CCO)=O)O)O)(C)=O
GlucoseAmm	G3	C(C(C(C(CCO)N)=O)N)=O
GlucoseAmm	G3	C(C(C(C(CCO)N)=O)O)(O)=O
GlucoseAmm	G3	C(C(C(C(CCO)N)N)=O)=O
GlucoseAmm	G3	C(C(C(C(CCO)N)O)=O)=O
GlucoseAmm	G3	C(C(C(C(CCO)N)O)O)=O
GlucoseAmm	G3	C(C(C(C(CCO)O)=O)N)=O
GlucoseAmm	G3	C(C(C(C(CCO)O)N)=O)=O
GlucoseAmm	G3	C(C(C(C(CCO)O)N)O)=O
GlucoseAmm	G3	C(C(C(C(CCO)O)O)=O)=O
GlucoseAmm	G3	C(C(C(C(CCO)O)O)O)O
GlucoseAmm	G3	C(C(C(C(CN)=O)O)O)=O
GlucoseAmm	G3	C(C(C(C(CO)=O)N)O)=O
GlucoseAmm	G3	C(C(C(C(CO)=O)O)O)=O
GlucoseAmm	G3	C(C(C(C(CO)O)O)N)=O
GlucoseAmm	G3	C(C(C(C(CO)O)O)O)=O
GlucoseAmm	G3	C(C(C(C(O)=O)O)N)(CCO)=O
GlucoseAmm	G3	C(C(C(C(O)=O)O)O)(CCN)=O
GlucoseAmm	G3	C(C(C(C)(C(C=O)O)O)N)=O
GlucoseAmm	G3	C(C(C(C)(C(CO)O)O)N)=O
GlucoseAmm	G3	C(C(C(C)(C(CO)O)O)O)=O
GlucoseAmm	G3	C(C(C(C)(CC(CO)=O)O)O)=O
GlucoseAmm	G3	C(C(C(C)(CO)O)N)=O
GlucoseAmm	G3	C(C(C(C)=O)(C(CN)O)O)=O
GlucoseAmm	G3	C(C(C(C)=O)(C(CO)(C)O)O)=O
GlucoseAmm	G3	C(C(C(C)=O)(C(CO)O)O)=O
GlucoseAmm	G3	C(C(C(C)O)(C(C(C)=O)O)O)=O
GlucoseAmm	G3	C(C(C(C)O)(C(C=O)O)O)=O
GlucoseAmm	G3	C(C(C(C)O)(C(CO)N)O)=O
GlucoseAmm	G3	C(C(C(C)O)(CC(CO)=O)O)=O
GlucoseAmm	G3	C(C(C(C)O)O)(C(CO)O)=O
GlucoseAmm	G3	C(C(C(C)O)O)(CCO)=O
GlucoseAmm	G3	C(C(C(C)O)O)(O)=O
GlucoseAmm	G3	C(C(C(C=O)N)N)(CCO)=O
GlucoseAmm	G3	C(C(C(C=O)O)N)(C(C)N)=O
GlucoseAmm	G3	C(C(C(C=O)O)N)(C(C)O)=O
GlucoseAmm	G3	C(C(C(C=O)O)N)(C(CO)O)=O
GlucoseAmm	G3	C(C(C(C=O)O)N)(CCN)=O
GlucoseAmm	G3	C(C(C(C=O)O)O)(CC(C)O)=O
GlucoseAmm	G3	C(C(C(C=O)O)O)(O)=O
GlucoseAmm	G3	C(C(C(CC(C=O)O)N)N)=O
GlucoseAmm	G3	C(C(C(CC(C=O)O)O)N)=O
GlucoseAmm	G3	C(C(C(CC(CN)=O)O)O)=O
GlucoseAmm	G3	C(C(C(CC(CN)O)=O)O)=O
GlucoseAmm	G3	C(C(C(CC(CO)=O)N)O)(O)=O
GlucoseAmm	G3	C(C(C(CC(CO)=O)O)N)=O
GlucoseAmm	G3	C(C(C(CC(CO)N)=O)N)=O
GlucoseAmm	G3	C(C(C(CC(CO)N)=O)O)(O)=O
GlucoseAmm	G3	C(C(C(CC(CO)N)N)=O)=O
GlucoseAmm	G3	C(C(C(CC(CO)N)O)=O)=O
GlucoseAmm	G3	C(C(C(CC(CO)N)O)O)=O
GlucoseAmm	G3	C(C(C(CC(CO)O)=O)N)(O)=O
GlucoseAmm	G3	C(C(C(CC(CO)O)N)=O)(O)=O
GlucoseAmm	G3	C(C(C(CC(CO)O)N)O)(O)=O
GlucoseAmm	G3	C(C(C(CC(CO)O)O)O)=O
GlucoseAmm	G3	C(C(C(CN)(C(CO)O)O)N)=O
GlucoseAmm	G3	C(C(C(CN)(C(CO)O)O)O)=O
GlucoseAmm	G3	C(C(C(CN)(CO)O)N)=O
GlucoseAmm	G3	C(C(C(CN)N)=O)(CCO)=O
GlucoseAmm	G3	C(C(C(CN)N)O)(C(CO)O)=O
GlucoseAmm	G3	C(C(C(CN)O)(C(C=O)O)O)=O
GlucoseAmm	G3	C(C(C(CN)O)(C(CO)N)O)=O
GlucoseAmm	G3	C(C(C(CN)O)(CC=O)O)=O
GlucoseAmm	G3	C(C(C(CN)O)=O)(CCO)=O
GlucoseAmm	G3	C(C(C(CN)O)C(C=O)O)=O
GlucoseAmm	G3	C(C(C(CN)O)N)=O
GlucoseAmm	G3	C(C(C(CN)O)O)(C(CO)O)=O
GlucoseAmm	G3	C(C(C(CN)O)O)(CCO)=O
GlucoseAmm	G3	C(C(C(CN)O)O)(O)=O
GlucoseAmm	G3	C(C(C(CN)O)O)=O
GlucoseAmm	G3	C(C(C(CO)(C(CO)O)O)N)=O
GlucoseAmm	G3	C(C(C(CO)(C)O)(CC=O)O)=O
GlucoseAmm	G3	C(C(C(CO)(C)O)O)(CCO)=O
GlucoseAmm	G3	C(C(C(CO)(C)O)O)(O)=O
GlucoseAmm	G3	C(C(C(CO)(C)O)O)=O
GlucoseAmm	G3	C(C(C(CO)(CCO)O)N)=O
GlucoseAmm	G3	C(C(C(CO)(CCO)O)O)=O
GlucoseAmm	G3	C(C(C(CO)(CN)O)O)(O)=O
GlucoseAmm	G3	C(C(C(CO)(CN)O)O)=O
GlucoseAmm	G3	C(C(C(CO)(CO)O)N)=O
GlucoseAmm	G3	C(C(C(CO)(CO)O)O)=O
GlucoseAmm	G3	C(C(C(CO)=O)C(CN)O)=O
GlucoseAmm	G3	C(C(C(CO)=O)C(CO)(C)O)=O
GlucoseAmm	G3	C(C(C(CO)=O)C(CO)O)=O
GlucoseAmm	G3	C(C(C(CO)C(CN)O)=O)=O
GlucoseAmm	G3	C(C(C(CO)C(CO)O)=O)=O
GlucoseAmm	G3	C(C(C(CO)N)(C(C=O)O)O)=O
GlucoseAmm	G3	C(C(C(CO)N)=O)(CCO)=O
GlucoseAmm	G3	C(C(C(CO)N)O)(C(CN)N)=O
GlucoseAmm	G3	C(C(C(CO)N)O)(C(CN)O)=O
GlucoseAmm	G3	C(C(C(CO)N)O)(C(CO)N)=O
GlucoseAmm	G3	C(C(C(CO)N)O)(C(CO)O)=O
GlucoseAmm	G3	C(C(C(CO)N)O)(CCO)=O
GlucoseAmm	G3	C(C(C(CO)N)O)(O)=O
GlucoseAmm	G3	C(C(C(CO)NCC=O)O)(O)=O
GlucoseAmm	G3	C(C(C(CO)NCC=O)O)=O
GlucoseAmm	G3	C(C(C(CO)O)(C(C)O)O)=O
GlucoseAmm	G3	C(C(C(CO)O)(C(CN)O)O)=O
GlucoseAmm	G3	C(C(C(CO)O)(C(CO)N)O)=O
GlucoseAmm	G3	C(C(C(CO)O)(CC=O)O)=O
GlucoseAmm	G3	C(C(C(CO)O)=O)(CCO)=O
GlucoseAmm	G3	C(C(C(CO)O)C(C=O)O)=O
GlucoseAmm	G3	C(C(C(CO)O)N)(C(CN)N)=O
GlucoseAmm	G3	C(C(C(CO)O)N)(C(CO)N)=O
GlucoseAmm	G3	C(C(C(CO)O)N)(CCO)=O
GlucoseAmm	G3	C(C(C(CO)O)N)=O
GlucoseAmm	G3	C(C(C(CO)O)N)O
GlucoseAmm	G3	C(C(C(CO)O)NCC=O)=O
GlucoseAmm	G3	C(C(C(CO)O)O)(C(C)N)=O
GlucoseAmm	G3	C(C(C(CO)O)O)(C(C)O)=O
GlucoseAmm	G3	C(C(C(CO)O)O)(CCN)=O
GlucoseAmm	G3	C(C(C)(C(C(C)=O)(CO)O)O)=O
GlucoseAmm	G3	C(C(C)(C(C(CCO)=O)O)O)=O
GlucoseAmm	G3	C(C(C)(C(C(CN)=O)O)O)=O
GlucoseAmm	G3	C(C(C)(C(C(CO)=O)CO)O)=O
GlucoseAmm	G3	C(C(C)(C(C(O)=O)O)O)=O
GlucoseAmm	G3	C(C(C)(CC(C=O)O)O)(O)=O
GlucoseAmm	G3	C(C(C)=O)(C(C(CO)O)O)=O
GlucoseAmm	G3	C(C(C)N)(C(C(CN)=O)O)=O
GlucoseAmm	G3	C(C(C)N)(C(C(CO)=O)O)=O
GlucoseAmm	G3	C(C(C)O)(C(C(CN)=O)O)=O
GlucoseAmm	G3	C(C(C)O)(C(C(CO)=O)O)=O
GlucoseAmm	G3	C(C(C1(CC(CO1)O)O)N)=O
GlucoseAmm	G3	C(C(C1C(C(C(O)O1)N)O)O)O
GlucoseAmm	G3	C(C(CC(C(C(C)=O)O)O)O)=O
GlucoseAmm	G3	C(C(CC(C(C(O)=O)O)O)N)=O
GlucoseAmm	G3	C(C(CC(C(C)=O)O)O)(O)=O
GlucoseAmm	G3	C(C(CC(C(C=O)O)N)N)=O
GlucoseAmm	G3	C(C(CC(C(C=O)O)N)O)=O
GlucoseAmm	G3	C(C(CC(C(C=O)O)O)N)(O)=O
GlucoseAmm	G3	C(C(CC(C(CN)=O)N)O)=O
GlucoseAmm	G3	C(C(CC(C(CN)=O)O)N)=O
GlucoseAmm	G3	C(C(CC(C(CN)=O)O)O)=O
GlucoseAmm	G3	C(C(CC(C(CO)=O)N)N)=O
GlucoseAmm	G3	C(C(CC(C(CO)=O)N)O)(O)=O
GlucoseAmm	G3	C(C(CC(C(CO)=O)O)N)=O
GlucoseAmm	G3	C(C(CC(C(CO)O)N)=O)(O)=O
GlucoseAmm	G3	C(C(CC(C(CO)O)N)O)(O)=O
GlucoseAmm	G3	C(C(CC(C(CO)O)O)N)(O)=O
GlucoseAmm	G3	C(C(CC(C(CO)O)O)N)=O
GlucoseAmm	G3	C(C(CC(C(CO)O)O)O)=O
GlucoseAmm	G3	C(C(CC(C)(C(CO)O)O)=O)=O
GlucoseAmm	G3	C(C(CC(CC(CO)=O)O)O)=O
GlucoseAmm	G3	C(C(CC(CO)=O)O)(O)=O
GlucoseAmm	G3	C(C(CCC(CO)=O)O)(O)=O
GlucoseAmm	G3	C(C(CCO)(C(C(C)=O)O)O)=O
GlucoseAmm	G3	C(C(CCO)(C(C=O)N)O)=O
GlucoseAmm	G3	C(C(CCO)(C(C=O)O)O)=O
GlucoseAmm	G3	C(C(CCO)(CC=O)O)(O)=O
GlucoseAmm	G3	C(C(CCO)O)(C(CO)O)=O
GlucoseAmm	G3	C(C(CCO)O)(O)=O
GlucoseAmm	G3	C(C(CN)(CC(CO)O)O)(O)=O
GlucoseAmm	G3	C(C(CN)=O)(C(C(CO)O)O)=O
GlucoseAmm	G3	C(C(CN)=O)(C(CCO)N)=O
GlucoseAmm	G3	C(C(CN)=O)(C(CCO)O)=O
GlucoseAmm	G3	C(C(CN)=O)(CC(CO)N)=O
GlucoseAmm	G3	C(C(CN)N)(C(C(C)=O)O)=O
GlucoseAmm	G3	C(C(CN)N)(CC(CO)=O)=O
GlucoseAmm	G3	C(C(CN)NCC(CO)=O)=O
GlucoseAmm	G3	C(C(CN)O)(C(C(C)=O)O)=O
GlucoseAmm	G3	C(C(CN)O)(C(C(CO)O)N)=O
GlucoseAmm	G3	C(C(CN)O)(CC(CN)=O)=O
GlucoseAmm	G3	C(C(CN)O)(CC(CO)=O)=O
GlucoseAmm	G3	C(C(CN)O)(CC(CO)O)=O
GlucoseAmm	G3	C(C(CNCC(CO)=O)O)=O
GlucoseAmm	G3	C(C(CO)(C(C(C)=O)O)O)=O
GlucoseAmm	G3	C(C(CO)(C(C(C=C)=O)O)O)=O
GlucoseAmm	G3	C(C(CO)(C(C)O)O)=O
GlucoseAmm	G3	C(C(CO)(C(C=O)(C)O)O)=O
GlucoseAmm	G3	C(C(CO)(C(C=O)O)O)=O
GlucoseAmm	G3	C(C(CO)(C(CN)O)O)=O
GlucoseAmm	G3	C(C(CO)(C(CO)(C)O)O)=O
GlucoseAmm	G3	C(C(CO)(C(CO)(CN)O)O)=O
GlucoseAmm	G3	C(C(CO)(C(CO)N)O)=O
GlucoseAmm	G3	C(C(CO)(C(CO)O)O)=O
GlucoseAmm	G3	C(C(CO)(CC(CO)=O)O)=O
GlucoseAmm	G3	C(C(CO)(CO)O)=O
GlucoseAmm	G3	C(C(CO)=O)(C(CCO)N)=O
GlucoseAmm	G3	C(C(CO)=O)(C(CCO)O)=O
GlucoseAmm	G3	C(C(CO)=O)(CC(CO)N)=O
GlucoseAmm	G3	C(C(CO)N)(C(C(C)=O)O)=O
GlucoseAmm	G3	C(C(CO)N)(CC(CN)=O)=O
GlucoseAmm	G3	C(C(CO)N)(CC(CO)=O)=O
GlucoseAmm	G3	C(C(CO)N)(CC(CO)O)=O
GlucoseAmm	G3	C(C(CO)NCC(CO)=O)=O
GlucoseAmm	G3	C(C(CO)O)(C(C(C)=O)O)=O
GlucoseAmm	G3	C(C(CO)O)(C(C(C)O)N)=O
GlucoseAmm	G3	C(C(CO)O)(C(C(CN)=O)O)=O
GlucoseAmm	G3	C(C(CO)O)(C(C(CN)N)N)=O
GlucoseAmm	G3	C(C(CO)O)(C(C(CN)O)N)=O
GlucoseAmm	G3	C(C(CO)O)(C(C(CO)N)N)=O
GlucoseAmm	G3	C(C(CO)O)(C(C(CO)O)N)=O
GlucoseAmm	G3	C(C(CO)O)(C(CCO)N)=O
GlucoseAmm	G3	C(C(CO)O)(C(CO)N)=O
GlucoseAmm	G3	C(C(CO)O)(C(CO)O)=O
GlucoseAmm	G3	C(C(CO)O)(CC(C)O)=O
GlucoseAmm	G3	C(C(CO)O)(CC(CN)O)=O
GlucoseAmm	G3	C(C(CO)O)(CC(CO)N)=O
GlucoseAmm	G3	C(C(CO)O)(CCO)=O
GlucoseAmm	G3	C(C(CO)O)(O)=O
GlucoseAmm	G3	C(C(CO)O)O
GlucoseAmm	G3	C(C)(C(C(C(C(C)=O)O)O)O)=O
GlucoseAmm	G3	C(C)(C(C(C(CN)=O)O)N)=O
GlucoseAmm	G3	C(C)(C(C(C(CO)=O)O)N)=O
GlucoseAmm	G3	C(C)(C(C(C(CO)O)N)O)=O
GlucoseAmm	G3	C(C)(C(C(C(CO)O)O)N)=O
GlucoseAmm	G3	C(C)(C(C(C)(C(CO)O)O)O)=O
GlucoseAmm	G3	C(C)(C(C(C)O)(C(C=O)O)O)=O
GlucoseAmm	G3	C(C)(C(C(CC(CO)=O)O)O)=O
GlucoseAmm	G3	C(C)(C(C(CN)O)O)=O
GlucoseAmm	G3	C(C)(C(C(CO)(C)O)O)=O
GlucoseAmm	G3	C(C)(C(C(CO)(CCO)O)O)=O
GlucoseAmm	G3	C(C)(C(C(CO)(CN)O)O)=O
GlucoseAmm	G3	C(C)(C(C(CO)(CO)O)O)=O
GlucoseAmm	G3	C(C)(C(C(CO)O)O)=O
GlucoseAmm	G3	C(C)(C(CO)(C(C(C)=O)O)O)=O
GlucoseAmm	G3	C(C)(C(CO)(C(C)O)O)=O
GlucoseAmm	G3	C(C)(C(CO)(C(C=O)O)O)=O
GlucoseAmm	G3	C(C)(C(CO)(C(CN)O)O)=O
GlucoseAmm	G3	C(C)(C(CO)(C(CO)(C)O)O)=O
GlucoseAmm	G3	C(C)(C(CO)(C(CO)O)O)=O
GlucoseAmm	G3	C(C)(C(CO)(CO)O)=O
GlucoseAmm	G3	C(C)(C1C(C(C(O1)O)O)N)=O
GlucoseAmm	G3	C(C1(C(C(C(C1)O)O)O)O)=O
GlucoseAmm	G3	C(C1(C(C(CC1O)N)O)O)=O
GlucoseAmm	G3	C(C1(C(C(CC1O)O)O)O)O
GlucoseAmm	G3	C(C1(C(C=CC1O)O)O)=O
GlucoseAmm	G3	C(C1(C(CC(C1N)O)O)O)=O
GlucoseAmm	G3	C(C1(C=CC(C1O)O)O)=O
GlucoseAmm	G3	C(C1(CC(C(C1O)O)O)N)=O
GlucoseAmm	G3	C(C1(CC(C(CO)O1)O)O)O
GlucoseAmm	G3	C(C1C(C(C(C(O)O1)N)O)O)O
GlucoseAmm	G3	C(C1C(C(C(C)(O1)O)O)N)=O
GlucoseAmm	G3	C(C1C(C(C(C1N)O)O)O)=O
GlucoseAmm	G3	C(C1C(C(C(C1O)O)N)O)=O
GlucoseAmm	G3	C(C1C(C(C(C1O)O)O)O)O
GlucoseAmm	G3	C(C1C(C(C(CO)O1)O)O)=O
GlucoseAmm	G3	C(C1C(C(C(CO1)O)O)O)=O
GlucoseAmm	G3	C(C1C(CC(CO)(O1)O)N)=O
GlucoseAmm	G3	C(CC(C(C(C(C)=O)O)O)O)=O
GlucoseAmm	G3	C(CC(C(C(C(O)=O)O)N)O)=O
GlucoseAmm	G3	C(CC(C(C(C(O)=O)O)O)N)=O
GlucoseAmm	G3	C(CC(C(C(C=O)N)O)O)=O
GlucoseAmm	G3	C(CC(C(C(C=O)O)N)N)=O
GlucoseAmm	G3	C(CC(C(C(C=O)O)N)O)(O)=O
GlucoseAmm	G3	C(CC(C(C(C=O)O)O)N)(O)=O
GlucoseAmm	G3	C(CC(C(C(CN)=O)N)O)=O
GlucoseAmm	G3	C(CC(C(C(CN)=O)O)N)=O
GlucoseAmm	G3	C(CC(C(C(CN)=O)O)O)(O)=O
GlucoseAmm	G3	C(CC(C(C(CN)N)=O)O)=O
GlucoseAmm	G3	C(CC(C(C(CN)O)=O)N)=O
GlucoseAmm	G3	C(CC(C(C(CN)O)=O)O)=O
GlucoseAmm	G3	C(CC(C(C(CN)O)O)=O)=O
GlucoseAmm	G3	C(CC(C(C(CO)(C)O)O)=O)=O
GlucoseAmm	G3	C(CC(C(C(CO)=O)N)N)=O
GlucoseAmm	G3	C(CC(C(C(CO)=O)N)O)=O
GlucoseAmm	G3	C(CC(C(C(CO)=O)O)N)=O
GlucoseAmm	G3	C(CC(C(C(CO)N)=O)N)=O
GlucoseAmm	G3	C(CC(C(C(CO)N)=O)O)=O
GlucoseAmm	G3	C(CC(C(C(CO)N)N)=O)=O
GlucoseAmm	G3	C(CC(C(C(CO)N)O)=O)(O)=O
GlucoseAmm	G3	C(CC(C(C(CO)N)O)O)=O
GlucoseAmm	G3	C(CC(C(C(CO)O)=O)N)(O)=O
GlucoseAmm	G3	C(CC(C(C(CO)O)N)=O)(O)=O
GlucoseAmm	G3	C(CC(C(C(CO)O)N)O)=O
GlucoseAmm	G3	C(CC(C(C(CO)O)O)N)=O
GlucoseAmm	G3	C(CC(C(C(CO)O)O)O)(N)=O
GlucoseAmm	G3	C(CC(C(C)=O)O)(C(CO)O)=O
GlucoseAmm	G3	C(CC(C(CC(CO)=O)O)O)=O
GlucoseAmm	G3	C(CC(C(CCO)=O)O)(CO)=O
GlucoseAmm	G3	C(CC(C(CO)O)O)=O
GlucoseAmm	G3	C(CC(C(O)=O)N)(C(CO)O)=O
GlucoseAmm	G3	C(CC(C(O)=O)O)(C(CN)O)=O
GlucoseAmm	G3	C(CC(C(O)=O)O)(C(CO)N)=O
GlucoseAmm	G3	C(CC(C(O)=O)O)(CCO)=O
GlucoseAmm	G3	C(CC(C)(C(CO)O)O)=O
GlucoseAmm	G3	C(CC(C=O)N)(C(CN)O)=O
GlucoseAmm	G3	C(CC(C=O)N)(C(CO)N)=O
GlucoseAmm	G3	C(CC(C=O)O)(C(C(C)O)O)=O
GlucoseAmm	G3	C(CC(C=O)O)(C(CN)N)=O
GlucoseAmm	G3	C(CC(CC(C(O)=O)O)O)=O
GlucoseAmm	G3	C(CC(CN)(C(CO)O)O)=O
GlucoseAmm	G3	C(CC(CO)(C(C(C)=O)O)O)=O
GlucoseAmm	G3	C(CC(CO)(C(C=O)N)O)=O
GlucoseAmm	G3	C(CC(CO)(C(C=O)O)O)=O
GlucoseAmm	G3	C(CC(CO)(C(CO)O)O)=O
GlucoseAmm	G3	C(CC(CO)(CC(CO)=O)O)=O
GlucoseAmm	G3	C(CC(CO)(CCO)O)=O
GlucoseAmm	G3	C(CC(CO)(CN)O)=O
GlucoseAmm	G3	C(CC(CO)(CO)O)=O
GlucoseAmm	G3	C(CC1C(C(C(O)O1)O)N)=O
GlucoseAmm	G3	C(CCN)(C(C(CN)=O)O)=O
GlucoseAmm	G3	C(CCN)(C(C(CO)=O)O)=O
GlucoseAmm	G3	C(CCO)(C(C(CN)=O)N)=O
GlucoseAmm	G3	C(CCO)(C(C(CO)=O)N)=O
GlucoseAmm	G3	C(CN)(C(C(C(C)=O)O)N)=O
GlucoseAmm	G3	C(CN)(C(C(C(CO)O)N)N)=O
GlucoseAmm	G3	C(CN)(C(C(C)O)O)=O
GlucoseAmm	G3	C(CN)(C(C(CCO)O)O)=O
GlucoseAmm	G3	C(CN)(C(C(CN)O)O)=O
GlucoseAmm	G3	C(CN)(C(C(CO)(C)O)O)=O
GlucoseAmm	G3	C(CN)(C(C(CO)(CN)O)O)=O
GlucoseAmm	G3	C(CN)(C(C(CO)(CO)O)O)=O
GlucoseAmm	G3	C(CN)(C(C(CO)O)O)=O
GlucoseAmm	G3	C(CN)(C(CC(CO)=O)N)=O
GlucoseAmm	G3	C(CN)(C(CN)O)=O
GlucoseAmm	G3	C(CN)(C(CNCC=O)O)=O
GlucoseAmm	G3	C(CN)(C(CO)(C(C)O)O)=O
GlucoseAmm	G3	C(CN)(C(CO)(C(C=O)O)O)=O
GlucoseAmm	G3	C(CN)(C(CO)(C(CN)O)O)=O
GlucoseAmm	G3	C(CN)(C(CO)(C(CO)O)O)=O
GlucoseAmm	G3	C(CN)(C(CO)(CO)O)=O
GlucoseAmm	G3	C(CN)(C(CO)N)=O
GlucoseAmm	G3	C(CN)(C1(CC(CO1)O)O)=O
GlucoseAmm	G3	C(CNC(C(CN)=O)CO)=O
GlucoseAmm	G3	C(CNC(C(CO)=O)CN)=O
GlucoseAmm	G3	C(CNC(C(CO)=O)CO)=O
GlucoseAmm	G3	C(CNCC(C(CO)=O)O)=O
GlucoseAmm	G3	C(CNCC=O)(C(CO)N)=O
GlucoseAmm	G3	C(CNCC=O)(C(CO)O)=O
GlucoseAmm	G3	C(CO)(C(C(C(C)=O)O)N)=O
GlucoseAmm	G3	C(CO)(C(C(C(CO)O)N)N)=O
GlucoseAmm	G3	C(CO)(C(C(C)O)C(C=O)O)=O
GlucoseAmm	G3	C(CO)(C(C(C)O)N)=O
GlucoseAmm	G3	C(CO)(C(C(C)O)O)=O
GlucoseAmm	G3	C(CO)(C(C(CCO)O)O)=O
GlucoseAmm	G3	C(CO)(C(C(CN)O)N)=O
GlucoseAmm	G3	C(CO)(C(C(CN)O)O)=O
GlucoseAmm	G3	C(CO)(C(C(CO)(C)O)N)=O
GlucoseAmm	G3	C(CO)(C(C(CO)(C)O)O)=O
GlucoseAmm	G3	C(CO)(C(C(CO)(CN)O)N)=O
GlucoseAmm	G3	C(CO)(C(C(CO)(CN)O)O)=O
GlucoseAmm	G3	C(CO)(C(C(CO)O)N)=O
GlucoseAmm	G3	C(CO)(C(C(CO)O)O)=O
GlucoseAmm	G3	C(CO)(C(CC(CN)=O)N)=O
GlucoseAmm	G3	C(CO)(C(CC(CN)=O)O)=O
GlucoseAmm	G3	C(CO)(C(CC(CO)=O)N)=O
GlucoseAmm	G3	C(CO)(C(CC(CO)O)N)=O
GlucoseAmm	G3	C(CO)(C(CC(CO)O)O)=O
GlucoseAmm	G3	C(CO)(C(CN)N)=O
GlucoseAmm	G3	C(CO)(C(CN)O)=O
GlucoseAmm	G3	C(CO)(C(CO)(C(C)O)O)=O
GlucoseAmm	G3	C(CO)(C(CO)(C(CN)O)O)=O
GlucoseAmm	G3	C(CO)(C(CO)(CO)O)=O
GlucoseAmm	G3	C(CO)(C(CO)C(C(C)=O)O)=O
GlucoseAmm	G3	C(CO)(C(CO)C(C)O)=O
GlucoseAmm	G3	C(CO)(C(CO)C(C=O)O)=O
GlucoseAmm	G3	C(CO)(C(CO)C(CN)O)=O
GlucoseAmm	G3	C(CO)(C(CO)C(CO)(C)O)=O
GlucoseAmm	G3	C(CO)(C(CO)C(CO)O)=O
GlucoseAmm	G3	C(CO)(C(CO)CO)=O
GlucoseAmm	G3	C(CO)(C(CO)N)=O
GlucoseAmm	G3	C(CO)(C1(CC(CO1)O)O)=O
GlucoseAmm	G3	C(CO)(CC(C(CO)O)N)=O
GlucoseAmm	G3	C(CO)(CC(C)(C(CO)O)O)=O
GlucoseAmm	G3	C(CO)(CC(CC(CO)=O)O)=O
GlucoseAmm	G3	C(CO)(CC(CN)O)=O
GlucoseAmm	G3	C(CO)(CC(CO)(CCO)O)=O
GlucoseAmm	G3	C(CO)(CC(CO)(CN)O)=O
GlucoseAmm	G3	C(CO)(CC(CO)(CO)O)=O
GlucoseAmm	G3	C(CO)(CC(CO)O)=O
GlucoseAmm	G3	C(CO)(CNCC(CO)=O)=O
GlucoseAmm	G3	C(N)=CC(C(C(CO)O)O)=O
GlucoseAmm	G3	C1(C(C(C(C(C1)N)O)O)O)=O
GlucoseAmm	G3	C1(C(C(C(C(C1)O)O)N)O)=O
GlucoseAmm	G3	C1(C(C(C(C(C1)O)O)O)N)=O
GlucoseAmm	G3	C1(C(C(C(C(CO)O)O1)N)O)=O
GlucoseAmm	G3	C1(C(C(C(C(CO)O1)O)N)O)=O
GlucoseAmm	G3	C1(C(C(C(C(CO1)O)O)N)O)=O
GlucoseAmm	G3	C1(C(C(C(C)(C1N)O)O)O)=O
GlucoseAmm	G3	C1(C(C(C(C)(C1O)O)O)O)=O
GlucoseAmm	G3	C1(C(C(C(C1(C)N)O)O)O)=O
GlucoseAmm	G3	C1(C(C(C(C1(C)O)O)O)O)=O
GlucoseAmm	G3	C1(C(C(C(C1)O)(CN)O)O)=O
GlucoseAmm	G3	C1(C(C(C(C1)O)(CO)O)O)=O
GlucoseAmm	G3	C1(C(C(C(C1)O)O)O)=O
GlucoseAmm	G3	C1(C(C(C(C1CN)O)O)O)=O
GlucoseAmm	G3	C1(C(C(C(C1CO)N)O)O)=O
GlucoseAmm	G3	C1(C(C(C(C1CO)O)N)O)=O
GlucoseAmm	G3	C1(C(C(C(C1CO)O)O)N)=O
GlucoseAmm	G3	C1(C(C(C(CC1N)O)O)O)=O
GlucoseAmm	G3	C1(C(C(C(CC1O)O)O)O)=O
GlucoseAmm	G3	C1(C(C(C(CN)(C1)O)O)O)=O
GlucoseAmm	G3	C1(C(C(C(CO)(C1)O)O)O)=O
GlucoseAmm	G3	C1(C(C(C(CO)C1N)O)O)=O
GlucoseAmm	G3	C1(C(C(C(CO)C1O)O)O)=O
GlucoseAmm	G3	C1(C(C(C(CO)O1)O)O)=CN
GlucoseAmm	G3	C1(C(C(C(CO1)O)O)O)=CN
GlucoseAmm	G3	C1(C(C(C(O)OCC1)N)O)=O
GlucoseAmm	G3	C1(C(C(C(O)OCC1)O)N)=O
GlucoseAmm	G3	C1(C(C(CC(C1N)O)O)O)=O
GlucoseAmm	G3	C1(C(C(CC(C1O)O)O)O)=O
GlucoseAmm	G3	C1(C(C(CN)(O)OCC1)O)=O
GlucoseAmm	G3	C1(C(C(CO)(O)OCC1)O)=O
GlucoseAmm	G3	C1(C(C(CO)N)OC(C1)O)=O
GlucoseAmm	G3	C1(C(C(CO)NCC1N)O)=O
GlucoseAmm	G3	C1(C(C(CO)NCC1O)O)=O
GlucoseAmm	G3	C1(C(C(CO)O)NCC1N)=O
GlucoseAmm	G3	C1(C(C(CO)O)OC(C1)N)=O
GlucoseAmm	G3	C1(C(C(CO)O)OCC1N)=O
GlucoseAmm	G3	C1(C(C(CO)O)OCC1O)=O
GlucoseAmm	G3	C1(C(C(CO)OC(C1)N)O)=O
GlucoseAmm	G3	C1(C(C(CO)OC(C1)O)N)=O
GlucoseAmm	G3	C1(C(C(CO)OCC1N)O)=O
GlucoseAmm	G3	C1(C(C(CO)OCC1O)O)=O
GlucoseAmm	G3	C1(C(C(COC(C1)N)O)O)=O
GlucoseAmm	G3	C1(C(C(COC(C1)O)N)O)=O
GlucoseAmm	G3	C1(C(C(COC(C1)O)O)N)=O
GlucoseAmm	G3	C1(C(C(COCC1N)O)O)=O
GlucoseAmm	G3	C1(C(C(COCC1O)O)O)=O
GlucoseAmm	G3	C1(C(C(N)OC(CO)C1)O)=O
GlucoseAmm	G3	C1(C(C(N)OCC(C1)O)O)=O
GlucoseAmm	G3	C1(C(C(O)OC(CO)C1)N)=O
GlucoseAmm	G3	C1(C(C(O)OCC(C1)N)O)=O
GlucoseAmm	G3	C1(C(C(O)OCC(C1)O)N)=O
GlucoseAmm	G3	C1(C(C(O)OCCC1N)O)=O
GlucoseAmm	G3	C1(C(C)OC(C(C1O)O)O)=O
GlucoseAmm	G3	C1(C(CC(C(CO)O)O1)N)=O
GlucoseAmm	G3	C1(C(CC(C(CO)O)O1)O)=O
GlucoseAmm	G3	C1(C(CC(C(CO)O1)O)N)=O
GlucoseAmm	G3	C1(C(CC(C(CO)O1)O)O)=O
GlucoseAmm	G3	C1(C(CC(C(CO1)O)O)N)=O
GlucoseAmm	G3	C1(C(CC(C(CO1)O)O)O)=O
GlucoseAmm	G3	C1(C(CC(C1(CO)O)O)N)=O
GlucoseAmm	G3	C1(C(CC(C1(CO)O)O)O)=O
GlucoseAmm	G3	C1(C(CC(CO)(C1N)O)O)=O
GlucoseAmm	G3	C1(C(CC(CO)(C1O)O)O)=O
GlucoseAmm	G3	C1(C(CC(O)OCC1O)O)=O
GlucoseAmm	G3	C1(C(CCO)OC(C1O)O)=O
GlucoseAmm	G3	C1(C(CCOC(C1O)O)O)=O
GlucoseAmm	G3	C1(C(CN)(O)OC(CO)C1)=O
GlucoseAmm	G3	C1(C(CN)(O)OCC(C1)O)=O
GlucoseAmm	G3	C1(C(CN)OC(C(C1)O)O)=O
GlucoseAmm	G3	C1(C(CN)OC(CO)C1O)=O
GlucoseAmm	G3	C1(C(CN)OCC(C1O)O)=O
GlucoseAmm	G3	C1(C(CNC1C(CO)O)O)=O
GlucoseAmm	G3	C1(C(CO)(O)OC(CO)C1)=O
GlucoseAmm	G3	C1(C(CO)(O)OCC(C1)O)=O
GlucoseAmm	G3	C1(C(CO)OC(C(C1)N)O)=O
GlucoseAmm	G3	C1(C(CO)OC(CC1N)O)=O
GlucoseAmm	G3	C1(C(CO)OC(CC1O)O)=O
GlucoseAmm	G3	C1(C(CO)OC(CN)(C1)O)=O
GlucoseAmm	G3	C1(C(CO)OC(CO)(C1)O)=O
GlucoseAmm	G3	C1(C(CO)OC(CO)C1O)=O
GlucoseAmm	G3	C1(C(CO)OCC(C1O)O)=O
GlucoseAmm	G3	C1(C(COC(C(C1)N)O)O)=O
GlucoseAmm	G3	C1(C(COC(C(C1)O)O)N)=O
GlucoseAmm	G3	C1(C(COC(CC1N)O)O)=O
GlucoseAmm	G3	C1(C(COC(CN)(C1)O)O)=O
GlucoseAmm	G3	C1(C(COC(CO)(C1)O)O)=O
GlucoseAmm	G3	C1(C(O)OC(CO)C(C1)N)=O
GlucoseAmm	G3	C1(C(O)OC(CO)CC1N)=O
GlucoseAmm	G3	C1(C(O)OC(CO)CC1O)=O
GlucoseAmm	G3	C1(C(O)OCC(C(C1)N)O)=O
GlucoseAmm	G3	C1(C(O)OCC(CC1N)O)=O
GlucoseAmm	G3	C1(C(O)OCC(CC1O)O)=O
GlucoseAmm	G3	C1(C2(C(C(CC2O)O1)O)O)O
GlucoseAmm	G3	C1(C2C(C(C(C2O)O1)O)O)O
GlucoseAmm	G3	C1(CC(C(C(CO)O)O1)N)=O
GlucoseAmm	G3	C1(CC(C(C(CO)O1)O)N)=O
GlucoseAmm	G3	C1(CC(C(C(CO1)O)O)N)=O
GlucoseAmm	G3	C1(CC(C(C1(CN)O)O)O)=O
GlucoseAmm	G3	C1(CC(C(C1(CO)N)O)O)=O
GlucoseAmm	G3	C1(CC(C(C1(CO)O)O)N)=O
GlucoseAmm	G3	C1(COC(C(C(C1)N)O)O)=O
GlucoseAmm	G3	C1(COC(C(C1)O)(CN)O)=O
GlucoseAmm	G3	C1(COC(C(CC1N)O)O)=O
GlucoseAmm	G3	C1(COC(C(CC1O)O)O)=O
GlucoseAmm	G3	C1(COC(C(CO)O)(C1)O)=O
GlucoseAmm	G3	C1(COC(C(CO)O)C1N)=O
GlucoseAmm	G3	C1(COC(C)(C(C1O)O)O)=O
GlucoseAmm	G3	C1(COC(CC(C1O)O)O)=O
GlucoseAmm	G3	C1(COC(CCO)(C1O)O)=O
GlucoseAmm	G3	C1(COC(CO)(C(C1)O)O)=O
GlucoseAmm	G3	C1(COC(CO)(CC1O)O)=O
GlucoseAmm	G3	C1(COC(CO)C(C1N)O)=O
GlucoseAmm	G3	C1(COC(CO)C(C1O)N)=O
GlucoseAmm	G3	C1(COCC(C(C1N)O)O)=O
GlucoseAmm	G3	C1(COCC(C(C1O)N)O)=O
GlucoseAmm	G3	C12C(C(C(CC1O)(O)O2)O)O
GlucoseAmm	G3	C1C(C(C(C(C(O)O1)N)O)O)O
GlucoseAmm	G3	C1C(C(C(C(C=1)=O)O)O)O
GlucoseAmm	G3	C1C(C(C(C(CN)(O)O1)N)O)O
GlucoseAmm	G3	C1C(C(C(C(CN)(O)O1)O)N)O
GlucoseAmm	G3	C1C(C(C(C(CN)N)(O)O1)O)O
GlucoseAmm	G3	C1C(C(C(C(CN)O)(O)O1)O)O
GlucoseAmm	G3	C1C(C(C(C(CO)(O)O1)N)O)O
GlucoseAmm	G3	C1C(C(C(C(CO)(O)O1)O)N)O
GlucoseAmm	G3	C1C(C(C(C(CO)N)(O)O1)O)O
GlucoseAmm	G3	C1C(C(C(C=1)=O)(CO)O)O
GlucoseAmm	G3	C1C(C(C(C=1C=O)O)O)O
GlucoseAmm	G3	C1C(C(C(C=1CO)=O)O)O
GlucoseAmm	G3	C1C(C(C(CCO)(O)O1)O)O
GlucoseAmm	G3	C1C(C(CC(CO)(O)O1)O)O
GlucoseAmm	G3	C1C(CC(C(CO)O)(O)O1)O
GlucoseAmm	G3	C1C(CO)OC(C(C=1N)O)O
GlucoseAmm	G3	C1C(COC(C(C=1N)O)O)O
GlucoseAmm	G3	C1C(O)OC(CO)C(C=1N)O
GlucoseAmm	G3	C1C(O)OCC(C(C=1N)O)O
GlucoseAmm	G3	C1C(OC(C=1N)C(CO)O)O
GlucoseAmm	G3	C1C2(C(C(C(CO)O2)O1)O)O
GlucoseAmm	G3	C1C2(C(C(C(CO1)O2)O)O)O
GlucoseAmm	G3	C1C2(C(C(C(CO2)O)O1)O)O
GlucoseAmm	G3	C1C2(C(C(C(CO2)O1)O)O)O
GlucoseAmm	G3	C=C(C(C(C(CO)O)O)=O)N
GlucoseAmm	G3	C=C1C(C(C(C1O)O)O)=O
GlucoseAmm	G3	C=CC(C(C(CO)O)O)=O
GlucoseAmm	G3	CC1(C(C(C(CO)O1)O)O)O
GlucoseAmm	G3	CC1(C(C(C(CO1)O)O)O)O
GlucoseAmm	G4	C(C(C(C(C(C)=O)=O)N)O)(O)=O
GlucoseAmm	G4	C(C(C(C(C(C)=O)CO)N)O)=O
GlucoseAmm	G4	C(C(C(C(C(C)=O)N)N)O)(O)=O
GlucoseAmm	G4	C(C(C(C(C(C)=O)N)O)N)(O)=O
GlucoseAmm	G4	C(C(C(C(C(C)=O)N)O)N)=O
GlucoseAmm	G4	C(C(C(C(C(C)=O)O)=O)N)(O)=O
GlucoseAmm	G4	C(C(C(C(C(C)=O)O)N)N)=O
GlucoseAmm	G4	C(C(C(C(C(C)=O)O)O)N)(O)=O
GlucoseAmm	G4	C(C(C(C(C(C)N)=O)O)N)(O)=O
GlucoseAmm	G4	C(C(C(C(C(C)N)=O)O)O)(C)=O
GlucoseAmm	G4	C(C(C(C(C(C)N)N)=O)N)=O
GlucoseAmm	G4	C(C(C(C(C(C)N)N)=O)O)(O)=O
GlucoseAmm	G4	C(C(C(C(C(C)N)N)N)=O)=O
GlucoseAmm	G4	C(C(C(C(C(C)N)N)N)O)=O
GlucoseAmm	G4	C(C(C(C(C(C)N)N)O)=O)=O
GlucoseAmm	G4	C(C(C(C(C(C)N)N)O)N)=O
GlucoseAmm	G4	C(C(C(C(C(C)N)N)O)O)(O)=O
GlucoseAmm	G4	C(C(C(C(C(C)N)N)O)O)=O
GlucoseAmm	G4	C(C(C(C(C(C)N)O)=O)CO)=O
GlucoseAmm	G4	C(C(C(C(C(C)N)O)=O)N)=O
GlucoseAmm	G4	C(C(C(C(C(C)N)O)N)=O)=O
GlucoseAmm	G4	C(C(C(C(C(C)N)O)N)O)(O)=O
GlucoseAmm	G4	C(C(C(C(C(C)N)O)N)O)=O
GlucoseAmm	G4	C(C(C(C(C(C)N)O)O)=O)=O
GlucoseAmm	G4	C(C(C(C(C(C)N)O)O)N)=O
GlucoseAmm	G4	C(C(C(C(C(C)N)O)O)O)=O
GlucoseAmm	G4	C(C(C(C(C(C)O)=O)O)N)(C)=O
GlucoseAmm	G4	C(C(C(C(C(C)O)=O)O)N)(O)=O
GlucoseAmm	G4	C(C(C(C(C(C)O)=O)O)O)(C)=O
GlucoseAmm	G4	C(C(C(C(C(C)O)N)=O)N)=O
GlucoseAmm	G4	C(C(C(C(C(C)O)N)=O)O)(O)=O
GlucoseAmm	G4	C(C(C(C(C(C)O)N)N)=O)=O
GlucoseAmm	G4	C(C(C(C(C(C)O)N)N)O)=O
GlucoseAmm	G4	C(C(C(C(C(C)O)N)O)=O)=O
GlucoseAmm	G4	C(C(C(C(C(C)O)N)O)N)(O)=O
GlucoseAmm	G4	C(C(C(C(C(C)O)N)O)N)=O
GlucoseAmm	G4	C(C(C(C(C(C)O)N)O)O)(O)=O
GlucoseAmm	G4	C(C(C(C(C(C)O)N)O)O)=O
GlucoseAmm	G4	C(C(C(C(C(C)O)O)=O)CO)=O
GlucoseAmm	G4	C(C(C(C(C(C)O)O)=O)N)(O)=O
GlucoseAmm	G4	C(C(C(C(C(C)O)O)=O)N)=O
GlucoseAmm	G4	C(C(C(C(C(C)O)O)N)=O)=O
GlucoseAmm	G4	C(C(C(C(C(C)O)O)N)O)=O
GlucoseAmm	G4	C(C(C(C(C(C)O)O)O)=O)=O
GlucoseAmm	G4	C(C(C(C(C(C)O)O)O)N)(O)=O
GlucoseAmm	G4	C(C(C(C(C(C)O)O)O)N)=O
GlucoseAmm	G4	C(C(C(C(C(C)O)O)O)O)=O
GlucoseAmm	G4	C(C(C(C(C(C=O)=C)N)O)O)=O
GlucoseAmm	G4	C(C(C(C(C(C=O)=C)O)N)O)=O
GlucoseAmm	G4	C(C(C(C(C(C=O)=C)O)O)O)=O
GlucoseAmm	G4	C(C(C(C(C(C=O)N)O)O)N)(O)=O
GlucoseAmm	G4	C(C(C(C(C(C=O)N)O)O)N)=O
GlucoseAmm	G4	C(C(C(C(C(C=O)O)N)=O)O)=O
GlucoseAmm	G4	C(C(C(C(C(C=O)O)N)O)N)(O)=O
GlucoseAmm	G4	C(C(C(C(C(C=O)O)N)O)N)=O
GlucoseAmm	G4	C(C(C(C(C(C=O)O)N)O)O)=O
GlucoseAmm	G4	C(C(C(C(C(C=O)O)O)N)N)=O
GlucoseAmm	G4	C(C(C(C(C(CN)=C)=O)O)O)=O
GlucoseAmm	G4	C(C(C(C(C(CN)=O)N)O)O)(O)=O
GlucoseAmm	G4	C(C(C(C(C(CN)=O)N)O)O)=O
GlucoseAmm	G4	C(C(C(C(C(CN)=O)O)N)O)=O
GlucoseAmm	G4	C(C(C(C(C(CN)=O)O)O)N)(O)=O
GlucoseAmm	G4	C(C(C(C(C(CN)=O)O)O)N)=O
GlucoseAmm	G4	C(C(C(C(C(CN)N)N)O)O)O
GlucoseAmm	G4	C(C(C(C(C(CN)N)O)N)=O)=O
GlucoseAmm	G4	C(C(C(C(C(CN)N)O)N)O)O
GlucoseAmm	G4	C(C(C(C(C(CN)N)O)O)=O)=O
GlucoseAmm	G4	C(C(C(C(C(CN)N)O)O)N)O
GlucoseAmm	G4	C(C(C(C(C(CN)N)O)O)O)=O
GlucoseAmm	G4	C(C(C(C(C(CN)N)O)O)O)O
GlucoseAmm	G4	C(C(C(C(C(CN)O)=O)=C)O)=O
GlucoseAmm	G4	C(C(C(C(C(CN)O)N)=O)O)(O)=O
GlucoseAmm	G4	C(C(C(C(C(CN)O)N)=O)O)=O
GlucoseAmm	G4	C(C(C(C(C(CN)O)N)N)O)O
GlucoseAmm	G4	C(C(C(C(C(CN)O)N)O)N)(O)=O
GlucoseAmm	G4	C(C(C(C(C(CN)O)N)O)N)=O
GlucoseAmm	G4	C(C(C(C(C(CN)O)N)O)N)O
GlucoseAmm	G4	C(C(C(C(C(CN)O)N)O)O)(O)=O
GlucoseAmm	G4	C(C(C(C(C(CN)O)N)O)O)=O
GlucoseAmm	G4	C(C(C(C(C(CN)O)N)O)O)O
GlucoseAmm	G4	C(C(C(C(C(CN)O)O)=O)N)(O)=O
GlucoseAmm	G4	C(C(C(C(C(CN)O)O)=O)O)=O
GlucoseAmm	G4	C(C(C(C(C(CN)O)O)N)=O)=O
GlucoseAmm	G4	C(C(C(C(C(CN)O)O)N)O)=O
GlucoseAmm	G4	C(C(C(C(C(CN)O)O)N)O)O
GlucoseAmm	G4	C(C(C(C(C(CN)O)O)O)=O)=O
GlucoseAmm	G4	C(C(C(C(C(CN)O)O)O)N)(O)=O
GlucoseAmm	G4	C(C(C(C(C(CN)O)O)O)N)=O
GlucoseAmm	G4	C(C(C(C(C(CN)O)O)O)N)O
GlucoseAmm	G4	C(C(C(C(C(CN)O)O)O)O)N
GlucoseAmm	G4	C(C(C(C(C(CN)O)O)O)O)O
GlucoseAmm	G4	C(C(C(C(C(CO)=C)=O)N)O)=O
GlucoseAmm	G4	C(C(C(C(C(CO)=C)=O)O)N)=O
GlucoseAmm	G4	C(C(C(C(C(CO)=C)=O)O)O)=O
GlucoseAmm	G4	C(C(C(C(C(CO)=O)=C)N)O)=O
GlucoseAmm	G4	C(C(C(C(C(CO)=O)=C)O)O)=O
GlucoseAmm	G4	C(C(C(C(C(CO)=O)N)N)O)=O
GlucoseAmm	G4	C(C(C(C(C(CO)=O)N)O)N)(O)=O
GlucoseAmm	G4	C(C(C(C(C(CO)=O)O)N)O)=O
GlucoseAmm	G4	C(C(C(C(C(CO)=O)O)O)N)=O
GlucoseAmm	G4	C(C(C(C(C(CO)N)=C)=O)O)=O
GlucoseAmm	G4	C(C(C(C(C(CO)N)=O)=C)O)=O
GlucoseAmm	G4	C(C(C(C(C(CO)N)N)O)O)=O
GlucoseAmm	G4	C(C(C(C(C(CO)N)O)=O)N)=O
GlucoseAmm	G4	C(C(C(C(C(CO)N)O)=O)O)=O
GlucoseAmm	G4	C(C(C(C(C(CO)N)O)N)=O)=O
GlucoseAmm	G4	C(C(C(C(C(CO)N)O)N)N)=O
GlucoseAmm	G4	C(C(C(C(C(CO)N)O)N)N)O
GlucoseAmm	G4	C(C(C(C(C(CO)N)O)N)O)(O)=O
GlucoseAmm	G4	C(C(C(C(C(CO)N)O)N)O)=O
GlucoseAmm	G4	C(C(C(C(C(CO)N)O)O)=O)=O
GlucoseAmm	G4	C(C(C(C(C(CO)N)O)O)N)(O)=O
GlucoseAmm	G4	C(C(C(C(C(CO)N)O)O)N)O
GlucoseAmm	G4	C(C(C(C(C(CO)O)=C)=O)N)=O
GlucoseAmm	G4	C(C(C(C(C(CO)O)=C)=O)O)=O
GlucoseAmm	G4	C(C(C(C(C(CO)O)=O)=C)N)=O
GlucoseAmm	G4	C(C(C(C(C(CO)O)=O)=C)O)=O
GlucoseAmm	G4	C(C(C(C(C(CO)O)=O)O)N)=O
GlucoseAmm	G4	C(C(C(C(C(CO)O)N)=O)N)=O
GlucoseAmm	G4	C(C(C(C(C(CO)O)N)=O)O)=O
GlucoseAmm	G4	C(C(C(C(C(CO)O)N)N)=O)=O
GlucoseAmm	G4	C(C(C(C(C(CO)O)N)N)N)=O
GlucoseAmm	G4	C(C(C(C(C(CO)O)N)N)N)O
GlucoseAmm	G4	C(C(C(C(C(CO)O)N)N)O)(O)=O
GlucoseAmm	G4	C(C(C(C(C(CO)O)N)N)O)O
GlucoseAmm	G4	C(C(C(C(C(CO)O)N)O)N)(O)=O
GlucoseAmm	G4	C(C(C(C(C(CO)O)N)O)N)O
GlucoseAmm	G4	C(C(C(C(C(CO)O)O)N)N)(O)=O
GlucoseAmm	G4	C(C(C(C(C(CO)O)O)N)N)O
GlucoseAmm	G4	C(C(C(C(C(CO)O)O)N)O)(N)=O
GlucoseAmm	G4	C(C(C(C(C(N)=C)=O)CO)O)=O
GlucoseAmm	G4	C(C(C(C(C(N)=C)=O)O)O)=O
GlucoseAmm	G4	C(C(C(C(C(N)=C)O)=O)CO)=O
GlucoseAmm	G4	C(C(C(C(C(N)=C)O)O)N)(O)=O
GlucoseAmm	G4	C(C(C(C(C(N)=C)O)O)N)=O
GlucoseAmm	G4	C(C(C(C(C(N)=C)O)O)O)=O
GlucoseAmm	G4	C(C(C(C(C(O)=O)O)O)N)=O
GlucoseAmm	G4	C(C(C(C(C)(C(C)O)O)=O)O)=O
GlucoseAmm	G4	C(C(C(C(C)(CN)O)O)=O)=O
GlucoseAmm	G4	C(C(C(C(C)(CO)O)N)N)=O
GlucoseAmm	G4	C(C(C(C(C)(CO)O)O)N)=O
GlucoseAmm	G4	C(C(C(C(C)=O)N)O)(O)=O
GlucoseAmm	G4	C(C(C(C(C)=O)O)N)(CCO)=O
GlucoseAmm	G4	C(C(C(C(C)=O)O)N)(O)=O
GlucoseAmm	G4	C(C(C(C(C)N)=O)(C(C)O)O)=O
GlucoseAmm	G4	C(C(C(C(C)N)=O)(CCO)O)=O
GlucoseAmm	G4	C(C(C(C(C)N)=O)(CO)O)=O
GlucoseAmm	G4	C(C(C(C(C)N)=O)O)(O)=O
GlucoseAmm	G4	C(C(C(C(C)N)N)O)=O
GlucoseAmm	G4	C(C(C(C(C)N)O)(CC=O)O)=O
GlucoseAmm	G4	C(C(C(C(C)N)O)C(C=O)O)=O
GlucoseAmm	G4	C(C(C(C(C)N)O)N)(O)=O
GlucoseAmm	G4	C(C(C(C(C)N)O)N)=O
GlucoseAmm	G4	C(C(C(C(C)N)O)O)(C(C)O)=O
GlucoseAmm	G4	C(C(C(C(C)N)O)O)(CCO)=O
GlucoseAmm	G4	C(C(C(C(C)N)O)O)(O)=O
GlucoseAmm	G4	C(C(C(C(C)N)O)O)=O
GlucoseAmm	G4	C(C(C(C(C)O)(C(C)N)O)O)=O
GlucoseAmm	G4	C(C(C(C(C)O)=O)(C(C)O)O)=O
GlucoseAmm	G4	C(C(C(C(C)O)=O)(CCO)O)=O
GlucoseAmm	G4	C(C(C(C(C)O)=O)(CO)O)=O
GlucoseAmm	G4	C(C(C(C(C)O)=O)O)(O)=O
GlucoseAmm	G4	C(C(C(C(C)O)C(C=O)O)N)=O
GlucoseAmm	G4	C(C(C(C(C)O)C(CN)O)=O)=O
GlucoseAmm	G4	C(C(C(C(C)O)C(CO)N)O)=O
GlucoseAmm	G4	C(C(C(C(C)O)N)N)=O
GlucoseAmm	G4	C(C(C(C(C)O)N)O)=O
GlucoseAmm	G4	C(C(C(C(C)O)O)N)=O
GlucoseAmm	G4	C(C(C(C(C=C)=O)(CO)N)O)=O
GlucoseAmm	G4	C(C(C(C(C=C)=O)(CO)O)N)=O
GlucoseAmm	G4	C(C(C(C(C=C)=O)N)O)(O)=O
GlucoseAmm	G4	C(C(C(C(C=C)=O)O)N)(O)=O
GlucoseAmm	G4	C(C(C(C(C=C)N)=O)(CO)O)=O
GlucoseAmm	G4	C(C(C(C(C=C)N)=O)O)(O)=O
GlucoseAmm	G4	C(C(C(C(C=C)N)N)O)=O
GlucoseAmm	G4	C(C(C(C(C=C)N)O)N)=O
GlucoseAmm	G4	C(C(C(C(C=C)N)O)O)(O)=O
GlucoseAmm	G4	C(C(C(C(C=C)N)O)O)=O
GlucoseAmm	G4	C(C(C(C(C=C)O)=O)(CO)O)=O
GlucoseAmm	G4	C(C(C(C(C=C)O)=O)O)(O)=O
GlucoseAmm	G4	C(C(C(C(C=C)O)N)O)=O
GlucoseAmm	G4	C(C(C(C(C=CN)=O)O)O)=O
GlucoseAmm	G4	C(C(C(C(C=O)=O)(C)N)O)(O)=O
GlucoseAmm	G4	C(C(C(C(C=O)=O)(C)O)O)=CN
GlucoseAmm	G4	C(C(C(C(C=O)=O)CN)O)(O)=O
GlucoseAmm	G4	C(C(C(C(C=O)=O)CO)O)=CN
GlucoseAmm	G4	C(C(C(C(C=O)=O)N)O)(O)=O
GlucoseAmm	G4	C(C(C(C(C=O)N)O)N)(O)=O
GlucoseAmm	G4	C(C(C(C(C=O)O)=O)(C)N)(O)=O
GlucoseAmm	G4	C(C(C(C(C=O)O)=O)N)(O)=O
GlucoseAmm	G4	C(C(C(C(C=O)O)N)N)=O
GlucoseAmm	G4	C(C(C(C(C=O)O)N)O)(O)=O
GlucoseAmm	G4	C(C(C(C(C=O)O)O)C(C)O)=O
GlucoseAmm	G4	C(C(C(C(C=O)O)O)N)(O)=O
GlucoseAmm	G4	C(C(C(C(CC(C)O)=O)O)N)=O
GlucoseAmm	G4	C(C(C(C(CC(C)O)N)=O)O)=O
GlucoseAmm	G4	C(C(C(C(CC(C)O)N)O)O)=O
GlucoseAmm	G4	C(C(C(C(CC(C)O)O)=O)O)=O
GlucoseAmm	G4	C(C(C(C(CC(C)O)O)N)=O)=O
GlucoseAmm	G4	C(C(C(C(CC(C)O)O)O)=O)=O
GlucoseAmm	G4	C(C(C(C(CC(N)=O)O)O)O)=O
GlucoseAmm	G4	C(C(C(C(CC=O)N)=O)O)(O)=O
GlucoseAmm	G4	C(C(C(C(CCCO)=O)O)N)=O
GlucoseAmm	G4	C(C(C(C(CCN)=O)O)N)(O)=O
GlucoseAmm	G4	C(C(C(C(CCN)=O)O)O)(C)=O
GlucoseAmm	G4	C(C(C(C(CCN)N)=O)N)=O
GlucoseAmm	G4	C(C(C(C(CCN)N)=O)O)(O)=O
GlucoseAmm	G4	C(C(C(C(CCN)N)N)=O)=O
GlucoseAmm	G4	C(C(C(C(CCN)N)N)O)=O
GlucoseAmm	G4	C(C(C(C(CCN)N)O)=O)=O
GlucoseAmm	G4	C(C(C(C(CCN)N)O)N)=O
GlucoseAmm	G4	C(C(C(C(CCN)N)O)O)(O)=O
GlucoseAmm	G4	C(C(C(C(CCN)N)O)O)=O
GlucoseAmm	G4	C(C(C(C(CCN)N)O)O)O
GlucoseAmm	G4	C(C(C(C(CCN)O)=O)CO)=O
GlucoseAmm	G4	C(C(C(C(CCN)O)=O)N)=O
GlucoseAmm	G4	C(C(C(C(CCN)O)=O)O)(O)=O
GlucoseAmm	G4	C(C(C(C(CCN)O)N)=O)=O
GlucoseAmm	G4	C(C(C(C(CCN)O)N)O)(O)=O
GlucoseAmm	G4	C(C(C(C(CCN)O)N)O)=O
GlucoseAmm	G4	C(C(C(C(CCN)O)N)O)O
GlucoseAmm	G4	C(C(C(C(CCN)O)O)=O)=O
GlucoseAmm	G4	C(C(C(C(CCN)O)O)N)=O
GlucoseAmm	G4	C(C(C(C(CCN)O)O)N)O
GlucoseAmm	G4	C(C(C(C(CCN)O)O)O)(O)=O
GlucoseAmm	G4	C(C(C(C(CCN)O)O)O)=O
GlucoseAmm	G4	C(C(C(C(CCN)O)O)O)O
GlucoseAmm	G4	C(C(C(C(CCO)=O)O)N)(C)=O
GlucoseAmm	G4	C(C(C(C(CCO)N)=O)(C)O)=O
GlucoseAmm	G4	C(C(C(C(CCO)N)=O)CO)=O
GlucoseAmm	G4	C(C(C(C(CCO)N)=O)N)(O)=O
GlucoseAmm	G4	C(C(C(C(CCO)N)N)=O)(O)=O
GlucoseAmm	G4	C(C(C(C(CCO)N)N)N)=O
GlucoseAmm	G4	C(C(C(C(CCO)N)N)O)(O)=O
GlucoseAmm	G4	C(C(C(C(CCO)N)N)O)=O
GlucoseAmm	G4	C(C(C(C(CCO)N)O)=O)(O)=O
GlucoseAmm	G4	C(C(C(C(CCO)N)O)N)(O)=O
GlucoseAmm	G4	C(C(C(C(CCO)N)O)N)=O
GlucoseAmm	G4	C(C(C(C(CCO)N)O)O)(O)=O
GlucoseAmm	G4	C(C(C(C(CCO)N)O)O)O
GlucoseAmm	G4	C(C(C(C(CCO)O)=O)(C)O)=O
GlucoseAmm	G4	C(C(C(C(CCO)O)=O)CO)=O
GlucoseAmm	G4	C(C(C(C(CCO)O)=O)N)(O)=O
GlucoseAmm	G4	C(C(C(C(CCO)O)N)=O)(O)=O
GlucoseAmm	G4	C(C(C(C(CCO)O)N)N)=O
GlucoseAmm	G4	C(C(C(C(CCO)O)N)O)(O)=O
GlucoseAmm	G4	C(C(C(C(CCO)O)N)O)O
GlucoseAmm	G4	C(C(C(C(CCO)O)O)N)(O)=O
GlucoseAmm	G4	C(C(C(C(CCO)O)O)N)=O
GlucoseAmm	G4	C(C(C(C(CN)(C)O)N)=O)=O
GlucoseAmm	G4	C(C(C(C(CN)(CN)O)O)=O)=O
GlucoseAmm	G4	C(C(C(C(CN)(CO)O)N)N)=O
GlucoseAmm	G4	C(C(C(C(CN)(CO)O)O)N)=O
GlucoseAmm	G4	C(C(C(C(CN)=O)N)O)(O)=O
GlucoseAmm	G4	C(C(C(C(CN)=O)N)O)=O
GlucoseAmm	G4	C(C(C(C(CN)=O)O)N)(O)=O
GlucoseAmm	G4	C(C(C(C(CN)=O)O)N)=O
GlucoseAmm	G4	C(C(C(C(CN)=O)O)O)(O)=O
GlucoseAmm	G4	C(C(C(C(CN)N)=O)(C)O)=O
GlucoseAmm	G4	C(C(C(C(CN)N)=O)O)(O)=O
GlucoseAmm	G4	C(C(C(C(CN)N)=O)O)=O
GlucoseAmm	G4	C(C(C(C(CN)N)O)N)(O)=O
GlucoseAmm	G4	C(C(C(C(CN)N)O)N)=O
GlucoseAmm	G4	C(C(C(C(CN)N)O)O)(O)=O
GlucoseAmm	G4	C(C(C(C(CN)N)O)O)=O
GlucoseAmm	G4	C(C(C(C(CN)N)O)O)N
GlucoseAmm	G4	C(C(C(C(CN)N)O)O)O
GlucoseAmm	G4	C(C(C(C(CN)O)=O)(C)O)=O
GlucoseAmm	G4	C(C(C(C(CN)O)=O)N)(O)=O
GlucoseAmm	G4	C(C(C(C(CN)O)=O)O)(O)=O
GlucoseAmm	G4	C(C(C(C(CN)O)=O)O)=O
GlucoseAmm	G4	C(C(C(C(CN)O)N)=O)=O
GlucoseAmm	G4	C(C(C(C(CN)O)N)N)=O
GlucoseAmm	G4	C(C(C(C(CN)O)N)N)O
GlucoseAmm	G4	C(C(C(C(CN)O)O)=O)=O
GlucoseAmm	G4	C(C(C(C(CN)O)O)N)(O)=O
GlucoseAmm	G4	C(C(C(C(CN)O)O)N)=O
GlucoseAmm	G4	C(C(C(C(CN)O)O)N)O
GlucoseAmm	G4	C(C(C(C(CN)O)O)O)(O)=O
GlucoseAmm	G4	C(C(C(C(CN)O)O)O)=O
GlucoseAmm	G4	C(C(C(C(CN)O)O)O)O
GlucoseAmm	G4	C(C(C(C(CO)(C)N)=O)O)=O
GlucoseAmm	G4	C(C(C(C(CO)(C)O)=O)O)=O
GlucoseAmm	G4	C(C(C(C(CO)(C)O)O)=O)=O
GlucoseAmm	G4	C(C(C(C(CO)(CN)O)O)=O)=O
GlucoseAmm	G4	C(C(C(C(CO)(CN)O)O)N)O
GlucoseAmm	G4	C(C(C(C(CO)(CO)O)O)N)=O
GlucoseAmm	G4	C(C(C(C(CO)=O)N)N)(O)=O
GlucoseAmm	G4	C(C(C(C(CO)=O)N)N)=O
GlucoseAmm	G4	C(C(C(C(CO)=O)N)O)(O)=O
GlucoseAmm	G4	C(C(C(C(CO)=O)O)N)(O)=O
GlucoseAmm	G4	C(C(C(C(CO)=O)O)N)=O
GlucoseAmm	G4	C(C(C(C(CO)C(C)N)=O)O)=O
GlucoseAmm	G4	C(C(C(C(CO)C(C)O)=O)O)=O
GlucoseAmm	G4	C(C(C(C(CO)CCN)=O)O)=O
GlucoseAmm	G4	C(C(C(C(CO)CCO)=O)O)=O
GlucoseAmm	G4	C(C(C(C(CO)CO)=O)O)=O
GlucoseAmm	G4	C(C(C(C(CO)N)=O)N)(O)=O
GlucoseAmm	G4	C(C(C(C(CO)N)=O)O)(O)=O
GlucoseAmm	G4	C(C(C(C(CO)N)=O)O)=O
GlucoseAmm	G4	C(C(C(C(CO)N)N)O)=O
GlucoseAmm	G4	C(C(C(C(CO)N)O)N)(O)=O
GlucoseAmm	G4	C(C(C(C(CO)N)O)N)=O
GlucoseAmm	G4	C(C(C(C(CO)N)O)O)(O)=O
GlucoseAmm	G4	C(C(C(C(CO)N)O)O)=O
GlucoseAmm	G4	C(C(C(C(CO)N)O)O)O
GlucoseAmm	G4	C(C(C(C(CO)O)=O)C(C)O)=O
GlucoseAmm	G4	C(C(C(C(CO)O)=O)CO)=O
GlucoseAmm	G4	C(C(C(C(CO)O)=O)N)(O)=O
GlucoseAmm	G4	C(C(C(C(CO)O)=O)O)=O
GlucoseAmm	G4	C(C(C(C(CO)O)C(C)O)=O)=O
GlucoseAmm	G4	C(C(C(C(CO)O)N)=O)=O
GlucoseAmm	G4	C(C(C(C(CO)O)N)N)=O
GlucoseAmm	G4	C(C(C(C(CO)O)N)N)O
GlucoseAmm	G4	C(C(C(C(CO)O)N)O)(O)=O
GlucoseAmm	G4	C(C(C(C(CO)O)N)O)=O
GlucoseAmm	G4	C(C(C(C(CO)O)N)O)O
GlucoseAmm	G4	C(C(C(C(CO)O)O)=O)=O
GlucoseAmm	G4	C(C(C(C(CO)O)O)N)(O)=O
GlucoseAmm	G4	C(C(C(C(CO)O)O)NC=O)=O
GlucoseAmm	G4	C(C(C(C(CO)O)O)O)O
GlucoseAmm	G4	C(C(C(C(N)=C)(CO)O)N)(O)=O
GlucoseAmm	G4	C(C(C(C(N)=C)(CO)O)N)=O
GlucoseAmm	G4	C(C(C(C(N)=C)(CO)O)O)(C)=O
GlucoseAmm	G4	C(C(C(C(N)=C)(CO)O)O)=O
GlucoseAmm	G4	C(C(C(C(N)=C)=O)O)(O)=O
GlucoseAmm	G4	C(C(C(C(N)=C)O)N)(O)=O
GlucoseAmm	G4	C(C(C(C(N)=C)O)N)=O
GlucoseAmm	G4	C(C(C(C(N)=C)O)O)(C(C)O)=O
GlucoseAmm	G4	C(C(C(C(N)=C)O)O)(CCO)=O
GlucoseAmm	G4	C(C(C(C(N)=C)O)O)(O)=O
GlucoseAmm	G4	C(C(C(C(N)=C)O)O)=O
GlucoseAmm	G4	C(C(C(C(N)=O)O)O)(CCO)=O
GlucoseAmm	G4	C(C(C(C(O)=O)N)N)(CCO)=O
GlucoseAmm	G4	C(C(C(C(O)=O)N)N)=O
GlucoseAmm	G4	C(C(C(C(O)=O)N)NCC=O)=O
GlucoseAmm	G4	C(C(C(C(O)=O)O)N)(C(C)N)=O
GlucoseAmm	G4	C(C(C(C(O)=O)O)N)(C(C)O)=O
GlucoseAmm	G4	C(C(C(C(O)=O)O)N)(C(CN)O)=O
GlucoseAmm	G4	C(C(C(C(O)=O)O)N)(C(CO)N)=O
GlucoseAmm	G4	C(C(C(C(O)=O)O)N)(CCN)=O
GlucoseAmm	G4	C(C(C(C(O)=O)O)NCCO)=O
GlucoseAmm	G4	C(C(C(C(O)=O)O)O)(C(CN)N)=O
GlucoseAmm	G4	C(C(C(C)(C(C(C)=O)O)O)N)=O
GlucoseAmm	G4	C(C(C(C)(C(C(C)N)O)O)=O)=O
GlucoseAmm	G4	C(C(C(C)(C(C(C)O)O)O)N)=O
GlucoseAmm	G4	C(C(C(C)(C(C(C)O)O)O)O)=O
GlucoseAmm	G4	C(C(C(C)(C(C(O)=O)O)O)N)=O
GlucoseAmm	G4	C(C(C(C)(C(C)(CN)O)O)=O)=O
GlucoseAmm	G4	C(C(C(C)(C(C=O)N)O)N)(O)=O
GlucoseAmm	G4	C(C(C(C)(C(C=O)N)O)N)=O
GlucoseAmm	G4	C(C(C(C)(C(C=O)O)O)N)(O)=O
GlucoseAmm	G4	C(C(C(C)(C(CCO)O)O)=O)=O
GlucoseAmm	G4	C(C(C(C)(C(CN)N)O)O)=O
GlucoseAmm	G4	C(C(C(C)(C(CN)O)N)=O)=O
GlucoseAmm	G4	C(C(C(C)(C(CN)O)O)=O)=O
GlucoseAmm	G4	C(C(C(C)(C(CN)O)O)N)(O)=O
GlucoseAmm	G4	C(C(C(C)(C(CN)O)O)N)=O
GlucoseAmm	G4	C(C(C(C)(C(CN)O)O)O)(O)=O
GlucoseAmm	G4	C(C(C(C)(C(CN)O)O)O)=O
GlucoseAmm	G4	C(C(C(C)(C(CO)(C)O)O)=O)=O
GlucoseAmm	G4	C(C(C(C)(C(CO)N)O)N)(O)=O
GlucoseAmm	G4	C(C(C(C)(C(CO)N)O)N)=O
GlucoseAmm	G4	C(C(C(C)(C(CO)N)O)O)(O)=O
GlucoseAmm	G4	C(C(C(C)(C(CO)N)O)O)=O
GlucoseAmm	G4	C(C(C(C)(C(CO)O)O)=O)=O
GlucoseAmm	G4	C(C(C(C)(C(CO)O)O)N)(O)=O
GlucoseAmm	G4	C(C(C(C)(CC(CN)=O)O)O)=O
GlucoseAmm	G4	C(C(C(C)(CC(CO)N)O)O)=O
GlucoseAmm	G4	C(C(C(C)(CCN)O)O)=O
GlucoseAmm	G4	C(C(C(C)(CCO)O)O)=O
GlucoseAmm	G4	C(C(C(C)(CN)O)(CC=O)O)=O
GlucoseAmm	G4	C(C(C(C)(CN)O)C(C=O)O)=O
GlucoseAmm	G4	C(C(C(C)(CN)O)O)(C(C)O)=O
GlucoseAmm	G4	C(C(C(C)(CN)O)O)(CCO)=O
GlucoseAmm	G4	C(C(C(C)(CN)O)O)(O)=O
GlucoseAmm	G4	C(C(C(C)(CN)O)O)=O
GlucoseAmm	G4	C(C(C(C)(CO)O)C(C=O)N)=O
GlucoseAmm	G4	C(C(C(C)(CO)O)N)(CCO)=O
GlucoseAmm	G4	C(C(C(C)(CO)O)N)(O)=O
GlucoseAmm	G4	C(C(C(C)=O)(C(C(C)N)O)O)=O
GlucoseAmm	G4	C(C(C(C)=O)(C(C(O)=O)O)N)=O
GlucoseAmm	G4	C(C(C(C)=O)(C(C)(CN)O)O)=O
GlucoseAmm	G4	C(C(C(C)=O)(C(C)O)O)(O)=O
GlucoseAmm	G4	C(C(C(C)=O)(C(C=O)N)O)(O)=O
GlucoseAmm	G4	C(C(C(C)=O)(C(C=O)O)N)(O)=O
GlucoseAmm	G4	C(C(C(C)=O)(C(CN)=O)O)(O)=O
GlucoseAmm	G4	C(C(C(C)=O)(C(CN)O)N)=O
GlucoseAmm	G4	C(C(C(C)=O)(C(CN)O)O)(O)=O
GlucoseAmm	G4	C(C(C(C)=O)(C(CO)N)O)=O
GlucoseAmm	G4	C(C(C(C)=O)(CN)O)(O)=O
GlucoseAmm	G4	C(C(C(C)=O)(CO)N)(O)=O
GlucoseAmm	G4	C(C(C(C)=O)(CO)O)(O)=O
GlucoseAmm	G4	C(C(C(C)=O)C(C(CO)O)O)=O
GlucoseAmm	G4	C(C(C(C)=O)C(CO)(CN)O)=O
GlucoseAmm	G4	C(C(C(C)=O)C(CO)(CO)O)=O
GlucoseAmm	G4	C(C(C(C)=O)C(CO)O)(O)=O
GlucoseAmm	G4	C(C(C(C)=O)NCC(O)=O)(O)=O
GlucoseAmm	G4	C(C(C(C)=O)NCCO)(O)=O
GlucoseAmm	G4	C(C(C(C)C(CO)O)=O)(O)=O
GlucoseAmm	G4	C(C(C(C)N)(C(C(C)=O)O)O)=O
GlucoseAmm	G4	C(C(C(C)N)(C(C(O)=O)N)O)=O
GlucoseAmm	G4	C(C(C(C)N)(C(C=O)(C)O)O)=O
GlucoseAmm	G4	C(C(C(C)N)(C(C=O)N)O)=O
GlucoseAmm	G4	C(C(C(C)N)(C(C=O)O)O)=O
GlucoseAmm	G4	C(C(C(C)N)(C(CO)(C)O)O)=O
GlucoseAmm	G4	C(C(C(C)N)(CC=O)O)(O)=O
GlucoseAmm	G4	C(C(C(C)N)=O)(C(CN)N)=O
GlucoseAmm	G4	C(C(C(C)N)NCC(O)=O)=O
GlucoseAmm	G4	C(C(C(C)N)NCCO)=O
GlucoseAmm	G4	C(C(C(C)N)O)(C(CN)N)=O
GlucoseAmm	G4	C(C(C(C)N)O)(C(CN)O)=O
GlucoseAmm	G4	C(C(C(C)N)O)(C(CO)N)=O
GlucoseAmm	G4	C(C(C(C)N)O)(C(CO)O)=O
GlucoseAmm	G4	C(C(C(C)N)O)(CCO)=O
GlucoseAmm	G4	C(C(C(C)N)O)(O)=O
GlucoseAmm	G4	C(C(C(C)O)(C(C(C)=O)N)O)=O
GlucoseAmm	G4	C(C(C(C)O)(C(C(C)N)O)O)=O
GlucoseAmm	G4	C(C(C(C)O)(C(C(N)=C)O)O)=O
GlucoseAmm	G4	C(C(C(C)O)(C(C(O)=O)N)O)=O
GlucoseAmm	G4	C(C(C(C)O)(C(C(O)=O)O)N)=O
GlucoseAmm	G4	C(C(C(C)O)(C(C)(CN)O)O)=O
GlucoseAmm	G4	C(C(C(C)O)(C(C)N)O)=O
GlucoseAmm	G4	C(C(C(C)O)(C(C)O)O)(O)=O
GlucoseAmm	G4	C(C(C(C)O)(C(C)O)O)=O
GlucoseAmm	G4	C(C(C(C)O)(C(C=CN)O)O)=O
GlucoseAmm	G4	C(C(C(C)O)(C(C=O)(C)O)O)=O
GlucoseAmm	G4	C(C(C(C)O)(C(C=O)N)O)=O
GlucoseAmm	G4	C(C(C(C)O)(C(CCO)O)O)=O
GlucoseAmm	G4	C(C(C(C)O)(C(CN)O)O)(O)=O
GlucoseAmm	G4	C(C(C(C)O)(C(CN)O)O)=O
GlucoseAmm	G4	C(C(C(C)O)(C(CO)(C)O)O)=O
GlucoseAmm	G4	C(C(C(C)O)(C(CO)N)O)(O)=O
GlucoseAmm	G4	C(C(C(C)O)(CC(CN)=O)O)=O
GlucoseAmm	G4	C(C(C(C)O)(CC(CO)N)O)=O
GlucoseAmm	G4	C(C(C(C)O)(CC(O)=O)O)=O
GlucoseAmm	G4	C(C(C(C)O)(CC=O)O)(O)=O
GlucoseAmm	G4	C(C(C(C)O)(CCN)O)=O
GlucoseAmm	G4	C(C(C(C)O)(CCO)O)(O)=O
GlucoseAmm	G4	C(C(C(C)O)(CCO)O)=O
GlucoseAmm	G4	C(C(C(C)O)=O)(C(CN)N)=O
GlucoseAmm	G4	C(C(C(C)O)=O)(C(CO)N)=O
GlucoseAmm	G4	C(C(C(C)O)=O)(C(CO)O)=O
GlucoseAmm	G4	C(C(C(C)O)C(C(C)N)O)=O
GlucoseAmm	G4	C(C(C(C)O)C(C(CN)=O)O)=O
GlucoseAmm	G4	C(C(C(C)O)C(C(CN)O)O)=O
GlucoseAmm	G4	C(C(C(C)O)C(C(CO)=O)N)=O
GlucoseAmm	G4	C(C(C(C)O)C(C(CO)=O)O)=O
GlucoseAmm	G4	C(C(C(C)O)C(C(CO)N)O)=O
GlucoseAmm	G4	C(C(C(C)O)C(C(CO)O)O)=O
GlucoseAmm	G4	C(C(C(C)O)C(C(N)=C)O)=O
GlucoseAmm	G4	C(C(C(C)O)C(C(O)=O)(C)O)=O
GlucoseAmm	G4	C(C(C(C)O)C(C(O)=O)O)=O
GlucoseAmm	G4	C(C(C(C)O)C(C)(CN)O)=O
GlucoseAmm	G4	C(C(C(C)O)C(C=CN)O)=O
GlucoseAmm	G4	C(C(C(C)O)C(C=O)(CO)O)=O
GlucoseAmm	G4	C(C(C(C)O)C(C=O)O)(O)=O
GlucoseAmm	G4	C(C(C(C)O)C(CCO)O)=O
GlucoseAmm	G4	C(C(C(C)O)C(CN)O)=O
GlucoseAmm	G4	C(C(C(C)O)C(CO)(CN)O)=O
GlucoseAmm	G4	C(C(C(C)O)C(CO)(CO)O)=O
GlucoseAmm	G4	C(C(C(C)O)C(CO)N)=O
GlucoseAmm	G4	C(C(C(C)O)N)(C(C(C)=O)O)=O
GlucoseAmm	G4	C(C(C(C)O)N)(C(CO)N)=O
GlucoseAmm	G4	C(C(C(C)O)N)(CC(CO)=O)=O
GlucoseAmm	G4	C(C(C(C)O)N)(CCO)=O
GlucoseAmm	G4	C(C(C(C)O)N)(O)=O
GlucoseAmm	G4	C(C(C(C)O)NCC(O)=O)=O
GlucoseAmm	G4	C(C(C(C)O)NCCO)=O
GlucoseAmm	G4	C(C(C(C)O)O)(C(C(C)=O)O)=O
GlucoseAmm	G4	C(C(C(C)O)O)(C(C(C)O)N)=O
GlucoseAmm	G4	C(C(C(C)O)O)(C(C(C)O)O)=O
GlucoseAmm	G4	C(C(C(C)O)O)(C(C)N)=O
GlucoseAmm	G4	C(C(C(C)O)O)(C(C)O)=O
GlucoseAmm	G4	C(C(C(C)O)O)(C(CN)N)=O
GlucoseAmm	G4	C(C(C(C)O)O)(C(CN)O)=O
GlucoseAmm	G4	C(C(C(C)O)O)(C(CO)CO)=O
GlucoseAmm	G4	C(C(C(C)O)O)(C(CO)N)=O
GlucoseAmm	G4	C(C(C(C)O)O)(CC(C)O)=O
GlucoseAmm	G4	C(C(C(C)O)O)(CC(CN)=O)=O
GlucoseAmm	G4	C(C(C(C)O)O)(CC(CN)O)=O
GlucoseAmm	G4	C(C(C(C)O)O)(CC(CO)=O)=O
GlucoseAmm	G4	C(C(C(C)O)O)(CC(CO)O)=O
GlucoseAmm	G4	C(C(C(C)O)O)(CCN)=O
GlucoseAmm	G4	C(C(C(C=C)(CO)O)N)(C)=O
GlucoseAmm	G4	C(C(C(C=C)(CO)O)N)(O)=O
GlucoseAmm	G4	C(C(C(C=C)(CO)O)N)=O
GlucoseAmm	G4	C(C(C(C=C)(CO)O)O)(C)=O
GlucoseAmm	G4	C(C(C(C=C)(CO)O)O)(CN)=O
GlucoseAmm	G4	C(C(C(C=C)(CO)O)O)(CO)=O
GlucoseAmm	G4	C(C(C(C=C)(CO)O)O)(O)=O
GlucoseAmm	G4	C(C(C(C=C)(CO)O)O)=O
GlucoseAmm	G4	C(C(C(C=CN)(CO)O)N)(O)=O
GlucoseAmm	G4	C(C(C(C=CN)(CO)O)N)=O
GlucoseAmm	G4	C(C(C(C=CN)(CO)O)O)(C)=O
GlucoseAmm	G4	C(C(C(C=CN)(CO)O)O)=O
GlucoseAmm	G4	C(C(C(C=CN)=O)O)(O)=O
GlucoseAmm	G4	C(C(C(C=CN)O)N)(O)=O
GlucoseAmm	G4	C(C(C(C=CN)O)N)=O
GlucoseAmm	G4	C(C(C(C=CN)O)O)(C(C)O)=O
GlucoseAmm	G4	C(C(C(C=CN)O)O)(CCO)=O
GlucoseAmm	G4	C(C(C(C=CN)O)O)(O)=O
GlucoseAmm	G4	C(C(C(C=CN)O)O)=O
GlucoseAmm	G4	C(C(C(C=O)(C(C=O)N)O)O)=O
GlucoseAmm	G4	C(C(C(C=O)(CC=O)N)O)(O)=O
GlucoseAmm	G4	C(C(C(C=O)(CC=O)O)N)(O)=O
GlucoseAmm	G4	C(C(C(C=O)=O)C(CN)O)(O)=O
GlucoseAmm	G4	C(C(C(C=O)C(C(N)=C)O)O)=O
GlucoseAmm	G4	C(C(C(C=O)C(C=CN)O)O)=O
GlucoseAmm	G4	C(C(C(C=O)C(C=O)N)O)(O)=O
GlucoseAmm	G4	C(C(C(C=O)N)N)(C(C)N)=O
GlucoseAmm	G4	C(C(C(C=O)N)N)(C(C)O)=O
GlucoseAmm	G4	C(C(C(C=O)N)N)(C(CO)O)=O
GlucoseAmm	G4	C(C(C(C=O)N)N)(CCN)=O
GlucoseAmm	G4	C(C(C(C=O)N)NCC(O)=O)=O
GlucoseAmm	G4	C(C(C(C=O)N)O)(O)=O
GlucoseAmm	G4	C(C(C(C=O)NCC=O)O)(O)=O
GlucoseAmm	G4	C(C(C(C=O)NCCO)N)=O
GlucoseAmm	G4	C(C(C(C=O)O)N)(C(CN)O)=O
GlucoseAmm	G4	C(C(C(C=O)O)N)(C(CO)N)=O
GlucoseAmm	G4	C(C(C(C=O)O)N)(CC(C)O)=O
GlucoseAmm	G4	C(C(C(C=O)O)N)(CCCO)=O
GlucoseAmm	G4	C(C(C(C=O)O)N)(O)=O
GlucoseAmm	G4	C(C(C(C=O)O)NCC=O)(O)=O
GlucoseAmm	G4	C(C(C(C=O)O)NCCN)=O
GlucoseAmm	G4	C(C(C(C=O)O)NCCO)(O)=O
GlucoseAmm	G4	C(C(C(C=O)O)NCCO)=O
GlucoseAmm	G4	C(C(C(C=O)O)O)(C(CN)N)=O
GlucoseAmm	G4	C(C(C(C=O)O)O)(C(CN)O)=O
GlucoseAmm	G4	C(C(C(C=O)O)O)(C(CO)N)=O
GlucoseAmm	G4	C(C(C(C=O)O)O)(CC(C)N)=O
GlucoseAmm	G4	C(C(C(C=O)O)O)(CCCO)=O
GlucoseAmm	G4	C(C(C(CC(C(C)=O)O)N)O)=O
GlucoseAmm	G4	C(C(C(CC(C(C)=O)O)O)N)=O
GlucoseAmm	G4	C(C(C(CC(C(C)=O)O)O)O)=O
GlucoseAmm	G4	C(C(C(CC(C(C)N)O)=O)O)=O
GlucoseAmm	G4	C(C(C(CC(C(O)=O)O)=O)N)=O
GlucoseAmm	G4	C(C(C(CC(C(O)=O)O)N)N)=O
GlucoseAmm	G4	C(C(C(CC(C(O)=O)O)O)N)=O
GlucoseAmm	G4	C(C(C(CC(C)=O)N)O)(O)=O
GlucoseAmm	G4	C(C(C(CC(C)=O)O)(CN)O)=O
GlucoseAmm	G4	C(C(C(CC(C)=O)O)N)(O)=O
GlucoseAmm	G4	C(C(C(CC(C)=O)O)O)(O)=O
GlucoseAmm	G4	C(C(C(CC(C)N)=O)(CO)O)=O
GlucoseAmm	G4	C(C(C(CC(C)N)=O)O)(O)=O
GlucoseAmm	G4	C(C(C(CC(C)O)=O)(CO)O)=O
GlucoseAmm	G4	C(C(C(CC(C)O)=O)O)(O)=O
GlucoseAmm	G4	C(C(C(CC(C)O)O)N)(O)=O
GlucoseAmm	G4	C(C(C(CC(C)O)O)N)=O
GlucoseAmm	G4	C(C(C(CC(C)O)O)O)=O
GlucoseAmm	G4	C(C(C(CC(C=O)=O)O)N)(O)=O
GlucoseAmm	G4	C(C(C(CC(C=O)N)=O)O)(O)=O
GlucoseAmm	G4	C(C(C(CC(C=O)N)N)N)=O
GlucoseAmm	G4	C(C(C(CC(C=O)N)O)N)(O)=O
GlucoseAmm	G4	C(C(C(CC(C=O)O)=O)N)(O)=O
GlucoseAmm	G4	C(C(C(CC(C=O)O)N)N)(O)=O
GlucoseAmm	G4	C(C(C(CC(C=O)O)N)O)(O)=O
GlucoseAmm	G4	C(C(C(CC(C=O)O)O)N)(O)=O
GlucoseAmm	G4	C(C(C(CC(CCO)N)=O)O)=O
GlucoseAmm	G4	C(C(C(CC(CCO)O)=O)N)=O
GlucoseAmm	G4	C(C(C(CC(CN)=O)N)N)=O
GlucoseAmm	G4	C(C(C(CC(CN)=O)N)O)=O
GlucoseAmm	G4	C(C(C(CC(CN)=O)O)N)(O)=O
GlucoseAmm	G4	C(C(C(CC(CN)=O)O)N)=O
GlucoseAmm	G4	C(C(C(CC(CN)=O)O)O)(O)=O
GlucoseAmm	G4	C(C(C(CC(CN)N)=O)O)=O
GlucoseAmm	G4	C(C(C(CC(CN)N)N)O)=O
GlucoseAmm	G4	C(C(C(CC(CN)N)O)O)(O)=O
GlucoseAmm	G4	C(C(C(CC(CN)N)O)O)=O
GlucoseAmm	G4	C(C(C(CC(CN)N)O)O)O
GlucoseAmm	G4	C(C(C(CC(CN)O)=O)CO)=O
GlucoseAmm	G4	C(C(C(CC(CN)O)=O)N)=O
GlucoseAmm	G4	C(C(C(CC(CN)O)=O)O)(O)=O
GlucoseAmm	G4	C(C(C(CC(CN)O)N)=O)=O
GlucoseAmm	G4	C(C(C(CC(CN)O)N)N)=O
GlucoseAmm	G4	C(C(C(CC(CN)O)N)O)=O
GlucoseAmm	G4	C(C(C(CC(CN)O)N)O)O
GlucoseAmm	G4	C(C(C(CC(CN)O)O)=O)=O
GlucoseAmm	G4	C(C(C(CC(CN)O)O)N)(O)=O
GlucoseAmm	G4	C(C(C(CC(CN)O)O)N)=O
GlucoseAmm	G4	C(C(C(CC(CN)O)O)O)(O)=O
GlucoseAmm	G4	C(C(C(CC(CN)O)O)O)=O
GlucoseAmm	G4	C(C(C(CC(CN)O)O)O)O
GlucoseAmm	G4	C(C(C(CC(CO)=O)N)N)(O)=O
GlucoseAmm	G4	C(C(C(CC(CO)=O)N)N)=O
GlucoseAmm	G4	C(C(C(CC(CO)=O)O)N)(O)=O
GlucoseAmm	G4	C(C(C(CC(CO)CN)=O)O)=O
GlucoseAmm	G4	C(C(C(CC(CO)CO)=O)O)=O
GlucoseAmm	G4	C(C(C(CC(CO)N)=O)CO)=O
GlucoseAmm	G4	C(C(C(CC(CO)N)=O)N)(O)=O
GlucoseAmm	G4	C(C(C(CC(CO)N)N)=O)(O)=O
GlucoseAmm	G4	C(C(C(CC(CO)N)N)N)=O
GlucoseAmm	G4	C(C(C(CC(CO)N)N)O)(O)=O
GlucoseAmm	G4	C(C(C(CC(CO)N)N)O)=O
GlucoseAmm	G4	C(C(C(CC(CO)N)O)=O)(O)=O
GlucoseAmm	G4	C(C(C(CC(CO)N)O)N)=O
GlucoseAmm	G4	C(C(C(CC(CO)N)O)O)(O)=O
GlucoseAmm	G4	C(C(C(CC(CO)N)O)O)O
GlucoseAmm	G4	C(C(C(CC(CO)O)=O)CO)=O
GlucoseAmm	G4	C(C(C(CC(CO)O)N)N)(O)=O
GlucoseAmm	G4	C(C(C(CC(CO)O)N)N)=O
GlucoseAmm	G4	C(C(C(CC(CO)O)N)N)O
GlucoseAmm	G4	C(C(C(CC(CO)O)N)O)=O
GlucoseAmm	G4	C(C(C(CC(CO)O)O)N)(O)=O
GlucoseAmm	G4	C(C(C(CC(CO)O)O)N)=O
GlucoseAmm	G4	C(C(C(CC(CO)O)O)O)O
GlucoseAmm	G4	C(C(C(CC(N)=C)=O)(CO)O)=O
GlucoseAmm	G4	C(C(C(CC(N)=C)=O)O)(O)=O
GlucoseAmm	G4	C(C(C(CC(N)=C)N)O)=O
GlucoseAmm	G4	C(C(C(CC(N)=C)O)O)=O
GlucoseAmm	G4	C(C(C(CC=O)N)(C(C)O)O)=O
GlucoseAmm	G4	C(C(C(CC=O)N)(CCO)O)=O
GlucoseAmm	G4	C(C(C(CC=O)N)(CO)N)=O
GlucoseAmm	G4	C(C(C(CC=O)N)C(CO)O)=O
GlucoseAmm	G4	C(C(C(CC=O)O)(C(C)O)O)=O
GlucoseAmm	G4	C(C(C(CC=O)O)(CCO)O)=O
GlucoseAmm	G4	C(C(C(CC=O)O)(CN)O)=O
GlucoseAmm	G4	C(C(C(CC=O)O)C(CN)O)=O
GlucoseAmm	G4	C(C(C(CC=O)O)C(CO)O)=O
GlucoseAmm	G4	C(C(C(CCC(CO)=O)N)O)=O
GlucoseAmm	G4	C(C(C(CCC(CO)=O)O)N)=O
GlucoseAmm	G4	C(C(C(CCC(CO)=O)O)O)=O
GlucoseAmm	G4	C(C(C(CCCN)=O)(CO)O)=O
GlucoseAmm	G4	C(C(C(CCCN)=O)O)(O)=O
GlucoseAmm	G4	C(C(C(CCCO)=O)(CO)O)=O
GlucoseAmm	G4	C(C(C(CCCO)=O)O)(O)=O
GlucoseAmm	G4	C(C(C(CCCO)N)O)=O
GlucoseAmm	G4	C(C(C(CCN)=O)O)(O)=O
GlucoseAmm	G4	C(C(C(CCN)O)O)=O
GlucoseAmm	G4	C(C(C(CCN)O)O)O
GlucoseAmm	G4	C(C(C(CCO)=O)(C(C)O)O)=O
GlucoseAmm	G4	C(C(C(CCO)=O)(CO)O)=O
GlucoseAmm	G4	C(C(C(CCO)=O)C(CO)O)=O
GlucoseAmm	G4	C(C(C(CCO)=O)N)(O)=O
GlucoseAmm	G4	C(C(C(CCO)=O)O)(O)=O
GlucoseAmm	G4	C(C(C(CCO)N)O)=O
GlucoseAmm	G4	C(C(C(CCO)O)(CC=O)O)=O
GlucoseAmm	G4	C(C(C(CCO)O)C(C=O)N)=O
GlucoseAmm	G4	C(C(C(CCO)O)C(C=O)O)=O
GlucoseAmm	G4	C(C(C(CCO)O)N)(CCO)=O
GlucoseAmm	G4	C(C(C(CCO)O)N)(O)=O
GlucoseAmm	G4	C(C(C(CCO)O)N)=O
GlucoseAmm	G4	C(C(C(CCO)O)O)(C(C)N)=O
GlucoseAmm	G4	C(C(C(CCO)O)O)(C(C)O)=O
GlucoseAmm	G4	C(C(C(CCO)O)O)(CCN)=O
GlucoseAmm	G4	C(C(C(CCO)O)O)(CCO)=O
GlucoseAmm	G4	C(C(C(CCO)O)O)(O)=O
GlucoseAmm	G4	C(C(C(CCO)O)O)=O
GlucoseAmm	G4	C(C(C(CCO)O)O)O
GlucoseAmm	G4	C(C(C(CN)(C(C)O)O)O)=O
GlucoseAmm	G4	C(C(C(CN)(C(C=O)O)O)N)(O)=O
GlucoseAmm	G4	C(C(C(CN)(C(C=O)O)O)N)=O
GlucoseAmm	G4	C(C(C(CN)(C(C=O)O)O)O)=O
GlucoseAmm	G4	C(C(C(CN)(C(CN)N)O)O)O
GlucoseAmm	G4	C(C(C(CN)(C(CN)O)O)N)(O)=O
GlucoseAmm	G4	C(C(C(CN)(C(CN)O)O)N)=O
GlucoseAmm	G4	C(C(C(CN)(C(CN)O)O)N)O
GlucoseAmm	G4	C(C(C(CN)(C(CN)O)O)O)(O)=O
GlucoseAmm	G4	C(C(C(CN)(C(CN)O)O)O)=O
GlucoseAmm	G4	C(C(C(CN)(C(CN)O)O)O)O
GlucoseAmm	G4	C(C(C(CN)(C(CO)N)O)N)(O)=O
GlucoseAmm	G4	C(C(C(CN)(C(CO)N)O)N)=O
GlucoseAmm	G4	C(C(C(CN)(C(CO)N)O)O)(O)=O
GlucoseAmm	G4	C(C(C(CN)(C(CO)N)O)O)=O
GlucoseAmm	G4	C(C(C(CN)(C(CO)O)O)=O)=O
GlucoseAmm	G4	C(C(C(CN)(C(CO)O)O)N)(O)=O
GlucoseAmm	G4	C(C(C(CN)(C(CO)O)O)N)O
GlucoseAmm	G4	C(C(C(CN)(C(CO)O)O)O)O
GlucoseAmm	G4	C(C(C(CN)(C)O)N)(O)=O
GlucoseAmm	G4	C(C(C(CN)(C)O)N)=O
GlucoseAmm	G4	C(C(C(CN)(CCN)O)O)O
GlucoseAmm	G4	C(C(C(CN)(CCO)O)N)(O)=O
GlucoseAmm	G4	C(C(C(CN)(CCO)O)N)=O
GlucoseAmm	G4	C(C(C(CN)(CCO)O)O)(O)=O
GlucoseAmm	G4	C(C(C(CN)(CCO)O)O)=O
GlucoseAmm	G4	C(C(C(CN)(CCO)O)O)O
GlucoseAmm	G4	C(C(C(CN)(CN)O)N)(O)=O
GlucoseAmm	G4	C(C(C(CN)(CN)O)N)=O
GlucoseAmm	G4	C(C(C(CN)(CN)O)O)(O)=O
GlucoseAmm	G4	C(C(C(CN)(CN)O)O)=O
GlucoseAmm	G4	C(C(C(CN)(CO)O)N)(O)=O
GlucoseAmm	G4	C(C(C(CN)=O)(C(C)O)O)(O)=O
GlucoseAmm	G4	C(C(C(CN)=O)(C(C)O)O)=O
GlucoseAmm	G4	C(C(C(CN)=O)(C(C=O)O)O)=O
GlucoseAmm	G4	C(C(C(CN)=O)(C(CN)O)O)(O)=O
GlucoseAmm	G4	C(C(C(CN)=O)(C(CN)O)O)=O
GlucoseAmm	G4	C(C(C(CN)=O)(C(CO)N)O)=O
GlucoseAmm	G4	C(C(C(CN)=O)(C(CO)O)O)=O
GlucoseAmm	G4	C(C(C(CN)=O)(CCO)O)=O
GlucoseAmm	G4	C(C(C(CN)=O)(CN)O)(O)=O
GlucoseAmm	G4	C(C(C(CN)=O)(CO)N)(O)=O
GlucoseAmm	G4	C(C(C(CN)=O)(CO)O)(O)=O
GlucoseAmm	G4	C(C(C(CN)=O)(CO)O)=O
GlucoseAmm	G4	C(C(C(CN)=O)C(C(O)=O)O)=O
GlucoseAmm	G4	C(C(C(CN)=O)C(C)(CO)O)=O
GlucoseAmm	G4	C(C(C(CN)=O)C(C=O)O)(O)=O
GlucoseAmm	G4	C(C(C(CN)=O)C(CCO)O)=O
GlucoseAmm	G4	C(C(C(CN)=O)C(CN)O)=O
GlucoseAmm	G4	C(C(C(CN)=O)C(CO)N)=O
GlucoseAmm	G4	C(C(C(CN)=O)C(CO)O)(O)=O
GlucoseAmm	G4	C(C(C(CN)=O)C(CO)O)=O
GlucoseAmm	G4	C(C(C(CN)=O)CO)(O)=O
GlucoseAmm	G4	C(C(C(CN)=O)N)(O)=O
GlucoseAmm	G4	C(C(C(CN)=O)NCC(O)=O)=O
GlucoseAmm	G4	C(C(C(CN)=O)NCCO)=O
GlucoseAmm	G4	C(C(C(CN)=O)O)(O)=O
GlucoseAmm	G4	C(C(C(CN)C(C(C)=O)O)O)=O
GlucoseAmm	G4	C(C(C(CN)C(C)O)O)=O
GlucoseAmm	G4	C(C(C(CN)C(C=O)O)O)=O
GlucoseAmm	G4	C(C(C(CN)C(CCO)O)=O)=O
GlucoseAmm	G4	C(C(C(CN)C(CN)O)=O)=O
GlucoseAmm	G4	C(C(C(CN)C(CN)O)O)=O
GlucoseAmm	G4	C(C(C(CN)C(CO)O)=O)(O)=O
GlucoseAmm	G4	C(C(C(CN)C(CO)O)=O)=O
GlucoseAmm	G4	C(C(C(CN)C(CO)O)O)=O
GlucoseAmm	G4	C(C(C(CN)N)=O)(CCN)=O
GlucoseAmm	G4	C(C(C(CN)N)C(C=O)O)=O
GlucoseAmm	G4	C(C(C(CN)N)N)(CCO)=O
GlucoseAmm	G4	C(C(C(CN)N)N)=O
GlucoseAmm	G4	C(C(C(CN)N)N)O
GlucoseAmm	G4	C(C(C(CN)N)NCC(O)=O)=O
GlucoseAmm	G4	C(C(C(CN)N)NCC=O)=O
GlucoseAmm	G4	C(C(C(CN)N)NCCO)=O
GlucoseAmm	G4	C(C(C(CN)N)O)(C(C)N)=O
GlucoseAmm	G4	C(C(C(CN)N)O)(C(C)O)=O
GlucoseAmm	G4	C(C(C(CN)N)O)(C(CN)O)=O
GlucoseAmm	G4	C(C(C(CN)N)O)(C(CO)N)=O
GlucoseAmm	G4	C(C(C(CN)N)O)(CCN)=O
GlucoseAmm	G4	C(C(C(CN)N)O)(CCO)=O
GlucoseAmm	G4	C(C(C(CN)N)O)(O)=O
GlucoseAmm	G4	C(C(C(CN)N)O)=O
GlucoseAmm	G4	C(C(C(CN)N)O)O
GlucoseAmm	G4	C(C(C(CN)NCC(O)=O)N)=O
GlucoseAmm	G4	C(C(C(CN)NCC(O)=O)O)(O)=O
GlucoseAmm	G4	C(C(C(CN)NCC(O)=O)O)=O
GlucoseAmm	G4	C(C(C(CN)NCC=O)N)=O
GlucoseAmm	G4	C(C(C(CN)NCC=O)O)(O)=O
GlucoseAmm	G4	C(C(C(CN)NCC=O)O)=O
GlucoseAmm	G4	C(C(C(CN)NCCO)=O)=O
GlucoseAmm	G4	C(C(C(CN)NCCO)N)=O
GlucoseAmm	G4	C(C(C(CN)NCCO)O)(O)=O
GlucoseAmm	G4	C(C(C(CN)NCCO)O)=O
GlucoseAmm	G4	C(C(C(CN)O)(C(C(O)=O)O)N)=O
GlucoseAmm	G4	C(C(C(CN)O)(C(C)N)O)=O
GlucoseAmm	G4	C(C(C(CN)O)(C(C)O)N)=O
GlucoseAmm	G4	C(C(C(CN)O)(C(C=O)N)O)=O
GlucoseAmm	G4	C(C(C(CN)O)(C(C=O)O)N)=O
GlucoseAmm	G4	C(C(C(CN)O)(C(CN)N)O)O
GlucoseAmm	G4	C(C(C(CN)O)(C(CN)O)N)=O
GlucoseAmm	G4	C(C(C(CN)O)(C(CN)O)O)(O)=O
GlucoseAmm	G4	C(C(C(CN)O)(C(CN)O)O)=O
GlucoseAmm	G4	C(C(C(CN)O)(C(CO)N)O)(O)=O
GlucoseAmm	G4	C(C(C(CN)O)(CC(O)=O)O)=O
GlucoseAmm	G4	C(C(C(CN)O)(CC=O)N)=O
GlucoseAmm	G4	C(C(C(CN)O)(CC=O)O)(O)=O
GlucoseAmm	G4	C(C(C(CN)O)(CCN)O)=O
GlucoseAmm	G4	C(C(C(CN)O)(CCO)O)(O)=O
GlucoseAmm	G4	C(C(C(CN)O)(CCO)O)=O
GlucoseAmm	G4	C(C(C(CN)O)=O)(C(C)N)=O
GlucoseAmm	G4	C(C(C(CN)O)=O)(C(C)O)=O
GlucoseAmm	G4	C(C(C(CN)O)=O)(C(CO)O)=O
GlucoseAmm	G4	C(C(C(CN)O)=O)(CCN)=O
GlucoseAmm	G4	C(C(C(CN)O)C(C(C)=O)O)=O
GlucoseAmm	G4	C(C(C(CN)O)C(C(O)=O)O)=O
GlucoseAmm	G4	C(C(C(CN)O)C(C=O)N)=O
GlucoseAmm	G4	C(C(C(CN)O)C(C=O)O)(O)=O
GlucoseAmm	G4	C(C(C(CN)O)C(CCO)O)=O
GlucoseAmm	G4	C(C(C(CN)O)C(CN)O)=O
GlucoseAmm	G4	C(C(C(CN)O)C(CO)N)=O
GlucoseAmm	G4	C(C(C(CN)O)N)(C(C)N)=O
GlucoseAmm	G4	C(C(C(CN)O)N)(C(CO)N)=O
GlucoseAmm	G4	C(C(C(CN)O)N)(CCN)=O
GlucoseAmm	G4	C(C(C(CN)O)N)(CCO)=O
GlucoseAmm	G4	C(C(C(CN)O)N)(O)=O
GlucoseAmm	G4	C(C(C(CN)O)N)N
GlucoseAmm	G4	C(C(C(CN)O)N)O
GlucoseAmm	G4	C(C(C(CN)O)NCC(O)=O)=O
GlucoseAmm	G4	C(C(C(CN)O)NCC=O)=O
GlucoseAmm	G4	C(C(C(CN)O)NCCO)=O
GlucoseAmm	G4	C(C(C(CN)O)O)(C(C)N)=O
GlucoseAmm	G4	C(C(C(CN)O)O)(C(C)O)=O
GlucoseAmm	G4	C(C(C(CN)O)O)(C(CN)N)=O
GlucoseAmm	G4	C(C(C(CN)O)O)(C(CN)O)=O
GlucoseAmm	G4	C(C(C(CN)O)O)(C(CO)N)=O
GlucoseAmm	G4	C(C(C(CN)O)O)(CC(C)O)=O
GlucoseAmm	G4	C(C(C(CN)O)O)(CCN)=O
GlucoseAmm	G4	C(C(C(CN)O)O)N
GlucoseAmm	G4	C(C(C(CN)O)O)O
GlucoseAmm	G4	C(C(C(CNC=O)O)O)(O)=O
GlucoseAmm	G4	C(C(C(CNCC(O)=O)=O)N)=O
GlucoseAmm	G4	C(C(C(CNCC(O)=O)=O)O)=O
GlucoseAmm	G4	C(C(C(CNCC(O)=O)N)O)=O
GlucoseAmm	G4	C(C(C(CNCC=O)=O)O)(O)=O
GlucoseAmm	G4	C(C(C(CNCC=O)N)O)=O
GlucoseAmm	G4	C(C(C(CNCC=O)O)N)(O)=O
GlucoseAmm	G4	C(C(C(CNCC=O)O)N)=O
GlucoseAmm	G4	C(C(C(CNCC=O)O)O)(O)=O
GlucoseAmm	G4	C(C(C(CNCC=O)O)O)=O
GlucoseAmm	G4	C(C(C(CNCCN)=O)O)=O
GlucoseAmm	G4	C(C(C(CNCCO)=O)N)=O
GlucoseAmm	G4	C(C(C(CNCCO)=O)O)(O)=O
GlucoseAmm	G4	C(C(C(CNCCO)=O)O)=O
GlucoseAmm	G4	C(C(C(CNCCO)N)O)=O
GlucoseAmm	G4	C(C(C(CNCCO)O)=O)=O
GlucoseAmm	G4	C(C(C(CO)(C(C)N)O)N)(O)=O
GlucoseAmm	G4	C(C(C(CO)(C(C)N)O)N)=O
GlucoseAmm	G4	C(C(C(CO)(C(C)N)O)O)=O
GlucoseAmm	G4	C(C(C(CO)(C(C)O)O)=O)=O
GlucoseAmm	G4	C(C(C(CO)(C(C)O)O)N)(O)=O
GlucoseAmm	G4	C(C(C(CO)(C(C)O)O)N)=O
GlucoseAmm	G4	C(C(C(CO)(C(C)O)O)O)=O
GlucoseAmm	G4	C(C(C(CO)(C(C=C)N)O)O)=O
GlucoseAmm	G4	C(C(C(CO)(C(C=O)N)O)N)(O)=O
GlucoseAmm	G4	C(C(C(CO)(C(C=O)O)O)N)=O
GlucoseAmm	G4	C(C(C(CO)(C(CN)N)O)N)(O)=O
GlucoseAmm	G4	C(C(C(CO)(C(CN)N)O)N)=O
GlucoseAmm	G4	C(C(C(CO)(C(CN)N)O)O)(O)=O
GlucoseAmm	G4	C(C(C(CO)(C(CN)N)O)O)=O
GlucoseAmm	G4	C(C(C(CO)(C(CN)O)O)=O)=O
GlucoseAmm	G4	C(C(C(CO)(C(CN)O)O)N)(O)=O
GlucoseAmm	G4	C(C(C(CO)(C(CN)O)O)N)=O
GlucoseAmm	G4	C(C(C(CO)(C(CN)O)O)N)O
GlucoseAmm	G4	C(C(C(CO)(C(CN)O)O)O)=O
GlucoseAmm	G4	C(C(C(CO)(C(CO)N)O)N)(O)=O
GlucoseAmm	G4	C(C(C(CO)(C(CO)N)O)N)=O
GlucoseAmm	G4	C(C(C(CO)(C(CO)N)O)O)=O
GlucoseAmm	G4	C(C(C(CO)(C(CO)O)O)N)O
GlucoseAmm	G4	C(C(C(CO)(C)O)O)(C(C)N)=O
GlucoseAmm	G4	C(C(C(CO)(C)O)O)(C(C)O)=O
GlucoseAmm	G4	C(C(C(CO)(C)O)O)(CCN)=O
GlucoseAmm	G4	C(C(C(CO)(CC(C)O)O)N)=O
GlucoseAmm	G4	C(C(C(CO)(CC(C)O)O)O)=O
GlucoseAmm	G4	C(C(C(CO)(CCN)O)N)(O)=O
GlucoseAmm	G4	C(C(C(CO)(CCN)O)N)=O
GlucoseAmm	G4	C(C(C(CO)(CCN)O)O)(O)=O
GlucoseAmm	G4	C(C(C(CO)(CCN)O)O)=O
GlucoseAmm	G4	C(C(C(CO)(CCN)O)O)O
GlucoseAmm	G4	C(C(C(CO)(CCO)O)=O)=O
GlucoseAmm	G4	C(C(C(CO)(CCO)O)N)(O)=O
GlucoseAmm	G4	C(C(C(CO)(CCO)O)N)O
GlucoseAmm	G4	C(C(C(CO)(CCO)O)O)O
GlucoseAmm	G4	C(C(C(CO)(CN)O)=O)=O
GlucoseAmm	G4	C(C(C(CO)(CNC=O)O)O)=O
GlucoseAmm	G4	C(C(C(CO)(CO)C(C)O)=O)=O
GlucoseAmm	G4	C(C(C(CO)(CO)CO)=O)=O
GlucoseAmm	G4	C(C(C(CO)(CO)O)=O)=O
GlucoseAmm	G4	C(C(C(CO)(CO)O)N)(O)=O
GlucoseAmm	G4	C(C(C(CO)(CO)O)NC=O)=O
GlucoseAmm	G4	C(C(C(CO)=C)O)(O)=O
GlucoseAmm	G4	C(C(C(CO)=O)(C(C)O)N)(O)=O
GlucoseAmm	G4	C(C(C(CO)=O)(C(C)O)O)=O
GlucoseAmm	G4	C(C(C(CO)=O)(C(CN)O)N)(O)=O
GlucoseAmm	G4	C(C(C(CO)=O)(C(CN)O)O)=O
GlucoseAmm	G4	C(C(C(CO)=O)(C(CO)N)O)=O
GlucoseAmm	G4	C(C(C(CO)=O)(C)N)(O)=O
GlucoseAmm	G4	C(C(C(CO)=O)(CC=O)N)(O)=O
GlucoseAmm	G4	C(C(C(CO)=O)(CCO)O)=O
GlucoseAmm	G4	C(C(C(CO)=O)(CN)N)(O)=O
GlucoseAmm	G4	C(C(C(CO)=O)(CN)O)(O)=O
GlucoseAmm	G4	C(C(C(CO)=O)(CO)C(C)O)=O
GlucoseAmm	G4	C(C(C(CO)=O)(CO)CO)=O
GlucoseAmm	G4	C(C(C(CO)=O)(CO)N)(O)=O
GlucoseAmm	G4	C(C(C(CO)=O)(CO)O)=O
GlucoseAmm	G4	C(C(C(CO)=O)C(C(C)N)O)=O
GlucoseAmm	G4	C(C(C(CO)=O)C(C(N)=C)O)=O
GlucoseAmm	G4	C(C(C(CO)=O)C(C)(CN)O)=O
GlucoseAmm	G4	C(C(C(CO)=O)C(C)O)(O)=O
GlucoseAmm	G4	C(C(C(CO)=O)C(C=CN)O)=O
GlucoseAmm	G4	C(C(C(CO)=O)C(C=O)N)(O)=O
GlucoseAmm	G4	C(C(C(CO)=O)C(CCO)O)=O
GlucoseAmm	G4	C(C(C(CO)=O)C(CN)=O)(O)=O
GlucoseAmm	G4	C(C(C(CO)=O)C(CN)N)=O
GlucoseAmm	G4	C(C(C(CO)=O)C(CN)O)(O)=O
GlucoseAmm	G4	C(C(C(CO)=O)C(CO)N)=O
GlucoseAmm	G4	C(C(C(CO)=O)CN)(O)=O
GlucoseAmm	G4	C(C(C(CO)=O)CO)(O)=O
GlucoseAmm	G4	C(C(C(CO)=O)N)(O)=O
GlucoseAmm	G4	C(C(C(CO)=O)NCC(O)=O)=O
GlucoseAmm	G4	C(C(C(CO)=O)NCC=O)(O)=O
GlucoseAmm	G4	C(C(C(CO)=O)NCCO)=O
GlucoseAmm	G4	C(C(C(CO)=O)O)(O)=O
GlucoseAmm	G4	C(C(C(CO)C(C(C)=O)N)O)=O
GlucoseAmm	G4	C(C(C(CO)C(C(C)=O)O)N)=O
GlucoseAmm	G4	C(C(C(CO)C(C(C)=O)O)O)=O
GlucoseAmm	G4	C(C(C(CO)C(C(C)N)O)=O)=O
GlucoseAmm	G4	C(C(C(CO)C(C)(CN)O)=O)=O
GlucoseAmm	G4	C(C(C(CO)C(C)(CO)O)N)=O
GlucoseAmm	G4	C(C(C(CO)C(C)O)=O)(O)=O
GlucoseAmm	G4	C(C(C(CO)C(C)O)N)=O
GlucoseAmm	G4	C(C(C(CO)C(C)O)O)(O)=O
GlucoseAmm	G4	C(C(C(CO)C(C)O)O)=O
GlucoseAmm	G4	C(C(C(CO)C(C=O)O)N)=O
GlucoseAmm	G4	C(C(C(CO)C(C=O)O)O)=O
GlucoseAmm	G4	C(C(C(CO)C(CCN)O)=O)=O
GlucoseAmm	G4	C(C(C(CO)C(CCO)N)=O)=O
GlucoseAmm	G4	C(C(C(CO)C(CCO)O)=O)=O
GlucoseAmm	G4	C(C(C(CO)C(CN)N)=O)=O
GlucoseAmm	G4	C(C(C(CO)C(CN)O)=O)(O)=O
GlucoseAmm	G4	C(C(C(CO)C(CN)O)N)=O
GlucoseAmm	G4	C(C(C(CO)C(CN)O)N)O
GlucoseAmm	G4	C(C(C(CO)C(CN)O)O)(O)=O
GlucoseAmm	G4	C(C(C(CO)C(CN)O)O)=O
GlucoseAmm	G4	C(C(C(CO)C(CO)N)=O)=O
GlucoseAmm	G4	C(C(C(CO)C(CO)N)O)=O
GlucoseAmm	G4	C(C(C(CO)C(CO)O)N)=O
GlucoseAmm	G4	C(C(C(CO)C(CO)O)N)O
GlucoseAmm	G4	C(C(C(CO)C(CO)O)O)=O
GlucoseAmm	G4	C(C(C(CO)CC(CO)=O)N)=O
GlucoseAmm	G4	C(C(C(CO)CC(CO)N)=O)=O
GlucoseAmm	G4	C(C(C(CO)CCO)=O)(O)=O
GlucoseAmm	G4	C(C(C(CO)CN)=O)(O)=O
GlucoseAmm	G4	C(C(C(CO)CN)O)=O
GlucoseAmm	G4	C(C(C(CO)CO)=O)(O)=O
GlucoseAmm	G4	C(C(C(CO)CO)N)=O
GlucoseAmm	G4	C(C(C(CO)CO)O)(O)=O
GlucoseAmm	G4	C(C(C(CO)CO)O)=O
GlucoseAmm	G4	C(C(C(CO)N)(CC=O)O)=O
GlucoseAmm	G4	C(C(C(CO)N)=O)(C(C)N)=O
GlucoseAmm	G4	C(C(C(CO)N)=O)(CCN)=O
GlucoseAmm	G4	C(C(C(CO)N)C(C(C)=O)O)=O
GlucoseAmm	G4	C(C(C(CO)N)C(C)(CO)O)=O
GlucoseAmm	G4	C(C(C(CO)N)C(C=O)(C)O)=O
GlucoseAmm	G4	C(C(C(CO)N)C(C=O)O)=O
GlucoseAmm	G4	C(C(C(CO)N)N)(C(CO)N)=O
GlucoseAmm	G4	C(C(C(CO)N)N)(CCN)=O
GlucoseAmm	G4	C(C(C(CO)N)N)(CCO)=O
GlucoseAmm	G4	C(C(C(CO)N)N)=O
GlucoseAmm	G4	C(C(C(CO)N)N)O
GlucoseAmm	G4	C(C(C(CO)N)NCC(O)=O)=O
GlucoseAmm	G4	C(C(C(CO)N)NCC=O)=O
GlucoseAmm	G4	C(C(C(CO)N)NCCO)=O
GlucoseAmm	G4	C(C(C(CO)N)O)(C(C)N)=O
GlucoseAmm	G4	C(C(C(CO)N)O)(C(C)O)=O
GlucoseAmm	G4	C(C(C(CO)N)O)(CC(C)=O)=O
GlucoseAmm	G4	C(C(C(CO)N)O)(CCN)=O
GlucoseAmm	G4	C(C(C(CO)NC=O)O)(O)=O
GlucoseAmm	G4	C(C(C(CO)NCC(O)=O)N)=O
GlucoseAmm	G4	C(C(C(CO)NCC(O)=O)O)=O
GlucoseAmm	G4	C(C(C(CO)NCC=O)N)=O
GlucoseAmm	G4	C(C(C(CO)NCCN)O)(O)=O
GlucoseAmm	G4	C(C(C(CO)NCCN)O)=O
GlucoseAmm	G4	C(C(C(CO)NCCO)=O)=O
GlucoseAmm	G4	C(C(C(CO)NCCO)N)=O
GlucoseAmm	G4	C(C(C(CO)NCCO)O)(O)=O
GlucoseAmm	G4	C(C(C(CO)NCCO)O)=O
GlucoseAmm	G4	C(C(C(CO)O)(C(C)N)O)=O
GlucoseAmm	G4	C(C(C(CO)O)(C(C=O)N)O)=O
GlucoseAmm	G4	C(C(C(CO)O)(C(CN)N)O)O
GlucoseAmm	G4	C(C(C(CO)O)(C(CN)O)N)=O
GlucoseAmm	G4	C(C(C(CO)O)(C(CN)O)O)O
GlucoseAmm	G4	C(C(C(CO)O)(CCN)O)=O
GlucoseAmm	G4	C(C(C(CO)O)(CCO)O)=O
GlucoseAmm	G4	C(C(C(CO)O)=O)(C(C)N)=O
GlucoseAmm	G4	C(C(C(CO)O)=O)(C(CN)N)=O
GlucoseAmm	G4	C(C(C(CO)O)=O)(C(CO)C)=O
GlucoseAmm	G4	C(C(C(CO)O)=O)(C(CO)N)=O
GlucoseAmm	G4	C(C(C(CO)O)=O)(CCN)=O
GlucoseAmm	G4	C(C(C(CO)O)=O)(O)=O
GlucoseAmm	G4	C(C(C(CO)O)C(C(C)=O)O)=O
GlucoseAmm	G4	C(C(C(CO)O)C(C(C)N)O)=O
GlucoseAmm	G4	C(C(C(CO)O)C(C(N)=C)O)=O
GlucoseAmm	G4	C(C(C(CO)O)C(C)(CN)O)=O
GlucoseAmm	G4	C(C(C(CO)O)C(C)O)=O
GlucoseAmm	G4	C(C(C(CO)O)C(C=CN)O)=O
GlucoseAmm	G4	C(C(C(CO)O)C(C=O)N)=O
GlucoseAmm	G4	C(C(C(CO)O)C(CCO)O)=O
GlucoseAmm	G4	C(C(C(CO)O)C(CN)O)=O
GlucoseAmm	G4	C(C(C(CO)O)C(CO)N)=O
GlucoseAmm	G4	C(C(C(CO)O)C(CO)O)=O
GlucoseAmm	G4	C(C(C(CO)O)CC(CO)=O)=O
GlucoseAmm	G4	C(C(C(CO)O)N)(C(C)N)=O
GlucoseAmm	G4	C(C(C(CO)O)N)(CCN)=O
GlucoseAmm	G4	C(C(C(CO)O)N)(O)=O
GlucoseAmm	G4	C(C(C(CO)O)NCC(O)=O)=O
GlucoseAmm	G4	C(C(C(CO)O)NCC=O)(O)=O
GlucoseAmm	G4	C(C(C(CO)O)NCCN)=O
GlucoseAmm	G4	C(C(C(CO)O)NCCO)=O
GlucoseAmm	G4	C(C(C(CO)O)O)(CC(C)=O)=O
GlucoseAmm	G4	C(C(C(CO)O)O)(CC(C)O)=O
GlucoseAmm	G4	C(C(C(CO)O)O)(CC(N)=O)=O
GlucoseAmm	G4	C(C(C(CO)O)O)(CCCO)=O
GlucoseAmm	G4	C(C(C(CO)O)O)(N)=O
GlucoseAmm	G4	C(C(C(CO)O)O)(NCCO)=O
GlucoseAmm	G4	C(C(C(N)=C)(C(C(C)=O)O)O)=O
GlucoseAmm	G4	C(C(C(N)=C)(C(C)O)O)=O
GlucoseAmm	G4	C(C(C(N)=C)(C(C=O)O)O)=O
GlucoseAmm	G4	C(C(C(N)=C)(C(CC=O)O)O)=O
GlucoseAmm	G4	C(C(C(N)=C)(C(CCO)O)O)=O
GlucoseAmm	G4	C(C(C(N)=C)(C(CN)O)O)=O
GlucoseAmm	G4	C(C(C(N)=C)(C(CO)(C)O)O)=O
GlucoseAmm	G4	C(C(C(N)=C)(C(CO)O)O)=O
GlucoseAmm	G4	C(C(C(N)=C)(CO)O)=O
GlucoseAmm	G4	C(C(C(N)=C)NCC(O)=O)=O
GlucoseAmm	G4	C(C(C(N)=C)NCCO)=O
GlucoseAmm	G4	C(C(C(N)=C)O)(O)=O
GlucoseAmm	G4	C(C(C(O)=O)(CN)N)=O
GlucoseAmm	G4	C(C(C(O)=O)(CN)NCC=O)=O
GlucoseAmm	G4	C(C(C(O)=O)N)(CC(CO)=O)=O
GlucoseAmm	G4	C(C(C(O)=O)NC(C=O)CN)=O
GlucoseAmm	G4	C(C(C(O)=O)O)(CC(CN)=O)=O
GlucoseAmm	G4	C(C(C)(C(C(C(C)N)=O)O)O)=O
GlucoseAmm	G4	C(C(C)(C(C(C(C)O)=O)O)O)=O
GlucoseAmm	G4	C(C(C)(C(C(C(N)=C)=O)O)O)=O
GlucoseAmm	G4	C(C(C)(C(C(C(O)=O)O)O)N)=O
GlucoseAmm	G4	C(C(C)(C(C(C)=O)(C)O)O)(O)=O
GlucoseAmm	G4	C(C(C)(C(C(C)=O)(CN)O)O)=O
GlucoseAmm	G4	C(C(C)(C(C(C)=O)N)O)(O)=O
GlucoseAmm	G4	C(C(C)(C(C(C)=O)O)O)(O)=O
GlucoseAmm	G4	C(C(C)(C(C(C)N)O)O)(O)=O
GlucoseAmm	G4	C(C(C)(C(C(C)N)O)O)=O
GlucoseAmm	G4	C(C(C)(C(C(C=C)=O)O)O)(O)=O
GlucoseAmm	G4	C(C(C)(C(C(C=CN)=O)O)O)=O
GlucoseAmm	G4	C(C(C)(C(C(C=O)=O)N)O)(O)=O
GlucoseAmm	G4	C(C(C)(C(C(CC=O)N)O)O)=O
GlucoseAmm	G4	C(C(C)(C(C(CC=O)O)N)O)=O
GlucoseAmm	G4	C(C(C)(C(C(CC=O)O)O)O)=O
GlucoseAmm	G4	C(C(C)(C(C(CCN)=O)O)O)=O
GlucoseAmm	G4	C(C(C)(C(C(CCO)=O)N)O)=O
GlucoseAmm	G4	C(C(C)(C(C(CCO)N)O)O)=O
GlucoseAmm	G4	C(C(C)(C(C(CN)=O)N)O)(O)=O
GlucoseAmm	G4	C(C(C)(C(C(CN)=O)N)O)=O
GlucoseAmm	G4	C(C(C)(C(C(CN)=O)O)O)(O)=O
GlucoseAmm	G4	C(C(C)(C(C(CN)N)O)O)(O)=O
GlucoseAmm	G4	C(C(C)(C(C(CN)N)O)O)=O
GlucoseAmm	G4	C(C(C)(C(C(CN)O)O)N)=O
GlucoseAmm	G4	C(C(C)(C(C(CN)O)O)O)(O)=O
GlucoseAmm	G4	C(C(C)(C(C(CO)=O)CN)O)=O
GlucoseAmm	G4	C(C(C)(C(C(CO)=O)N)O)(O)=O
GlucoseAmm	G4	C(C(C)(C(C(CO)N)O)O)(O)=O
GlucoseAmm	G4	C(C(C)(C(C(N)=C)O)O)(O)=O
GlucoseAmm	G4	C(C(C)(C(C(O)=O)(C)O)N)=O
GlucoseAmm	G4	C(C(C)(C(C(O)=O)N)O)(O)=O
GlucoseAmm	G4	C(C(C)(C(C(O)=O)N)O)=O
GlucoseAmm	G4	C(C(C)(C(C(O)=O)O)N)=O
GlucoseAmm	G4	C(C(C)(C(C)(CC=O)O)O)(O)=O
GlucoseAmm	G4	C(C(C)(C(C)(CN)O)O)(O)=O
GlucoseAmm	G4	C(C(C)(C(C)O)O)(O)=O
GlucoseAmm	G4	C(C(C)(C(C=C)(CO)O)O)(O)=O
GlucoseAmm	G4	C(C(C)(C(C=CN)O)O)(O)=O
GlucoseAmm	G4	C(C(C)(C(C=O)(C)O)O)(O)=O
GlucoseAmm	G4	C(C(C)(C(C=O)(CN)O)O)(O)=O
GlucoseAmm	G4	C(C(C)(C(C=O)(CN)O)O)=O
GlucoseAmm	G4	C(C(C)(C(C=O)N)O)(O)=O
GlucoseAmm	G4	C(C(C)(C(C=O)O)O)(O)=O
GlucoseAmm	G4	C(C(C)(C(CC(C)O)O)O)(O)=O
GlucoseAmm	G4	C(C(C)(C(CC=O)N)O)(O)=O
GlucoseAmm	G4	C(C(C)(C(CC=O)O)O)(O)=O
GlucoseAmm	G4	C(C(C)(C(CCO)O)O)(O)=O
GlucoseAmm	G4	C(C(C)(C(CN)(C)O)N)=O
GlucoseAmm	G4	C(C(C)(C(CN)(CC=O)O)O)=O
GlucoseAmm	G4	C(C(C)(C(CN)(CN)O)O)(O)=O
GlucoseAmm	G4	C(C(C)(C(CN)N)O)=O
GlucoseAmm	G4	C(C(C)(C(CN)O)N)=O
GlucoseAmm	G4	C(C(C)(C(CN)O)O)(O)=O
GlucoseAmm	G4	C(C(C)(C(CN)O)O)=O
GlucoseAmm	G4	C(C(C)(C(CO)(C(C)N)O)O)=O
GlucoseAmm	G4	C(C(C)(C(CO)(C)O)O)(O)=O
GlucoseAmm	G4	C(C(C)(C(CO)(CC=O)O)O)=O
GlucoseAmm	G4	C(C(C)(C(CO)(CN)O)O)(O)=O
GlucoseAmm	G4	C(C(C)(C(CO)(CN)O)O)=O
GlucoseAmm	G4	C(C(C)(C(CO)(CO)O)O)=O
GlucoseAmm	G4	C(C(C)(C(CO)C(C=O)N)O)=O
GlucoseAmm	G4	C(C(C)(C(CO)C(CO)N)O)=O
GlucoseAmm	G4	C(C(C)(C(CO)N)O)=O
GlucoseAmm	G4	C(C(C)(C(CO)O)O)(O)=O
GlucoseAmm	G4	C(C(C)(C(CO)O)O)=O
GlucoseAmm	G4	C(C(C)(CC(C=O)N)O)(O)=O
GlucoseAmm	G4	C(C(C)(CC(CN)=O)O)(O)=O
GlucoseAmm	G4	C(C(C)(CC(CN)O)O)(O)=O
GlucoseAmm	G4	C(C(C)(CC(CO)=O)O)(O)=O
GlucoseAmm	G4	C(C(C)(CC(CO)O)O)(O)=O
GlucoseAmm	G4	C(C(C)(CCC(CO)=O)O)(O)=O
GlucoseAmm	G4	C(C(C)(CN)O)(O)=O
GlucoseAmm	G4	C(C(C)(CNCC=O)O)(O)=O
GlucoseAmm	G4	C(C(C)=O)(C(C(C(C)N)O)O)=O
GlucoseAmm	G4	C(C(C)=O)(C(C(C)(CN)O)O)=O
GlucoseAmm	G4	C(C(C)=O)(C(C(C)(CO)O)N)=O
GlucoseAmm	G4	C(C(C)=O)(C(C(CCO)O)N)=O
GlucoseAmm	G4	C(C(C)=O)(C(C(CCO)O)O)=O
GlucoseAmm	G4	C(C(C)=O)(C(C(CN)N)N)=O
GlucoseAmm	G4	C(C(C)=O)(C(C(CN)N)O)=O
GlucoseAmm	G4	C(C(C)=O)(C(C(CN)O)N)=O
GlucoseAmm	G4	C(C(C)=O)(C(C(CN)O)O)=O
GlucoseAmm	G4	C(C(C)=O)(C(C(CO)(C)O)O)=O
GlucoseAmm	G4	C(C(C)=O)(C(C(CO)N)N)=O
GlucoseAmm	G4	C(C(C)=O)(C(C(CO)N)O)=O
GlucoseAmm	G4	C(C(C)=O)(C(C(CO)O)N)=O
GlucoseAmm	G4	C(C(C)=O)(C(CN)C(CO)O)=O
GlucoseAmm	G4	C(C(C)=O)(C(CO)C(CN)O)=O
GlucoseAmm	G4	C(C(C)=O)(C(CO)C(CO)O)=O
GlucoseAmm	G4	C(C(C)=O)(CC(C(CN)O)O)=O
GlucoseAmm	G4	C(C(C)=O)(CC(C(CO)N)O)=O
GlucoseAmm	G4	C(C(C)=O)(CC(C(CO)O)O)=O
GlucoseAmm	G4	C(C(C)=O)(CC(CO)(CN)O)=O
GlucoseAmm	G4	C(C(C)=O)(CC(CO)(CO)O)=O
GlucoseAmm	G4	C(C(C)C(C(C(CO)O)=O)N)=O
GlucoseAmm	G4	C(C(C)C(C(C(CO)O)=O)O)=O
GlucoseAmm	G4	C(C(C)C(C(CN)=O)(CO)O)=O
GlucoseAmm	G4	C(C(C)C(C(CO)=O)(CO)O)=O
GlucoseAmm	G4	C(C(C)C(C=O)(C(CO)N)O)=O
GlucoseAmm	G4	C(C(C)C(C=O)(C(CO)O)O)=O
GlucoseAmm	G4	C(C(C)N)(C(C(C)=O)(CO)O)=O
GlucoseAmm	G4	C(C(C)N)(C(C(CN)=O)N)=O
GlucoseAmm	G4	C(C(C)N)(C(C(CO)=O)CO)=O
GlucoseAmm	G4	C(C(C)N)(C(C(CO)=O)N)=O
GlucoseAmm	G4	C(C(C)N)(C(C)(C(CO)O)O)=O
GlucoseAmm	G4	C(C(C)N)(C(CO)(C)O)=O
GlucoseAmm	G4	C(C(C)N)(C(CO)(CCO)O)=O
GlucoseAmm	G4	C(C(C)N)(C(CO)(CN)O)=O
GlucoseAmm	G4	C(C(C)N)(C(CO)(CO)O)=O
GlucoseAmm	G4	C(C(C)N)(CC(C(CO)O)=O)=O
GlucoseAmm	G4	C(C(C)N)(CC(CO)O)=O
GlucoseAmm	G4	C(C(C)O)(C(C(C)=O)(CO)O)=O
GlucoseAmm	G4	C(C(C)O)(C(C(CN)=O)N)=O
GlucoseAmm	G4	C(C(C)O)(C(C(CN)O)N)=O
GlucoseAmm	G4	C(C(C)O)(C(C(CO)=O)CO)=O
GlucoseAmm	G4	C(C(C)O)(C(C(CO)=O)N)=O
GlucoseAmm	G4	C(C(C)O)(C(C(CO)O)N)=O
GlucoseAmm	G4	C(C(C)O)(C(C)(C(CO)O)O)=O
GlucoseAmm	G4	C(C(C)O)(C(CC(C=O)O)N)=O
GlucoseAmm	G4	C(C(C)O)(C(CCO)N)=O
GlucoseAmm	G4	C(C(C)O)(C(CN)N)=O
GlucoseAmm	G4	C(C(C)O)(C(CN)O)=O
GlucoseAmm	G4	C(C(C)O)(C(CO)(C)O)=O
GlucoseAmm	G4	C(C(C)O)(C(CO)(CCO)O)=O
GlucoseAmm	G4	C(C(C)O)(C(CO)(CN)O)=O
GlucoseAmm	G4	C(C(C)O)(C(CO)(CO)O)=O
GlucoseAmm	G4	C(C(C)O)(C(CO)N)=O
GlucoseAmm	G4	C(C(C1(C(C(CO1)O)O)O)N)=O
GlucoseAmm	G4	C(C(C1(C(O)OCC1)O)N)(O)=O
GlucoseAmm	G4	C(C(C1(C(O)OCC1N)O)O)=O
GlucoseAmm	G4	C(C(C1(C=CCO1)O)O)(O)=O
GlucoseAmm	G4	C(C(C1(CC(CO1)O)O)N)(O)=O
GlucoseAmm	G4	C(C(C1(COC(C1)O)O)N)(O)=O
GlucoseAmm	G4	C(C(C1C(C(CC1O)O)O)=O)=O
GlucoseAmm	G4	C(C(C1C(C(CN1)=O)O)O)=O
GlucoseAmm	G4	C(C(C1C(C(CN1)O)O)O)=O
GlucoseAmm	G4	C(C(C1C(CC(N)O1)N)O)O
GlucoseAmm	G4	C(C(C1C(CC(O)O1)N)N)O
GlucoseAmm	G4	C(C(C1C(CC(O)O1)N)O)O
GlucoseAmm	G4	C(C(C1C(CCN1)N)O)=O
GlucoseAmm	G4	C(C(C1CC(C(O)O1)N)O)O
GlucoseAmm	G4	C(C(C1CC(CO1)O)O)(O)=O
GlucoseAmm	G4	C(C(C=C)(C(C(CN)=O)O)O)=O
GlucoseAmm	G4	C(C(C=C)(C(C(CO)=O)O)O)=O
GlucoseAmm	G4	C(C(C=C)(C(C(O)=O)(C)O)O)=O
GlucoseAmm	G4	C(C(C=C)(C(C(O)=O)N)O)=O
GlucoseAmm	G4	C(C(C=C)(C(C(O)=O)O)O)=O
GlucoseAmm	G4	C(C(C=C)(C(C=O)(CN)O)O)=O
GlucoseAmm	G4	C(C(C=C)(C(C=O)(CO)O)O)=O
GlucoseAmm	G4	C(C(C=CN)NCC(O)=O)=O
GlucoseAmm	G4	C(C(C=CN)NCCO)=O
GlucoseAmm	G4	C(C(C=O)(C(C(C)=O)N)O)(O)=O
GlucoseAmm	G4	C(C(C=O)(C(C(C)=O)O)N)(O)=O
GlucoseAmm	G4	C(C(C=O)(C(C(CN)N)O)O)(O)=O
GlucoseAmm	G4	C(C(C=O)(C(C)(CN)O)O)(O)=O
GlucoseAmm	G4	C(C(C=O)(C(C)(CO)O)N)(O)=O
GlucoseAmm	G4	C(C(C=O)(C(C)O)N)(O)=O
GlucoseAmm	G4	C(C(C=O)(C(C)O)O)(O)=O
GlucoseAmm	G4	C(C(C=O)(C(C=O)(C)O)N)(O)=O
GlucoseAmm	G4	C(C(C=O)(C(C=O)N)O)(O)=O
GlucoseAmm	G4	C(C(C=O)(C(C=O)O)N)(O)=O
GlucoseAmm	G4	C(C(C=O)(C(CC=O)N)O)(O)=O
GlucoseAmm	G4	C(C(C=O)(C(CN)(CN)O)O)(O)=O
GlucoseAmm	G4	C(C(C=O)(C(CN)(CO)O)N)(O)=O
GlucoseAmm	G4	C(C(C=O)(C(CN)=O)O)(O)=O
GlucoseAmm	G4	C(C(C=O)(C(CN)O)N)(O)=O
GlucoseAmm	G4	C(C(C=O)(C(CN)O)O)(O)=O
GlucoseAmm	G4	C(C(C=O)(C(CO)N)O)(O)=O
GlucoseAmm	G4	C(C(C=O)(C(CO)O)N)(O)=O
GlucoseAmm	G4	C(C(C=O)(C(N)=C)O)(O)=O
GlucoseAmm	G4	C(C(C=O)(CC(C=O)N)O)(O)=O
GlucoseAmm	G4	C(C(C=O)(CC(C=O)O)N)(O)=O
GlucoseAmm	G4	C(C(C=O)(CC(CN)=O)O)(O)=O
GlucoseAmm	G4	C(C(C=O)(CC(CO)=O)N)(O)=O
GlucoseAmm	G4	C(C(C=O)(CCO)N)(O)=O
GlucoseAmm	G4	C(C(C=O)(CCO)O)(O)=O
GlucoseAmm	G4	C(C(C=O)(CN)O)(O)=O
GlucoseAmm	G4	C(C(C=O)(CNCC=O)O)(O)=O
GlucoseAmm	G4	C(C(C=O)(CO)N)(O)=O
GlucoseAmm	G4	C(C(C=O)(CO)NCC=O)(O)=O
GlucoseAmm	G4	C(C(C=O)(CO)O)(O)=O
GlucoseAmm	G4	C(C(C=O)C(C(C(C)O)N)O)=O
GlucoseAmm	G4	C(C(C=O)C(C(C(C)O)O)O)=O
GlucoseAmm	G4	C(C(C=O)C(C(C(N)=C)O)O)=O
GlucoseAmm	G4	C(C(C=O)C(C(CCO)N)O)=O
GlucoseAmm	G4	C(C(C=O)C(C(CCO)O)O)=O
GlucoseAmm	G4	C(C(C=O)C(C(CN)N)O)=O
GlucoseAmm	G4	C(C(C=O)C(C(CN)O)O)=O
GlucoseAmm	G4	C(C(C=O)C(C(CO)=O)N)(O)=O
GlucoseAmm	G4	C(C(C=O)C(C(CO)N)O)=O
GlucoseAmm	G4	C(C(C=O)C(C(CO)O)O)=O
GlucoseAmm	G4	C(C(C=O)C(C)(C(CO)O)O)=O
GlucoseAmm	G4	C(C(C=O)C(CC(CN)O)O)=O
GlucoseAmm	G4	C(C(C=O)C(CC(CO)O)O)=O
GlucoseAmm	G4	C(C(C=O)C(CN)O)(O)=O
GlucoseAmm	G4	C(C(C=O)C(CO)(CCO)O)=O
GlucoseAmm	G4	C(C(C=O)C(CO)(CN)O)(O)=O
GlucoseAmm	G4	C(C(C=O)C(CO)(CN)O)=O
GlucoseAmm	G4	C(C(C=O)C(CO)(CO)O)=O
GlucoseAmm	G4	C(C(C=O)C(CO)O)(O)=O
GlucoseAmm	G4	C(C(C=O)CC(CO)O)(O)=O
GlucoseAmm	G4	C(C(C=O)NC(C=O)CO)(O)=O
GlucoseAmm	G4	C(C(C=O)NCC(C=O)O)(O)=O
GlucoseAmm	G4	C(C(C=O)NCC(CO)=O)(O)=O
GlucoseAmm	G4	C(C(C=O)O)(C(C(N)=C)CO)=O
GlucoseAmm	G4	C(C(C=O)O)(C(C=C)(CO)N)=O
GlucoseAmm	G4	C(C(C=O)O)(C(C=C)(CO)O)=O
GlucoseAmm	G4	C(C(CC(C(C(C)=O)N)O)O)=O
GlucoseAmm	G4	C(C(CC(C(C(C)=O)O)N)O)=O
GlucoseAmm	G4	C(C(CC(C(C(C)=O)O)O)N)=O
GlucoseAmm	G4	C(C(CC(C(C(C)N)O)O)=O)=O
GlucoseAmm	G4	C(C(CC(C(C(C)N)O)O)O)=O
GlucoseAmm	G4	C(C(CC(C(C(C)O)=O)O)N)=O
GlucoseAmm	G4	C(C(CC(C(C(C)O)=O)O)O)=O
GlucoseAmm	G4	C(C(CC(C(C(C)O)N)O)=O)=O
GlucoseAmm	G4	C(C(CC(C(C(C)O)O)N)O)=O
GlucoseAmm	G4	C(C(CC(C(C(C)O)O)O)=O)=O
GlucoseAmm	G4	C(C(CC(C(C(O)=O)O)N)N)=O
GlucoseAmm	G4	C(C(CC(C(C)=O)(CO)O)N)=O
GlucoseAmm	G4	C(C(CC(C(C)=O)N)O)(O)=O
GlucoseAmm	G4	C(C(CC(C(C)=O)O)N)(O)=O
GlucoseAmm	G4	C(C(CC(C(C)N)O)=O)(O)=O
GlucoseAmm	G4	C(C(CC(C(C)N)O)O)(O)=O
GlucoseAmm	G4	C(C(CC(C(C=O)N)O)N)=O
GlucoseAmm	G4	C(C(CC(C(C=O)O)N)N)(O)=O
GlucoseAmm	G4	C(C(CC(C(C=O)O)N)O)(O)=O
GlucoseAmm	G4	C(C(CC(C(CCN)O)O)=O)=O
GlucoseAmm	G4	C(C(CC(C(CCO)=O)O)N)=O
GlucoseAmm	G4	C(C(CC(C(CCO)N)O)=O)=O
GlucoseAmm	G4	C(C(CC(C(CCO)O)O)=O)=O
GlucoseAmm	G4	C(C(CC(C(CN)=O)=O)O)(O)=O
GlucoseAmm	G4	C(C(CC(C(CN)=O)N)N)=O
GlucoseAmm	G4	C(C(CC(C(CN)=O)N)O)(O)=O
GlucoseAmm	G4	C(C(CC(C(CN)=O)O)N)(O)=O
GlucoseAmm	G4	C(C(CC(C(CN)=O)O)O)(O)=O
GlucoseAmm	G4	C(C(CC(C(CN)N)N)O)=O
GlucoseAmm	G4	C(C(CC(C(CN)N)O)=O)(O)=O
GlucoseAmm	G4	C(C(CC(C(CN)N)O)=O)=O
GlucoseAmm	G4	C(C(CC(C(CN)N)O)N)=O
GlucoseAmm	G4	C(C(CC(C(CN)N)O)O)=O
GlucoseAmm	G4	C(C(CC(C(CN)O)N)N)=O
GlucoseAmm	G4	C(C(CC(C(CN)O)N)O)(O)=O
GlucoseAmm	G4	C(C(CC(C(CN)O)N)O)=O
GlucoseAmm	G4	C(C(CC(C(CN)O)N)O)O
GlucoseAmm	G4	C(C(CC(C(CN)O)O)=O)(O)=O
GlucoseAmm	G4	C(C(CC(C(CN)O)O)=O)=O
GlucoseAmm	G4	C(C(CC(C(CN)O)O)N)(O)=O
GlucoseAmm	G4	C(C(CC(C(CN)O)O)N)=O
GlucoseAmm	G4	C(C(CC(C(CN)O)O)N)O
GlucoseAmm	G4	C(C(CC(C(CN)O)O)O)(O)=O
GlucoseAmm	G4	C(C(CC(C(CN)O)O)O)=O
GlucoseAmm	G4	C(C(CC(C(CN)O)O)O)O
GlucoseAmm	G4	C(C(CC(C(CO)=O)(C)O)N)=O
GlucoseAmm	G4	C(C(CC(C(CO)=O)CO)N)=O
GlucoseAmm	G4	C(C(CC(C(CO)=O)N)N)(O)=O
GlucoseAmm	G4	C(C(CC(C(CO)=O)O)N)(O)=O
GlucoseAmm	G4	C(C(CC(C(CO)CN)O)=O)=O
GlucoseAmm	G4	C(C(CC(C(CO)CO)N)=O)=O
GlucoseAmm	G4	C(C(CC(C(CO)CO)O)=O)=O
GlucoseAmm	G4	C(C(CC(C(CO)N)N)N)=O
GlucoseAmm	G4	C(C(CC(C(CO)N)N)O)(O)=O
GlucoseAmm	G4	C(C(CC(C(CO)N)N)O)=O
GlucoseAmm	G4	C(C(CC(C(CO)N)O)=O)(O)=O
GlucoseAmm	G4	C(C(CC(C(CO)N)O)=O)=O
GlucoseAmm	G4	C(C(CC(C(CO)N)O)N)=O
GlucoseAmm	G4	C(C(CC(C(CO)N)O)O)(O)=O
GlucoseAmm	G4	C(C(CC(C(CO)N)O)O)=O
GlucoseAmm	G4	C(C(CC(C(CO)N)O)O)O
GlucoseAmm	G4	C(C(CC(C(CO)O)N)N)(O)=O
GlucoseAmm	G4	C(C(CC(C(CO)O)N)N)=O
GlucoseAmm	G4	C(C(CC(C(CO)O)N)N)O
GlucoseAmm	G4	C(C(CC(C(CO)O)N)O)=O
GlucoseAmm	G4	C(C(CC(C(CO)O)N)O)O
GlucoseAmm	G4	C(C(CC(C(CO)O)O)N)(N)=O
GlucoseAmm	G4	C(C(CC(C(CO)O)O)O)(N)=O
GlucoseAmm	G4	C(C(CC(C(N)=C)=O)O)(O)=O
GlucoseAmm	G4	C(C(CC(C(N)=C)N)O)=O
GlucoseAmm	G4	C(C(CC(C(O)=O)N)N)=O
GlucoseAmm	G4	C(C(CC(C(O)=O)O)N)=O
GlucoseAmm	G4	C(C(CC(C)(C(C=O)O)O)N)=O
GlucoseAmm	G4	C(C(CC(C)(C(CN)O)O)=O)=O
GlucoseAmm	G4	C(C(CC(C)(C(CO)O)O)N)=O
GlucoseAmm	G4	C(C(CC(C)(CN)O)=O)(O)=O
GlucoseAmm	G4	C(C(CC(C)(CO)O)=O)(O)=O
GlucoseAmm	G4	C(C(CC(C)O)(C(C=O)N)O)=O
GlucoseAmm	G4	C(C(CC(C)O)(C(C=O)O)O)=O
GlucoseAmm	G4	C(C(CC(C)O)O)(O)=O
GlucoseAmm	G4	C(C(CC(C=O)N)(C(C)O)O)=O
GlucoseAmm	G4	C(C(CC(C=O)N)(CCO)O)=O
GlucoseAmm	G4	C(C(CC(C=O)N)(CO)N)=O
GlucoseAmm	G4	C(C(CC(C=O)N)C(CO)O)=O
GlucoseAmm	G4	C(C(CC(C=O)O)N)(CCO)=O
GlucoseAmm	G4	C(C(CC(C=O)O)N)(O)=O
GlucoseAmm	G4	C(C(CC(C=O)O)O)(C(C)N)=O
GlucoseAmm	G4	C(C(CC(C=O)O)O)(O)=O
GlucoseAmm	G4	C(C(CC(CC(C)O)O)=O)(O)=O
GlucoseAmm	G4	C(C(CC(CC(C=O)O)O)N)=O
GlucoseAmm	G4	C(C(CC(CC(CN)=O)O)O)=O
GlucoseAmm	G4	C(C(CC(CC(CN)O)O)=O)=O
GlucoseAmm	G4	C(C(CC(CC(CO)=O)N)O)=O
GlucoseAmm	G4	C(C(CC(CC(CO)=O)O)N)=O
GlucoseAmm	G4	C(C(CC(CC(CO)N)O)=O)=O
GlucoseAmm	G4	C(C(CC(CC(CO)N)O)O)=O
GlucoseAmm	G4	C(C(CC(CC(CO)O)O)=O)=O
GlucoseAmm	G4	C(C(CC(CCN)O)=O)(O)=O
GlucoseAmm	G4	C(C(CC(CCN)O)O)(O)=O
GlucoseAmm	G4	C(C(CC(CCN)O)O)=O
GlucoseAmm	G4	C(C(CC(CCO)N)=O)(O)=O
GlucoseAmm	G4	C(C(CC(CCO)N)O)(O)=O
GlucoseAmm	G4	C(C(CC(CCO)N)O)=O
GlucoseAmm	G4	C(C(CC(CCO)O)=O)(O)=O
GlucoseAmm	G4	C(C(CC(CCO)O)N)=O
GlucoseAmm	G4	C(C(CC(CCO)O)O)(O)=O
GlucoseAmm	G4	C(C(CC(CCO)O)O)=O
GlucoseAmm	G4	C(C(CC(CN)(CN)O)=O)(O)=O
GlucoseAmm	G4	C(C(CC(CN)(CO)O)N)=O
GlucoseAmm	G4	C(C(CC(CN)=O)O)(O)=O
GlucoseAmm	G4	C(C(CC(CN)N)O)=O
GlucoseAmm	G4	C(C(CC(CN)O)=O)(O)=O
GlucoseAmm	G4	C(C(CC(CN)O)N)=O
GlucoseAmm	G4	C(C(CC(CN)O)N)O
GlucoseAmm	G4	C(C(CC(CN)O)O)(O)=O
GlucoseAmm	G4	C(C(CC(CO)(C(C)N)O)=O)=O
GlucoseAmm	G4	C(C(CC(CO)(CCO)O)N)=O
GlucoseAmm	G4	C(C(CC(CO)(CCO)O)N)O
GlucoseAmm	G4	C(C(CC(CO)(CN)O)=O)(O)=O
GlucoseAmm	G4	C(C(CC(CO)(CN)O)N)O
GlucoseAmm	G4	C(C(CC(CO)(CO)O)N)=O
GlucoseAmm	G4	C(C(CC(CO)(CO)O)N)O
GlucoseAmm	G4	C(C(CC(CO)=O)N)(O)=O
GlucoseAmm	G4	C(C(CC(CO)C(C=O)O)N)=O
GlucoseAmm	G4	C(C(CC(CO)C(CO)N)=O)=O
GlucoseAmm	G4	C(C(CC(CO)N)N)=O
GlucoseAmm	G4	C(C(CC(CO)N)O)(CCO)=O
GlucoseAmm	G4	C(C(CC(CO)N)O)(O)=O
GlucoseAmm	G4	C(C(CC(CO)N)O)=O
GlucoseAmm	G4	C(C(CC(CO)N)O)O
GlucoseAmm	G4	C(C(CC(CO)O)=O)(O)=O
GlucoseAmm	G4	C(C(CC(CO)O)N)=O
GlucoseAmm	G4	C(C(CC(CO)O)O)(O)=O
GlucoseAmm	G4	C(C(CC(CO)O)O)=O
GlucoseAmm	G4	C(C(CC(N)=O)O)(CCO)=O
GlucoseAmm	G4	C(C(CC(O)=O)NCC(O)=O)=O
GlucoseAmm	G4	C(C(CCC(C(C=O)O)O)N)=O
GlucoseAmm	G4	C(C(CCC(C(CO)=O)O)N)=O
GlucoseAmm	G4	C(C(CCC(C(CO)O)=O)N)=O
GlucoseAmm	G4	C(C(CCC(C(CO)O)N)=O)=O
GlucoseAmm	G4	C(C(CCC(C(CO)O)O)=O)=O
GlucoseAmm	G4	C(C(CCC(C(O)=O)O)N)=O
GlucoseAmm	G4	C(C(CCC(C=O)O)O)(O)=O
GlucoseAmm	G4	C(C(CCC(CO)(CO)O)=O)=O
GlucoseAmm	G4	C(C(CCC(CO)=O)(CN)O)=O
GlucoseAmm	G4	C(C(CCC(CO)=O)N)(O)=O
GlucoseAmm	G4	C(C(CCC(CO)N)=O)(O)=O
GlucoseAmm	G4	C(C(CCC(CO)N)O)(O)=O
GlucoseAmm	G4	C(C(CCC(CO)O)=O)(O)=O
GlucoseAmm	G4	C(C(CCC=O)(CN)O)(O)=O
GlucoseAmm	G4	C(C(CCCC(CO)=O)O)(O)=O
GlucoseAmm	G4	C(C(CCN)(C(C(C)=O)O)O)=O
GlucoseAmm	G4	C(C(CCN)(C(C(O)=O)N)O)=O
GlucoseAmm	G4	C(C(CCN)(C(C(O)=O)O)O)=O
GlucoseAmm	G4	C(C(CCN)(C(C=O)(C)O)O)=O
GlucoseAmm	G4	C(C(CCN)(C(C=O)N)O)=O
GlucoseAmm	G4	C(C(CCN)(C(C=O)O)O)=O
GlucoseAmm	G4	C(C(CCN)(C(CO)(C)O)O)=O
GlucoseAmm	G4	C(C(CCN)(CC=O)O)(O)=O
GlucoseAmm	G4	C(C(CCN)=O)(C(CO)CO)=O
GlucoseAmm	G4	C(C(CCN)N)(C(CO)N)=O
GlucoseAmm	G4	C(C(CCN)N)O
GlucoseAmm	G4	C(C(CCN)NCC(O)=O)=O
GlucoseAmm	G4	C(C(CCN)NCCO)=O
GlucoseAmm	G4	C(C(CCN)O)(C(CN)N)=O
GlucoseAmm	G4	C(C(CCN)O)(C(CN)O)=O
GlucoseAmm	G4	C(C(CCN)O)(C(CO)N)=O
GlucoseAmm	G4	C(C(CCN)O)(C(CO)O)=O
GlucoseAmm	G4	C(C(CCN)O)(CCO)=O
GlucoseAmm	G4	C(C(CCN)O)(O)=O
GlucoseAmm	G4	C(C(CCN)O)N
GlucoseAmm	G4	C(C(CCN)O)O
GlucoseAmm	G4	C(C(CCNCC=O)O)(O)=O
GlucoseAmm	G4	C(C(CCNCCO)=O)(O)=O
GlucoseAmm	G4	C(C(CCO)(C(C(C)=O)N)O)=O
GlucoseAmm	G4	C(C(CCO)(C(C(C)N)O)O)=O
GlucoseAmm	G4	C(C(CCO)(C(C(N)=C)O)O)=O
GlucoseAmm	G4	C(C(CCO)(C(C(O)=O)N)O)=O
GlucoseAmm	G4	C(C(CCO)(C(C(O)=O)O)N)=O
GlucoseAmm	G4	C(C(CCO)(C(C)(CN)O)O)=O
GlucoseAmm	G4	C(C(CCO)(C(C=CN)O)O)=O
GlucoseAmm	G4	C(C(CCO)(C(C=O)(C)O)O)=O
GlucoseAmm	G4	C(C(CCO)(C(C=O)N)O)(O)=O
GlucoseAmm	G4	C(C(CCO)(C(CCO)O)O)=O
GlucoseAmm	G4	C(C(CCO)(C(CN)N)O)(O)=O
GlucoseAmm	G4	C(C(CCO)(C(CN)N)O)=O
GlucoseAmm	G4	C(C(CCO)(C(CN)N)O)O
GlucoseAmm	G4	C(C(CCO)(C(CN)O)N)=O
GlucoseAmm	G4	C(C(CCO)(C(CN)O)O)O
GlucoseAmm	G4	C(C(CCO)(C(CO)(C)O)O)=O
GlucoseAmm	G4	C(C(CCO)(C(CO)N)O)(O)=O
GlucoseAmm	G4	C(C(CCO)(C(CO)N)O)=O
GlucoseAmm	G4	C(C(CCO)(CC(CN)=O)O)=O
GlucoseAmm	G4	C(C(CCO)(CCN)O)(O)=O
GlucoseAmm	G4	C(C(CCO)(CCN)O)O
GlucoseAmm	G4	C(C(CCO)(CCO)O)(O)=O
GlucoseAmm	G4	C(C(CCO)(CCO)O)O
GlucoseAmm	G4	C(C(CCO)=O)(C(CO)CN)=O
GlucoseAmm	G4	C(C(CCO)=O)(C(CO)CO)=O
GlucoseAmm	G4	C(C(CCO)=O)(CC(CN)O)=O
GlucoseAmm	G4	C(C(CCO)=O)(CC(CO)O)=O
GlucoseAmm	G4	C(C(CCO)C(C(CN)=O)O)=O
GlucoseAmm	G4	C(C(CCO)C(C(CO)=O)N)=O
GlucoseAmm	G4	C(C(CCO)C(C(CO)=O)O)=O
GlucoseAmm	G4	C(C(CCO)C(C(O)=O)O)=O
GlucoseAmm	G4	C(C(CCO)C(C=O)(CO)O)=O
GlucoseAmm	G4	C(C(CCO)N)(C(C(C)=O)O)=O
GlucoseAmm	G4	C(C(CCO)N)(C(CN)N)=O
GlucoseAmm	G4	C(C(CCO)N)(C(CO)(C)O)=O
GlucoseAmm	G4	C(C(CCO)N)(C(CO)N)=O
GlucoseAmm	G4	C(C(CCO)N)(CC(CO)=O)=O
GlucoseAmm	G4	C(C(CCO)N)(CCO)=O
GlucoseAmm	G4	C(C(CCO)N)(O)=O
GlucoseAmm	G4	C(C(CCO)N)O
GlucoseAmm	G4	C(C(CCO)NCC(O)=O)=O
GlucoseAmm	G4	C(C(CCO)NCC=O)(O)=O
GlucoseAmm	G4	C(C(CCO)NCCN)=O
GlucoseAmm	G4	C(C(CCO)NCCO)=O
GlucoseAmm	G4	C(C(CCO)O)(C(C(C)=O)O)=O
GlucoseAmm	G4	C(C(CCO)O)(C(C)O)=O
GlucoseAmm	G4	C(C(CCO)O)(C(CN)N)=O
GlucoseAmm	G4	C(C(CCO)O)(C(CN)O)=O
GlucoseAmm	G4	C(C(CCO)O)(C(CO)(C)O)=O
GlucoseAmm	G4	C(C(CCO)O)(C(CO)N)=O
GlucoseAmm	G4	C(C(CCO)O)(CC(CO)=O)=O
GlucoseAmm	G4	C(C(CCO)O)(CCN)=O
GlucoseAmm	G4	C(C(CCO)O)(CCO)=O
GlucoseAmm	G4	C(C(CCO)O)O
GlucoseAmm	G4	C(C(CN)(C(C(C(O)=O)O)O)N)=O
GlucoseAmm	G4	C(C(CN)(C(C(C)=O)(C)O)O)=O
GlucoseAmm	G4	C(C(CN)(C(C(C)=O)N)O)=O
GlucoseAmm	G4	C(C(CN)(C(C(C)=O)O)O)=O
GlucoseAmm	G4	C(C(CN)(C(C(C)N)O)O)=O
GlucoseAmm	G4	C(C(CN)(C(C(C=C)=O)O)O)=O
GlucoseAmm	G4	C(C(CN)(C(C(C=O)=O)O)O)=O
GlucoseAmm	G4	C(C(CN)(C(C(CN)=O)O)O)=O
GlucoseAmm	G4	C(C(CN)(C(C(CN)N)O)O)=O
GlucoseAmm	G4	C(C(CN)(C(C(CN)N)O)O)O
GlucoseAmm	G4	C(C(CN)(C(C(CN)O)O)N)=O
GlucoseAmm	G4	C(C(CN)(C(C(CN)O)O)O)=O
GlucoseAmm	G4	C(C(CN)(C(C(CO)=O)O)O)=O
GlucoseAmm	G4	C(C(CN)(C(C(CO)N)N)O)O
GlucoseAmm	G4	C(C(CN)(C(C(CO)N)O)O)=O
GlucoseAmm	G4	C(C(CN)(C(C(CO)O)O)O)=O
GlucoseAmm	G4	C(C(CN)(C(C(CO)O)O)O)O
GlucoseAmm	G4	C(C(CN)(C(C(N)=C)O)O)=O
GlucoseAmm	G4	C(C(CN)(C(C(O)=O)(C)O)N)=O
GlucoseAmm	G4	C(C(CN)(C(C(O)=O)N)O)=O
GlucoseAmm	G4	C(C(CN)(C(C(O)=O)O)N)=O
GlucoseAmm	G4	C(C(CN)(C(C(O)=O)O)O)=O
GlucoseAmm	G4	C(C(CN)(C(C)(CN)O)O)=O
GlucoseAmm	G4	C(C(CN)(C(C)O)O)=O
GlucoseAmm	G4	C(C(CN)(C(C=C)(CO)O)O)=O
GlucoseAmm	G4	C(C(CN)(C(C=CN)O)O)=O
GlucoseAmm	G4	C(C(CN)(C(C=O)(CN)O)O)=O
GlucoseAmm	G4	C(C(CN)(C(C=O)N)O)=O
GlucoseAmm	G4	C(C(CN)(C(C=O)O)O)=O
GlucoseAmm	G4	C(C(CN)(C(CC(C)O)O)O)=O
GlucoseAmm	G4	C(C(CN)(C(CC=O)N)N)=O
GlucoseAmm	G4	C(C(CN)(C(CC=O)N)O)=O
GlucoseAmm	G4	C(C(CN)(C(CCO)N)O)(O)=O
GlucoseAmm	G4	C(C(CN)(C(CCO)O)O)(O)=O
GlucoseAmm	G4	C(C(CN)(C(CCO)O)O)=O
GlucoseAmm	G4	C(C(CN)(C(CN)(C)O)N)=O
GlucoseAmm	G4	C(C(CN)(C(CN)(CN)O)O)=O
GlucoseAmm	G4	C(C(CN)(C(CN)N)O)O
GlucoseAmm	G4	C(C(CN)(C(CN)O)N)=O
GlucoseAmm	G4	C(C(CN)(C(CN)O)O)=O
GlucoseAmm	G4	C(C(CN)(C(CN)O)O)O
GlucoseAmm	G4	C(C(CN)(C(CO)(C)O)O)=O
GlucoseAmm	G4	C(C(CN)(C(CO)(CN)O)O)=O
GlucoseAmm	G4	C(C(CN)(C(CO)(CN)O)O)O
GlucoseAmm	G4	C(C(CN)(C(CO)(CO)O)O)=O
GlucoseAmm	G4	C(C(CN)(C(CO)N)O)O
GlucoseAmm	G4	C(C(CN)(C(CO)O)O)=O
GlucoseAmm	G4	C(C(CN)(C(CO)O)O)O
GlucoseAmm	G4	C(C(CN)(CC(C(O)=O)=O)O)=O
GlucoseAmm	G4	C(C(CN)(CC(C)=O)O)(O)=O
GlucoseAmm	G4	C(C(CN)(CC(C=O)N)N)=O
GlucoseAmm	G4	C(C(CN)(CC(C=O)N)O)=O
GlucoseAmm	G4	C(C(CN)(CC(CN)=O)O)=O
GlucoseAmm	G4	C(C(CN)(CC(CO)N)O)(O)=O
GlucoseAmm	G4	C(C(CN)(CCN)O)O
GlucoseAmm	G4	C(C(CN)(CCO)O)O
GlucoseAmm	G4	C(C(CN)(CO)N)=O
GlucoseAmm	G4	C(C(CN)(CO)NCC=O)=O
GlucoseAmm	G4	C(C(CN)=O)(C(C(C)N)N)=O
GlucoseAmm	G4	C(C(CN)=O)(C(C(C)N)O)=O
GlucoseAmm	G4	C(C(CN)=O)(C(C(C)O)N)=O
GlucoseAmm	G4	C(C(CN)=O)(C(C(C)O)O)=O
GlucoseAmm	G4	C(C(CN)=O)(C(C(CO)N)O)=O
GlucoseAmm	G4	C(C(CN)=O)(C(C(CO)O)N)=O
GlucoseAmm	G4	C(C(CN)=O)(C(C)C(CO)O)=O
GlucoseAmm	G4	C(C(CN)=O)(C(CCN)N)=O
GlucoseAmm	G4	C(C(CN)=O)(C(CCN)O)=O
GlucoseAmm	G4	C(C(CN)=O)(C(CN)CO)=O
GlucoseAmm	G4	C(C(CN)=O)(C(CO)CCO)=O
GlucoseAmm	G4	C(C(CN)=O)(C(CO)CO)=O
GlucoseAmm	G4	C(C(CN)=O)(CC(CCO)O)=O
GlucoseAmm	G4	C(C(CN)=O)(CC(CN)O)=O
GlucoseAmm	G4	C(C(CN)C(C(C)=O)(CO)O)=O
GlucoseAmm	G4	C(C(CN)C(C(CCO)=O)O)=O
GlucoseAmm	G4	C(C(CN)C(C(CN)=O)O)=O
GlucoseAmm	G4	C(C(CN)C(C(CO)=O)CO)=O
GlucoseAmm	G4	C(C(CN)C(C(CO)=O)N)=O
GlucoseAmm	G4	C(C(CN)C(C(CO)=O)O)=O
GlucoseAmm	G4	C(C(CN)C(C(O)=O)O)=O
GlucoseAmm	G4	C(C(CN)C(C=O)(CO)O)=O
GlucoseAmm	G4	C(C(CN)CC(C(CO)O)=O)=O
GlucoseAmm	G4	C(C(CN)N)(C(C(C)=O)N)=O
GlucoseAmm	G4	C(C(CN)N)(C(C(CO)=O)O)=O
GlucoseAmm	G4	C(C(CN)N)(C(C(N)=C)O)=O
GlucoseAmm	G4	C(C(CN)N)(C(CO)(C)O)=O
GlucoseAmm	G4	C(C(CN)N)(C(CO)(CN)O)=O
GlucoseAmm	G4	C(C(CN)N)(C(CO)(CO)O)=O
GlucoseAmm	G4	C(C(CN)N)(CC(CN)=O)=O
GlucoseAmm	G4	C(C(CN)N)(CC(CN)O)=O
GlucoseAmm	G4	C(C(CN)N)(CC(CO)N)=O
GlucoseAmm	G4	C(C(CN)N)(CC(CO)O)=O
GlucoseAmm	G4	C(C(CN)N)(O)=O
GlucoseAmm	G4	C(C(CN)N)N
GlucoseAmm	G4	C(C(CN)N)O
GlucoseAmm	G4	C(C(CN)NC(C=O)CN)=O
GlucoseAmm	G4	C(C(CN)NC(C=O)CO)=O
GlucoseAmm	G4	C(C(CN)NCC(C(O)=O)=O)=O
GlucoseAmm	G4	C(C(CN)NCC(C(O)=O)O)=O
GlucoseAmm	G4	C(C(CN)NCC(C=O)O)=O
GlucoseAmm	G4	C(C(CN)NCC(CN)=O)=O
GlucoseAmm	G4	C(C(CN)NCC(CO)=O)(O)=O
GlucoseAmm	G4	C(C(CN)NCC(CO)N)=O
GlucoseAmm	G4	C(C(CN)NCC(O)=O)=O
GlucoseAmm	G4	C(C(CN)NCCN)=O
GlucoseAmm	G4	C(C(CN)NCCO)=O
GlucoseAmm	G4	C(C(CN)O)(C(C(C)=O)CO)=O
GlucoseAmm	G4	C(C(CN)O)(C(C(C)=O)N)=O
GlucoseAmm	G4	C(C(CN)O)(C(C(C)N)N)=O
GlucoseAmm	G4	C(C(CN)O)(C(C(C)O)N)=O
GlucoseAmm	G4	C(C(CN)O)(C(C(CN)=O)O)=O
GlucoseAmm	G4	C(C(CN)O)(C(C(CN)O)N)=O
GlucoseAmm	G4	C(C(CN)O)(C(C(CO)=O)O)=O
GlucoseAmm	G4	C(C(CN)O)(C(C(CO)N)N)=O
GlucoseAmm	G4	C(C(CN)O)(C(C(N)=C)O)=O
GlucoseAmm	G4	C(C(CN)O)(C(C)N)=O
GlucoseAmm	G4	C(C(CN)O)(C(C=C)N)=O
GlucoseAmm	G4	C(C(CN)O)(C(C=C)O)=O
GlucoseAmm	G4	C(C(CN)O)(C(CCN)N)=O
GlucoseAmm	G4	C(C(CN)O)(C(CCO)N)=O
GlucoseAmm	G4	C(C(CN)O)(C(CN)N)=O
GlucoseAmm	G4	C(C(CN)O)(C(CN)O)=O
GlucoseAmm	G4	C(C(CN)O)(C(CO)(C)O)=O
GlucoseAmm	G4	C(C(CN)O)(C(CO)(CN)O)=O
GlucoseAmm	G4	C(C(CN)O)(C(CO)(CO)O)=O
GlucoseAmm	G4	C(C(CN)O)(C(CO)N)=O
GlucoseAmm	G4	C(C(CN)O)(CC(C)O)=O
GlucoseAmm	G4	C(C(CN)O)(CC(CCO)O)=O
GlucoseAmm	G4	C(C(CN)O)(CC(CN)N)=O
GlucoseAmm	G4	C(C(CN)O)(CC(CN)O)=O
GlucoseAmm	G4	C(C(CN)O)(CC(CO)N)=O
GlucoseAmm	G4	C(C(CN)O)(CC(N)=C)=O
GlucoseAmm	G4	C(C(CN)O)(CCCO)=O
GlucoseAmm	G4	C(C(CN)O)(CCO)=O
GlucoseAmm	G4	C(C(CN)O)(O)=O
GlucoseAmm	G4	C(C(CN)O)N
GlucoseAmm	G4	C(C(CN)O)O
GlucoseAmm	G4	C(C(CNC(C=O)CN)N)=O
GlucoseAmm	G4	C(C(CNC(C=O)CO)N)=O
GlucoseAmm	G4	C(C(CNCC(C(O)=O)=O)N)=O
GlucoseAmm	G4	C(C(CNCC(C(O)=O)=O)O)=O
GlucoseAmm	G4	C(C(CNCC(C(O)=O)O)N)=O
GlucoseAmm	G4	C(C(CNCC(C)=O)O)(O)=O
GlucoseAmm	G4	C(C(CNCC(C=O)=O)O)(O)=O
GlucoseAmm	G4	C(C(CNCC(C=O)N)N)=O
GlucoseAmm	G4	C(C(CNCC(C=O)O)N)=O
GlucoseAmm	G4	C(C(CNCC(C=O)O)O)(O)=O
GlucoseAmm	G4	C(C(CNCC(C=O)O)O)=O
GlucoseAmm	G4	C(C(CNCC(CN)=O)N)=O
GlucoseAmm	G4	C(C(CNCC(CN)=O)O)(O)=O
GlucoseAmm	G4	C(C(CNCC(CN)=O)O)=O
GlucoseAmm	G4	C(C(CNCC(CO)=O)N)=O
GlucoseAmm	G4	C(C(CNCC(CO)=O)O)(O)=O
GlucoseAmm	G4	C(C(CNCC(CO)N)=O)=O
GlucoseAmm	G4	C(C(CNCC(CO)N)O)=O
GlucoseAmm	G4	C(C(CNCC(O)=O)N)=O
GlucoseAmm	G4	C(C(CNCC(O)=O)O)(O)=O
GlucoseAmm	G4	C(C(CNCC(O)=O)O)=O
GlucoseAmm	G4	C(C(CNCC=O)O)(O)=O
GlucoseAmm	G4	C(C(CNCCN)O)=O
GlucoseAmm	G4	C(C(CNCCO)=O)(CN)=O
GlucoseAmm	G4	C(C(CNCCO)=O)(O)=O
GlucoseAmm	G4	C(C(CNCCO)N)=O
GlucoseAmm	G4	C(C(CNCCO)O)(O)=O
GlucoseAmm	G4	C(C(CNCCO)O)=O
GlucoseAmm	G4	C(C(CO)(C(C(C)=O)(C)O)O)=O
GlucoseAmm	G4	C(C(CO)(C(C(C)=O)N)O)=O
GlucoseAmm	G4	C(C(CO)(C(C(C)=O)O)N)=O
GlucoseAmm	G4	C(C(CO)(C(C(C)N)O)O)=O
GlucoseAmm	G4	C(C(CO)(C(C(C=C)=O)N)O)=O
GlucoseAmm	G4	C(C(CO)(C(C(C=C)=O)O)N)=O
GlucoseAmm	G4	C(C(CO)(C(C(C=C)N)O)O)=O
GlucoseAmm	G4	C(C(CO)(C(C(C=O)=O)O)O)=C
GlucoseAmm	G4	C(C(CO)(C(C(C=O)N)O)O)=O
GlucoseAmm	G4	C(C(CO)(C(C(C=O)O)O)N)=O
GlucoseAmm	G4	C(C(CO)(C(C(CN)=O)O)O)=O
GlucoseAmm	G4	C(C(CO)(C(C(CN)N)O)O)(O)=O
GlucoseAmm	G4	C(C(CO)(C(C(CN)N)O)O)=O
GlucoseAmm	G4	C(C(CO)(C(C(CN)N)O)O)O
GlucoseAmm	G4	C(C(CO)(C(C(CN)O)O)N)=O
GlucoseAmm	G4	C(C(CO)(C(C(CN)O)O)O)=O
GlucoseAmm	G4	C(C(CO)(C(C(CO)=O)C)O)=O
GlucoseAmm	G4	C(C(CO)(C(C(CO)=O)N)O)=O
GlucoseAmm	G4	C(C(CO)(C(C(CO)N)O)O)=O
GlucoseAmm	G4	C(C(CO)(C(C(CO)O)O)N)=O
GlucoseAmm	G4	C(C(CO)(C(C(N)=C)O)O)=O
GlucoseAmm	G4	C(C(CO)(C(C(O)=O)(C)O)N)=O
GlucoseAmm	G4	C(C(CO)(C(C(O)=O)N)O)=O
GlucoseAmm	G4	C(C(CO)(C(C(O)=O)O)N)=O
GlucoseAmm	G4	C(C(CO)(C(C)(CC=O)O)O)=O
GlucoseAmm	G4	C(C(CO)(C(C)(CN)O)O)(O)=O
GlucoseAmm	G4	C(C(CO)(C(C)(CN)O)O)=O
GlucoseAmm	G4	C(C(CO)(C(C)(CO)O)N)=O
GlucoseAmm	G4	C(C(CO)(C(C)N)O)=O
GlucoseAmm	G4	C(C(CO)(C(C)O)C(C=O)O)=O
GlucoseAmm	G4	C(C(CO)(C(C)O)N)=O
GlucoseAmm	G4	C(C(CO)(C(C)O)O)(O)=O
GlucoseAmm	G4	C(C(CO)(C(C=C)(CO)O)O)=O
GlucoseAmm	G4	C(C(CO)(C(C=CN)O)O)=O
GlucoseAmm	G4	C(C(CO)(C(C=O)(C)O)N)=O
GlucoseAmm	G4	C(C(CO)(C(C=O)(CN)O)O)=O
GlucoseAmm	G4	C(C(CO)(C(C=O)N)O)=O
GlucoseAmm	G4	C(C(CO)(C(C=O)O)N)=O
GlucoseAmm	G4	C(C(CO)(C(CC(C)=O)N)O)=O
GlucoseAmm	G4	C(C(CO)(C(CC(C)O)O)O)=O
GlucoseAmm	G4	C(C(CO)(C(CC=O)N)O)(O)=O
GlucoseAmm	G4	C(C(CO)(C(CC=O)N)O)=O
GlucoseAmm	G4	C(C(CO)(C(CC=O)O)O)=O
GlucoseAmm	G4	C(C(CO)(C(CCC=O)N)O)=O
GlucoseAmm	G4	C(C(CO)(C(CCO)N)O)(O)=O
GlucoseAmm	G4	C(C(CO)(C(CCO)O)O)=O
GlucoseAmm	G4	C(C(CO)(C(CN)(C)O)N)=O
GlucoseAmm	G4	C(C(CO)(C(CN)(CN)O)O)(O)=O
GlucoseAmm	G4	C(C(CO)(C(CN)(CN)O)O)=O
GlucoseAmm	G4	C(C(CO)(C(CN)(CO)O)N)=O
GlucoseAmm	G4	C(C(CO)(C(CN)N)O)O
GlucoseAmm	G4	C(C(CO)(C(CN)O)N)=O
GlucoseAmm	G4	C(C(CO)(C(CN)O)O)(O)=O
GlucoseAmm	G4	C(C(CO)(C(CN)O)O)O
GlucoseAmm	G4	C(C(CO)(C(CNC=O)O)O)=O
GlucoseAmm	G4	C(C(CO)(C(CO)(CN)O)O)O
GlucoseAmm	G4	C(C(CO)(C(CO)(CO)O)N)=O
GlucoseAmm	G4	C(C(CO)(C(CO)N)O)(O)=O
GlucoseAmm	G4	C(C(CO)(C(CO)N)O)O
GlucoseAmm	G4	C(C(CO)(C(CO)NC=O)O)=O
GlucoseAmm	G4	C(C(CO)(C(CO)O)N)=O
GlucoseAmm	G4	C(C(CO)(C(CO)O)O)O
GlucoseAmm	G4	C(C(CO)(C)O)(O)=O
GlucoseAmm	G4	C(C(CO)(C1(C=CCO1)O)O)=O
GlucoseAmm	G4	C(C(CO)(CC(C(C)=O)N)O)=O
GlucoseAmm	G4	C(C(CO)(CC(C(C)N)=O)O)=O
GlucoseAmm	G4	C(C(CO)(CC(C(N)=C)=O)O)=O
GlucoseAmm	G4	C(C(CO)(CC(C(O)=O)=O)O)=C
GlucoseAmm	G4	C(C(CO)(CC(C)=O)O)(O)=O
GlucoseAmm	G4	C(C(CO)(CC(C=O)N)O)(O)=O
GlucoseAmm	G4	C(C(CO)(CC(C=O)N)O)=O
GlucoseAmm	G4	C(C(CO)(CC(C=O)O)N)=O
GlucoseAmm	G4	C(C(CO)(CC(CC=O)N)O)=O
GlucoseAmm	G4	C(C(CO)(CC(CC=O)O)O)=O
GlucoseAmm	G4	C(C(CO)(CC(CCN)=O)O)=O
GlucoseAmm	G4	C(C(CO)(CC(CCO)=O)O)=O
GlucoseAmm	G4	C(C(CO)(CC(CN)=O)O)=O
GlucoseAmm	G4	C(C(CO)(CC(CO)=O)N)=O
GlucoseAmm	G4	C(C(CO)(CC(CO)N)O)(O)=O
GlucoseAmm	G4	C(C(CO)(CC(CO)N)O)=O
GlucoseAmm	G4	C(C(CO)(CC(O)=O)O)=O
GlucoseAmm	G4	C(C(CO)(CC=O)O)(C(C)N)=O
GlucoseAmm	G4	C(C(CO)(CC=O)O)(C(C)O)=O
GlucoseAmm	G4	C(C(CO)(CC=O)O)(CCN)=O
GlucoseAmm	G4	C(C(CO)(CC=O)O)(CCO)=O
GlucoseAmm	G4	C(C(CO)(CC=O)O)(O)=O
GlucoseAmm	G4	C(C(CO)(CCC(CO)=O)N)=O
GlucoseAmm	G4	C(C(CO)(CCC(CO)=O)O)=O
GlucoseAmm	G4	C(C(CO)(CCC=O)O)(O)=O
GlucoseAmm	G4	C(C(CO)(CCN)O)=O
GlucoseAmm	G4	C(C(CO)(CCN)O)O
GlucoseAmm	G4	C(C(CO)(CCO)N)=O
GlucoseAmm	G4	C(C(CO)(CCO)O)(O)=O
GlucoseAmm	G4	C(C(CO)(CCO)O)=O
GlucoseAmm	G4	C(C(CO)(CCO)O)O
GlucoseAmm	G4	C(C(CO)(CN)O)(CC(C)=O)=O
GlucoseAmm	G4	C(C(CO)(CN)O)=O
GlucoseAmm	G4	C(C(CO)(CN)O)O
GlucoseAmm	G4	C(C(CO)(CNCC=O)O)=O
GlucoseAmm	G4	C(C(CO)(CO)C(C=O)O)=O
GlucoseAmm	G4	C(C(CO)(CO)N)=O
GlucoseAmm	G4	C(C(CO)(CO)NCC=O)=O
GlucoseAmm	G4	C(C(CO)(CO)O)(CC(C)=O)=O
GlucoseAmm	G4	C(C(CO)(CO)O)(O)=O
GlucoseAmm	G4	C(C(CO)(CO)O)O
GlucoseAmm	G4	C(C(CO)=O)(C(C(C)N)N)=O
GlucoseAmm	G4	C(C(CO)=O)(C(C(C)N)O)=O
GlucoseAmm	G4	C(C(CO)=O)(C(C(C)O)N)=O
GlucoseAmm	G4	C(C(CO)=O)(C(C(C)O)O)=O
GlucoseAmm	G4	C(C(CO)=O)(C(C(CO)N)O)=O
GlucoseAmm	G4	C(C(CO)=O)(C(C(CO)O)N)=O
GlucoseAmm	G4	C(C(CO)=O)(C(C)C(CO)O)=O
GlucoseAmm	G4	C(C(CO)=O)(C(CCN)N)=O
GlucoseAmm	G4	C(C(CO)=O)(C(CCN)O)=O
GlucoseAmm	G4	C(C(CO)=O)(C(CN)O)=O
GlucoseAmm	G4	C(C(CO)=O)(C(CO)(C)O)=O
GlucoseAmm	G4	C(C(CO)=O)(C(CO)(CN)O)=O
GlucoseAmm	G4	C(C(CO)=O)(C(CO)CCO)=O
GlucoseAmm	G4	C(C(CO)=O)(C(CO)CN)=O
GlucoseAmm	G4	C(C(CO)=O)(C(CO)O)=O
GlucoseAmm	G4	C(C(CO)=O)(CC(C(C)N)O)=O
GlucoseAmm	G4	C(C(CO)=O)(CC(C)(CN)O)=O
GlucoseAmm	G4	C(C(CO)=O)(CC(CCO)O)=O
GlucoseAmm	G4	C(C(CO)=O)(CC(CN)O)=O
GlucoseAmm	G4	C(C(CO)=O)(CNCCO)=O
GlucoseAmm	G4	C(C(CO)C(C(C(C)=O)N)O)=O
GlucoseAmm	G4	C(C(CO)C(C(C(C)=O)O)N)=O
GlucoseAmm	G4	C(C(CO)C(C(C(C)=O)O)O)=O
GlucoseAmm	G4	C(C(CO)C(C(C(C)N)=O)O)=O
GlucoseAmm	G4	C(C(CO)C(C(C(C)O)=O)O)=O
GlucoseAmm	G4	C(C(CO)C(C(C(C)O)N)O)=O
GlucoseAmm	G4	C(C(CO)C(C(C(C)O)O)O)=O
GlucoseAmm	G4	C(C(CO)C(C(C(N)=C)O)O)=O
GlucoseAmm	G4	C(C(CO)C(C(C)=O)(CO)O)=O
GlucoseAmm	G4	C(C(CO)C(C(C)N)O)=O
GlucoseAmm	G4	C(C(CO)C(C(C=O)O)O)=O
GlucoseAmm	G4	C(C(CO)C(C(CC=O)N)O)=O
GlucoseAmm	G4	C(C(CO)C(C(CC=O)O)N)=O
GlucoseAmm	G4	C(C(CO)C(C(CC=O)O)O)=O
GlucoseAmm	G4	C(C(CO)C(C(CCN)=O)O)=O
GlucoseAmm	G4	C(C(CO)C(C(CCO)=O)N)=O
GlucoseAmm	G4	C(C(CO)C(C(CCO)=O)O)=O
GlucoseAmm	G4	C(C(CO)C(C(CCO)N)O)=O
GlucoseAmm	G4	C(C(CO)C(C(CCO)O)O)=O
GlucoseAmm	G4	C(C(CO)C(C(CN)=O)O)=O
GlucoseAmm	G4	C(C(CO)C(C(CN)N)O)=O
GlucoseAmm	G4	C(C(CO)C(C(CN)O)O)=O
GlucoseAmm	G4	C(C(CO)C(C(CO)=O)CO)=O
GlucoseAmm	G4	C(C(CO)C(C(CO)=O)N)=O
GlucoseAmm	G4	C(C(CO)C(C(CO)=O)O)=O
GlucoseAmm	G4	C(C(CO)C(C(CO)N)O)=O
GlucoseAmm	G4	C(C(CO)C(C(CO)O)O)=O
GlucoseAmm	G4	C(C(CO)C(C(N)=C)O)=O
GlucoseAmm	G4	C(C(CO)C(C(O)=O)(C)O)=O
GlucoseAmm	G4	C(C(CO)C(C(O)=O)O)=O
GlucoseAmm	G4	C(C(CO)C(C)(C(C=O)O)O)=O
GlucoseAmm	G4	C(C(CO)C(C)(C(CO)O)O)=O
GlucoseAmm	G4	C(C(CO)C(C)(CN)O)=O
GlucoseAmm	G4	C(C(CO)C(C=CN)O)=O
GlucoseAmm	G4	C(C(CO)C(C=O)(C(C)O)O)=O
GlucoseAmm	G4	C(C(CO)C(C=O)(CO)O)=O
GlucoseAmm	G4	C(C(CO)C(C=O)N)(CCO)=O
GlucoseAmm	G4	C(C(CO)C(C=O)O)(C(C)N)=O
GlucoseAmm	G4	C(C(CO)C(C=O)O)(CCN)=O
GlucoseAmm	G4	C(C(CO)C(C=O)O)(CCO)=O
GlucoseAmm	G4	C(C(CO)C(C=O)O)(O)=O
GlucoseAmm	G4	C(C(CO)C(CC(C)O)O)=O
GlucoseAmm	G4	C(C(CO)C(CC(C=O)N)O)=O
GlucoseAmm	G4	C(C(CO)C(CC(C=O)O)N)=O
GlucoseAmm	G4	C(C(CO)C(CC(C=O)O)O)=O
GlucoseAmm	G4	C(C(CO)C(CC(CN)=O)O)=O
GlucoseAmm	G4	C(C(CO)C(CC(CN)O)O)=O
GlucoseAmm	G4	C(C(CO)C(CC(CO)=O)N)=O
GlucoseAmm	G4	C(C(CO)C(CC(CO)=O)O)=O
GlucoseAmm	G4	C(C(CO)C(CC(CO)O)O)=O
GlucoseAmm	G4	C(C(CO)C(CCO)O)=O
GlucoseAmm	G4	C(C(CO)C(CN)O)=O
GlucoseAmm	G4	C(C(CO)C(CO)(CC=O)O)=O
GlucoseAmm	G4	C(C(CO)C(CO)(CCO)O)=O
GlucoseAmm	G4	C(C(CO)C(CO)(CN)O)=O
GlucoseAmm	G4	C(C(CO)C(CO)(CO)O)=O
GlucoseAmm	G4	C(C(CO)C(CO)N)=O
GlucoseAmm	G4	C(C(CO)C(CO)N)O
GlucoseAmm	G4	C(C(CO)C(CO)O)=O
GlucoseAmm	G4	C(C(CO)CC(C(C=O)O)N)=O
GlucoseAmm	G4	C(C(CO)CC(C(CN)O)=O)=O
GlucoseAmm	G4	C(C(CO)CC(C(CO)=O)N)=O
GlucoseAmm	G4	C(C(CO)CC(C(CO)O)=O)=O
GlucoseAmm	G4	C(C(CO)CC=O)(C(CN)O)=O
GlucoseAmm	G4	C(C(CO)CC=O)(C(CO)O)=O
GlucoseAmm	G4	C(C(CO)CN)(C(C(C)=O)O)=O
GlucoseAmm	G4	C(C(CO)CN)(CC(CO)=O)=O
GlucoseAmm	G4	C(C(CO)CO)(C(C(C)=O)O)=O
GlucoseAmm	G4	C(C(CO)CO)(CC(CN)=O)=O
GlucoseAmm	G4	C(C(CO)CO)(CC(CO)=O)=O
GlucoseAmm	G4	C(C(CO)N)(C(C(C)=O)N)=O
GlucoseAmm	G4	C(C(CO)N)(C(C(C=C)=O)O)=O
GlucoseAmm	G4	C(C(CO)N)(C(C(CN)=O)O)=O
GlucoseAmm	G4	C(C(CO)N)(C(C(CO)=O)O)=O
GlucoseAmm	G4	C(C(CO)N)(C(C(N)=C)O)=O
GlucoseAmm	G4	C(C(CO)N)(C(CO)(C)O)=O
GlucoseAmm	G4	C(C(CO)N)(C(CO)(CN)O)=O
GlucoseAmm	G4	C(C(CO)N)(C(CO)(CO)O)=O
GlucoseAmm	G4	C(C(CO)N)(C(CO)N)=O
GlucoseAmm	G4	C(C(CO)N)(CC(C)O)=O
GlucoseAmm	G4	C(C(CO)N)(CC(CCO)O)=O
GlucoseAmm	G4	C(C(CO)N)(CC(CN)N)=O
GlucoseAmm	G4	C(C(CO)N)(CC(CN)O)=O
GlucoseAmm	G4	C(C(CO)N)(CC(CO)N)=O
GlucoseAmm	G4	C(C(CO)N)(CCO)=O
GlucoseAmm	G4	C(C(CO)N)(O)=O
GlucoseAmm	G4	C(C(CO)N)O
GlucoseAmm	G4	C(C(CO)NC(C=O)CO)=O
GlucoseAmm	G4	C(C(CO)NCC(C(O)=O)=O)=O
GlucoseAmm	G4	C(C(CO)NCC(C(O)=O)O)=O
GlucoseAmm	G4	C(C(CO)NCC(C=O)O)=O
GlucoseAmm	G4	C(C(CO)NCC(CN)=O)=O
GlucoseAmm	G4	C(C(CO)NCC(CO)=O)(O)=O
GlucoseAmm	G4	C(C(CO)NCC(CO)N)=O
GlucoseAmm	G4	C(C(CO)NCC(O)=O)=O
GlucoseAmm	G4	C(C(CO)NCC=O)(O)=O
GlucoseAmm	G4	C(C(CO)NCCN)=O
GlucoseAmm	G4	C(C(CO)NCCO)=O
GlucoseAmm	G4	C(C(CO)O)(C(C(C)=O)CO)=O
GlucoseAmm	G4	C(C(CO)O)(C(C(C)=O)N)=O
GlucoseAmm	G4	C(C(CO)O)(C(C(C)N)N)=O
GlucoseAmm	G4	C(C(CO)O)(C(C(C=C)=O)O)=O
GlucoseAmm	G4	C(C(CO)O)(C(C(C=O)=C)N)=O
GlucoseAmm	G4	C(C(CO)O)(C(C(C=O)=C)O)=O
GlucoseAmm	G4	C(C(CO)O)(C(C(CN)=O)N)=O
GlucoseAmm	G4	C(C(CO)O)(C(C(CO)=O)N)=O
GlucoseAmm	G4	C(C(CO)O)(C(C(N)=C)N)=O
GlucoseAmm	G4	C(C(CO)O)(C(C(N)=C)O)=O
GlucoseAmm	G4	C(C(CO)O)(C(C)N)=O
GlucoseAmm	G4	C(C(CO)O)(C(C)O)=O
GlucoseAmm	G4	C(C(CO)O)(C(C=C)N)=O
GlucoseAmm	G4	C(C(CO)O)(C(C=C)O)=O
GlucoseAmm	G4	C(C(CO)O)(C(C=CN)N)=O
GlucoseAmm	G4	C(C(CO)O)(C(C=CN)O)=O
GlucoseAmm	G4	C(C(CO)O)(C(CCN)N)=O
GlucoseAmm	G4	C(C(CO)O)(C(CN)N)=O
GlucoseAmm	G4	C(C(CO)O)(C(CN)O)=O
GlucoseAmm	G4	C(C(CO)O)(C(CO)(C)O)=O
GlucoseAmm	G4	C(C(CO)O)(C(CO)(CN)O)=O
GlucoseAmm	G4	C(C(CO)O)(C(CO)(CO)N)=O
GlucoseAmm	G4	C(C(CO)O)(C(CO)C(C)O)=O
GlucoseAmm	G4	C(C(CO)O)(C(CO)CO)=O
GlucoseAmm	G4	C(C(CO)O)(C(CO)NC=O)=O
GlucoseAmm	G4	C(C(CO)O)(CC(C(C)N)O)=O
GlucoseAmm	G4	C(C(CO)O)(CC(C(C)O)=O)=O
GlucoseAmm	G4	C(C(CO)O)(CC(C(N)=C)=O)=O
GlucoseAmm	G4	C(C(CO)O)(CC(C)(CN)O)=O
GlucoseAmm	G4	C(C(CO)O)(CC(C)N)=O
GlucoseAmm	G4	C(C(CO)O)(CC(CCO)O)=O
GlucoseAmm	G4	C(C(CO)O)(CC(CN)N)=O
GlucoseAmm	G4	C(C(CO)O)(CC(N)=C)=O
GlucoseAmm	G4	C(C(CO)O)(CCCN)=O
GlucoseAmm	G4	C(C(CO)O)(CCCO)=O
GlucoseAmm	G4	C(C(CO)O)(CCN)=O
GlucoseAmm	G4	C(C(N)=O)(CC(C(CO)O)O)=O
GlucoseAmm	G4	C(C)(C(C(C(C(C)=O)O)N)O)=O
GlucoseAmm	G4	C(C)(C(C(C(C(C)=O)O)O)N)=O
GlucoseAmm	G4	C(C)(C(C(C(C(C)N)O)O)O)=O
GlucoseAmm	G4	C(C)(C(C(C(C(C)O)N)O)O)=O
GlucoseAmm	G4	C(C)(C(C(C(C(C)O)O)O)N)=O
GlucoseAmm	G4	C(C)(C(C(C(C(C)O)O)O)O)=O
GlucoseAmm	G4	C(C)(C(C(C(C(N)=C)=O)O)O)=O
GlucoseAmm	G4	C(C)(C(C(C(C(N)=C)O)O)O)=O
GlucoseAmm	G4	C(C)(C(C(C(C(N)=O)O)O)O)=O
GlucoseAmm	G4	C(C)(C(C(C(C)N)O)N)=O
GlucoseAmm	G4	C(C)(C(C(C(C)N)O)O)=O
GlucoseAmm	G4	C(C)(C(C(C(C=CN)=O)O)O)=O
GlucoseAmm	G4	C(C)(C(C(C(CCN)O)O)O)=O
GlucoseAmm	G4	C(C)(C(C(C(CCO)N)O)O)=O
GlucoseAmm	G4	C(C)(C(C(C(CCO)O)O)N)=O
GlucoseAmm	G4	C(C)(C(C(C(CCO)O)O)O)=O
GlucoseAmm	G4	C(C)(C(C(C(CN)=O)N)N)=O
GlucoseAmm	G4	C(C)(C(C(C(CN)N)N)O)=O
GlucoseAmm	G4	C(C)(C(C(C(CN)N)O)N)=O
GlucoseAmm	G4	C(C)(C(C(C(CN)N)O)O)=O
GlucoseAmm	G4	C(C)(C(C(C(CN)O)N)N)=O
GlucoseAmm	G4	C(C)(C(C(C(CN)O)N)O)=O
GlucoseAmm	G4	C(C)(C(C(C(CN)O)O)N)=O
GlucoseAmm	G4	C(C)(C(C(C(CN)O)O)O)=O
GlucoseAmm	G4	C(C)(C(C(C(CO)=O)N)N)=O
GlucoseAmm	G4	C(C)(C(C(C(CO)N)N)O)=O
GlucoseAmm	G4	C(C)(C(C(C(CO)N)O)N)=O
GlucoseAmm	G4	C(C)(C(C(C(CO)N)O)O)=O
GlucoseAmm	G4	C(C)(C(C(C(CO)O)N)N)=O
GlucoseAmm	G4	C(C)(C(C(C(N)=C)O)N)=O
GlucoseAmm	G4	C(C)(C(C(C(N)=C)O)O)=O
GlucoseAmm	G4	C(C)(C(C(C)(C(CN)O)O)O)=O
GlucoseAmm	G4	C(C)(C(C(C)(C(CO)N)O)O)=O
GlucoseAmm	G4	C(C)(C(C(C)(C(CO)O)O)N)=O
GlucoseAmm	G4	C(C)(C(C(C)(CN)O)O)=O
GlucoseAmm	G4	C(C)(C(C(C)(CO)O)N)=O
GlucoseAmm	G4	C(C)(C(C(C)O)(C(C)O)O)=O
GlucoseAmm	G4	C(C)(C(C(C)O)(C(C=O)N)O)=O
GlucoseAmm	G4	C(C)(C(C(C)O)(C(CN)O)O)=O
GlucoseAmm	G4	C(C)(C(C(C=CN)O)N)=O
GlucoseAmm	G4	C(C)(C(C(C=CN)O)O)=O
GlucoseAmm	G4	C(C)(C(C(CC(C)O)O)N)=O
GlucoseAmm	G4	C(C)(C(C(CC(C)O)O)O)=O
GlucoseAmm	G4	C(C)(C(C(CC(CN)=O)O)O)=O
GlucoseAmm	G4	C(C)(C(C(CC(CN)O)O)O)=O
GlucoseAmm	G4	C(C)(C(C(CC(CO)=O)N)O)=O
GlucoseAmm	G4	C(C)(C(C(CC(CO)=O)O)N)=O
GlucoseAmm	G4	C(C)(C(C(CC(CO)N)O)O)=O
GlucoseAmm	G4	C(C)(C(C(CC(CO)O)O)N)=O
GlucoseAmm	G4	C(C)(C(C(CC(CO)O)O)O)=O
GlucoseAmm	G4	C(C)(C(C(CC(N)=O)O)O)=O
GlucoseAmm	G4	C(C)(C(C(CCN)O)O)=O
GlucoseAmm	G4	C(C)(C(C(CCO)N)O)=O
GlucoseAmm	G4	C(C)(C(C(CCO)O)N)=O
GlucoseAmm	G4	C(C)(C(C(CCO)O)O)=O
GlucoseAmm	G4	C(C)(C(C(CN)(C(C)O)O)O)=O
GlucoseAmm	G4	C(C)(C(C(CN)(C)O)N)=O
GlucoseAmm	G4	C(C)(C(C(CN)(CCO)O)O)=O
GlucoseAmm	G4	C(C)(C(C(CN)(CN)O)N)=O
GlucoseAmm	G4	C(C)(C(C(CN)(CN)O)O)=O
GlucoseAmm	G4	C(C)(C(C(CN)(CO)O)N)=O
GlucoseAmm	G4	C(C)(C(C(CN)=O)(C(C)O)O)=O
GlucoseAmm	G4	C(C)(C(C(CN)=O)(CO)O)=O
GlucoseAmm	G4	C(C)(C(C(CN)N)O)=O
GlucoseAmm	G4	C(C)(C(C(CN)O)(CC=O)O)=O
GlucoseAmm	G4	C(C)(C(C(CN)O)N)=O
GlucoseAmm	G4	C(C)(C(C(CO)(C(C)N)O)O)=O
GlucoseAmm	G4	C(C)(C(C(CO)(C(C)O)O)N)=O
GlucoseAmm	G4	C(C)(C(C(CO)(C(C)O)O)O)=O
GlucoseAmm	G4	C(C)(C(C(CO)(CCN)O)O)=O
GlucoseAmm	G4	C(C)(C(C(CO)(CCO)O)N)=O
GlucoseAmm	G4	C(C)(C(C(CO)(CO)O)N)=O
GlucoseAmm	G4	C(C)(C(C(CO)=O)(C(C)O)O)=O
GlucoseAmm	G4	C(C)(C(C(CO)=O)(CO)O)=O
GlucoseAmm	G4	C(C)(C(C(CO)C(CO)N)O)=O
GlucoseAmm	G4	C(C)(C(C(CO)N)O)=O
GlucoseAmm	G4	C(C)(C(C(CO)O)(C(C)O)O)=O
GlucoseAmm	G4	C(C)(C(C(CO)O)(CC=O)O)=O
GlucoseAmm	G4	C(C)(C(C(CO)O)N)=O
GlucoseAmm	G4	C(C)(C(C)(C(C(CN)=O)O)O)=O
GlucoseAmm	G4	C(C)(C(C)(C(C(CO)=O)N)O)=O
GlucoseAmm	G4	C(C)(C(C)(C(C(CO)=O)O)O)=O
GlucoseAmm	G4	C(C)(C(C)(C(C(O)=O)N)O)=O
GlucoseAmm	G4	C(C)(C(C)(C(C(O)=O)O)O)=O
GlucoseAmm	G4	C(C)(C(CC(C(CO)=O)N)O)=O
GlucoseAmm	G4	C(C)(C(CC(C(CO)=O)O)O)=O
GlucoseAmm	G4	C(C)(C(CC(C(CO)O)N)O)=O
GlucoseAmm	G4	C(C)(C(CC(CO)N)O)=O
GlucoseAmm	G4	C(C)(C(CC(CO)O)N)=O
GlucoseAmm	G4	C(C)(C(CN)(C(C(C)=O)O)O)=O
GlucoseAmm	G4	C(C)(C(CN)(C(C(O)=O)N)O)=O
GlucoseAmm	G4	C(C)(C(CN)(C(C(O)=O)O)O)=O
GlucoseAmm	G4	C(C)(C(CN)(C(C)O)O)=O
GlucoseAmm	G4	C(C)(C(CN)(C(C=O)N)O)=O
GlucoseAmm	G4	C(C)(C(CN)(C(C=O)O)O)=O
GlucoseAmm	G4	C(C)(C(CN)(C(CCO)O)O)=O
GlucoseAmm	G4	C(C)(C(CN)(C(CN)O)O)=O
GlucoseAmm	G4	C(C)(C(CN)(C(CO)(C)O)O)=O
GlucoseAmm	G4	C(C)(C(CN)(C(CO)O)O)=O
GlucoseAmm	G4	C(C)(C(CN)(CC(CO)=O)O)=O
GlucoseAmm	G4	C(C)(C(CN)NCC(O)=O)=O
GlucoseAmm	G4	C(C)(C(CN)NCCO)=O
GlucoseAmm	G4	C(C)(C(CNCC(O)=O)N)=O
GlucoseAmm	G4	C(C)(C(CNCC(O)=O)O)=O
GlucoseAmm	G4	C(C)(C(CNCCN)O)=O
GlucoseAmm	G4	C(C)(C(CNCCO)N)=O
GlucoseAmm	G4	C(C)(C(CNCCO)O)=O
GlucoseAmm	G4	C(C)(C(CO)(C(C(C)=O)N)O)=O
GlucoseAmm	G4	C(C)(C(CO)(C(C(C)N)O)O)=O
GlucoseAmm	G4	C(C)(C(CO)(C(C(N)=C)O)O)=O
GlucoseAmm	G4	C(C)(C(CO)(C(C(O)=O)N)O)=O
GlucoseAmm	G4	C(C)(C(CO)(C(C(O)=O)O)N)=O
GlucoseAmm	G4	C(C)(C(CO)(C(C)(CN)O)O)=O
GlucoseAmm	G4	C(C)(C(CO)(C(C=CN)O)O)=O
GlucoseAmm	G4	C(C)(C(CO)(C(C=O)N)O)=O
GlucoseAmm	G4	C(C)(C(CO)(C(C=O)O)N)=O
GlucoseAmm	G4	C(C)(C(CO)(C(CCO)O)O)=O
GlucoseAmm	G4	C(C)(C(CO)(C(CN)O)N)=O
GlucoseAmm	G4	C(C)(C(CO)(CC(CN)=O)O)=O
GlucoseAmm	G4	C(C)(C(CO)(CC(CO)=O)O)=O
GlucoseAmm	G4	C(C)(C(CO)(CN)O)=O
GlucoseAmm	G4	C(C)(C(CO)(CO)N)=O
GlucoseAmm	G4	C(C)(C(CO)NCC(O)=O)=O
GlucoseAmm	G4	C(C)(C(CO)NCCN)=O
GlucoseAmm	G4	C(C)(C(CO)NCCO)=O
GlucoseAmm	G4	C(C)(C1(C(C(C(C1)=O)O)O)O)=O
GlucoseAmm	G4	C(C)(C1(C(C(CC1O)O)O)O)=O
GlucoseAmm	G4	C(C)(C1(C(C(CO1)O)O)O)=O
GlucoseAmm	G4	C(C)(C1(C(C)OC(C1O)O)O)=O
GlucoseAmm	G4	C(C)(C1(C(CC(C1O)=O)O)O)=O
GlucoseAmm	G4	C(C)(C1(C(O)OCC1(C)O)O)=O
GlucoseAmm	G4	C(C)(C1(C(O)OCC1O)O)=O
GlucoseAmm	G4	C(C)(C1(CNCC1O)O)=O
GlucoseAmm	G4	C(C)(C1(COC(C)(C1O)O)O)=O
GlucoseAmm	G4	C(C)(C1(COC(C1(C)O)O)O)=O
GlucoseAmm	G4	C(C)(C1(COC(C1O)O)O)=O
GlucoseAmm	G4	C(C)(C1C(C(C(C)(O1)O)O)O)=O
GlucoseAmm	G4	C(C)(C1C(C(C(O1)O)N)O)=O
GlucoseAmm	G4	C(C)(C1C(C(CN1)N)O)=O
GlucoseAmm	G4	C(C)(CC(C(CO)O)N)=O
GlucoseAmm	G4	C(C1(C(C(C(C1)=O)CO)O)O)=O
GlucoseAmm	G4	C(C1(C(C(C(C1)=O)O)O)O)=O
GlucoseAmm	G4	C(C1(C(C(C(C1)N)N)O)O)=O
GlucoseAmm	G4	C(C1(C(C(C(C1)O)N)O)O)=O
GlucoseAmm	G4	C(C1(C(C(C(C1O)O)N)O)O)=O
GlucoseAmm	G4	C(C1(C(C(C(C1O)O)O)O)N)=O
GlucoseAmm	G4	C(C1(C(C(C(CO1)O)N)O)O)=O
GlucoseAmm	G4	C(C1(C(C(C(CO1)O)O)N)O)=O
GlucoseAmm	G4	C(C1(C(C(CC1)N)O)O)=O
GlucoseAmm	G4	C(C1(C(C(CC1N)N)O)O)=O
GlucoseAmm	G4	C(C1(C(C(CC1N)N)O)O)O
GlucoseAmm	G4	C(C1(C(C(CC1N)O)O)N)O
GlucoseAmm	G4	C(C1(C(C(CC1N)O)O)O)=O
GlucoseAmm	G4	C(C1(C(C(CC1N)O)O)O)N
GlucoseAmm	G4	C(C1(C(C(CC1N)O)O)O)O
GlucoseAmm	G4	C(C1(C(C(CC1O)N)O)O)(O)=O
GlucoseAmm	G4	C(C1(C(C(CC1O)O)=O)CO)=O
GlucoseAmm	G4	C(C1(C(C(CC1O)O)=O)O)=O
GlucoseAmm	G4	C(C1(C(C(CC1O)O)O)N)=O
GlucoseAmm	G4	C(C1(C(C(CC1O)O)O)O)N
GlucoseAmm	G4	C(C1(C(C(CO)CC1O)=O)O)=O
GlucoseAmm	G4	C(C1(C(C(O)OCC1N)O)O)=O
GlucoseAmm	G4	C(C1(C(C)(CC(C1O)=O)O)O)=O
GlucoseAmm	G4	C(C1(C(C)(O)OCC1(C)O)O)=O
GlucoseAmm	G4	C(C1(C(C)(O)OCC1O)O)=O
GlucoseAmm	G4	C(C1(C(C)OC(C)(C1O)O)O)=O
GlucoseAmm	G4	C(C1(C(C)OC(C1O)O)O)=O
GlucoseAmm	G4	C(C1(C(C=CC1N)O)O)=O
GlucoseAmm	G4	C(C1(C(C=CC1O)O)O)(O)=O
GlucoseAmm	G4	C(C1(C(CC(C)(C1O)O)=O)O)=O
GlucoseAmm	G4	C(C1(C(CC(C1(C)O)O)=O)O)=O
GlucoseAmm	G4	C(C1(C(CC(C1)=O)O)O)(O)=O
GlucoseAmm	G4	C(C1(C(CC(C1)O)O)O)(O)=O
GlucoseAmm	G4	C(C1(C(CC(C1)O)O)O)=O
GlucoseAmm	G4	C(C1(C(CC(C1N)N)O)O)=O
GlucoseAmm	G4	C(C1(C(CC(C1N)N)O)O)O
GlucoseAmm	G4	C(C1(C(CC(C1N)O)O)O)(O)=O
GlucoseAmm	G4	C(C1(C(CC(C1N)O)O)O)N
GlucoseAmm	G4	C(C1(C(CC(C1N)O)O)O)O
GlucoseAmm	G4	C(C1(C(CC(C1O)=O)O)O)=O
GlucoseAmm	G4	C(C1(C(CC(C1O)N)O)O)N
GlucoseAmm	G4	C(C1(C(CC(C1O)N)O)O)O
GlucoseAmm	G4	C(C1(C(CC(C1O)O)=O)CO)=O
GlucoseAmm	G4	C(C1(C(CC(C1O)O)=O)O)=O
GlucoseAmm	G4	C(C1(C(CC(C1O)O)N)N)=O
GlucoseAmm	G4	C(C1(C(CC(CO)C1O)=O)O)=O
GlucoseAmm	G4	C(C1(C(CCC(C1O)=O)O)O)=O
GlucoseAmm	G4	C(C1(C(CCC1N)O)O)=O
GlucoseAmm	G4	C(C1(C(CCC1O)=O)O)(O)=O
GlucoseAmm	G4	C(C1(C(CN)OC(C1O)O)O)=O
GlucoseAmm	G4	C(C1(C(CNC1C=O)O)O)=O
GlucoseAmm	G4	C(C1(C(CNC1CO)=O)O)=O
GlucoseAmm	G4	C(C1(C(CNC1CO)O)O)(O)=O
GlucoseAmm	G4	C(C1(C(CNC1CO)O)O)=O
GlucoseAmm	G4	C(C1(C(CNCC1O)=O)O)=O
GlucoseAmm	G4	C(C1(C(CO)C(C(C1)=O)O)O)=O
GlucoseAmm	G4	C(C1(C(CO)CC(C1O)=O)O)=O
GlucoseAmm	G4	C(C1(C(N)=CCC1O)O)=O
GlucoseAmm	G4	C(C1(C)CC(C(O1)O)O)(O)=O
GlucoseAmm	G4	C(C1(C=C(CC1O)N)O)=O
GlucoseAmm	G4	C(C1(C=CC(C1N)O)O)=O
GlucoseAmm	G4	C(C1(C=CC(C1O)N)O)=O
GlucoseAmm	G4	C(C1(C=CC(C1O)O)N)=O
GlucoseAmm	G4	C(C1(C=CC(C1O)O)O)(O)=O
GlucoseAmm	G4	C(C1(C=CC(CO)(O1)O)CO)=O
GlucoseAmm	G4	C(C1(C=CC(CO)O1)O)(O)=O
GlucoseAmm	G4	C(C1(C=CC(CO1)O)O)(O)=O
GlucoseAmm	G4	C(C1(CC(C(C(C1)=O)O)O)O)=O
GlucoseAmm	G4	C(C1(CC(C(C1(C)O)O)O)O)=O
GlucoseAmm	G4	C(C1(CC(C(C1)=O)(CO)O)O)=O
GlucoseAmm	G4	C(C1(CC(C(C1)=O)O)O)(O)=O
GlucoseAmm	G4	C(C1(CC(C(C1)O)N)O)=O
GlucoseAmm	G4	C(C1(CC(C(C1)O)O)O)(O)=O
GlucoseAmm	G4	C(C1(CC(C(C1N)N)O)O)O
GlucoseAmm	G4	C(C1(CC(C(C1O)=O)CO)O)=O
GlucoseAmm	G4	C(C1(CC(C(C1O)N)O)O)O
GlucoseAmm	G4	C(C1(CC(C(C1O)O)N)N)=O
GlucoseAmm	G4	C(C1(CC(C(C1O)O)N)O)=O
GlucoseAmm	G4	C(C1(CC(C(C1O)O)N)O)N
GlucoseAmm	G4	C(C1(CC(C(C1O)O)N)O)O
GlucoseAmm	G4	C(C1(CC(C(C1O)O)O)N)(O)=O
GlucoseAmm	G4	C(C1(CC(C(C1O)O)O)N)N
GlucoseAmm	G4	C(C1(CC(C(C1O)O)O)N)O
GlucoseAmm	G4	C(C1(CC(C(C1O)O)O)O)N
GlucoseAmm	G4	C(C1(CC(C(C1O)O)O)O)O
GlucoseAmm	G4	C(C1(CC(C(CN)O1)N)O)O
GlucoseAmm	G4	C(C1(CC(C(CN)O1)O)O)O
GlucoseAmm	G4	C(C1(CC(CC(C1O)=O)O)O)=O
GlucoseAmm	G4	C(C1(CC(CC1(C=O)O)O)O)=O
GlucoseAmm	G4	C(C1(CC(CC1(CO)O)O)O)=O
GlucoseAmm	G4	C(C1(CC(CC1O)N)O)=O
GlucoseAmm	G4	C(C1(CC(O)OCC1(C)O)O)=O
GlucoseAmm	G4	C(C1(CC(O)OCC1)O)(O)=O
GlucoseAmm	G4	C(C1(CCC(C1O)=O)O)(O)=O
GlucoseAmm	G4	C(C1(CNC(CO)C1)O)(O)=O
GlucoseAmm	G4	C(C1(CNCC(C1O)=O)O)=O
GlucoseAmm	G4	C(C1(CNCC1(CO)O)O)=O
GlucoseAmm	G4	C(C1(CNCC1O)O)=O
GlucoseAmm	G4	C(C1(CO)C(C(C(C1)=O)O)O)=O
GlucoseAmm	G4	C(C1(CO)C(C(C(O1)=C)O)O)=O
GlucoseAmm	G4	C(C1(CO)C(CC(C1O)=O)O)=O
GlucoseAmm	G4	C(C1(COC(C)(C1O)O)O)=O
GlucoseAmm	G4	C(C1(COC(C1(C)O)O)O)=O
GlucoseAmm	G4	C(C1(COC(C1O)O)O)=O
GlucoseAmm	G4	C(C1(COC(C=C)(C1O)O)O)=O
GlucoseAmm	G4	C(C1(COC(CO)C1)O)(O)=O
GlucoseAmm	G4	C(C1(COCC(C1)O)O)(O)=O
GlucoseAmm	G4	C(C1C(C(C(C)(C1O)O)O)=O)=O
GlucoseAmm	G4	C(C1C(C(C(C)(O1)O)O)N)(O)=O
GlucoseAmm	G4	C(C1C(C(C(C1(C)O)O)O)=O)=O
GlucoseAmm	G4	C(C1C(C(C(C1(C)O)O)O)O)=O
GlucoseAmm	G4	C(C1C(C(C(C1)=O)(CO)O)O)=O
GlucoseAmm	G4	C(C1C(C(C(C1)=O)O)O)(O)=O
GlucoseAmm	G4	C(C1C(C(C(C1N)N)O)O)=O
GlucoseAmm	G4	C(C1C(C(C(C1N)N)O)O)O
GlucoseAmm	G4	C(C1C(C(C(C1N)O)N)O)=O
GlucoseAmm	G4	C(C1C(C(C(C1N)O)N)O)O
GlucoseAmm	G4	C(C1C(C(C(C1N)O)O)N)=O
GlucoseAmm	G4	C(C1C(C(C(C1N)O)O)N)O
GlucoseAmm	G4	C(C1C(C(C(C1N)O)O)O)(O)=O
GlucoseAmm	G4	C(C1C(C(C(C1N)O)O)O)N
GlucoseAmm	G4	C(C1C(C(C(C1N)O)O)O)O
GlucoseAmm	G4	C(C1C(C(C(C1O)=O)CO)O)=O
GlucoseAmm	G4	C(C1C(C(C(C1O)=O)O)O)=O
GlucoseAmm	G4	C(C1C(C(C(C1O)N)O)O)N
GlucoseAmm	G4	C(C1C(C(C(C1O)N)O)O)O
GlucoseAmm	G4	C(C1C(C(C(C1O)O)N)O)(O)=O
GlucoseAmm	G4	C(C1C(C(C(C1O)O)O)=O)=O
GlucoseAmm	G4	C(C1C(C(C(C1O)O)O)O)N
GlucoseAmm	G4	C(C1C(C(C(C=O)N1)O)O)=O
GlucoseAmm	G4	C(C1C(C(C(CN)(O1)O)O)O)=O
GlucoseAmm	G4	C(C1C(C(C(CN)O1)N)O)O
GlucoseAmm	G4	C(C1C(C(C(CN)O1)O)O)O
GlucoseAmm	G4	C(C1C(C(C(CN1)=O)O)O)=O
GlucoseAmm	G4	C(C1C(C(C(CO)C1O)O)=O)=O
GlucoseAmm	G4	C(C1C(C(C(CO)N1)O)O)=O
GlucoseAmm	G4	C(C1C(C(C(CO)O1)N)O)O
GlucoseAmm	G4	C(C1C(C(C(CO)O1)O)N)=O
GlucoseAmm	G4	C(C1C(C(C(CO)O1)O)O)O
GlucoseAmm	G4	C(C1C(C(C(CO1)O)N)O)=O
GlucoseAmm	G4	C(C1C(C(C(CO1)O)O)N)=O
GlucoseAmm	G4	C(C1C(C(C(O1)=C)O)O)(O)=O
GlucoseAmm	G4	C(C1C(C(CC(C1O)=O)O)O)=O
GlucoseAmm	G4	C(C1C(C(CC(N)O1)N)O)O
GlucoseAmm	G4	C(C1C(C(CC(O)O1)N)N)O
GlucoseAmm	G4	C(C1C(C(CC(O)O1)N)O)O
GlucoseAmm	G4	C(C1C(C(CC(O)O1)O)N)O
GlucoseAmm	G4	C(C1C(C(CC1(C=O)O)O)O)=O
GlucoseAmm	G4	C(C1C(C(CC1(CO)O)O)O)=O
GlucoseAmm	G4	C(C1C(C(CC1N)O)O)=O
GlucoseAmm	G4	C(C1C(C(CC1O)N)O)=O
GlucoseAmm	G4	C(C1C(C(CC1O)O)=O)(O)=O
GlucoseAmm	G4	C(C1C(C(CC1O)O)O)=O
GlucoseAmm	G4	C(C1C(C(CCN1)=O)O)(O)=O
GlucoseAmm	G4	C(C1C(C(CCN1)N)O)=O
GlucoseAmm	G4	C(C1C(C(CN1)O)N)=O
GlucoseAmm	G4	C(C1C(C(CN1)O)O)=O
GlucoseAmm	G4	C(C1C(C(CO)(CC1O)O)=O)=O
GlucoseAmm	G4	C(C1C(C(CO)(CN1)O)N)=O
GlucoseAmm	G4	C(C1C(C(CO)(CN1)O)O)=O
GlucoseAmm	G4	C(C1C(C(CO)C(C1O)O)=O)=O
GlucoseAmm	G4	C(C1C(C)(C(C(O1)O)N)O)=O
GlucoseAmm	G4	C(C1C(C)(C(CN1)O)O)=O
GlucoseAmm	G4	C(C1C(C=C(C1O)N)O)=O
GlucoseAmm	G4	C(C1C(CC(C(C1O)O)O)=O)=O
GlucoseAmm	G4	C(C1C(CC(C(O)O1)N)N)O
GlucoseAmm	G4	C(C1C(CC(C(O)O1)N)O)O
GlucoseAmm	G4	C(C1C(CC(C(O)O1)O)N)O
GlucoseAmm	G4	C(C1C(CC(C1(CO)O)=O)O)=O
GlucoseAmm	G4	C(C1C(CC(C1N)O)O)=O
GlucoseAmm	G4	C(C1C(CC(C1O)=O)O)(O)=O
GlucoseAmm	G4	C(C1C(CC(C1O)O)=O)(O)=O
GlucoseAmm	G4	C(C1C(CC(CN)(O)O1)N)O
GlucoseAmm	G4	C(C1C(CC(CN)(O)O1)O)O
GlucoseAmm	G4	C(C1C(CC(CO)(C1O)O)=O)=O
GlucoseAmm	G4	C(C1C(CC(CO)(O)O1)N)O
GlucoseAmm	G4	C(C1C(CC(CO)(O1)O)N)(O)=O
GlucoseAmm	G4	C(C1C(CC(CO)N1)=O)(O)=O
GlucoseAmm	G4	C(C1C(CC(CO)N1)N)=O
GlucoseAmm	G4	C(C1C(CN)(C(CN1)O)O)=O
GlucoseAmm	G4	C(C1C(CO)(C(CN1)O)O)=O
GlucoseAmm	G4	C(C1C(CO)(CC(C1O)=O)O)=O
GlucoseAmm	G4	C(C1C(CO)(CCN1)O)=O
GlucoseAmm	G4	C(C1C(CO)(O)OCC1(C)O)=O
GlucoseAmm	G4	C(C1C(CO)C(CN1)O)=O
GlucoseAmm	G4	C(C1C(N)=CC(C1O)O)=O
GlucoseAmm	G4	C(C1C=C(C(C1O)O)N)=O
GlucoseAmm	G4	C(C1C=CC(CO)(O1)O)(O)=O
GlucoseAmm	G4	C(C1CC(C(C(N)O1)O)N)O
GlucoseAmm	G4	C(C1CC(C(C(O)O1)N)N)O
GlucoseAmm	G4	C(C1CC(C(C(O)O1)N)O)O
GlucoseAmm	G4	C(C1CC(C(C(O)O1)O)N)O
GlucoseAmm	G4	C(C1CC(C(C)(O1)O)O)(O)=O
GlucoseAmm	G4	C(C1CC(C(C1O)O)N)=O
GlucoseAmm	G4	C(C1CC(C(CN)(O)O1)N)O
GlucoseAmm	G4	C(C1CC(C(CN1)=O)O)(O)=O
GlucoseAmm	G4	C(C1CC(C(CN1)N)O)=O
GlucoseAmm	G4	C(C1CC(C(CN1)O)N)=O
GlucoseAmm	G4	C(C1CC(C(CO)(O)O1)N)O
GlucoseAmm	G4	C(C1CC(C(CO)N1)N)=O
GlucoseAmm	G4	C(C1CC(CO)(CN1)O)=O
GlucoseAmm	G4	C(C1CCC(CO)(O1)O)(O)=O
GlucoseAmm	G4	C(CC(C(C(C(C)=O)N)O)O)=O
GlucoseAmm	G4	C(CC(C(C(C(C)=O)O)N)O)=O
GlucoseAmm	G4	C(CC(C(C(C(C)=O)O)O)N)=O
GlucoseAmm	G4	C(CC(C(C(C(C)N)=O)O)O)=O
GlucoseAmm	G4	C(CC(C(C(C(C)N)O)O)=O)=O
GlucoseAmm	G4	C(CC(C(C(C(C)N)O)O)O)=O
GlucoseAmm	G4	C(CC(C(C(C(C)O)=O)O)N)=O
GlucoseAmm	G4	C(CC(C(C(C(C)O)=O)O)O)=O
GlucoseAmm	G4	C(CC(C(C(C(C)O)O)=O)N)=O
GlucoseAmm	G4	C(CC(C(C(C(C)O)O)=O)O)=O
GlucoseAmm	G4	C(CC(C(C(C(N)=C)=O)O)O)=O
GlucoseAmm	G4	C(CC(C(C(C(N)=C)O)O)=O)=O
GlucoseAmm	G4	C(CC(C(C(C(N)=O)O)O)O)=O
GlucoseAmm	G4	C(CC(C(C(C(O)=O)N)O)=O)=O
GlucoseAmm	G4	C(CC(C(C(C(O)=O)N)O)N)=O
GlucoseAmm	G4	C(CC(C(C(C(O)=O)N)O)O)=O
GlucoseAmm	G4	C(CC(C(C(C(O)=O)O)N)=O)=O
GlucoseAmm	G4	C(CC(C(C(C(O)=O)O)N)N)=O
GlucoseAmm	G4	C(CC(C(C(C)(CN)O)O)=O)=O
GlucoseAmm	G4	C(CC(C(C(C)(CO)O)N)=O)=O
GlucoseAmm	G4	C(CC(C(C(C)(CO)O)N)O)=O
GlucoseAmm	G4	C(CC(C(C(C)(CO)O)O)N)=O
GlucoseAmm	G4	C(CC(C(C(C)(CO)O)O)O)=O
GlucoseAmm	G4	C(CC(C(C(C)=O)(CN)O)O)=O
GlucoseAmm	G4	C(CC(C(C(C)=O)(CO)O)N)=O
GlucoseAmm	G4	C(CC(C(C(C)=O)(CO)O)O)=O
GlucoseAmm	G4	C(CC(C(C(C)=O)O)N)(O)=O
GlucoseAmm	G4	C(CC(C(C(C)=O)O)O)(O)=O
GlucoseAmm	G4	C(CC(C(C(C)N)=O)O)(CO)=O
GlucoseAmm	G4	C(CC(C(C(C)N)O)=O)(O)=O
GlucoseAmm	G4	C(CC(C(C(C)N)O)O)=O
GlucoseAmm	G4	C(CC(C(C(C)O)=O)O)(CN)=O
GlucoseAmm	G4	C(CC(C(C(C)O)=O)O)(CO)=O
GlucoseAmm	G4	C(CC(C(C(C)O)N)O)=O
GlucoseAmm	G4	C(CC(C(C(C)O)O)=O)(O)=O
GlucoseAmm	G4	C(CC(C(C(C)O)O)N)=O
GlucoseAmm	G4	C(CC(C(C(C)O)O)O)=O
GlucoseAmm	G4	C(CC(C(C(C=CN)=O)O)O)=O
GlucoseAmm	G4	C(CC(C(C(C=CN)O)O)=O)=O
GlucoseAmm	G4	C(CC(C(C(C=O)N)N)N)=O
GlucoseAmm	G4	C(CC(C(C(C=O)N)N)O)=O
GlucoseAmm	G4	C(CC(C(C(C=O)N)O)=O)(O)=O
GlucoseAmm	G4	C(CC(C(C(C=O)N)O)N)=O
GlucoseAmm	G4	C(CC(C(C(C=O)N)O)O)(O)=O
GlucoseAmm	G4	C(CC(C(C(C=O)O)N)=O)(O)=O
GlucoseAmm	G4	C(CC(C(C(C=O)O)N)N)(O)=O
GlucoseAmm	G4	C(CC(C(C(CC=O)N)O)O)=O
GlucoseAmm	G4	C(CC(C(C(CC=O)O)O)O)=O
GlucoseAmm	G4	C(CC(C(C(CCN)=O)O)O)=O
GlucoseAmm	G4	C(CC(C(C(CCO)=O)N)O)=O
GlucoseAmm	G4	C(CC(C(C(CCO)=O)O)N)=O
GlucoseAmm	G4	C(CC(C(C(CCO)=O)O)O)=O
GlucoseAmm	G4	C(CC(C(C(CCO)N)O)=O)=O
GlucoseAmm	G4	C(CC(C(C(CCO)O)N)=O)=O
GlucoseAmm	G4	C(CC(C(C(CCO)O)O)=O)=O
GlucoseAmm	G4	C(CC(C(C(CN)=O)CO)O)=O
GlucoseAmm	G4	C(CC(C(C(CN)=O)N)N)=O
GlucoseAmm	G4	C(CC(C(C(CN)=O)N)O)(O)=O
GlucoseAmm	G4	C(CC(C(C(CN)=O)O)=O)(O)=O
GlucoseAmm	G4	C(CC(C(C(CN)=O)O)N)(O)=O
GlucoseAmm	G4	C(CC(C(C(CN)N)=O)N)=O
GlucoseAmm	G4	C(CC(C(C(CN)N)=O)O)(O)=O
GlucoseAmm	G4	C(CC(C(C(CN)N)N)=O)=O
GlucoseAmm	G4	C(CC(C(C(CN)N)N)O)=O
GlucoseAmm	G4	C(CC(C(C(CN)N)O)=O)=O
GlucoseAmm	G4	C(CC(C(C(CN)N)O)N)=O
GlucoseAmm	G4	C(CC(C(C(CN)N)O)O)(O)=O
GlucoseAmm	G4	C(CC(C(C(CN)N)O)O)=O
GlucoseAmm	G4	C(CC(C(C(CN)N)O)O)O
GlucoseAmm	G4	C(CC(C(C(CN)O)=O)N)(O)=O
GlucoseAmm	G4	C(CC(C(C(CN)O)=O)O)(O)=O
GlucoseAmm	G4	C(CC(C(C(CN)O)N)=O)=O
GlucoseAmm	G4	C(CC(C(C(CN)O)N)N)=O
GlucoseAmm	G4	C(CC(C(C(CN)O)N)O)(O)=O
GlucoseAmm	G4	C(CC(C(C(CN)O)N)O)=O
GlucoseAmm	G4	C(CC(C(C(CN)O)N)O)O
GlucoseAmm	G4	C(CC(C(C(CN)O)O)=O)(O)=O
GlucoseAmm	G4	C(CC(C(C(CN)O)O)N)(O)=O
GlucoseAmm	G4	C(CC(C(C(CN)O)O)N)=O
GlucoseAmm	G4	C(CC(C(C(CN)O)O)N)O
GlucoseAmm	G4	C(CC(C(C(CN)O)O)O)(O)=O
GlucoseAmm	G4	C(CC(C(C(CN)O)O)O)=O
GlucoseAmm	G4	C(CC(C(C(CN)O)O)O)O
GlucoseAmm	G4	C(CC(C(C(CO)(C)O)=O)N)=O
GlucoseAmm	G4	C(CC(C(C(CO)(C)O)=O)O)=O
GlucoseAmm	G4	C(CC(C(C(CO)=O)(C)O)N)=O
GlucoseAmm	G4	C(CC(C(C(CO)=O)(C)O)O)=O
GlucoseAmm	G4	C(CC(C(C(CO)=O)CN)O)=O
GlucoseAmm	G4	C(CC(C(C(CO)=O)CO)N)=O
GlucoseAmm	G4	C(CC(C(C(CO)=O)CO)O)=O
GlucoseAmm	G4	C(CC(C(C(CO)=O)N)N)(O)=O
GlucoseAmm	G4	C(CC(C(C(CO)=O)N)O)(O)=O
GlucoseAmm	G4	C(CC(C(C(CO)=O)O)N)(O)=O
GlucoseAmm	G4	C(CC(C(C(CO)CN)=O)O)=O
GlucoseAmm	G4	C(CC(C(C(CO)CN)O)=O)=O
GlucoseAmm	G4	C(CC(C(C(CO)CO)=O)N)=O
GlucoseAmm	G4	C(CC(C(C(CO)CO)=O)O)=O
GlucoseAmm	G4	C(CC(C(C(CO)CO)N)=O)=O
GlucoseAmm	G4	C(CC(C(C(CO)CO)O)=O)=O
GlucoseAmm	G4	C(CC(C(C(CO)N)=O)N)(O)=O
GlucoseAmm	G4	C(CC(C(C(CO)N)=O)O)(O)=O
GlucoseAmm	G4	C(CC(C(C(CO)N)N)=O)(O)=O
GlucoseAmm	G4	C(CC(C(C(CO)N)N)N)=O
GlucoseAmm	G4	C(CC(C(C(CO)N)N)O)=O
GlucoseAmm	G4	C(CC(C(C(CO)N)O)N)(O)=O
GlucoseAmm	G4	C(CC(C(C(CO)N)O)N)=O
GlucoseAmm	G4	C(CC(C(C(CO)N)O)N)O
GlucoseAmm	G4	C(CC(C(C(CO)N)O)O)(O)=O
GlucoseAmm	G4	C(CC(C(C(CO)N)O)O)O
GlucoseAmm	G4	C(CC(C(C(CO)O)N)N)(O)=O
GlucoseAmm	G4	C(CC(C(C(CO)O)N)N)=O
GlucoseAmm	G4	C(CC(C(C(CO)O)N)N)O
GlucoseAmm	G4	C(CC(C(C(CO)O)N)O)(O)=O
GlucoseAmm	G4	C(CC(C(C(CO)O)O)N)(N)=O
GlucoseAmm	G4	C(CC(C(C(CO)O)O)N)(O)=O
GlucoseAmm	G4	C(CC(C(C(N)=C)O)=O)(O)=O
GlucoseAmm	G4	C(CC(C(C(N)=C)O)N)=O
GlucoseAmm	G4	C(CC(C(C(N)=C)O)O)=O
GlucoseAmm	G4	C(CC(C(C(O)=O)N)N)=O
GlucoseAmm	G4	C(CC(C(C(O)=O)N)O)=O
GlucoseAmm	G4	C(CC(C(C(O)=O)O)N)=O
GlucoseAmm	G4	C(CC(C(C(O)=O)O)O)=O
GlucoseAmm	G4	C(CC(C(C)(C(C=O)N)O)O)=O
GlucoseAmm	G4	C(CC(C(C)(C(C=O)O)O)N)=O
GlucoseAmm	G4	C(CC(C(C)(C(C=O)O)O)O)=O
GlucoseAmm	G4	C(CC(C(C)=O)N)(C(CO)O)=O
GlucoseAmm	G4	C(CC(C(C)=O)O)(C(CN)O)=O
GlucoseAmm	G4	C(CC(C(C)=O)O)(C(CO)N)=O
GlucoseAmm	G4	C(CC(C(C=O)O)O)(O)=O
GlucoseAmm	G4	C(CC(C(CC(C=O)N)O)O)=O
GlucoseAmm	G4	C(CC(C(CC(C=O)O)N)O)=O
GlucoseAmm	G4	C(CC(C(CC(C=O)O)O)N)=O
GlucoseAmm	G4	C(CC(C(CC(CN)=O)O)O)=O
GlucoseAmm	G4	C(CC(C(CC(CN)O)=O)O)=O
GlucoseAmm	G4	C(CC(C(CC(CO)=O)N)O)=O
GlucoseAmm	G4	C(CC(C(CC(CO)=O)O)N)=O
GlucoseAmm	G4	C(CC(C(CC(CO)N)O)O)=O
GlucoseAmm	G4	C(CC(C(CC(CO)O)=O)O)=O
GlucoseAmm	G4	C(CC(C(CC(N)=O)O)O)=O
GlucoseAmm	G4	C(CC(C(CC=O)N)O)(O)=O
GlucoseAmm	G4	C(CC(C(CC=O)O)N)(O)=O
GlucoseAmm	G4	C(CC(C(CC=O)O)O)(O)=O
GlucoseAmm	G4	C(CC(C(CCN)=O)O)(CO)=O
GlucoseAmm	G4	C(CC(C(CCN)=O)O)(O)=O
GlucoseAmm	G4	C(CC(C(CCN)O)=O)(O)=O
GlucoseAmm	G4	C(CC(C(CCN)O)O)=O
GlucoseAmm	G4	C(CC(C(CCO)=O)N)(CO)=O
GlucoseAmm	G4	C(CC(C(CCO)=O)N)(O)=O
GlucoseAmm	G4	C(CC(C(CCO)=O)O)(CN)=O
GlucoseAmm	G4	C(CC(C(CCO)=O)O)(O)=O
GlucoseAmm	G4	C(CC(C(CCO)N)=O)(O)=O
GlucoseAmm	G4	C(CC(C(CCO)N)O)=O
GlucoseAmm	G4	C(CC(C(CCO)O)=O)(O)=O
GlucoseAmm	G4	C(CC(C(CCO)O)N)=O
GlucoseAmm	G4	C(CC(C(CCO)O)O)=O
GlucoseAmm	G4	C(CC(C(CN)N)O)=O
GlucoseAmm	G4	C(CC(C(CN)O)=O)(O)=O
GlucoseAmm	G4	C(CC(C(CN)O)N)=O
GlucoseAmm	G4	C(CC(C(CN)O)O)=O
GlucoseAmm	G4	C(CC(C(CO)(C(C)N)O)=O)=O
GlucoseAmm	G4	C(CC(C(CO)(C(C)O)O)=O)=O
GlucoseAmm	G4	C(CC(C(CO)(C(C)O)O)O)=O
GlucoseAmm	G4	C(CC(C(CO)(CC=O)O)N)=O
GlucoseAmm	G4	C(CC(C(CO)(CC=O)O)O)=O
GlucoseAmm	G4	C(CC(C(CO)(CCN)O)=O)=O
GlucoseAmm	G4	C(CC(C(CO)(CCO)O)=O)=O
GlucoseAmm	G4	C(CC(C(CO)(CO)O)=O)=O
GlucoseAmm	G4	C(CC(C(CO)(CO)O)N)=O
GlucoseAmm	G4	C(CC(C(CO)(CO)O)O)=O
GlucoseAmm	G4	C(CC(C(CO)=O)N)(O)=O
GlucoseAmm	G4	C(CC(C(CO)=O)O)(O)=O
GlucoseAmm	G4	C(CC(C(CO)C(C=O)N)O)=O
GlucoseAmm	G4	C(CC(C(CO)C(C=O)O)N)=O
GlucoseAmm	G4	C(CC(C(CO)C(C=O)O)O)=O
GlucoseAmm	G4	C(CC(C(CO)C(CN)O)=O)=O
GlucoseAmm	G4	C(CC(C(CO)C(CO)N)=O)=O
GlucoseAmm	G4	C(CC(C(CO)C(CO)O)=O)=O
GlucoseAmm	G4	C(CC(C(CO)N)=O)(O)=O
GlucoseAmm	G4	C(CC(C(CO)N)N)=O
GlucoseAmm	G4	C(CC(C(CO)N)O)=O
GlucoseAmm	G4	C(CC(C(CO)O)=O)(O)=O
GlucoseAmm	G4	C(CC(C(CO)O)N)=O
GlucoseAmm	G4	C(CC(C(CO)O)N)O
GlucoseAmm	G4	C(CC(C(CO)O)O)(O)=O
GlucoseAmm	G4	C(CC(C(N)=C)O)(C(CO)O)=O
GlucoseAmm	G4	C(CC(C(N)=O)O)(C(CO)O)=O
GlucoseAmm	G4	C(CC(C(O)=O)N)(C(CN)O)=O
GlucoseAmm	G4	C(CC(C(O)=O)N)(C(CO)N)=O
GlucoseAmm	G4	C(CC(C(O)=O)N)(CCO)=O
GlucoseAmm	G4	C(CC(C(O)=O)NCC(O)=O)=O
GlucoseAmm	G4	C(CC(C(O)=O)NCCO)=O
GlucoseAmm	G4	C(CC(C(O)=O)O)(C(C)N)=O
GlucoseAmm	G4	C(CC(C(O)=O)O)(C(C)O)=O
GlucoseAmm	G4	C(CC(C(O)=O)O)(C(CN)N)=O
GlucoseAmm	G4	C(CC(C(O)=O)O)(CCN)=O
GlucoseAmm	G4	C(CC(C(O)=O)O)(O)=O
GlucoseAmm	G4	C(CC(C)(C(C(CN)=O)O)O)=O
GlucoseAmm	G4	C(CC(C)(C(C(CO)=O)N)O)=O
GlucoseAmm	G4	C(CC(C)(C(C(CO)=O)O)O)=O
GlucoseAmm	G4	C(CC(C)(C(C(O)=O)N)O)=O
GlucoseAmm	G4	C(CC(C)(C(C(O)=O)O)O)=O
GlucoseAmm	G4	C(CC(C)(C(C=O)O)O)(O)=O
GlucoseAmm	G4	C(CC(C)(C(CN)O)O)=O
GlucoseAmm	G4	C(CC(C)(C(CO)O)O)(O)=O
GlucoseAmm	G4	C(CC(C)O)(C(C(CN)=O)O)=O
GlucoseAmm	G4	C(CC(C)O)(C(C(CO)=O)O)=O
GlucoseAmm	G4	C(CC(C)O)(C(CO)(CO)O)=O
GlucoseAmm	G4	C(CC(C=C)(CO)O)(CN)=O
GlucoseAmm	G4	C(CC(C=CN)O)(C(CO)O)=O
GlucoseAmm	G4	C(CC(C=O)(C(C(N)=C)O)O)=O
GlucoseAmm	G4	C(CC(C=O)(C(C=CN)O)O)=O
GlucoseAmm	G4	C(CC(C=O)N)(C(C(C)O)O)=O
GlucoseAmm	G4	C(CC(C=O)N)(C(CN)N)=O
GlucoseAmm	G4	C(CC(C=O)N)(C(CO)CO)=O
GlucoseAmm	G4	C(CC(C=O)NCCO)(O)=O
GlucoseAmm	G4	C(CC(C=O)O)(C(C(C)N)O)=O
GlucoseAmm	G4	C(CC(C=O)O)(C(C(C)O)N)=O
GlucoseAmm	G4	C(CC(C=O)O)(C(CCO)N)=O
GlucoseAmm	G4	C(CC(C=O)O)(C(CO)CN)=O
GlucoseAmm	G4	C(CC(C=O)O)(C(CO)CO)=O
GlucoseAmm	G4	C(CC(CC(C(C=O)O)O)N)=O
GlucoseAmm	G4	C(CC(CC(C(C=O)O)O)O)=O
GlucoseAmm	G4	C(CC(CC(C(CN)O)=O)O)=O
GlucoseAmm	G4	C(CC(CC(C(CO)=O)N)O)=O
GlucoseAmm	G4	C(CC(CC(C(CO)=O)O)N)=O
GlucoseAmm	G4	C(CC(CC(C(CO)=O)O)O)=O
GlucoseAmm	G4	C(CC(CC(C(CO)N)=O)O)=O
GlucoseAmm	G4	C(CC(CC(C(CO)O)=O)N)=O
GlucoseAmm	G4	C(CC(CC(C(CO)O)=O)O)=O
GlucoseAmm	G4	C(CC(CC(C(CO)O)N)=O)=O
GlucoseAmm	G4	C(CC(CC(C(CO)O)O)=O)=O
GlucoseAmm	G4	C(CC(CC(C(CO)O)O)O)=O
GlucoseAmm	G4	C(CC(CC(C(O)=O)N)O)=O
GlucoseAmm	G4	C(CC(CC(C(O)=O)O)N)=O
GlucoseAmm	G4	C(CC(CC(C=O)N)(CO)O)=O
GlucoseAmm	G4	C(CC(CC(C=O)N)O)(O)=O
GlucoseAmm	G4	C(CC(CC(C=O)O)N)(O)=O
GlucoseAmm	G4	C(CC(CC(C=O)O)O)(O)=O
GlucoseAmm	G4	C(CC(CC(CN)=O)O)(O)=O
GlucoseAmm	G4	C(CC(CC(CN)O)=O)(O)=O
GlucoseAmm	G4	C(CC(CC(CN)O)O)=O
GlucoseAmm	G4	C(CC(CC(CO)(CN)O)=O)=O
GlucoseAmm	G4	C(CC(CC(CO)(CN)O)O)=O
GlucoseAmm	G4	C(CC(CC(CO)(CO)O)=O)=O
GlucoseAmm	G4	C(CC(CC(CO)(CO)O)O)=O
GlucoseAmm	G4	C(CC(CC(CO)=O)N)(O)=O
GlucoseAmm	G4	C(CC(CC(CO)=O)O)(O)=O
GlucoseAmm	G4	C(CC(CC(CO)N)=O)(O)=O
GlucoseAmm	G4	C(CC(CC(CO)N)O)=O
GlucoseAmm	G4	C(CC(CC(CO)O)=O)(O)=O
GlucoseAmm	G4	C(CC(CC(CO)O)N)=O
GlucoseAmm	G4	C(CC(CC(CO)O)O)=O
GlucoseAmm	G4	C(CC(CN)(C(C(C)=O)O)O)=O
GlucoseAmm	G4	C(CC(CN)(C(C(O)=O)N)O)=O
GlucoseAmm	G4	C(CC(CN)(C(C(O)=O)O)O)=O
GlucoseAmm	G4	C(CC(CN)(C(C)(CO)O)O)=O
GlucoseAmm	G4	C(CC(CN)(C(C)O)O)=O
GlucoseAmm	G4	C(CC(CN)(C(C=O)N)O)=O
GlucoseAmm	G4	C(CC(CN)(C(C=O)O)O)=O
GlucoseAmm	G4	C(CC(CN)(C(CN)O)O)=O
GlucoseAmm	G4	C(CC(CN)(C(CO)O)O)(O)=O
GlucoseAmm	G4	C(CC(CN)(CC(CO)=O)O)=O
GlucoseAmm	G4	C(CC(CN)N)O
GlucoseAmm	G4	C(CC(CN)NCC(O)=O)=O
GlucoseAmm	G4	C(CC(CN)NCCO)=O
GlucoseAmm	G4	C(CC(CN)O)(CCO)=O
GlucoseAmm	G4	C(CC(CN)O)(O)=O
GlucoseAmm	G4	C(CC(CN)O)O
GlucoseAmm	G4	C(CC(CNCC(O)=O)=O)(O)=O
GlucoseAmm	G4	C(CC(CNCCO)=O)(O)=O
GlucoseAmm	G4	C(CC(CO)(C(C(C)=O)N)O)=O
GlucoseAmm	G4	C(CC(CO)(C(C(C)N)O)O)=O
GlucoseAmm	G4	C(CC(CO)(C(C(O)=O)N)O)=O
GlucoseAmm	G4	C(CC(CO)(C(C)(CO)O)O)=O
GlucoseAmm	G4	C(CC(CO)(C(C)O)O)=O
GlucoseAmm	G4	C(CC(CO)(C(C=O)N)O)(O)=O
GlucoseAmm	G4	C(CC(CO)(C(CN)N)O)=O
GlucoseAmm	G4	C(CC(CO)(C(CN)O)O)=O
GlucoseAmm	G4	C(CC(CO)(C(CO)N)O)=O
GlucoseAmm	G4	C(CC(CO)(CC(CN)=O)O)=O
GlucoseAmm	G4	C(CC(CO)(CC(CO)N)O)=O
GlucoseAmm	G4	C(CC(CO)(CC=O)O)(O)=O
GlucoseAmm	G4	C(CC(CO)(CCN)O)=O
GlucoseAmm	G4	C(CC(CO)(CCO)O)(O)=O
GlucoseAmm	G4	C(CC(CO)(CN)O)(O)=O
GlucoseAmm	G4	C(CC(CO)(CO)O)(O)=O
GlucoseAmm	G4	C(CC(CO)C(C(C=O)O)N)=O
GlucoseAmm	G4	C(CC(CO)N)(C(C(C)=O)O)=O
GlucoseAmm	G4	C(CC(CO)N)(CC(CO)=O)=O
GlucoseAmm	G4	C(CC(CO)N)(CCO)=O
GlucoseAmm	G4	C(CC(CO)N)(O)=O
GlucoseAmm	G4	C(CC(CO)NCC(O)=O)=O
GlucoseAmm	G4	C(CC(CO)NCCO)=O
GlucoseAmm	G4	C(CC(CO)O)(C(C(C)=O)O)=O
GlucoseAmm	G4	C(CC(CO)O)(C(C(N)=O)O)=O
GlucoseAmm	G4	C(CC(CO)O)(CC(CO)=O)=O
GlucoseAmm	G4	C(CC(CO)O)(CC(N)=O)=O
GlucoseAmm	G4	C(CC(CO)O)(CCN)=O
GlucoseAmm	G4	C(CC(CO)O)(CCO)=O
GlucoseAmm	G4	C(CC(CO)O)(N)=O
GlucoseAmm	G4	C(CC(CO)O)(NCCO)=O
GlucoseAmm	G4	C(CC(CO)O)(O)=O
GlucoseAmm	G4	C(CC1(C(C(C(C1)=O)O)O)O)=O
GlucoseAmm	G4	C(CC1(C(C(CO1)(C)O)O)O)=O
GlucoseAmm	G4	C(CC1(C(CC(C1O)=O)O)O)=O
GlucoseAmm	G4	C(CC1(C(O)OCC1(C)O)O)=O
GlucoseAmm	G4	C(CC1(C(O)OCC1O)O)=O
GlucoseAmm	G4	C(CC1(COC(C)(C1O)O)O)=O
GlucoseAmm	G4	C(CC1(COC(C1N)O)O)=O
GlucoseAmm	G4	C(CC1(COC(C1O)O)O)=O
GlucoseAmm	G4	C(CC1C(C(C(C)(O)O1)O)O)=O
GlucoseAmm	G4	C(CC1C(C(C(O)O1)N)O)=O
GlucoseAmm	G4	C(CC1C(C(C(O)O1)O)N)(O)=O
GlucoseAmm	G4	C(CC1C(C(C(O)O1)O)N)O
GlucoseAmm	G4	C(CC1C(C(CN1)=O)O)(O)=O
GlucoseAmm	G4	C(CC1C(C(CN1)N)O)=O
GlucoseAmm	G4	C(CC=O)(C(C(N)=C)(CO)O)=O
GlucoseAmm	G4	C(CCC(C(C(O)=O)O)N)=O
GlucoseAmm	G4	C(CCC(C(C(O)=O)O)O)=O
GlucoseAmm	G4	C(CCC(C(C=O)O)N)(O)=O
GlucoseAmm	G4	C(CCC(C(CO)=O)N)(O)=O
GlucoseAmm	G4	C(CCC(C(CO)N)=O)(CO)=O
GlucoseAmm	G4	C(CCC(C(CO)O)=O)(CN)=O
GlucoseAmm	G4	C(CCC(C(CO)O)=O)(CO)=O
GlucoseAmm	G4	C(CCC(C(CO)O)N)=O
GlucoseAmm	G4	C(CCC(N)=O)(C(CO)O)=O
GlucoseAmm	G4	C(CCC(O)=O)(C(CN)O)=O
GlucoseAmm	G4	C(CCC(O)=O)(C(CO)O)=O
GlucoseAmm	G4	C(CCC=O)(C(CO)(CN)O)=O
GlucoseAmm	G4	C(CCC=O)(C(CO)(CO)O)=O
GlucoseAmm	G4	C(CCCO)(C(C(CN)=O)O)=O
GlucoseAmm	G4	C(CCCO)(C(C(CO)=O)O)=O
GlucoseAmm	G4	C(CCN)(C(C(C)=O)(CO)O)=O
GlucoseAmm	G4	C(CCN)(C(C(CN)=O)N)=O
GlucoseAmm	G4	C(CCN)(C(C(CO)=O)CO)=O
GlucoseAmm	G4	C(CCN)(C(C(CO)=O)N)=O
GlucoseAmm	G4	C(CCN)(C(C(N)=C)O)=O
GlucoseAmm	G4	C(CCN)(CC(C(CO)O)=O)=O
GlucoseAmm	G4	C(CCO)(C(C(C(C)N)=O)O)=O
GlucoseAmm	G4	C(CCO)(C(C(C(C)O)=O)O)=O
GlucoseAmm	G4	C(CCO)(C(C(C(N)=C)=O)O)=O
GlucoseAmm	G4	C(CCO)(C(C(C)=O)(CO)O)=O
GlucoseAmm	G4	C(CCO)(C(C(CCN)=O)O)=O
GlucoseAmm	G4	C(CCO)(C(C(CCO)=O)O)=O
GlucoseAmm	G4	C(CCO)(C(C(CN)=O)CO)=O
GlucoseAmm	G4	C(CCO)(C(C(CO)=O)CO)=O
GlucoseAmm	G4	C(CCO)(C(C(N)=C)O)=O
GlucoseAmm	G4	C(CCO)(C(CO)(C(C)O)O)=O
GlucoseAmm	G4	C(CCO)(C(CO)(CO)O)=O
GlucoseAmm	G4	C(CCO)(CC(C(C=O)O)N)=O
GlucoseAmm	G4	C(CCO)(CC(C(CN)O)=O)=O
GlucoseAmm	G4	C(CCO)(CC(C(CO)O)=O)=O
GlucoseAmm	G4	C(CN)(C(C(C(C)N)N)O)=O
GlucoseAmm	G4	C(CN)(C(C(C(C)N)O)N)=O
GlucoseAmm	G4	C(CN)(C(C(C(C)N)O)O)=O
GlucoseAmm	G4	C(CN)(C(C(C(C)O)N)O)=O
GlucoseAmm	G4	C(CN)(C(C(C(C=C)=O)O)O)=O
GlucoseAmm	G4	C(CN)(C(C(C(C=O)=C)O)O)=O
GlucoseAmm	G4	C(CN)(C(C(C(C=O)=O)N)O)=O
GlucoseAmm	G4	C(CN)(C(C(C(C=O)=O)O)O)=O
GlucoseAmm	G4	C(CN)(C(C(C(CN)=O)O)N)=O
GlucoseAmm	G4	C(CN)(C(C(C(CN)=O)O)O)=O
GlucoseAmm	G4	C(CN)(C(C(C(CN)N)O)O)=O
GlucoseAmm	G4	C(CN)(C(C(C(CN)O)O)N)=O
GlucoseAmm	G4	C(CN)(C(C(C(CN)O)O)O)=O
GlucoseAmm	G4	C(CN)(C(C(C(CO)=C)=O)O)=O
GlucoseAmm	G4	C(CN)(C(C(C(CO)=O)=C)O)=O
GlucoseAmm	G4	C(CN)(C(C(C(CO)=O)O)N)=O
GlucoseAmm	G4	C(CN)(C(C(C(CO)N)O)N)=O
GlucoseAmm	G4	C(CN)(C(C(C(CO)N)O)O)=O
GlucoseAmm	G4	C(CN)(C(C(C(N)=C)O)N)=O
GlucoseAmm	G4	C(CN)(C(C(C(N)=C)O)O)=O
GlucoseAmm	G4	C(CN)(C(C(C)(CO)O)N)=O
GlucoseAmm	G4	C(CN)(C(C(C)N)O)=O
GlucoseAmm	G4	C(CN)(C(C(C)O)(C(C)O)O)=O
GlucoseAmm	G4	C(CN)(C(C(C)O)C(C=O)O)=O
GlucoseAmm	G4	C(CN)(C(C(C)O)N)=O
GlucoseAmm	G4	C(CN)(C(C(C=C)=O)(CO)O)=O
GlucoseAmm	G4	C(CN)(C(C(C=C)N)O)=O
GlucoseAmm	G4	C(CN)(C(C(C=CN)O)N)=O
GlucoseAmm	G4	C(CN)(C(C(C=CN)O)O)=O
GlucoseAmm	G4	C(CN)(C(C(CC(C)O)O)O)=O
GlucoseAmm	G4	C(CN)(C(C(CCN)N)O)=O
GlucoseAmm	G4	C(CN)(C(C(CCN)O)N)=O
GlucoseAmm	G4	C(CN)(C(C(CCN)O)O)=O
GlucoseAmm	G4	C(CN)(C(C(CCO)N)N)=O
GlucoseAmm	G4	C(CN)(C(C(CCO)N)O)=O
GlucoseAmm	G4	C(CN)(C(C(CCO)O)N)=O
GlucoseAmm	G4	C(CN)(C(C(CN)(C)O)N)=O
GlucoseAmm	G4	C(CN)(C(C(CN)(C)O)O)=O
GlucoseAmm	G4	C(CN)(C(C(CN)(CN)O)O)=O
GlucoseAmm	G4	C(CN)(C(C(CN)(CO)O)N)=O
GlucoseAmm	G4	C(CN)(C(C(CN)=O)(CO)O)=O
GlucoseAmm	G4	C(CN)(C(C(CN)=O)CO)=O
GlucoseAmm	G4	C(CN)(C(C(CN)=O)O)=O
GlucoseAmm	G4	C(CN)(C(C(CN)N)O)=O
GlucoseAmm	G4	C(CN)(C(C(CN)O)N)=O
GlucoseAmm	G4	C(CN)(C(C(CO)(CO)O)N)=O
GlucoseAmm	G4	C(CN)(C(C(CO)=O)(CO)O)=O
GlucoseAmm	G4	C(CN)(C(C(CO)=O)C(C)O)=O
GlucoseAmm	G4	C(CN)(C(C(CO)=O)CO)=O
GlucoseAmm	G4	C(CN)(C(C(CO)=O)N)=O
GlucoseAmm	G4	C(CN)(C(C(CO)N)O)=O
GlucoseAmm	G4	C(CN)(C(C(CO)O)N)=O
GlucoseAmm	G4	C(CN)(C(C)(C(C(C)=O)O)O)=O
GlucoseAmm	G4	C(CN)(C(C)(C(C(O)=O)N)O)=O
GlucoseAmm	G4	C(CN)(C(C)(C(C(O)=O)O)O)=O
GlucoseAmm	G4	C(CN)(C(C)(C(C=O)N)O)=O
GlucoseAmm	G4	C(CN)(C(C)(C(C=O)O)O)=O
GlucoseAmm	G4	C(CN)(C(C)(C(CO)O)O)=O
GlucoseAmm	G4	C(CN)(C(C)(CC(CO)=O)O)=O
GlucoseAmm	G4	C(CN)(C(CC(C(O)=O)=O)O)=O
GlucoseAmm	G4	C(CN)(C(CC(CN)=O)N)=O
GlucoseAmm	G4	C(CN)(C(CC(CN)=O)O)=O
GlucoseAmm	G4	C(CN)(C(CC(CN)N)O)=O
GlucoseAmm	G4	C(CN)(C(CC(CN)O)N)=O
GlucoseAmm	G4	C(CN)(C(CC(CN)O)O)=O
GlucoseAmm	G4	C(CN)(C(CC(CO)N)N)=O
GlucoseAmm	G4	C(CN)(C(CC(CO)N)O)=O
GlucoseAmm	G4	C(CN)(C(CC(CO)O)N)=O
GlucoseAmm	G4	C(CN)(C(CC(CO)O)O)=O
GlucoseAmm	G4	C(CN)(C(CCC(CO)=O)O)=O
GlucoseAmm	G4	C(CN)(C(CN)(C(C(O)=O)O)O)=O
GlucoseAmm	G4	C(CN)(C(CN)(C(C)O)O)=O
GlucoseAmm	G4	C(CN)(C(CN)(C(C=O)O)O)=O
GlucoseAmm	G4	C(CN)(C(CN)(C(CN)O)O)=O
GlucoseAmm	G4	C(CN)(C(CN)(C(CO)O)O)=O
GlucoseAmm	G4	C(CN)(C(CN)N)=O
GlucoseAmm	G4	C(CN)(C(CN)NCC(O)=O)=O
GlucoseAmm	G4	C(CN)(C(CN)NCCO)=O
GlucoseAmm	G4	C(CN)(C(CNCC(O)=O)N)=O
GlucoseAmm	G4	C(CN)(C(CNCC(O)=O)O)=O
GlucoseAmm	G4	C(CN)(C(CNCC=O)N)=O
GlucoseAmm	G4	C(CN)(C(CNCCN)O)=O
GlucoseAmm	G4	C(CN)(C(CNCCO)N)=O
GlucoseAmm	G4	C(CN)(C(CNCCO)O)=O
GlucoseAmm	G4	C(CN)(C(CO)(C(C(O)=O)O)N)=O
GlucoseAmm	G4	C(CN)(C(CO)(C(CN)O)N)=O
GlucoseAmm	G4	C(CN)(C(CO)(C)O)=O
GlucoseAmm	G4	C(CN)(C(CO)(CC=O)O)=O
GlucoseAmm	G4	C(CN)(C(CO)(CCO)O)=O
GlucoseAmm	G4	C(CN)(C(CO)(CN)O)=O
GlucoseAmm	G4	C(CN)(C(CO)(CO)N)=O
GlucoseAmm	G4	C(CN)(C(CO)C(C(C)=O)O)=O
GlucoseAmm	G4	C(CN)(C(CO)C(C(O)=O)O)=O
GlucoseAmm	G4	C(CN)(C(CO)C(C)O)=O
GlucoseAmm	G4	C(CN)(C(CO)C(C=O)O)=O
GlucoseAmm	G4	C(CN)(C(CO)C(CCO)O)=O
GlucoseAmm	G4	C(CN)(C(CO)C(CN)O)=O
GlucoseAmm	G4	C(CN)(C(CO)C(CO)O)=O
GlucoseAmm	G4	C(CN)(C(CO)CC(CO)=O)=O
GlucoseAmm	G4	C(CN)(C(CO)CO)=O
GlucoseAmm	G4	C(CN)(C(CO)NCCN)=O
GlucoseAmm	G4	C(CN)(C(CO)NCCO)=O
GlucoseAmm	G4	C(CN)(C1(C(C(CO1)O)O)O)=O
GlucoseAmm	G4	C(CN)(C1(CNCC1O)O)=O
GlucoseAmm	G4	C(CN)(C1(COC(C1O)O)O)=O
GlucoseAmm	G4	C(CN)(C1C(C(CO1)O)O)=O
GlucoseAmm	G4	C(CN)(CC(C(C(C)O)O)O)=O
GlucoseAmm	G4	C(CN)(CC(C(C)N)O)=O
GlucoseAmm	G4	C(CN)(CC(C(CCO)O)O)=O
GlucoseAmm	G4	C(CN)(CC(C(CN)N)O)=O
GlucoseAmm	G4	C(CN)(CC(C(CN)O)N)=O
GlucoseAmm	G4	C(CN)(CC(C(CN)O)O)=O
GlucoseAmm	G4	C(CN)(CC(C(CO)N)N)=O
GlucoseAmm	G4	C(CN)(CC(C(CO)N)O)=O
GlucoseAmm	G4	C(CN)(CC(C(CO)O)N)=O
GlucoseAmm	G4	C(CN)(CC(C(CO)O)O)=O
GlucoseAmm	G4	C(CN)(CC(C(N)=C)O)=O
GlucoseAmm	G4	C(CN)(CC(C)(C(CO)O)O)=O
GlucoseAmm	G4	C(CN)(CC(C)(CO)O)=O
GlucoseAmm	G4	C(CN)(CC(C=CN)O)=O
GlucoseAmm	G4	C(CN)(CC(CC(C)O)O)=O
GlucoseAmm	G4	C(CN)(CC(CC(CO)=O)O)=O
GlucoseAmm	G4	C(CN)(CC(CC(CO)O)O)=O
GlucoseAmm	G4	C(CN)(CC(CCO)O)=O
GlucoseAmm	G4	C(CN)(CC(CN)(C)O)=O
GlucoseAmm	G4	C(CN)(CC(CN)(CN)O)=O
GlucoseAmm	G4	C(CN)(CC(CN)(CO)O)=O
GlucoseAmm	G4	C(CN)(CC(CN)O)=O
GlucoseAmm	G4	C(CN)(CC(CO)(C(C)O)O)=O
GlucoseAmm	G4	C(CN)(CC(CO)(CCO)O)=O
GlucoseAmm	G4	C(CN)(CC(CO)(CO)O)=O
GlucoseAmm	G4	C(CN)(CC(CO)N)=O
GlucoseAmm	G4	C(CN)(CC(CO)O)=O
GlucoseAmm	G4	C(CN)(CCNCC(O)=O)=O
GlucoseAmm	G4	C(CN)(CCNCCO)=O
GlucoseAmm	G4	C(CNC(C(C(CO)O)O)=O)=O
GlucoseAmm	G4	C(CNC(C(C=O)=O)CN)(O)=O
GlucoseAmm	G4	C(CNC(C(C=O)=O)CO)(O)=O
GlucoseAmm	G4	C(CNC(C(CN)=O)CN)=O
GlucoseAmm	G4	C(CNC(C(CN)=O)CO)(O)=O
GlucoseAmm	G4	C(CNC(C(CO)=O)CN)(O)=O
GlucoseAmm	G4	C(CNC(C(CO)=O)CO)(O)=O
GlucoseAmm	G4	C(CNC(C(O)=O)CN)=O
GlucoseAmm	G4	C(CNC(C=O)C(C=O)O)(O)=O
GlucoseAmm	G4	C(CNC(CC(CO)O)=O)(O)=O
GlucoseAmm	G4	C(CNC(CN)C(CO)N)=O
GlucoseAmm	G4	C(CNC(CN)C(CO)O)=O
GlucoseAmm	G4	C(CNC(CN)CCO)=O
GlucoseAmm	G4	C(CNC(CN)CN)=O
GlucoseAmm	G4	C(CNC(CN)CO)=O
GlucoseAmm	G4	C(CNC(CO)C(C)N)=O
GlucoseAmm	G4	C(CNC(CO)C(CN)N)=O
GlucoseAmm	G4	C(CNC(CO)C(CN)O)=O
GlucoseAmm	G4	C(CNC(CO)C(CO)N)=O
GlucoseAmm	G4	C(CNC(CO)C(CO)O)=O
GlucoseAmm	G4	C(CNC(CO)CCO)=O
GlucoseAmm	G4	C(CNC(CO)CO)=O
GlucoseAmm	G4	C(CNC=O)(C(C(CO)O)O)=O
GlucoseAmm	G4	C(CNC=O)(C(CO)(CO)O)=O
GlucoseAmm	G4	C(CNCC(C(C)N)O)=O
GlucoseAmm	G4	C(CNCC(C(C=O)=O)O)(O)=O
GlucoseAmm	G4	C(CNCC(C(CN)=O)=O)(O)=O
GlucoseAmm	G4	C(CNCC(C(CN)N)O)=O
GlucoseAmm	G4	C(CNCC(C(CO)=O)=O)(O)=O
GlucoseAmm	G4	C(CNCC(C(CO)=O)O)(O)=O
GlucoseAmm	G4	C(CNCC(C(CO)N)N)=O
GlucoseAmm	G4	C(CNCC(C(CO)N)O)=O
GlucoseAmm	G4	C(CNCC(C(CO)O)N)=O
GlucoseAmm	G4	C(CNCC(C(N)=C)=O)(O)=O
GlucoseAmm	G4	C(CNCC(C(O)=O)=O)(CN)=O
GlucoseAmm	G4	C(CNCC(C(O)=O)=O)(O)=O
GlucoseAmm	G4	C(CNCC(CN)=O)(CN)=O
GlucoseAmm	G4	C(CNCC(CN)=O)(CO)=O
GlucoseAmm	G4	C(CNCC(CN)=O)(O)=O
GlucoseAmm	G4	C(CNCC(CN)O)=O
GlucoseAmm	G4	C(CNCC(CO)=O)(O)=O
GlucoseAmm	G4	C(CNCC(CO)N)=O
GlucoseAmm	G4	C(CNCC(CO)O)=O
GlucoseAmm	G4	C(CNCC(O)=O)(C(C)O)=O
GlucoseAmm	G4	C(CNCC(O)=O)(C(CN)O)=O
GlucoseAmm	G4	C(CNCC(O)=O)(C(CO)N)=O
GlucoseAmm	G4	C(CNCC(O)=O)(C(CO)O)=O
GlucoseAmm	G4	C(CNCC(O)=O)(CCO)=O
GlucoseAmm	G4	C(CNCC=O)(C(CN)N)=O
GlucoseAmm	G4	C(CNCC=O)(C(CN)O)=O
GlucoseAmm	G4	C(CNCCC(C(O)=O)=O)(O)=O
GlucoseAmm	G4	C(CNCCC(CO)=O)(O)=O
GlucoseAmm	G4	C(CNCCC(CO)N)=O
GlucoseAmm	G4	C(CNCCN)(C(CO)N)=O
GlucoseAmm	G4	C(CNCCN)(C(CO)O)=O
GlucoseAmm	G4	C(CNCCO)(C(C)O)=O
GlucoseAmm	G4	C(CNCCO)(C(CN)O)=O
GlucoseAmm	G4	C(CNCCO)(C(CO)N)=O
GlucoseAmm	G4	C(CNCCO)(C(CO)O)=O
GlucoseAmm	G4	C(CNCCO)(CCO)=O
GlucoseAmm	G4	C(CNCCO)(CN)=O
GlucoseAmm	G4	C(CO)(C(C(C(C)N)N)O)=O
GlucoseAmm	G4	C(CO)(C(C(C(C)N)O)N)=O
GlucoseAmm	G4	C(CO)(C(C(C(C)N)O)O)=O
GlucoseAmm	G4	C(CO)(C(C(C(C)O)N)N)=O
GlucoseAmm	G4	C(CO)(C(C(C(C)O)N)O)=O
GlucoseAmm	G4	C(CO)(C(C(C(C)O)O)N)=O
GlucoseAmm	G4	C(CO)(C(C(C(C)O)O)O)=O
GlucoseAmm	G4	C(CO)(C(C(C(C=C)=O)O)N)=O
GlucoseAmm	G4	C(CO)(C(C(C(C=C)=O)O)O)=O
GlucoseAmm	G4	C(CO)(C(C(C(C=O)=C)O)O)=O
GlucoseAmm	G4	C(CO)(C(C(C(C=O)=O)N)O)=O
GlucoseAmm	G4	C(CO)(C(C(C(CN)=O)O)N)=O
GlucoseAmm	G4	C(CO)(C(C(C(CN)=O)O)O)=O
GlucoseAmm	G4	C(CO)(C(C(C(CN)N)N)O)=O
GlucoseAmm	G4	C(CO)(C(C(C(CN)N)O)N)=O
GlucoseAmm	G4	C(CO)(C(C(C(CN)N)O)O)=O
GlucoseAmm	G4	C(CO)(C(C(C(CN)O)N)N)=O
GlucoseAmm	G4	C(CO)(C(C(C(CN)O)N)O)=O
GlucoseAmm	G4	C(CO)(C(C(C(CN)O)O)N)=O
GlucoseAmm	G4	C(CO)(C(C(C(CN)O)O)O)=O
GlucoseAmm	G4	C(CO)(C(C(C(CO)=C)=O)O)=O
GlucoseAmm	G4	C(CO)(C(C(C(CO)=O)=C)O)=O
GlucoseAmm	G4	C(CO)(C(C(C(CO)=O)O)N)=O
GlucoseAmm	G4	C(CO)(C(C(C(CO)N)N)N)=O
GlucoseAmm	G4	C(CO)(C(C(C(CO)N)N)O)=O
GlucoseAmm	G4	C(CO)(C(C(C(CO)N)O)N)=O
GlucoseAmm	G4	C(CO)(C(C(C(CO)N)O)O)=O
GlucoseAmm	G4	C(CO)(C(C(C(N)=C)O)N)=O
GlucoseAmm	G4	C(CO)(C(C(C(N)=C)O)O)=O
GlucoseAmm	G4	C(CO)(C(C(C)(CN)O)O)=O
GlucoseAmm	G4	C(CO)(C(C(C)N)C(C=O)O)=O
GlucoseAmm	G4	C(CO)(C(C(C)N)N)=O
GlucoseAmm	G4	C(CO)(C(C(C)N)O)=O
GlucoseAmm	G4	C(CO)(C(C(C)O)(C(C)O)O)=O
GlucoseAmm	G4	C(CO)(C(C(C)O)(CC=O)O)=O
GlucoseAmm	G4	C(CO)(C(C(C)O)C(C)O)=O
GlucoseAmm	G4	C(CO)(C(C(C)O)C(C=O)N)=O
GlucoseAmm	G4	C(CO)(C(C(C)O)C(CN)O)=O
GlucoseAmm	G4	C(CO)(C(C(C=C)=O)(CO)O)=O
GlucoseAmm	G4	C(CO)(C(C(C=C)N)O)=O
GlucoseAmm	G4	C(CO)(C(C(C=CN)O)N)=O
GlucoseAmm	G4	C(CO)(C(C(C=CN)O)O)=O
GlucoseAmm	G4	C(CO)(C(C(CC(C)O)O)N)=O
GlucoseAmm	G4	C(CO)(C(C(CC(C)O)O)O)=O
GlucoseAmm	G4	C(CO)(C(C(CCN)N)N)=O
GlucoseAmm	G4	C(CO)(C(C(CCN)N)O)=O
GlucoseAmm	G4	C(CO)(C(C(CCN)O)N)=O
GlucoseAmm	G4	C(CO)(C(C(CCN)O)O)=O
GlucoseAmm	G4	C(CO)(C(C(CCO)N)N)=O
GlucoseAmm	G4	C(CO)(C(C(CCO)N)O)=O
GlucoseAmm	G4	C(CO)(C(C(CCO)O)N)=O
GlucoseAmm	G4	C(CO)(C(C(CN)(C)O)N)=O
GlucoseAmm	G4	C(CO)(C(C(CN)(CN)O)O)=O
GlucoseAmm	G4	C(CO)(C(C(CN)=O)O)=O
GlucoseAmm	G4	C(CO)(C(C(CN)N)N)=O
GlucoseAmm	G4	C(CO)(C(C(CN)N)O)=O
GlucoseAmm	G4	C(CO)(C(C(CNC=O)O)O)=O
GlucoseAmm	G4	C(CO)(C(C(CO)=O)C(C)O)=O
GlucoseAmm	G4	C(CO)(C(C(CO)=O)CO)=O
GlucoseAmm	G4	C(CO)(C(C(CO)=O)N)=O
GlucoseAmm	G4	C(CO)(C(C(CO)=O)O)=O
GlucoseAmm	G4	C(CO)(C(C(CO)N)N)=O
GlucoseAmm	G4	C(CO)(C(C(CO)N)O)=O
GlucoseAmm	G4	C(CO)(C(C(CO)O)C(C)O)=O
GlucoseAmm	G4	C(CO)(C(C(CO)O)NC=O)=O
GlucoseAmm	G4	C(CO)(C(C)(C(C(C)=O)N)O)=O
GlucoseAmm	G4	C(CO)(C(C)(C(C(C)=O)O)O)=O
GlucoseAmm	G4	C(CO)(C(C)(C(C(C)N)O)O)=O
GlucoseAmm	G4	C(CO)(C(C)(C(C(N)=C)O)O)=O
GlucoseAmm	G4	C(CO)(C(C)(C(C(O)=O)N)O)=O
GlucoseAmm	G4	C(CO)(C(C)(C(C(O)=O)O)N)=O
GlucoseAmm	G4	C(CO)(C(C)(C(C)(CN)O)O)=O
GlucoseAmm	G4	C(CO)(C(C)(C(C)O)O)=O
GlucoseAmm	G4	C(CO)(C(C)(C(C=CN)O)O)=O
GlucoseAmm	G4	C(CO)(C(C)(C(C=O)N)O)=O
GlucoseAmm	G4	C(CO)(C(C)(C(C=O)O)O)=O
GlucoseAmm	G4	C(CO)(C(C)(C(CCO)O)O)=O
GlucoseAmm	G4	C(CO)(C(C)(C(CN)O)N)=O
GlucoseAmm	G4	C(CO)(C(C)(C(CN)O)O)=O
GlucoseAmm	G4	C(CO)(C(C)(C(CO)(C)O)O)=O
GlucoseAmm	G4	C(CO)(C(C)(C(CO)O)O)=O
GlucoseAmm	G4	C(CO)(C(C)(CC(CN)=O)O)=O
GlucoseAmm	G4	C(CO)(C(C)(CC(CO)=O)O)=O
GlucoseAmm	G4	C(CO)(C(C)C(C(CN)=O)O)=O
GlucoseAmm	G4	C(CO)(C(C)C(C(CO)=O)N)=O
GlucoseAmm	G4	C(CO)(C(C)C(C(CO)=O)O)=O
GlucoseAmm	G4	C(CO)(C(C)C(C(O)=O)O)=O
GlucoseAmm	G4	C(CO)(C(CC(C)O)N)=O
GlucoseAmm	G4	C(CO)(C(CC(C)O)O)=O
GlucoseAmm	G4	C(CO)(C(CC(CN)N)N)=O
GlucoseAmm	G4	C(CO)(C(CC(CN)N)O)=O
GlucoseAmm	G4	C(CO)(C(CC(CN)O)N)=O
GlucoseAmm	G4	C(CO)(C(CC(CN)O)O)=O
GlucoseAmm	G4	C(CO)(C(CC(CO)N)N)=O
GlucoseAmm	G4	C(CO)(C(CC(CO)N)O)=O
GlucoseAmm	G4	C(CO)(C(CCCO)N)=O
GlucoseAmm	G4	C(CO)(C(CCN)N)=O
GlucoseAmm	G4	C(CO)(C(CCN)O)=O
GlucoseAmm	G4	C(CO)(C(CCO)N)=O
GlucoseAmm	G4	C(CO)(C(CCO)O)=O
GlucoseAmm	G4	C(CO)(C(CN)(C(C(O)=O)O)N)=O
GlucoseAmm	G4	C(CO)(C(CN)(C(C)O)O)=O
GlucoseAmm	G4	C(CO)(C(CN)(C(C=O)O)O)=O
GlucoseAmm	G4	C(CO)(C(CN)(C(CN)O)N)=O
GlucoseAmm	G4	C(CO)(C(CN)(C(CN)O)O)=O
GlucoseAmm	G4	C(CO)(C(CN)(C(CO)O)O)=O
GlucoseAmm	G4	C(CO)(C(CN)C(C(C)=O)O)=O
GlucoseAmm	G4	C(CO)(C(CN)C(C(O)=O)O)=O
GlucoseAmm	G4	C(CO)(C(CN)C(C)O)=O
GlucoseAmm	G4	C(CO)(C(CN)C(C=O)N)=O
GlucoseAmm	G4	C(CO)(C(CN)C(C=O)O)=O
GlucoseAmm	G4	C(CO)(C(CN)C(CCO)O)=O
GlucoseAmm	G4	C(CO)(C(CN)C(CN)O)=O
GlucoseAmm	G4	C(CO)(C(CN)C(CO)(C)O)=O
GlucoseAmm	G4	C(CO)(C(CN)C(CO)O)=O
GlucoseAmm	G4	C(CO)(C(CN)CC(CO)=O)=O
GlucoseAmm	G4	C(CO)(C(CN)NCCN)=O
GlucoseAmm	G4	C(CO)(C(CN)NCCO)=O
GlucoseAmm	G4	C(CO)(C(CNCC(O)=O)N)=O
GlucoseAmm	G4	C(CO)(C(CNCC=O)N)=O
GlucoseAmm	G4	C(CO)(C(CNCCN)O)=O
GlucoseAmm	G4	C(CO)(C(CNCCO)N)=O
GlucoseAmm	G4	C(CO)(C(CNCCO)O)=O
GlucoseAmm	G4	C(CO)(C(CO)(C(C)O)N)=O
GlucoseAmm	G4	C(CO)(C(CO)(C(C=O)O)N)=O
GlucoseAmm	G4	C(CO)(C(CO)(C(CN)O)N)=O
GlucoseAmm	G4	C(CO)(C(CO)(C(CO)O)N)=O
GlucoseAmm	G4	C(CO)(C(CO)(C)N)=O
GlucoseAmm	G4	C(CO)(C(CO)(C)O)=O
GlucoseAmm	G4	C(CO)(C(CO)(CC=O)N)=O
GlucoseAmm	G4	C(CO)(C(CO)(CC=O)O)=O
GlucoseAmm	G4	C(CO)(C(CO)(CCO)O)=O
GlucoseAmm	G4	C(CO)(C(CO)(CN)N)=O
GlucoseAmm	G4	C(CO)(C(CO)(CN)O)=O
GlucoseAmm	G4	C(CO)(C(CO)(CO)C(C)O)=O
GlucoseAmm	G4	C(CO)(C(CO)(CO)CO)=O
GlucoseAmm	G4	C(CO)(C(CO)(CO)N)=O
GlucoseAmm	G4	C(CO)(C(CO)C(C(C)=O)N)=O
GlucoseAmm	G4	C(CO)(C(CO)C(C(C)N)O)=O
GlucoseAmm	G4	C(CO)(C(CO)C(C(N)=C)O)=O
GlucoseAmm	G4	C(CO)(C(CO)C(C)(CN)O)=O
GlucoseAmm	G4	C(CO)(C(CO)C(C)N)=O
GlucoseAmm	G4	C(CO)(C(CO)C(C=CN)O)=O
GlucoseAmm	G4	C(CO)(C(CO)C(C=O)N)=O
GlucoseAmm	G4	C(CO)(C(CO)C(CCO)O)=O
GlucoseAmm	G4	C(CO)(C(CO)C(CN)N)=O
GlucoseAmm	G4	C(CO)(C(CO)C(CO)N)=O
GlucoseAmm	G4	C(CO)(C(CO)CC(CN)=O)=O
GlucoseAmm	G4	C(CO)(C(CO)CC(CO)=O)=O
GlucoseAmm	G4	C(CO)(C(CO)CN)=O
GlucoseAmm	G4	C(CO)(C(CO)NCCN)=O
GlucoseAmm	G4	C(CO)(C(CO)NCCO)=O
GlucoseAmm	G4	C(CO)(C1(CNCC1O)O)=O
GlucoseAmm	G4	C(CO)(C1C(C(CC1O)O)O)=O
GlucoseAmm	G4	C(CO)(C1C(C(CN1)=O)O)=O
GlucoseAmm	G4	C(CO)(C1C(C(CN1)N)N)=O
GlucoseAmm	G4	C(CO)(C1C(C(CN1)N)O)=O
GlucoseAmm	G4	C(CO)(C1C(C(CN1)O)N)=O
GlucoseAmm	G4	C(CO)(C1C(C(CN1)O)O)=O
GlucoseAmm	G4	C(CO)(C1C(C(CO1)O)O)=O
GlucoseAmm	G4	C(CO)(C1C(CC(C1O)=O)O)=O
GlucoseAmm	G4	C(CO)(C1C(O)OCC1(C)O)=O
GlucoseAmm	G4	C(CO)(C1C(O)OCC1O)=O
GlucoseAmm	G4	C(CO)(C1CC(CN1)N)=O
GlucoseAmm	G4	C(CO)(C1CC(CN1)O)=O
GlucoseAmm	G4	C(CO)(C1CNCC1O)=O
GlucoseAmm	G4	C(CO)(C1COC(C1(C)O)O)=O
GlucoseAmm	G4	C(CO)(CC(C(C(C)N)O)O)=O
GlucoseAmm	G4	C(CO)(CC(C(C(C)O)N)O)=O
GlucoseAmm	G4	C(CO)(CC(C(C(C)O)O)O)=O
GlucoseAmm	G4	C(CO)(CC(C(C(N)=C)=O)O)=O
GlucoseAmm	G4	C(CO)(CC(C(C(N)=C)O)O)=O
GlucoseAmm	G4	C(CO)(CC(C(C(N)=O)O)O)=O
GlucoseAmm	G4	C(CO)(CC(C(C)N)O)=O
GlucoseAmm	G4	C(CO)(CC(C(C)O)N)=O
GlucoseAmm	G4	C(CO)(CC(C(CCN)O)O)=O
GlucoseAmm	G4	C(CO)(CC(C(CCO)N)O)=O
GlucoseAmm	G4	C(CO)(CC(C(CCO)O)O)=O
GlucoseAmm	G4	C(CO)(CC(C(CN)N)N)=O
GlucoseAmm	G4	C(CO)(CC(C(CN)N)O)=O
GlucoseAmm	G4	C(CO)(CC(C(CN)O)N)=O
GlucoseAmm	G4	C(CO)(CC(C(CN)O)O)=O
GlucoseAmm	G4	C(CO)(CC(C(CO)N)N)=O
GlucoseAmm	G4	C(CO)(CC(C(CO)N)O)=O
GlucoseAmm	G4	C(CO)(CC(C(N)=C)O)=O
GlucoseAmm	G4	C(CO)(CC(C)(C(CN)O)O)=O
GlucoseAmm	G4	C(CO)(CC(C)(CN)O)=O
GlucoseAmm	G4	C(CO)(CC(C=CN)O)=O
GlucoseAmm	G4	C(CO)(CC(CC(C)O)O)=O
GlucoseAmm	G4	C(CO)(CC(CC(CN)O)O)=O
GlucoseAmm	G4	C(CO)(CC(CC(CO)=O)N)=O
GlucoseAmm	G4	C(CO)(CC(CC(CO)N)O)=O
GlucoseAmm	G4	C(CO)(CC(CC(CO)O)O)=O
GlucoseAmm	G4	C(CO)(CC(CC(N)=O)O)=O
GlucoseAmm	G4	C(CO)(CC(CCN)O)=O
GlucoseAmm	G4	C(CO)(CC(CCO)N)=O
GlucoseAmm	G4	C(CO)(CC(CCO)O)=O
GlucoseAmm	G4	C(CO)(CC(CN)(C(C)O)O)=O
GlucoseAmm	G4	C(CO)(CC(CN)N)=O
GlucoseAmm	G4	C(CO)(CC(CO)(C(C)O)O)=O
GlucoseAmm	G4	C(CO)(CC(CO)(CCN)O)=O
GlucoseAmm	G4	C(CO)(CC(CO)N)=O
GlucoseAmm	G4	C(CO)(CCC(C(CO)=O)N)=O
GlucoseAmm	G4	C(CO)(CCC(C(CO)=O)O)=O
GlucoseAmm	G4	C(CO)(CCC(C(CO)O)O)=O
GlucoseAmm	G4	C(CO)(CCC(CN)O)=O
GlucoseAmm	G4	C(CO)(CCC(CO)(CO)O)=O
GlucoseAmm	G4	C(CO)(CCC(CO)N)=O
GlucoseAmm	G4	C(CO)(CCC(CO)O)=O
GlucoseAmm	G4	C(CO)(CCNCCN)=O
GlucoseAmm	G4	C(CO)(CCNCCO)=O
GlucoseAmm	G4	C(CO)(CNC(CN)CN)=O
GlucoseAmm	G4	C(CO)(CNC(CN)CO)=O
GlucoseAmm	G4	C(CO)(CNC(CO)CO)=O
GlucoseAmm	G4	C(CO)(CNCC(C(O)=O)=O)=O
GlucoseAmm	G4	C(CO)(CNCC(CN)O)=O
GlucoseAmm	G4	C(CO)(CNCC(CO)N)=O
GlucoseAmm	G4	C(CO)(CNCC(CO)O)=O
GlucoseAmm	G4	C(CO)(CNCCN)=O
GlucoseAmm	G4	C(CO)(CNCCO)=O
GlucoseAmm	G4	C(N)=C1C(C(C(CO1)O)N)O
GlucoseAmm	G4	C(N)=C1C(C(C(CO1)O)O)N
GlucoseAmm	G4	C(N)=C1C(CC(C1O)O)=O
GlucoseAmm	G4	C(N)=CC(C(C(C(C)=O)=O)O)O
GlucoseAmm	G4	C(N)=CC(C(C(C)O)O)=O
GlucoseAmm	G4	C(N)=CC(C(C(C=O)=O)N)O
GlucoseAmm	G4	C(N)=CC(C(C(C=O)=O)O)O
GlucoseAmm	G4	C(N)=CC(C(C(CCO)O)O)=O
GlucoseAmm	G4	C(N)=CC(C(C(CN)O)O)=O
GlucoseAmm	G4	C(N)=CC(C(C(CO)(C)O)O)=O
GlucoseAmm	G4	C(N)=CC(C(C(CO)N)O)=O
GlucoseAmm	G4	C(N)=CC(C(C(CO)O)N)=O
GlucoseAmm	G4	C(N)=CC(C(C(CO)O)O)N
GlucoseAmm	G4	C(N)=CC(C(CO)O)=O
GlucoseAmm	G4	C(N)=CC(CC(C(CO)=O)=O)O
GlucoseAmm	G4	C(N)=CC(CC(C(O)=O)=O)O
GlucoseAmm	G4	C(N)=CC(CO)N
GlucoseAmm	G4	C(NC(C(CO)=O)C(CN)O)=O
GlucoseAmm	G4	C(NC(C=O)C(CO)(CN)O)=O
GlucoseAmm	G4	C(NC(CO)C(CO)O)=O
GlucoseAmm	G4	C(NCC(C(C(CN)=O)O)O)=O
GlucoseAmm	G4	C(NCC(C(C(CN)O)O)=O)=O
GlucoseAmm	G4	C(NCC(C(C(CO)=O)N)O)=O
GlucoseAmm	G4	C(NCC(CO)(C(C=O)N)O)=O
GlucoseAmm	G4	C1(C(C(C(C(C)(C1)O)O)O)O)=O
GlucoseAmm	G4	C1(C(C(C(C(C)N)O1)O)O)=O
GlucoseAmm	G4	C1(C(C(C(C(C)O)(C1)O)O)O)=O
GlucoseAmm	G4	C1(C(C(C(C(C1)=O)O)O)O)=O
GlucoseAmm	G4	C1(C(C(C(C(C1)N)O)N)O)=O
GlucoseAmm	G4	C1(C(C(C(C(C1)N)O)O)N)=O
GlucoseAmm	G4	C1(C(C(C(C(C1)O)=O)CO)O)=O
GlucoseAmm	G4	C1(C(C(C(C(C1)O)N)O)O)=O
GlucoseAmm	G4	C1(C(C(C(C(C1)O)O)N)N)=O
GlucoseAmm	G4	C1(C(C(C(C(C1)O)O)O)=O)=O
GlucoseAmm	G4	C1(C(C(C(C(C1N)O)O)O)O)=O
GlucoseAmm	G4	C1(C(C(C(C(CN)O1)O)O)O)O
GlucoseAmm	G4	C1(C(C(C(C(CO)C1)=O)O)O)=O
GlucoseAmm	G4	C1(C(C(C(C(CO)C1)O)O)O)=O
GlucoseAmm	G4	C1(C(C(C(C(CO)N)O1)O)O)=O
GlucoseAmm	G4	C1(C(C(C(C(CO)N1)O)O)O)=O
GlucoseAmm	G4	C1(C(C(C(C(CO)O)O1)O)N)=O
GlucoseAmm	G4	C1(C(C(C(C(CO)O1)O)O)N)=O
GlucoseAmm	G4	C1(C(C(C(C(CO1)N)O)O)O)=O
GlucoseAmm	G4	C1(C(C(C(C(CO1)O)O)O)N)=O
GlucoseAmm	G4	C1(C(C(C(C(O1)=C)O)O)O)=O
GlucoseAmm	G4	C1(C(C(C(C)(C1)O)O)O)=O
GlucoseAmm	G4	C1(C(C(C(C)(C1CO)O)O)O)=O
GlucoseAmm	G4	C1(C(C(C(C)(C1N)N)O)O)=O
GlucoseAmm	G4	C1(C(C(C(C)(C1N)O)N)O)=O
GlucoseAmm	G4	C1(C(C(C(C)(C1N)O)O)N)=O
GlucoseAmm	G4	C1(C(C(C(C)(C1O)N)O)O)=O
GlucoseAmm	G4	C1(C(C(C(C)(C1O)O)N)O)=O
GlucoseAmm	G4	C1(C(C(C(C)(O)OCC1)O)O)=O
GlucoseAmm	G4	C1(C(C(C(C)N)O)OC(C1)O)=O
GlucoseAmm	G4	C1(C(C(C(C1(C)N)O)N)O)=O
GlucoseAmm	G4	C1(C(C(C(C1(C)N)O)O)N)=O
GlucoseAmm	G4	C1(C(C(C(C1(C)O)O)N)O)=O
GlucoseAmm	G4	C1(C(C(C(C1(C)O)O)O)=O)=O
GlucoseAmm	G4	C1(C(C(C(C1(C)O)O)O)N)=O
GlucoseAmm	G4	C1(C(C(C(C1(CO)O)O)O)N)=O
GlucoseAmm	G4	C1(C(C(C(C1)=CN)O)O)=O
GlucoseAmm	G4	C1(C(C(C(C1)N)(CN)O)O)=O
GlucoseAmm	G4	C1(C(C(C(C1)N)(CO)O)N)=O
GlucoseAmm	G4	C1(C(C(C(C1)N)O)O)=O
GlucoseAmm	G4	C1(C(C(C(C1)O)(C(C)O)O)O)=O
GlucoseAmm	G4	C1(C(C(C(C1)O)(C)O)O)=O
GlucoseAmm	G4	C1(C(C(C(C1)O)(CCO)O)O)=O
GlucoseAmm	G4	C1(C(C(C(C1)O)(CO)O)N)=O
GlucoseAmm	G4	C1(C(C(C(C1)O)C(C=O)O)O)=O
GlucoseAmm	G4	C1(C(C(C(C1)O)CN)O)=O
GlucoseAmm	G4	C1(C(C(C(C1)O)CO)N)=O
GlucoseAmm	G4	C1(C(C(C(C1)O)CO)O)=O
GlucoseAmm	G4	C1(C(C(C(C1)O)N)O)=O
GlucoseAmm	G4	C1(C(C(C(C1)O)O)N)=O
GlucoseAmm	G4	C1(C(C(C(C1C(C)O)O)O)O)=O
GlucoseAmm	G4	C1(C(C(C(C1CCO)O)O)O)=O
GlucoseAmm	G4	C1(C(C(C(C1CN)N)O)O)=O
GlucoseAmm	G4	C1(C(C(C(C1CN)O)N)O)=O
GlucoseAmm	G4	C1(C(C(C(C1CN)O)O)N)=O
GlucoseAmm	G4	C1(C(C(C(C1CO)=O)O)O)=O
GlucoseAmm	G4	C1(C(C(C(C1CO)N)N)O)=O
GlucoseAmm	G4	C1(C(C(C(C1CO)N)O)N)=O
GlucoseAmm	G4	C1(C(C(C(C1CO)O)N)N)=O
GlucoseAmm	G4	C1(C(C(C(C1CO)O)O)=O)=O
GlucoseAmm	G4	C1(C(C(C(C1N)=C)O)O)=O
GlucoseAmm	G4	C1(C(C(C(C1N)N)(C)O)O)=O
GlucoseAmm	G4	C1(C(C(C(C1N)N)CO)O)=O
GlucoseAmm	G4	C1(C(C(C(C1N)O)(C)O)O)=O
GlucoseAmm	G4	C1(C(C(C(C1N)O)CO)O)=O
GlucoseAmm	G4	C1(C(C(C(C1N)O)O)O)=O
GlucoseAmm	G4	C1(C(C(C(C1O)=C)O)O)=O
GlucoseAmm	G4	C1(C(C(C(C1O)O)O)O)=O
GlucoseAmm	G4	C1(C(C(C(C=1)=O)CO)O)N
GlucoseAmm	G4	C1(C(C(C(CC(C1)O)=O)O)O)=O
GlucoseAmm	G4	C1(C(C(C(CC(C1)O)O)O)O)=O
GlucoseAmm	G4	C1(C(C(C(CC1)N)O)O)=O
GlucoseAmm	G4	C1(C(C(C(CC1)O)O)O)=O
GlucoseAmm	G4	C1(C(C(C(CC1N)N)O)O)=O
GlucoseAmm	G4	C1(C(C(C(CC1N)O)N)O)=O
GlucoseAmm	G4	C1(C(C(C(CC1O)=O)O)O)=O
GlucoseAmm	G4	C1(C(C(C(CC1O)N)O)O)=O
GlucoseAmm	G4	C1(C(C(C(CCN)O1)N)O)O
GlucoseAmm	G4	C1(C(C(C(CCN)O1)O)O)=O
GlucoseAmm	G4	C1(C(C(C(CCO)(C1)O)O)O)=O
GlucoseAmm	G4	C1(C(C(C(CCO)O1)O)O)=O
GlucoseAmm	G4	C1(C(C(C(CCO1)N)O)O)=O
GlucoseAmm	G4	C1(C(C(C(CCO1)O)O)O)=O
GlucoseAmm	G4	C1(C(C(C(CN)(C1)O)N)O)=O
GlucoseAmm	G4	C1(C(C(C(CN)(C1)O)O)N)=O
GlucoseAmm	G4	C1(C(C(C(CN)C1)O)O)=O
GlucoseAmm	G4	C1(C(C(C(CN)C1N)O)O)=O
GlucoseAmm	G4	C1(C(C(C(CN)C1O)O)O)=O
GlucoseAmm	G4	C1(C(C(C(CO)(C1)O)N)N)=O
GlucoseAmm	G4	C1(C(C(C(CO)(C1)O)N)O)=O
GlucoseAmm	G4	C1(C(C(C(CO)(C1)O)O)N)=O
GlucoseAmm	G4	C1(C(C(C(CO)C1)N)O)=O
GlucoseAmm	G4	C1(C(C(C(CO)C1)O)O)=O
GlucoseAmm	G4	C1(C(C(C(CO)C1N)N)O)=O
GlucoseAmm	G4	C1(C(C(C(CO)C1N)O)N)=O
GlucoseAmm	G4	C1(C(C(C(CO)C1O)N)O)=O
GlucoseAmm	G4	C1(C(C(C(N)=C)O)OC(C1)O)=O
GlucoseAmm	G4	C1(C(C(C(O)=O)O)NCC1)=O
GlucoseAmm	G4	C1(C(C(C(O)OC(C)C1)O)O)=O
GlucoseAmm	G4	C1(C(C(C(O)OCC1)(C)O)O)=O
GlucoseAmm	G4	C1(C(C(C(O)OCC1)N)N)=O
GlucoseAmm	G4	C1(C(C(C)(C(C(C1)O)O)O)O)=O
GlucoseAmm	G4	C1(C(C(C)(C(C1CO)O)O)O)=O
GlucoseAmm	G4	C1(C(C(C)(C(CO)O1)O)O)=O
GlucoseAmm	G4	C1(C(C(C)(C(CO1)O)O)O)=O
GlucoseAmm	G4	C1(C(C(C)(CN)O)OC(C1)O)=O
GlucoseAmm	G4	C1(C(C(C)(O)OCC1N)O)=O
GlucoseAmm	G4	C1(C(C(C)(O)OCC1O)O)=O
GlucoseAmm	G4	C1(C(C(C)N)OC(C1O)O)=O
GlucoseAmm	G4	C1(C(C(C)O)(C(CO1)O)O)=O
GlucoseAmm	G4	C1(C(C(C)O)OC(C(C1)O)O)=O
GlucoseAmm	G4	C1(C(C(C)O)OC(C1O)O)=O
GlucoseAmm	G4	C1(C(C(C)OC(C(C1)O)O)O)=O
GlucoseAmm	G4	C1(C(C(C)OC(C1O)O)O)=O
GlucoseAmm	G4	C1(C(C(C=C(C1)N)O)O)=O
GlucoseAmm	G4	C1(C(C(C=CC1N)O)O)=O
GlucoseAmm	G4	C1(C(C(C=CC1O)O)N)=O
GlucoseAmm	G4	C1(C(C(C=CC1O)O)O)=O
GlucoseAmm	G4	C1(C(C(C=CN)O)OC(C1)O)=O
GlucoseAmm	G4	C1(C(C(CC(C(C1)O)O)O)O)=O
GlucoseAmm	G4	C1(C(C(CC(C1)N)O)O)=O
GlucoseAmm	G4	C1(C(C(CC(C1)O)N)O)=O
GlucoseAmm	G4	C1(C(C(CC(C1)O)O)O)=O
GlucoseAmm	G4	C1(C(C(CC(C1N)N)O)O)=O
GlucoseAmm	G4	C1(C(C(CC(C1N)O)N)O)=O
GlucoseAmm	G4	C1(C(C(CC(C1N)O)O)N)=O
GlucoseAmm	G4	C1(C(C(CC(C1O)N)O)O)=O
GlucoseAmm	G4	C1(C(C(CC(C1O)O)O)=O)=O
GlucoseAmm	G4	C1(C(C(CC(C=1)=O)O)O)N
GlucoseAmm	G4	C1(C(C(CC(CO)(C1)O)O)O)=O
GlucoseAmm	G4	C1(C(C(CC(CO)O1)N)N)=O
GlucoseAmm	G4	C1(C(C(CC(CO)O1)N)O)=O
GlucoseAmm	G4	C1(C(C(CC(CO)O1)O)N)=O
GlucoseAmm	G4	C1(C(C(CC(CO)O1)O)O)=O
GlucoseAmm	G4	C1(C(C(CC(CO1)N)O)O)=O
GlucoseAmm	G4	C1(C(C(CC(CO1)O)N)N)=O
GlucoseAmm	G4	C1(C(C(CC(CO1)O)N)O)=O
GlucoseAmm	G4	C1(C(C(CC(CO1)O)O)N)=O
GlucoseAmm	G4	C1(C(C(CC(CO1)O)O)O)=O
GlucoseAmm	G4	C1(C(C(CC1(CO)O)O)=O)=O
GlucoseAmm	G4	C1(C(C(CC1(CO)O)O)N)=O
GlucoseAmm	G4	C1(C(C(CC1(CO)O)O)O)=O
GlucoseAmm	G4	C1(C(C(CC1)(CN)O)O)=O
GlucoseAmm	G4	C1(C(C(CC1)(CO)O)O)=O
GlucoseAmm	G4	C1(C(C(CC1)O)(C(C=O)O)O)=O
GlucoseAmm	G4	C1(C(C(CC1CO)N)O)=O
GlucoseAmm	G4	C1(C(C(CC1N)(CN)O)O)=O
GlucoseAmm	G4	C1(C(C(CC1N)(CO)O)O)=O
GlucoseAmm	G4	C1(C(C(CC1N)O)O)=O
GlucoseAmm	G4	C1(C(C(CC1O)O)O)=O
GlucoseAmm	G4	C1(C(C(CCO)O)(O)OCC1)=O
GlucoseAmm	G4	C1(C(C(CCO)O)OC(C1)O)=O
GlucoseAmm	G4	C1(C(C(CN)(C(C1)O)O)N)=O
GlucoseAmm	G4	C1(C(C(CN)(C(CO)O1)O)N)O
GlucoseAmm	G4	C1(C(C(CN)(C(CO)O1)O)O)=O
GlucoseAmm	G4	C1(C(C(CN)(C(CO)O1)O)O)O
GlucoseAmm	G4	C1(C(C(CN)(C(CO1)O)O)O)=O
GlucoseAmm	G4	C1(C(C(CN)(O)OCC1)N)=O
GlucoseAmm	G4	C1(C(C(CN)(O)OCC1O)O)=O
GlucoseAmm	G4	C1(C(C(CN)N)(O)OCC1)=O
GlucoseAmm	G4	C1(C(C(CN)N)OCC1O)=O
GlucoseAmm	G4	C1(C(C(CN)NC1CO)O)=O
GlucoseAmm	G4	C1(C(C(CN)NCC1)O)=O
GlucoseAmm	G4	C1(C(C(CN)NCC1O)O)=O
GlucoseAmm	G4	C1(C(C(CN)O)(O)OCC1)=O
GlucoseAmm	G4	C1(C(C(CN)O)NCC1)=O
GlucoseAmm	G4	C1(C(C(CN)O)OC(C1)O)=O
GlucoseAmm	G4	C1(C(C(CN)O)OCC1O)=O
GlucoseAmm	G4	C1(C(C(CN)OC(C1)O)O)=O
GlucoseAmm	G4	C1(C(C(CN)OCC1O)O)=O
GlucoseAmm	G4	C1(C(C(CN1)(C(CO)O)O)O)=O
GlucoseAmm	G4	C1(C(C(CNC1CN)O)O)=O
GlucoseAmm	G4	C1(C(C(CNC1CO)N)O)=O
GlucoseAmm	G4	C1(C(C(CNC1CO)O)O)=O
GlucoseAmm	G4	C1(C(C(CNCC1)N)O)=O
GlucoseAmm	G4	C1(C(C(CNCC1)O)O)=O
GlucoseAmm	G4	C1(C(C(CNCC1O)N)O)=O
GlucoseAmm	G4	C1(C(C(CNCC1O)O)O)=O
GlucoseAmm	G4	C1(C(C(CO)(C(C)(C1)O)O)O)=O
GlucoseAmm	G4	C1(C(C(CO)(C(C1)N)O)O)=O
GlucoseAmm	G4	C1(C(C(CO)(C(CO)O1)O)N)O
GlucoseAmm	G4	C1(C(C(CO)(C)O)(O)OCC1)=O
GlucoseAmm	G4	C1(C(C(CO)(C)O)OC(C1)O)=O
GlucoseAmm	G4	C1(C(C(CO)(C)OC(C1)O)O)=O
GlucoseAmm	G4	C1(C(C(CO)(CC(C1)O)O)O)=O
GlucoseAmm	G4	C1(C(C(CO)(CCO1)O)O)=O
GlucoseAmm	G4	C1(C(C(CO)(CN1)O)O)=O
GlucoseAmm	G4	C1(C(C(CO)(CO1)O)O)=O
GlucoseAmm	G4	C1(C(C(CO)(O)OCC1)N)=O
GlucoseAmm	G4	C1(C(C(CO)C(C1)N)O)=O
GlucoseAmm	G4	C1(C(C(CO)C(C1CO)O)=O)=O
GlucoseAmm	G4	C1(C(C(CO)C(CO)(C1)O)O)=O
GlucoseAmm	G4	C1(C(C(CO)N)(O)OCC1)=O
GlucoseAmm	G4	C1(C(C(CO)N)NCC1N)=O
GlucoseAmm	G4	C1(C(C(CO)N)OC(C1)N)=O
GlucoseAmm	G4	C1(C(C(CO)N)OC(C1O)O)=O
GlucoseAmm	G4	C1(C(C(CO)N)OCC1N)=O
GlucoseAmm	G4	C1(C(C(CO)N)OCC1O)=O
GlucoseAmm	G4	C1(C(C(CO)NC1CN)O)=O
GlucoseAmm	G4	C1(C(C(CO)NC1CO)O)=O
GlucoseAmm	G4	C1(C(C(CO)NCC1)O)=O
GlucoseAmm	G4	C1(C(C(CO)NCC1N)N)=O
GlucoseAmm	G4	C1(C(C(CO)O)(C(CN1)O)O)=O
GlucoseAmm	G4	C1(C(C(CO)O)(O)OCC1)=O
GlucoseAmm	G4	C1(C(C(CO)O)C(CO1)O)=O
GlucoseAmm	G4	C1(C(C(CO)O)NCC1)=O
GlucoseAmm	G4	C1(C(C(CO)O)OC(C1N)O)=O
GlucoseAmm	G4	C1(C(C(CO)O)OC(C=1)=O)N
GlucoseAmm	G4	C1(C(C(CO)OC(C1)N)N)=O
GlucoseAmm	G4	C1(C(C(CO)OC(C1N)O)O)=O
GlucoseAmm	G4	C1(C(C(CO)OC(C=1)=O)O)N
GlucoseAmm	G4	C1(C(C(CO)OCC1N)N)=O
GlucoseAmm	G4	C1(C(C(CO1)(CCO)O)O)=O
GlucoseAmm	G4	C1(C(C(CO1)(CN)O)O)=O
GlucoseAmm	G4	C1(C(C(CO1)NCC(O)=O)O)=O
GlucoseAmm	G4	C1(C(C(CO1)NCCO)O)=O
GlucoseAmm	G4	C1(C(C(CO1)O)(C(CN)O)O)=O
GlucoseAmm	G4	C1(C(C(CO1)O)C(C(C)N)O)=O
GlucoseAmm	G4	C1(C(C(CO1)O)C(C(N)=C)O)=O
GlucoseAmm	G4	C1(C(C(CO1)O)C(C)(CN)O)=O
GlucoseAmm	G4	C1(C(C(CO1)O)C(C)(CO)O)=O
GlucoseAmm	G4	C1(C(C(CO1)O)C(C=CN)O)=O
GlucoseAmm	G4	C1(C(C(CO1)O)C(CCO)O)=O
GlucoseAmm	G4	C1(C(C(CO1)O)C(CN)O)=O
GlucoseAmm	G4	C1(C(C(COC(C1)N)N)O)=O
GlucoseAmm	G4	C1(C(C(COC(C1)N)O)N)=O
GlucoseAmm	G4	C1(C(C(COC(C1)O)(C)O)O)=O
GlucoseAmm	G4	C1(C(C(COC(C1)O)N)N)=O
GlucoseAmm	G4	C1(C(C(COC(C1N)O)O)O)=O
GlucoseAmm	G4	C1(C(C(COC(C1O)O)N)O)=O
GlucoseAmm	G4	C1(C(C(COC(C=1)=O)O)O)N
GlucoseAmm	G4	C1(C(C(COCC1N)N)O)=O
GlucoseAmm	G4	C1(C(C(COCC1N)O)N)=O
GlucoseAmm	G4	C1(C(C(COCC1O)N)O)=O
GlucoseAmm	G4	C1(C(C(N)=CC(CO)O1)O)=O
GlucoseAmm	G4	C1(C(C(N)=CC(CO1)O)O)=O
GlucoseAmm	G4	C1(C(C(N)=CC1CO)O)=O
GlucoseAmm	G4	C1(C(C(N)OC(CO)C1)N)=O
GlucoseAmm	G4	C1(C(C(N)OCC(C1)N)O)=O
GlucoseAmm	G4	C1(C(C(N)OCC(C1)O)N)=O
GlucoseAmm	G4	C1(C(C(N)OCCC1N)O)=O
GlucoseAmm	G4	C1(C(C(O)OC(C)C1N)O)=O
GlucoseAmm	G4	C1(C(C(O)OC(CN)C1)O)=O
GlucoseAmm	G4	C1(C(C(O)OC(CO)C1N)O)=O
GlucoseAmm	G4	C1(C(C(O)OCC(C1)N)N)=O
GlucoseAmm	G4	C1(C(C(O)OCC(C1N)O)O)=O
GlucoseAmm	G4	C1(C(C(O)OCC(CO)C1)O)=O
GlucoseAmm	G4	C1(C(C)(O)OC(CO)C1O)=O
GlucoseAmm	G4	C1(C(C)(O)OCC(C1O)O)=O
GlucoseAmm	G4	C1(C(C)OC(C(C1N)O)O)=O
GlucoseAmm	G4	C1(C(C)OC(C(C1O)N)O)=O
GlucoseAmm	G4	C1(C(C)OC(CN)(C1O)O)=O
GlucoseAmm	G4	C1(C(C)OC(CO)(C1O)O)=O
GlucoseAmm	G4	C1(C(C2(CC1NC2)O)O)=O
GlucoseAmm	G4	C1(C(C2C(C1CN2)O)O)=O
GlucoseAmm	G4	C1(C(C2CC(C1N2)O)O)=O
GlucoseAmm	G4	C1(C(C=C(C1CO)N)O)=O
GlucoseAmm	G4	C1(C(C=C(CO)C1N)O)=O
GlucoseAmm	G4	C1(C(C=C(CO)C1O)O)=O
GlucoseAmm	G4	C1(C(C=CC1(CO)O)N)=O
GlucoseAmm	G4	C1(C(C=CC1(CO)O)O)=O
GlucoseAmm	G4	C1(C(CC(C(C1)O)N)O)=O
GlucoseAmm	G4	C1(C(CC(C(C1)O)O)N)=O
GlucoseAmm	G4	C1(C(CC(C(C1CO)O)O)=O)=O
GlucoseAmm	G4	C1(C(CC(C(C1N)N)O)O)=O
GlucoseAmm	G4	C1(C(CC(C(C1N)O)N)O)=O
GlucoseAmm	G4	C1(C(CC(C(C1N)O)O)N)=O
GlucoseAmm	G4	C1(C(CC(C(C1N)O)O)O)=O
GlucoseAmm	G4	C1(C(CC(C(C1O)N)O)O)=O
GlucoseAmm	G4	C1(C(CC(C(C=O)O)(C1)O)O)=O
GlucoseAmm	G4	C1(C(CC(C(CN)O1)N)O)O
GlucoseAmm	G4	C1(C(CC(C(CO)O)(C1)O)O)=O
GlucoseAmm	G4	C1(C(CC(C(CO)O)N1)O)=O
GlucoseAmm	G4	C1(C(CC(C(CO)O1)N)N)=O
GlucoseAmm	G4	C1(C(CC(C(CO)O1)N)O)=O
GlucoseAmm	G4	C1(C(CC(C(CO1)O)N)N)=O
GlucoseAmm	G4	C1(C(CC(C(CO1)O)N)O)=O
GlucoseAmm	G4	C1(C(CC(C1(CN)N)O)O)=O
GlucoseAmm	G4	C1(C(CC(C1(CN)O)O)N)=O
GlucoseAmm	G4	C1(C(CC(C1(CN)O)O)O)=O
GlucoseAmm	G4	C1(C(CC(C1(CO)CO)O)=O)=O
GlucoseAmm	G4	C1(C(CC(C1(CO)N)O)N)=O
GlucoseAmm	G4	C1(C(CC(C1(CO)N)O)O)=O
GlucoseAmm	G4	C1(C(CC(C1(CO)O)O)=O)=O
GlucoseAmm	G4	C1(C(CC(C1CN)O)O)=O
GlucoseAmm	G4	C1(C(CC(C1CO)N)O)=O
GlucoseAmm	G4	C1(C(CC(C1CO)O)N)=O
GlucoseAmm	G4	C1(C(CC(C1CO)O)O)=O
GlucoseAmm	G4	C1(C(CC(C=1C=O)O)O)N
GlucoseAmm	G4	C1(C(CC(CN)(C1)O)O)=O
GlucoseAmm	G4	C1(C(CC(CN)(C1O)O)O)=O
GlucoseAmm	G4	C1(C(CC(CO)(C(C1)O)O)=O)=O
GlucoseAmm	G4	C1(C(CC(CO)(C1)O)O)=O
GlucoseAmm	G4	C1(C(CC(CO)(C1CO)O)O)=O
GlucoseAmm	G4	C1(C(CC(CO)(C1N)O)N)=O
GlucoseAmm	G4	C1(C(CC(CO)(O)OCC1)O)=O
GlucoseAmm	G4	C1(C(CC(N)OCC1O)O)=O
GlucoseAmm	G4	C1(C(CC(O)OCC1N)N)=O
GlucoseAmm	G4	C1(C(CC(O)OCC1N)O)=O
GlucoseAmm	G4	C1(C(CCN)OC(C1O)O)=O
GlucoseAmm	G4	C1(C(CCO)(O)OCC1N)=O
GlucoseAmm	G4	C1(C(CCO)(O)OCC1O)=O
GlucoseAmm	G4	C1(C(CCO)NCC1N)=O
GlucoseAmm	G4	C1(C(CCO)OC(C1N)O)=O
GlucoseAmm	G4	C1(C(CCO)OC(C1O)N)=O
GlucoseAmm	G4	C1(C(CCOC(C1N)O)N)=O
GlucoseAmm	G4	C1(C(CCOC(C1N)O)O)=O
GlucoseAmm	G4	C1(C(CCOC(C1O)N)O)=O
GlucoseAmm	G4	C1(C(CN)(CC(CO)O1)O)=O
GlucoseAmm	G4	C1(C(CN)(CC(CO1)O)O)=O
GlucoseAmm	G4	C1(C(CN)(O)OC(CO)C1O)=O
GlucoseAmm	G4	C1(C(CN)(O)OCC(C1)N)=O
GlucoseAmm	G4	C1(C(CN)(O)OCC(C1O)O)=O
GlucoseAmm	G4	C1(C(CN)(O)OCCC1N)=O
GlucoseAmm	G4	C1(C(CN)(O)OCCC1O)=O
GlucoseAmm	G4	C1(C(CN)NC(CO)C1)=O
GlucoseAmm	G4	C1(C(CN)NCC1(CO)O)=O
GlucoseAmm	G4	C1(C(CN)OC(C(C1)N)O)=O
GlucoseAmm	G4	C1(C(CN)OC(C)(C1O)O)=O
GlucoseAmm	G4	C1(C(CN)OC(CC1N)O)=O
GlucoseAmm	G4	C1(C(CN)OC(CC1O)O)=O
GlucoseAmm	G4	C1(C(CN)OC(CN)(C1)O)=O
GlucoseAmm	G4	C1(C(CN)OC(CO)(C1)O)=O
GlucoseAmm	G4	C1(C(CN)OC(CO)C1N)=O
GlucoseAmm	G4	C1(C(CN)OCC(C1N)O)=O
GlucoseAmm	G4	C1(C(CN)OCC(C1O)N)=O
GlucoseAmm	G4	C1(C(CNC(CN)C1)O)=O
GlucoseAmm	G4	C1(C(CNC(CN)C1N)O)=O
GlucoseAmm	G4	C1(C(CNC(CO)C1)N)=O
GlucoseAmm	G4	C1(C(CNC(CO)C1)O)=O
GlucoseAmm	G4	C1(C(CNC(CO)C1N)O)=O
GlucoseAmm	G4	C1(C(CNC(CO)C1O)=O)=O
GlucoseAmm	G4	C1(C(CNC1C(CO)N)O)=O
GlucoseAmm	G4	C1(C(CNC1C(CO)O)=O)=O
GlucoseAmm	G4	C1(C(CNC1CCO)O)=O
GlucoseAmm	G4	C1(C(CNC1CN)O)=O
GlucoseAmm	G4	C1(C(CNC1CO)O)=O
GlucoseAmm	G4	C1(C(CNCC(C1)N)O)=O
GlucoseAmm	G4	C1(C(CNCC(C1)O)O)=O
GlucoseAmm	G4	C1(C(CNCC(C1N)N)O)=O
GlucoseAmm	G4	C1(C(CNCC(C1N)O)O)=O
GlucoseAmm	G4	C1(C(CNCC(C1O)=O)O)=O
GlucoseAmm	G4	C1(C(CO)(C(C(C1)=O)O)O)=O
GlucoseAmm	G4	C1(C(CO)(C(C=O)(CC1)O)O)=O
GlucoseAmm	G4	C1(C(CO)(C(CC(C1)=O)O)O)=O
GlucoseAmm	G4	C1(C(CO)(C(CO1)O)O)=O
GlucoseAmm	G4	C1(C(CO)(CC(C1CO)=O)O)=O
GlucoseAmm	G4	C1(C(CO)(CC(CO)O1)O)=O
GlucoseAmm	G4	C1(C(CO)(CC(CO1)O)O)=O
GlucoseAmm	G4	C1(C(CO)(CO)C(C(C1)=O)O)=O
GlucoseAmm	G4	C1(C(CO)(CO)CC(C1O)=O)=O
GlucoseAmm	G4	C1(C(CO)(O)OCC(C1)N)=O
GlucoseAmm	G4	C1(C(CO)(O)OCCC1N)=O
GlucoseAmm	G4	C1(C(CO)(O)OCCC1O)=O
GlucoseAmm	G4	C1(C(CO)C(C(C(C1)=O)O)O)=O
GlucoseAmm	G4	C1(C(CO)C(C(C1)=O)(CO)O)=O
GlucoseAmm	G4	C1(C(CO)C(C(C1CO)=O)O)=O
GlucoseAmm	G4	C1(C(CO)C(C(C1O)=O)CO)=O
GlucoseAmm	G4	C1(C(CO)C(C(C1O)=O)O)=O
GlucoseAmm	G4	C1(C(CO)C(C=O)(C(C1)O)O)=O
GlucoseAmm	G4	C1(C(CO)C(C=O)(CC1O)O)=O
GlucoseAmm	G4	C1(C(CO)C(C=O)C(C1O)O)=O
GlucoseAmm	G4	C1(C(CO)C(CC(C1O)=O)O)=O
GlucoseAmm	G4	C1(C(CO)CC(C1(CO)O)=O)=O
GlucoseAmm	G4	C1(C(CO)NC(CN)C1)=O
GlucoseAmm	G4	C1(C(CO)NC(CN)C1N)=O
GlucoseAmm	G4	C1(C(CO)NC(CO)C1)=O
GlucoseAmm	G4	C1(C(CO)NC(CO)C1N)=O
GlucoseAmm	G4	C1(C(CO)NCC(C1)N)=O
GlucoseAmm	G4	C1(C(CO)NCC(C1)O)=O
GlucoseAmm	G4	C1(C(CO)NCC(C1N)N)=O
GlucoseAmm	G4	C1(C(CO)NCC(C1N)O)=O
GlucoseAmm	G4	C1(C(CO)NCC(C1O)=O)=O
GlucoseAmm	G4	C1(C(CO)NCC1(CO)O)=O
GlucoseAmm	G4	C1(C(CO)OC(C(C1)O)(C)O)=O
GlucoseAmm	G4	C1(C(CO)OC(C(C1N)O)O)=O
GlucoseAmm	G4	C1(C(CO)OC(C(CO)C1)O)=O
GlucoseAmm	G4	C1(C(CO)OC(C)(C1O)O)=O
GlucoseAmm	G4	C1(C(CO)OC(CC1N)N)=O
GlucoseAmm	G4	C1(C(CO)OC(CC1O)N)=O
GlucoseAmm	G4	C1(C(CO)OC(CN)(C1O)O)=O
GlucoseAmm	G4	C1(C(CO)OC(CN)C1N)=O
GlucoseAmm	G4	C1(C(CO)OC(CN)C1O)=O
GlucoseAmm	G4	C1(C(CO)OC(CO)C1N)=O
GlucoseAmm	G4	C1(C(CO)OCC(C1N)N)=O
GlucoseAmm	G4	C1(C(CO)OCC(C1N)O)=O
GlucoseAmm	G4	C1(C(CO)OCC(C1O)N)=O
GlucoseAmm	G4	C1(C(COC(C(C1)N)O)N)=O
GlucoseAmm	G4	C1(C(COC(C(C1)O)(C)O)O)=O
GlucoseAmm	G4	C1(C(COC(C(C1N)O)O)O)=O
GlucoseAmm	G4	C1(C(COC(C(CO)C1)O)O)=O
GlucoseAmm	G4	C1(C(COC(CC1N)N)O)=O
GlucoseAmm	G4	C1(C(COC(CN)(C1)O)N)=O
GlucoseAmm	G4	C1(C(COC(CN)C1N)O)=O
GlucoseAmm	G4	C1(C(COC(CO)(C1)O)N)=O
GlucoseAmm	G4	C1(C(COC(CO)C1N)O)=O
GlucoseAmm	G4	C1(C(COCC(C1N)N)O)=O
GlucoseAmm	G4	C1(C(COCC(C1N)O)O)=O
GlucoseAmm	G4	C1(C(N)OC(CO)CC1N)=O
GlucoseAmm	G4	C1(C(N)OC(CO)CC1O)=O
GlucoseAmm	G4	C1(C(N)OCC(CC1N)O)=O
GlucoseAmm	G4	C1(C(N)OCC(CC1O)O)=O
GlucoseAmm	G4	C1(C(O)OC(C(CO)O)C1N)=O
GlucoseAmm	G4	C1(C(O)OC(CCO)C1N)=O
GlucoseAmm	G4	C1(C(O)OC(CCO)C1O)=O
GlucoseAmm	G4	C1(C(O)OC(CN)C1CO)=O
GlucoseAmm	G4	C1(C(O)OC(CO)C(C)(C1)O)=O
GlucoseAmm	G4	C1(C(O)OC(CO)C(C1N)O)=O
GlucoseAmm	G4	C1(C(O)OC(CO)C(C1O)N)=O
GlucoseAmm	G4	C1(C(O)OC(CO)C(CO)C1)=O
GlucoseAmm	G4	C1(C(O)OC(CO)C1CO)=O
GlucoseAmm	G4	C1(C(O)OCC(C(C)(C1)O)O)=O
GlucoseAmm	G4	C1(C(O)OCC(C(C1N)O)O)=O
GlucoseAmm	G4	C1(C(O)OCC(C(C1O)N)O)=O
GlucoseAmm	G4	C1(C(O)OCC(C(CO)C1)O)=O
GlucoseAmm	G4	C1(C(O)OCC(C1CO)O)=O
GlucoseAmm	G4	C1(C(O)OCC(CC1N)N)=O
GlucoseAmm	G4	C1(C(O)OCC(CC1O)N)=O
GlucoseAmm	G4	C1(C(O)OCC1C(C(C)N)O)=O
GlucoseAmm	G4	C1(C(O)OCC1C(C(N)=C)O)=O
GlucoseAmm	G4	C1(C(O)OCC1C(C)(CN)O)=O
GlucoseAmm	G4	C1(C(O)OCC1C(C=CN)O)=O
GlucoseAmm	G4	C1(C(O)OCC1C(CCO)O)=O
GlucoseAmm	G4	C1(C(O)OCC1C(CN)O)=O
GlucoseAmm	G4	C1(C(O)OCC1C(CO)(C)O)=O
GlucoseAmm	G4	C1(C(O)OCC1C(CO)O)=O
GlucoseAmm	G4	C1(C(O)OCCC(C1N)N)=O
GlucoseAmm	G4	C1(C(O)OCCC(C1N)O)=O
GlucoseAmm	G4	C1(C(O)OCCC(C1O)N)=O
GlucoseAmm	G4	C1(C(O)OCCC(C1O)O)=O
GlucoseAmm	G4	C1(C)C(C(C(C=1N)=O)O)O
GlucoseAmm	G4	C1(C2(C(C(CC2O)O1)O)O)=O
GlucoseAmm	G4	C1(C2(C(CC(C2N)O1)O)O)O
GlucoseAmm	G4	C1(C2(CC(C(C2O)O)O1)N)O
GlucoseAmm	G4	C1(C2(CC(C(C2O)O)O1)O)O
GlucoseAmm	G4	C1(C2(CC(C(C2O)O1)O)N)O
GlucoseAmm	G4	C1(C2(CC(C(C2O)O1)O)O)O
GlucoseAmm	G4	C1(C2C(C(C(C1)N2)O)O)=O
GlucoseAmm	G4	C1(C2C(C(C(C2N)O)O1)O)O
GlucoseAmm	G4	C1(C2C(C(C(C2N)O1)O)O)O
GlucoseAmm	G4	C1(C2C(C(C(C2O)N)O1)O)O
GlucoseAmm	G4	C1(C2C(C(C(C2O)O1)O)O)=O
GlucoseAmm	G4	C1(C2C(C(C(CO)O2)O1)O)O
GlucoseAmm	G4	C1(C2C(C(C1CN2)O)O)=O
GlucoseAmm	G4	C1(C2C(C(CN2)(C1)O)O)=O
GlucoseAmm	G4	C1(C2CC(C1(CN2)O)O)=O
GlucoseAmm	G4	C1(CC(C(C(C1)N)O)O)=O
GlucoseAmm	G4	C1(CC(C(C(C1CO)=O)O)O)=O
GlucoseAmm	G4	C1(CC(C(C(C1O)=O)O)O)=O
GlucoseAmm	G4	C1(CC(C(C(CN)O)O1)O)=O
GlucoseAmm	G4	C1(CC(C(C(CN)O1)O)O)=O
GlucoseAmm	G4	C1(CC(C(C)(C1(CO)O)O)O)=O
GlucoseAmm	G4	C1(CC(C(C1(C(C)O)O)O)O)=O
GlucoseAmm	G4	C1(CC(C(C1(CN)N)O)O)=O
GlucoseAmm	G4	C1(CC(C(C1(CN)O)O)N)=O
GlucoseAmm	G4	C1(CC(C(C1(CO)CO)=O)O)=O
GlucoseAmm	G4	C1(CC(C(C1(CO)N)O)N)=O
GlucoseAmm	G4	C1(CC(C(C1CN)O)O)=O
GlucoseAmm	G4	C1(CC(C(C1CO)N)O)=O
GlucoseAmm	G4	C1(CC(C(C1CO)O)N)=O
GlucoseAmm	G4	C1(CC(C(C1CO)O)O)=O
GlucoseAmm	G4	C1(CC(C(C1O)=CN)O)=O
GlucoseAmm	G4	C1(CC(C(CC(C1O)O)=O)O)=O
GlucoseAmm	G4	C1(CC(C(CC1(CO)O)=O)O)=O
GlucoseAmm	G4	C1(CC(C(CN)(C1)O)O)=O
GlucoseAmm	G4	C1(CC(C(CO)(C1)O)N)=O
GlucoseAmm	G4	C1(CC(C(CO)(C1)O)O)=O
GlucoseAmm	G4	C1(CC(C(O)=O)NC1CO)=O
GlucoseAmm	G4	C1(CC(C(O)=O)NCC1O)=O
GlucoseAmm	G4	C1(CC(C)(C(C1(CO)O)O)O)=O
GlucoseAmm	G4	C1(CC(C=C(C1O)N)O)=O
GlucoseAmm	G4	C1(CC(CC(C1(CO)O)=O)O)=O
GlucoseAmm	G4	C1(CC(CC1(CO)O)N)=O
GlucoseAmm	G4	C1(CC(CO)C(C(CO)O)O1)=O
GlucoseAmm	G4	C1(CC(CO)C(C(CO)O1)O)=O
GlucoseAmm	G4	C1(CC(CO)C(C(CO1)O)O)=O
GlucoseAmm	G4	C1(CC(CO)C(C1(CO)O)O)=O
GlucoseAmm	G4	C1(CC(N)=CC1(CO)O)=O
GlucoseAmm	G4	C1(CC2C(C1(CN2)O)O)=O
GlucoseAmm	G4	C1(CCC(C(C1(CO)O)O)=O)=O
GlucoseAmm	G4	C1(CCC(C1(CN)O)O)=O
GlucoseAmm	G4	C1(CCC(C1(CO)O)N)=O
GlucoseAmm	G4	C1(CCC(C1(CO)O)O)=O
GlucoseAmm	G4	C1(CN)C(C(C(C=1)=O)O)O
GlucoseAmm	G4	C1(CNC(C(C)N)C1O)=O
GlucoseAmm	G4	C1(CNC(C(C1)N)CO)=O
GlucoseAmm	G4	C1(CNC(C(CO)N)C1)=O
GlucoseAmm	G4	C1(CNC(C(CO)O)C1N)=O
GlucoseAmm	G4	C1(CNC(C(CO)O)C1O)=O
GlucoseAmm	G4	C1(CNC(CC1N)CO)=O
GlucoseAmm	G4	C1(CNC(CCN)C1O)=O
GlucoseAmm	G4	C1(CNC(CCO)C1N)=O
GlucoseAmm	G4	C1(CNC(CCO)C1O)=O
GlucoseAmm	G4	C1(CNC(CN)C(C1O)O)=O
GlucoseAmm	G4	C1(CNC(CN)CC1O)=O
GlucoseAmm	G4	C1(CNC(CO)C(C1N)O)=O
GlucoseAmm	G4	C1(CNC(CO)C(C1O)O)=O
GlucoseAmm	G4	C1(CNC(CO)CC1O)=O
GlucoseAmm	G4	C1(CNCC(C(C1)N)O)=O
GlucoseAmm	G4	C1(CNCC(C(C1O)O)=O)=O
GlucoseAmm	G4	C1(CNCC(C(C1O)O)O)=O
GlucoseAmm	G4	C1(CNCC(C1(CO)N)O)=O
GlucoseAmm	G4	C1(CNCC(C1(CO)O)=O)=O
GlucoseAmm	G4	C1(CNCC(C1(CO)O)O)=O
GlucoseAmm	G4	C1(CNCC(C1O)O)=O
GlucoseAmm	G4	C1(CNCC(CO)(C1O)O)=O
GlucoseAmm	G4	C1(CNCC1(C(CO)O)O)=O
GlucoseAmm	G4	C1(CNCC1(CO)O)=O
GlucoseAmm	G4	C1(CNCCC(C1O)N)=O
GlucoseAmm	G4	C1(CO)C(C(C(C=1)=O)O)O
GlucoseAmm	G4	C1(CO)CC(C(C=1N)=O)O
GlucoseAmm	G4	C1(COC(C(C(C)(C1)O)O)O)=O
GlucoseAmm	G4	C1(COC(C(C(C)O)(C1)O)O)=O
GlucoseAmm	G4	C1(COC(C(C(C1)O)N)O)=O
GlucoseAmm	G4	C1(COC(C(C(C1N)O)O)O)=O
GlucoseAmm	G4	C1(COC(C(C(CO)C1)O)O)=O
GlucoseAmm	G4	C1(COC(C(C)(C1CO)O)O)=O
GlucoseAmm	G4	C1(COC(C(C)O)(C1O)O)=O
GlucoseAmm	G4	C1(COC(C(C1)O)(CCO)O)=O
GlucoseAmm	G4	C1(COC(C(C1C(C)O)O)O)=O
GlucoseAmm	G4	C1(COC(C(C1CO)O)O)=O
GlucoseAmm	G4	C1(COC(C(C1N)O)O)=O
GlucoseAmm	G4	C1(COC(C(C1O)O)O)=O
GlucoseAmm	G4	C1(COC(C(CC1N)N)O)=O
GlucoseAmm	G4	C1(COC(C(CC1O)N)O)=O
GlucoseAmm	G4	C1(COC(C(CN)N)(C1)O)=O
GlucoseAmm	G4	C1(COC(C(CN)O)(C1)O)=O
GlucoseAmm	G4	C1(COC(C(CO)(C1)O)O)=O
GlucoseAmm	G4	C1(COC(C(CO)N)(C1)O)=O
GlucoseAmm	G4	C1(COC(C)(C(C(C1)O)O)O)=O
GlucoseAmm	G4	C1(COC(C)(C(C1CO)O)O)=O
GlucoseAmm	G4	C1(COC(C)(C(C1N)O)O)=O
GlucoseAmm	G4	C1(COC(C)(C(C1O)N)O)=O
GlucoseAmm	G4	C1(COC(C1C(C(C)N)O)O)=O
GlucoseAmm	G4	C1(COC(C1C(C(N)=C)O)O)=O
GlucoseAmm	G4	C1(COC(C1C(C)(CN)O)O)=O
GlucoseAmm	G4	C1(COC(C1C(C=CN)O)O)=O
GlucoseAmm	G4	C1(COC(C1C(CCO)O)O)=O
GlucoseAmm	G4	C1(COC(C1C(CN)O)O)=O
GlucoseAmm	G4	C1(COC(C1C(CO)(C)O)O)=O
GlucoseAmm	G4	C1(COC(C1C(CO)O)O)=O
GlucoseAmm	G4	C1(COC(CC(C1N)N)O)=O
GlucoseAmm	G4	C1(COC(CC(C1N)O)O)=O
GlucoseAmm	G4	C1(COC(CC(C1O)N)O)=O
GlucoseAmm	G4	C1(COC(CC(CO)(C1)O)O)=O
GlucoseAmm	G4	C1(COC(CC1O)(CN)O)=O
GlucoseAmm	G4	C1(COC(CCN)(C1O)O)=O
GlucoseAmm	G4	C1(COC(CCO)(C1N)O)=O
GlucoseAmm	G4	C1(COC(CN)(C(C1)N)O)=O
GlucoseAmm	G4	C1(COC(CN)(CC1N)O)=O
GlucoseAmm	G4	C1(COC(CO)(C(C1)N)O)=O
GlucoseAmm	G4	C1(COC(CO)(CC(C1)O)O)=O
GlucoseAmm	G4	C1(COC(CO)(CC1N)O)=O
GlucoseAmm	G4	C1(COC(CO)C(C1N)N)=O
GlucoseAmm	G4	C1(COCC(C(C1N)N)O)=O
GlucoseAmm	G4	C12C(C(C(CC1N)(O)O2)O)O
GlucoseAmm	G4	C12C(CC(C(C1N)O)(O)O2)O
GlucoseAmm	G4	C12C(CC(C(C1O)N)(O)O2)O
GlucoseAmm	G4	C12CC(C(C(C1O)O)(O)O2)N
GlucoseAmm	G4	C12CC(C(C(C1O)O)(O)O2)O
GlucoseAmm	G4	C1C(C(C(C(C(O)O1)O)O)N)O
GlucoseAmm	G4	C1C(C(C(C(C(O)O1)O)O)O)N
GlucoseAmm	G4	C1C(C(C(C(C1N)N)O)O)O
GlucoseAmm	G4	C1C(C(C(C(C1N)O)N)O)O
GlucoseAmm	G4	C1C(C(C(C(C1N)O)O)O)N
GlucoseAmm	G4	C1C(C(C(C(C1N)O)O)O)O
GlucoseAmm	G4	C1C(C(C(C(C1O)N)N)O)O
GlucoseAmm	G4	C1C(C(C(C(C1O)N)O)O)O
GlucoseAmm	G4	C1C(C(C(C(C1O)O)N)O)O
GlucoseAmm	G4	C1C(C(C(C(C=1)=O)(CO)O)O)O
GlucoseAmm	G4	C1C(C(C(C(C=1)=O)N)O)O
GlucoseAmm	G4	C1C(C(C(C(C=1)=O)O)N)O
GlucoseAmm	G4	C1C(C(C(C(C=1)O)O)O)N
GlucoseAmm	G4	C1C(C(C(C(C=1CO)=O)O)O)O
GlucoseAmm	G4	C1C(C(C(C(CN)O1)N)O)O
GlucoseAmm	G4	C1C(C(C(C(CN)O1)O)O)O
GlucoseAmm	G4	C1C(C(C(C(CO)N1)O)N)N
GlucoseAmm	G4	C1C(C(C(C(CO)N1)O)N)O
GlucoseAmm	G4	C1C(C(C(C(CO)O)N1)N)N
GlucoseAmm	G4	C1C(C(C(C(CO)O)N1)N)O
GlucoseAmm	G4	C1C(C(C(C(CO)O)O1)N)N
GlucoseAmm	G4	C1C(C(C(C(CO)O)O1)N)O
GlucoseAmm	G4	C1C(C(C(C(CO)O)O1)O)N
GlucoseAmm	G4	C1C(C(C(C(CO)O1)N)O)N
GlucoseAmm	G4	C1C(C(C(C(CO)O1)N)O)O
GlucoseAmm	G4	C1C(C(C(C(CO)O1)O)N)N
GlucoseAmm	G4	C1C(C(C(C(CO)O1)O)N)O
GlucoseAmm	G4	C1C(C(C(C(CO)O1)O)O)N
GlucoseAmm	G4	C1C(C(C(C(CO)O1)O)O)O
GlucoseAmm	G4	C1C(C(C(C(CO1)N)O)O)O
GlucoseAmm	G4	C1C(C(C(C(CO1)O)N)O)N
GlucoseAmm	G4	C1C(C(C(C(CO1)O)N)O)O
GlucoseAmm	G4	C1C(C(C(C(CO1)O)O)N)N
GlucoseAmm	G4	C1C(C(C(C(O)O1)O)O)O
GlucoseAmm	G4	C1C(C(C(C1N)O)O)O
GlucoseAmm	G4	C1C(C(C(C=1)=O)(CN)O)O
GlucoseAmm	G4	C1C(C(C(C=1)=O)(CO)N)O
GlucoseAmm	G4	C1C(C(C(C=1)O)O)(CN)O
GlucoseAmm	G4	C1C(C(C(C=1C(O)=O)O)O)O
GlucoseAmm	G4	C1C(C(C(C=1C=O)N)O)O
GlucoseAmm	G4	C1C(C(C(C=1C=O)O)N)O
GlucoseAmm	G4	C1C(C(C(C=1C=O)O)O)N
GlucoseAmm	G4	C1C(C(C(C=1CN)=O)O)O
GlucoseAmm	G4	C1C(C(C(C=1CN)O)O)O
GlucoseAmm	G4	C1C(C(C(C=1CO)=O)(CO)O)O
GlucoseAmm	G4	C1C(C(C(C=1CO)=O)N)O
GlucoseAmm	G4	C1C(C(C(C=1CO)=O)O)N
GlucoseAmm	G4	C1C(C(C(C=1CO)N)O)O
GlucoseAmm	G4	C1C(C(C(C=1CO)O)O)O
GlucoseAmm	G4	C1C(C(C(C=1N)=O)CO)O
GlucoseAmm	G4	C1C(C(C(CC(N)O1)N)O)O
GlucoseAmm	G4	C1C(C(C(CC(O)O1)N)N)O
GlucoseAmm	G4	C1C(C(C(CC(O)O1)N)O)N
GlucoseAmm	G4	C1C(C(C(CC(O)O1)N)O)O
GlucoseAmm	G4	C1C(C(C(CC(O)O1)O)N)O
GlucoseAmm	G4	C1C(C(C(CC(O)O1)O)O)N
GlucoseAmm	G4	C1C(C(C(CCN)(O)O1)O)O
GlucoseAmm	G4	C1C(C(C(CCO)(O)O1)O)N
GlucoseAmm	G4	C1C(C(C(CN)(O)O1)O)O
GlucoseAmm	G4	C1C(C(C(CO)(O)O1)O)O
GlucoseAmm	G4	C1C(C(C(O)O1)(C(C)O)O)N
GlucoseAmm	G4	C1C(C(C(O)O1)(C(C)O)O)O
GlucoseAmm	G4	C1C(C(C(O)O1)(C(CN)O)O)N
GlucoseAmm	G4	C1C(C(C(O)O1)(C(CN)O)O)O
GlucoseAmm	G4	C1C(C(C(O)O1)(C(CO)N)O)O
GlucoseAmm	G4	C1C(C(C(O)O1)(C(CO)O)O)N
GlucoseAmm	G4	C1C(C(C(O)O1)(CO)O)N
GlucoseAmm	G4	C1C(C(C(O)O1)(CO)O)O
GlucoseAmm	G4	C1C(C(C(OCC=1)O)O)N
GlucoseAmm	G4	C1C(C(CC(C(O)O1)N)N)O
GlucoseAmm	G4	C1C(C(CC(C(O)O1)N)O)O
GlucoseAmm	G4	C1C(C(CC(C(O)O1)O)N)N
GlucoseAmm	G4	C1C(C(CC(C(O)O1)O)N)O
GlucoseAmm	G4	C1C(C(CC(C(O)O1)O)O)N
GlucoseAmm	G4	C1C(C(CC(C=1N)=O)O)O
GlucoseAmm	G4	C1C(C(CC(CN)(O)O1)N)O
GlucoseAmm	G4	C1C(C(CC(CN)(O)O1)O)O
GlucoseAmm	G4	C1C(C(CC(CO)(O)O1)N)O
GlucoseAmm	G4	C1C(C(CC(CO)(O)O1)O)N
GlucoseAmm	G4	C1C(C(CN)(C(C(O)O1)N)O)O
GlucoseAmm	G4	C1C(C(CN)(C(C(O)O1)O)O)O
GlucoseAmm	G4	C1C(C(CN)(C(C=1)O)O)O
GlucoseAmm	G4	C1C(C(CN)O)(OCC=1)O
GlucoseAmm	G4	C1C(C(CO)(C(C(O)O1)N)O)O
GlucoseAmm	G4	C1C(C(CO)(C(C)(O)O1)O)O
GlucoseAmm	G4	C1C(C(CO)(C(C=1)O)O)N
GlucoseAmm	G4	C1C(C(CO)(C(C=1)O)O)O
GlucoseAmm	G4	C1C(C(CO)(C(CN)(O)O1)O)O
GlucoseAmm	G4	C1C(C(CO)O)(C(C(O)O1)N)O
GlucoseAmm	G4	C1C(C(CO)O)(OCC=1)O
GlucoseAmm	G4	C1C(C(CO)O)OC(C=1CO)=O
GlucoseAmm	G4	C1C(C(CO)O)OC(C=1N)O
GlucoseAmm	G4	C1C(C(CO)OC(C=1)O)N
GlucoseAmm	G4	C1C(C(CO)OC(C=1CO)=O)O
GlucoseAmm	G4	C1C(C(CO)OC(C=1N)O)O
GlucoseAmm	G4	C1C(C(COC(C=1)O)O)N
GlucoseAmm	G4	C1C(C(COC(C=1CO)=O)O)O
GlucoseAmm	G4	C1C(C(COC(C=1N)O)O)O
GlucoseAmm	G4	C1C(C(O)OCC(C=1)O)N
GlucoseAmm	G4	C1C(C(OC(C(C=1)=O)CO)O)O
GlucoseAmm	G4	C1C(C(OC(C=1)CO)O)N
GlucoseAmm	G4	C1C(C(OCC(C=1CO)=O)O)O
GlucoseAmm	G4	C1C(C)(C(C(C)(O)O1)O)O
GlucoseAmm	G4	C1C(C)(C(C(CCO)(O)O1)O)O
GlucoseAmm	G4	C1C(C)(C(C(CN)(O)O1)O)O
GlucoseAmm	G4	C1C(C)(C(C(CO)(O)O1)N)O
GlucoseAmm	G4	C1C(C)(C(C(CO)(O)O1)O)O
GlucoseAmm	G4	C1C(C)(C(C(O)O1)(CO)O)O
GlucoseAmm	G4	C1C(C)(C(C(O)O1)N)O
GlucoseAmm	G4	C1C(C)(C(C(O)O1)O)O
GlucoseAmm	G4	C1C(C)(C(CO)(C(C)(O)O1)O)O
GlucoseAmm	G4	C1C(C)(C(CO)C(CO)(O)O1)O
GlucoseAmm	G4	C1C(C2(C(C(CO2)O)O1)O)O
GlucoseAmm	G4	C1C(C2(C(C(CO2)O1)O)O)O
GlucoseAmm	G4	C1C(C2C(C(C(O)O2)O1)O)O
GlucoseAmm	G4	C1C(C2C(C(CN2)N)(O)O1)O
GlucoseAmm	G4	C1C(C2C(C(CN2)O)(O)O1)O
GlucoseAmm	G4	C1C(C2C(C(CO2)N)(O)O1)O
GlucoseAmm	G4	C1C(CC(C(C(N)O1)O)N)O
GlucoseAmm	G4	C1C(CC(C(C(O)O1)N)N)O
GlucoseAmm	G4	C1C(CC(C(C(O)O1)N)O)O
GlucoseAmm	G4	C1C(CC(C(C(O)O1)O)N)N
GlucoseAmm	G4	C1C(CC(C(C(O)O1)O)N)O
GlucoseAmm	G4	C1C(CC(C(C(O)O1)O)O)N
GlucoseAmm	G4	C1C(CC(C(CN)(O)O1)N)O
GlucoseAmm	G4	C1C(CC(C(CN)(O)O1)O)N
GlucoseAmm	G4	C1C(CC(C(CN)N)(O)O1)O
GlucoseAmm	G4	C1C(CC(C(CN)O)(O)O1)O
GlucoseAmm	G4	C1C(CC(C(CO)(O)O1)N)O
GlucoseAmm	G4	C1C(CC(C(CO)(O)O1)O)N
GlucoseAmm	G4	C1C(CC(C(CO)N)(O)O1)O
GlucoseAmm	G4	C1C(CC(C(CO)O)(O)O1)N
GlucoseAmm	G4	C1C(CC(C(O)O1)O)N
GlucoseAmm	G4	C1C(CCO)(C(C(O)O1)N)O
GlucoseAmm	G4	C1C(CCO)(C(C(O)O1)O)O
GlucoseAmm	G4	C1C(CN)(C(C(C)(O)O1)O)O
GlucoseAmm	G4	C1C(CN)(C(C(C=1)=O)O)O
GlucoseAmm	G4	C1C(CN)(C(C(CN)(O)O1)O)O
GlucoseAmm	G4	C1C(CN)(C(C(CO)(O)O1)N)O
GlucoseAmm	G4	C1C(CN)(C(C(CO)(O)O1)O)O
GlucoseAmm	G4	C1C(CN)(C(C(O)O1)(CO)O)O
GlucoseAmm	G4	C1C(CN)(C(C(O)O1)N)O
GlucoseAmm	G4	C1C(CN)(C(C(O)O1)O)O
GlucoseAmm	G4	C1C(CN)OC(C=1)(CO)O
GlucoseAmm	G4	C1C(CO)(C(C(C)(O)O1)O)O
GlucoseAmm	G4	C1C(CO)(C(C(C=1)=O)N)O
GlucoseAmm	G4	C1C(CO)(C(C(C=1)=O)O)O
GlucoseAmm	G4	C1C(CO)(C(C(C=1)O)O)O
GlucoseAmm	G4	C1C(CO)(C(C(CN)(O)O1)O)O
GlucoseAmm	G4	C1C(CO)(C(C(O)O1)N)O
GlucoseAmm	G4	C1C(CO)(C(C(O)O1)O)O
GlucoseAmm	G4	C1C(CO)OC(C(C=1)=O)(CO)O
GlucoseAmm	G4	C1C(CO)OC(C(C=1CO)=O)O
GlucoseAmm	G4	C1C(CO)OC(C=1)(CN)O
GlucoseAmm	G4	C1C(CO)OC(C=1)(CO)O
GlucoseAmm	G4	C1C(COC(C(C=1)=O)(CO)O)O
GlucoseAmm	G4	C1C(COC(C(C=1)O)O)N
GlucoseAmm	G4	C1C(COC(C(C=1CO)=O)O)O
GlucoseAmm	G4	C1C(COC(C=1)(CN)O)O
GlucoseAmm	G4	C1C(COC(C=1)(CO)O)O
GlucoseAmm	G4	C1C(O)OCC(C(C=1)=O)(CO)O
GlucoseAmm	G4	C1C(O)OCC(C(C=1CO)=O)O
GlucoseAmm	G4	C1C(OC(C(C=1)=O)(CO)CO)O
GlucoseAmm	G4	C1C(OC(C(C=1CO)=O)CO)O
GlucoseAmm	G4	C1C2(C(C(C(CO)O2)O1)N)O
GlucoseAmm	G4	C1C2(C(C(C(CO1)O2)N)O)O
GlucoseAmm	G4	C1C2(C(C(C(CO1)O2)O)N)O
GlucoseAmm	G4	C1C2(C(C(C(CO2)O)O1)N)O
GlucoseAmm	G4	C1C2(C(C(C(CO2)O1)N)O)O
GlucoseAmm	G4	C1C2(C(C(C(CO2)O1)O)N)O
GlucoseAmm	G4	C1C2(C(OC(C=1)C2O)O)O
GlucoseAmm	G4	C1C2(CC(C(C2N)(O)O1)O)O
GlucoseAmm	G4	C1C2(CC(C(C2O)O)(O)O1)O
GlucoseAmm	G4	C1C2C(C(C(C(O)O1)O2)O)O
GlucoseAmm	G4	C1C2C(C(C(C(O)O2)O1)O)O
GlucoseAmm	G4	C1C2C(C(C(C2N)(O)O1)O)O
GlucoseAmm	G4	C1C2C(C(C(C2O)O)(O)O1)O
GlucoseAmm	G4	C1C2C(C(C(C=1)(O2)O)O)O
GlucoseAmm	G4	C1C2C(C(C(CN)O2)(O)O1)O
GlucoseAmm	G4	C1C2C(C(C(CN2)N)(O)O1)O
GlucoseAmm	G4	C1C2C(C(C(CN2)O)(O)O1)O
GlucoseAmm	G4	C1C2C(C(C(CO)O2)(O)O1)O
GlucoseAmm	G4	C1C2C(C(C(CO2)N)(O)O1)O
GlucoseAmm	G4	C1CC(C(C(C(O)O1)N)O)N
GlucoseAmm	G4	C1CC(C(C(C(O)O1)O)N)N
GlucoseAmm	G4	C1CC(C(C(C(O)O1)O)N)O
GlucoseAmm	G4	C1CC(C(C(C(O)O1)O)O)N
GlucoseAmm	G4	C1CC(C(C(C=1N)=O)O)O
GlucoseAmm	G4	C1CC(C(C(CN)(O)O1)O)N
GlucoseAmm	G4	C1CC(C(C(CO)(O)O1)O)N
GlucoseAmm	G4	C1COC(C(C(C=1)=O)(CO)O)O
GlucoseAmm	G4	C1COC(C(C(C=1CO)=O)O)O
GlucoseAmm	G4	C=C(C(C(C(C(C)=O)=O)O)O)N
GlucoseAmm	G4	C=C(C(C(C(C)O)O)=O)N
GlucoseAmm	G4	C=C(C(C(C(C=C)=O)O)O)N
GlucoseAmm	G4	C=C(C(C(C(C=O)=O)(C)O)O)N
GlucoseAmm	G4	C=C(C(C(C(C=O)=O)CO)O)N
GlucoseAmm	G4	C=C(C(C(C(C=O)=O)N)O)N
GlucoseAmm	G4	C=C(C(C(C(C=O)=O)O)O)N
GlucoseAmm	G4	C=C(C(C(C(CCO)O)O)=O)N
GlucoseAmm	G4	C=C(C(C(C(CN)O)O)=O)N
GlucoseAmm	G4	C=C(C(C(C(CO)(C)O)O)=O)N
GlucoseAmm	G4	C=C(C(C(C(CO)N)O)=O)N
GlucoseAmm	G4	C=C(C(C(C(CO)O)N)=O)N
GlucoseAmm	G4	C=C(C(C(C(CO)O)O)=O)CO
GlucoseAmm	G4	C=C(C(C(C(CO)O)O)N)N
GlucoseAmm	G4	C=C(C(C(C(CO)O)O)O)N
GlucoseAmm	G4	C=C(C(C(CC(C=O)=O)O)O)N
GlucoseAmm	G4	C=C(C(C(CC(CO)O)=O)=O)N
GlucoseAmm	G4	C=C(C(C(CN)=O)=O)C(CO)O
GlucoseAmm	G4	C=C(C(C(CO)=O)=O)C(CO)O
GlucoseAmm	G4	C=C(C(C(CO)O)=O)C(CN)=O
GlucoseAmm	G4	C=C(C(C(CO)O)=O)C(CO)=O
GlucoseAmm	G4	C=C(C(C(CO)O)=O)C(CO)O
GlucoseAmm	G4	C=C(C(C(CO)O)=O)N
GlucoseAmm	G4	C=C(C(C=O)=O)C(C(CO)O)N
GlucoseAmm	G4	C=C(C(C=O)=O)C(C(CO)O)O
GlucoseAmm	G4	C=C(C(CC(C(CO)=O)=O)O)N
GlucoseAmm	G4	C=C(C(CC(C(O)=O)=O)O)N
GlucoseAmm	G4	C=C(C(CC(CN)O)=O)N
GlucoseAmm	G4	C=C(C(CC(CO)O)=O)N
GlucoseAmm	G4	C=C(C(CN)O)N
GlucoseAmm	G4	C=C(C(CNCCO)=O)N
GlucoseAmm	G4	C=C(C(CO)=O)C(C(CO)O)O
GlucoseAmm	G4	C=C(C(CO)=O)C(CN)O
GlucoseAmm	G4	C=C(C(CO)=O)C(CO)(C)O
GlucoseAmm	G4	C=C(C(CO)=O)C(CO)(CN)O
GlucoseAmm	G4	C=C(C(CO)=O)C(CO)(CO)O
GlucoseAmm	G4	C=C(C(CO)=O)C(CO)O
GlucoseAmm	G4	C=C(C(CO)N)N
GlucoseAmm	G4	C=C(C(CO)O)N
GlucoseAmm	G4	C=C(C=O)C(C(C(CO)N)O)=O
GlucoseAmm	G4	C=C(C=O)C(C(C(CO)O)N)=O
GlucoseAmm	G4	C=C(C=O)C(C(C(CO)O)O)=O
GlucoseAmm	G4	C=C(C=O)C(C(C(CO)O)O)O
GlucoseAmm	G4	C=C(C=O)C1(C(C(CO1)O)O)O
GlucoseAmm	G4	C=C1C(C(C(C(C1O)O)O)O)=O
GlucoseAmm	G4	C=C1C(C(C(C(OC1)O)O)O)=O
GlucoseAmm	G4	C=C1C(C(C(C1N)O)O)=O
GlucoseAmm	G4	C=C1C(C(C(C1N)O)O)O
GlucoseAmm	G4	C=C1C(C(C(C1O)N)O)=O
GlucoseAmm	G4	C=C1C(C(C(C1O)O)N)=O
GlucoseAmm	G4	C=C1C(C(C(C1O)O)O)O
GlucoseAmm	G4	C=C1C(C(C(CN)O1)O)O
GlucoseAmm	G4	C=C1C(C(C(CO)O)OC1O)=O
GlucoseAmm	G4	C=C1C(C(C(CO)O1)O)O
GlucoseAmm	G4	C=C1C(C(C(CO)OC1O)O)=O
GlucoseAmm	G4	C=C1C(C(C(CO1)O)O)O
GlucoseAmm	G4	C=C1C(C(C(COC1O)O)O)=O
GlucoseAmm	G4	C=C1C(C(C(O)OCC1O)O)=O
GlucoseAmm	G4	C=C1C(C(C(OC1CO)O)O)=O
GlucoseAmm	G4	C=C1C(C(CO)(C(C1O)O)O)=O
GlucoseAmm	G4	C=C1C(C(CO)OC(C1O)O)=O
GlucoseAmm	G4	C=C1C(C(COC(C1O)O)O)=O
GlucoseAmm	G4	C=C1C(C(O)OC(CO)C1O)=O
GlucoseAmm	G4	C=C1C(C(O)OCC(C1O)O)=O
GlucoseAmm	G4	C=C1C(C(OC1C(CO)O)O)=O
GlucoseAmm	G4	C=C1C(COC(C(C1O)O)O)=O
GlucoseAmm	G4	C=C1C(OC(C(CO)O)C1O)=O
GlucoseAmm	G4	C=C1C(OC(CO)C(C1O)O)=O
GlucoseAmm	G4	C=C1C(OCC(C(C1O)O)O)=O
GlucoseAmm	G4	C=CC(C(C(C(C)N)O)O)=O
GlucoseAmm	G4	C=CC(C(C(C(CN)O)O)O)=O
GlucoseAmm	G4	C=CC(C(C(C(CO)N)O)O)=O
GlucoseAmm	G4	C=CC(C(C(C(CO)O)O)O)=O
GlucoseAmm	G4	C=CC(C(C(C)(CN)O)O)=O
GlucoseAmm	G4	C=CC(C(C(C=CN)O)O)=O
GlucoseAmm	G4	C=CC(C(C(CCO)O)O)=O
GlucoseAmm	G4	C=CC(C(C(CN)N)O)=O
GlucoseAmm	G4	C=CC(C(C(CN)O)N)=O
GlucoseAmm	G4	C=CC(C(C(CN)O)O)=O
GlucoseAmm	G4	C=CC(C(C(CO)(C)O)O)=O
GlucoseAmm	G4	C=CC(C(C(CO)(CN)O)O)=O
GlucoseAmm	G4	C=CC(C(C(CO)(CO)O)O)=O
GlucoseAmm	G4	C=CC(C(C(CO)N)O)=O
GlucoseAmm	G4	C=CC(C(C(CO)O)N)=O
GlucoseAmm	G4	C=CC(C(C(CO)O)O)N
GlucoseAmm	G4	C=CC(C(CO)(C(CN)O)O)=O
GlucoseAmm	G4	C=CC(C(CO)(C(CO)O)O)=O
GlucoseAmm	G4	C=CC(C1(COC(C1O)O)O)=O
GlucoseAmm	G4	C=CC1(C(C(CO1)O)O)O
GlucoseAmm	G4	CC(C(C(C(CO)O)N)N)O
GlucoseAmm	G4	CC(C(C(C(CO)O)N)O)N
GlucoseAmm	G4	CC(C(C(C(CO)O)N)O)O
GlucoseAmm	G4	CC(C(C(C(CO)O)O)N)N
GlucoseAmm	G4	CC(C(C(C(CO)O)O)N)O
GlucoseAmm	G4	CC(C(C(C(CO)O)O)O)N
GlucoseAmm	G4	CC(C(C(C)(C(CO)O)O)O)N
GlucoseAmm	G4	CC(C(C(C)(CO)O)O)N
GlucoseAmm	G4	CC(C(C(C)N)O)O
GlucoseAmm	G4	CC(C(C(CCO)N)O)O
GlucoseAmm	G4	CC(C(C(CN)N)O)O
GlucoseAmm	G4	CC(C(C(CN)O)O)N
GlucoseAmm	G4	CC(C(C(CO)(CCO)O)O)N
GlucoseAmm	G4	CC(C(C(CO)(CN)O)O)N
GlucoseAmm	G4	CC(C(C(CO)(CO)O)O)N
GlucoseAmm	G4	CC(C(C(CO)N)N)O
GlucoseAmm	G4	CC(C(C(CO)N)O)O
GlucoseAmm	G4	CC(C(C(CO)O)O)N
GlucoseAmm	G4	CC(C(CN)(C(CO)N)O)O
GlucoseAmm	G4	CC(C(CN)(C(CO)O)O)O
GlucoseAmm	G4	CC(C(CN)N)O
GlucoseAmm	G4	CC(C(CN)O)N
GlucoseAmm	G4	CC(C(CN)O)O
GlucoseAmm	G4	CC(C(CO)(C(C)O)O)N
GlucoseAmm	G4	CC(C(CO)(C(CN)N)O)O
GlucoseAmm	G4	CC(C(CO)(C(CN)O)O)N
GlucoseAmm	G4	CC(C(CO)(C(CO)N)O)O
GlucoseAmm	G4	CC(C(CO)(C(CO)O)O)N
GlucoseAmm	G4	CC(C(CO)(C(CO)O)O)O
GlucoseAmm	G4	CC(C(CO)(CN)O)O
GlucoseAmm	G4	CC(C(CO)(CO)O)N
GlucoseAmm	G4	CC(C(CO)(CO)O)O
GlucoseAmm	G4	CC(C(CO)C(CO)N)O
GlucoseAmm	G4	CC(C(CO)N)N
GlucoseAmm	G4	CC(C(CO)N)O
GlucoseAmm	G4	CC(C(CO)O)(C(CN)N)O
GlucoseAmm	G4	CC(C(CO)O)(C(CN)O)O
GlucoseAmm	G4	CC(C(CO)O)(C(CO)N)O
GlucoseAmm	G4	CC(C(CO)O)(C(CO)O)O
GlucoseAmm	G4	CC(C(CO)O)N
GlucoseAmm	G4	CC(C(CO)O)O
GlucoseAmm	G4	CC(C1(C(C(CO1)O)O)O)O
GlucoseAmm	G4	CC(C1C(C(C(O)O1)O)N)N
GlucoseAmm	G4	CC(C1C(C(C(O)O1)O)O)N
GlucoseAmm	G4	CC(CC(C(CO)O)N)O
GlucoseAmm	G4	CC(CC(CO)N)(C(CO)O)O
GlucoseAmm	G4	CC(CC(CO)N)O
GlucoseAmm	G4	CC(CCN)(C(CO)O)O
GlucoseAmm	G4	CC(CCO)(C(CO)O)O
GlucoseAmm	G4	CC(CO)(C(C(CCO)N)O)O
GlucoseAmm	G4	CC(CO)(C(C(CN)N)O)O
GlucoseAmm	G4	CC(CO)(C(C(CO)N)N)O
GlucoseAmm	G4	CC(CO)(C(C(CO)N)O)O
GlucoseAmm	G4	CC(CO)(C(CN)N)O
GlucoseAmm	G4	CC(CO)(C(CN)O)O
GlucoseAmm	G4	CC(CO)(C(CO)(C(C)N)O)O
GlucoseAmm	G4	CC(CO)(C(CO)(CN)O)O
GlucoseAmm	G4	CC(CO)(C(CO)(CO)O)O
GlucoseAmm	G4	CC(CO)(C(CO)C(CO)N)O
GlucoseAmm	G4	CC(CO)(C(CO)N)O
GlucoseAmm	G4	CC(CO)(C(CO)O)O
GlucoseAmm	G4	CC1(C(C(C(C1N)N)O)O)O
GlucoseAmm	G4	CC1(C(C(C(C1N)O)O)O)N
GlucoseAmm	G4	CC1(C(C(C(C1N)O)O)O)O
GlucoseAmm	G4	CC1(C(C(C(C1O)N)O)O)O
GlucoseAmm	G4	CC1(C(C(C(CN)O1)N)O)O
GlucoseAmm	G4	CC1(C(C(C(CN)O1)O)O)O
GlucoseAmm	G4	CC1(C(C(C(CO)O1)N)O)O
GlucoseAmm	G4	CC1(C(C(C(CO1)N)O)O)O
GlucoseAmm	G4	CC1(C(C(C(CO1)O)N)O)O
GlucoseAmm	G4	CC1(C(C(C(CO1)O)O)N)O
GlucoseAmm	G4	CC1(C(C(C)(C(CO)O1)O)O)O
GlucoseAmm	G4	CC1(C(C(CO1)(CCO)O)O)O
GlucoseAmm	G4	CC1(C(C(CO1)O)O)O
GlucoseAmm	G4	CC1(C(CO)OC(C1N)O)O
GlucoseAmm	G4	CC1(C(CO)OC(C1O)O)O
GlucoseAmm	G4	CC1(C(COC(C)(C1O)O)O)O
GlucoseAmm	G4	CC1(C(COC(C1N)O)O)O
GlucoseAmm	G4	CC1(C(COC(C1O)O)O)O
GlucoseAmm	G4	CC1C(C(C(C(O)O1)O)O)N
PyruvicAcid	G1	C(C(CO)O)(O)=O
PyruvicAcid	G2	C(C(CO)(C(C)O)O)(O)=O
PyruvicAcid	G3	C(C(C(C(C)O)C(C)O)=O)(O)=O
PyruvicAcid	G3	C(C(C(C(C)O)O)O)(O)=O
PyruvicAcid	G3	C(C(C(C(CC(C)O)O)O)=O)=O
PyruvicAcid	G3	C(C(C(C)O)C(C(CO)=O)O)=O
PyruvicAcid	G3	C(C(C(C)O)C(C(O)=O)(C)O)=O
PyruvicAcid	G3	C(C(C(C)O)C(C=O)(CO)O)=O
PyruvicAcid	G3	C(C(C(C)O)O)(O)=O
PyruvicAcid	G3	C(C(C(CC(C)O)O)O)(O)=O
PyruvicAcid	G3	C(C(C(CC(O)=O)O)C(C)O)=O
PyruvicAcid	G3	C(C(C(CO)C(C)O)=O)(O)=O
PyruvicAcid	G3	C(C(C)(C(CO)O)O)(O)=O
PyruvicAcid	G3	C(C(C)(CC(CC=O)O)O)(O)=O
PyruvicAcid	G3	C(C(C)(CC(O)=O)O)(O)=O
PyruvicAcid	G3	C(C(C)(CCO)O)(O)=O
PyruvicAcid	G3	C(C(C=C)(CO)O)(O)=O
PyruvicAcid	G3	C(C(C=O)C(CC(C)O)O)(O)=O
PyruvicAcid	G3	C(C(CC(C)O)(CC=O)O)(O)=O
PyruvicAcid	G3	C(C(CC(CC(C)O)O)=O)(O)=O
PyruvicAcid	G3	C(C(CO)(CO)O)(O)=O
PyruvicAcid	G3	C(C(CO)C(C(O)=O)(C)O)=O
PyruvicAcid	G3	CC(C(CO)O)O
PyruvicAcid	G4	C(C(C(C(C(O)=O)=O)O)O)=CC
PyruvicAcid	G4	C(C(C(C(C)O)(C(C)O)O)=O)=O
PyruvicAcid	G4	C(C(C(C(C)O)O)(CC=O)O)=O
PyruvicAcid	G4	C(C(C(C(C)O)O)=O)(O)=O
PyruvicAcid	G4	C(C(C(C(C=O)O)O)C(C)O)=O
PyruvicAcid	G4	C(C(C(C(CC(C)O)O)=O)O)=O
PyruvicAcid	G4	C(C(C(C(CCO)O)O)=O)=O
PyruvicAcid	G4	C(C(C(C(CO)=O)O)O)=O
PyruvicAcid	G4	C(C(C(C(CO)O)=O)C(C)O)=O
PyruvicAcid	G4	C(C(C(C(O)=O)=C)O)(O)=O
PyruvicAcid	G4	C(C(C(C)=O)(CO)C(C)O)(O)=O
PyruvicAcid	G4	C(C(C(C)=O)(CO)CO)(O)=O
PyruvicAcid	G4	C(C(C(C)O)(C(C)O)O)(O)=O
PyruvicAcid	G4	C(C(C(C)O)=O)(C(C(C)O)O)=O
PyruvicAcid	G4	C(C(C(C)O)=O)(C(CO)O)=O
PyruvicAcid	G4	C(C(C(C)O)C(C)O)(O)=O
PyruvicAcid	G4	C(C(C(C)O)C(C=O)O)(O)=O
PyruvicAcid	G4	C(C(C(C)O)C(CCO)O)(O)=O
PyruvicAcid	G4	C(C(C(C)O)C(CCO)O)=O
PyruvicAcid	G4	C(C(C(C)O)C(CO)(CO)O)=O
PyruvicAcid	G4	C(C(C(C=C)O)O)(O)=O
PyruvicAcid	G4	C(C(C(C=CC)O)O)(O)=O
PyruvicAcid	G4	C(C(C(C=O)O)O)(O)=O
PyruvicAcid	G4	C(C(C(CC(C)O)=O)CO)(O)=O
PyruvicAcid	G4	C(C(C(CC=C)O)O)(O)=O
PyruvicAcid	G4	C(C(C(CC=O)O)C(C)O)(O)=O
PyruvicAcid	G4	C(C(C(CCO)=O)CO)(O)=O
PyruvicAcid	G4	C(C(C(CCO)O)O)(O)=O
PyruvicAcid	G4	C(C(C(CO)(C(C)O)O)=O)=O
PyruvicAcid	G4	C(C(C(CO)(CO)O)=O)=O
PyruvicAcid	G4	C(C(C(CO)=O)O)(O)=O
PyruvicAcid	G4	C(C(C(CO)CO)=O)(O)=O
PyruvicAcid	G4	C(C(C(CO)O)(CC=O)O)=O
PyruvicAcid	G4	C(C(C(CO)O)=O)(O)=O
PyruvicAcid	G4	C(C(C(CO)O)O)(O)=O
PyruvicAcid	G4	C(C(C(O)=O)(C)O)(O)=O
PyruvicAcid	G4	C(C(C(O)=O)C(C)O)(O)=O
PyruvicAcid	G4	C(C(C(O)=O)C(C=CC)O)(O)=O
PyruvicAcid	G4	C(C(C(O)=O)C(CC=C)O)(O)=O
PyruvicAcid	G4	C(C(C(O)=O)CO)(O)=O
PyruvicAcid	G4	C(C(C)(C(C)O)O)(O)=O
PyruvicAcid	G4	C(C(C)(C(C=CC)O)O)(O)=O
PyruvicAcid	G4	C(C(C)(C(C=O)O)O)(O)=O
PyruvicAcid	G4	C(C(C)(C(CC(C)O)O)O)(O)=O
PyruvicAcid	G4	C(C(C)(C(CC=C)O)O)(O)=O
PyruvicAcid	G4	C(C(C)(C(CC=O)O)O)(O)=O
PyruvicAcid	G4	C(C(C)(C(CCO)O)O)(O)=O
PyruvicAcid	G4	C(C(C)(C(CO)C(C)O)O)(O)=O
PyruvicAcid	G4	C(C(C)(C(CO)CO)O)(O)=O
PyruvicAcid	G4	C(C(C)(C(CO)O)CC=O)(O)=O
PyruvicAcid	G4	C(C(C)(CC(CCO)O)O)(O)=O
PyruvicAcid	G4	C(C(C)C(C=O)C(CO)O)(O)=O
PyruvicAcid	G4	C(C(C=C)C(C(C(O)=O)O)O)=O
PyruvicAcid	G4	C(C(C=C)C(C(O)=O)(CO)O)=O
PyruvicAcid	G4	C(C(C=C)C(CO)(CO)O)=O
PyruvicAcid	G4	C(C(C=CC(C)O)(CO)O)(O)=O
PyruvicAcid	G4	C(C(C=CC(C)O)O)(O)=O
PyruvicAcid	G4	C(C(C=CC(O)=O)O)(O)=O
PyruvicAcid	G4	C(C(C=O)(C(C)O)C(C)O)(O)=O
PyruvicAcid	G4	C(C(C=O)(C(C)O)O)(O)=O
PyruvicAcid	G4	C(C(C=O)(C(C=CC)O)O)(O)=O
PyruvicAcid	G4	C(C(C=O)(C(CC=C)O)O)(O)=O
PyruvicAcid	G4	C(C(C=O)(CO)C(C)O)(O)=O
PyruvicAcid	G4	C(C(C=O)(CO)CO)(O)=O
PyruvicAcid	G4	C(C(C=O)(CO)O)(O)=O
PyruvicAcid	G4	C(C(C=O)C(CCO)O)(O)=O
PyruvicAcid	G4	C(C(CC(C)C(CO)O)=O)(O)=O
PyruvicAcid	G4	C(C(CC(CCO)O)=O)(O)=O
PyruvicAcid	G4	C(C(CC(CO)O)CC=O)(O)=O
PyruvicAcid	G4	C(C(CCO)(CC(C)O)O)(O)=O
PyruvicAcid	G4	C(C(CCO)(CC=O)O)(O)=O
PyruvicAcid	G4	C(C(CO)(C(C)CC=O)O)(O)=O
PyruvicAcid	G4	C(C(CO)(C(C)O)C(C)O)=O
PyruvicAcid	G4	C(C(CO)(C(C)O)C(C=O)O)=O
PyruvicAcid	G4	C(C(CO)(C(C=CC)O)O)(O)=O
PyruvicAcid	G4	C(C(CO)(C(CC=C)O)O)(O)=O
PyruvicAcid	G4	C(C(CO)(C(CO)C(C)O)O)=O
PyruvicAcid	G4	C(C(CO)(C(CO)O)O)=O
PyruvicAcid	G4	C(C(CO)(C)O)(O)=O
PyruvicAcid	G4	C(C(CO)(CC(CC=O)O)O)=O
PyruvicAcid	G4	C(C(CO)(CC(O)=O)O)=O
PyruvicAcid	G4	C(C(CO)(CC=O)O)(C(C)O)=O
PyruvicAcid	G4	C(C(CO)(CC=O)O)(O)=O
PyruvicAcid	G4	C(C(CO)(CCO)O)(O)=O
PyruvicAcid	G4	C(C(CO)(CCO)O)=O
PyruvicAcid	G4	C(C(CO)(CO)C(C)O)=O
PyruvicAcid	G4	C(C(CO)=O)(C(C)(C(C)O)O)=O
PyruvicAcid	G4	C(C(CO)=O)(C(CC(C)O)O)=O
PyruvicAcid	G4	C(C(CO)=O)(C(CO)(C)O)=O
PyruvicAcid	G4	C(C(CO)C(C(C=O)O)O)=O
PyruvicAcid	G4	C(C(CO)C(C(CO)=O)O)=O
PyruvicAcid	G4	C(C(CO)C(C)(CC=O)O)(O)=O
PyruvicAcid	G4	C(C(CO)C(C)O)(O)=O
PyruvicAcid	G4	C(C(CO)C(C=CC)O)(O)=O
PyruvicAcid	G4	C(C(CO)C(C=O)(CO)O)=O
PyruvicAcid	G4	C(C(CO)C(C=O)O)(O)=O
PyruvicAcid	G4	C(C(CO)C(CC(C)O)O)(O)=O
PyruvicAcid	G4	C(C(CO)C(CC(C)O)O)=O
PyruvicAcid	G4	C(C(CO)C(CC(O)=O)O)=O
PyruvicAcid	G4	C(C(CO)C(CC=C)O)(O)=O
PyruvicAcid	G4	C(C(CO)C(CC=O)O)(O)=O
PyruvicAcid	G4	C(C(CO)C(CCO)O)(O)=O
PyruvicAcid	G4	C(C(CO)C(CCO)O)=O
PyruvicAcid	G4	C(C(CO)C(CO)(CO)O)=O
PyruvicAcid	G4	C(C(CO)C(CO)O)(O)=O
PyruvicAcid	G4	C(C(CO)CO)(O)=O
PyruvicAcid	G4	C(C(CO)O)O
PyruvicAcid	G4	C(C1(C(C(CC(C)O1)O)O)O)=O
PyruvicAcid	G4	C(C1(CC(CC(C)O1)O)O)(O)=O
PyruvicAcid	G4	C(C1(CC(O)OC(C)C1)O)(O)=O
PyruvicAcid	G4	C(C1(COC(C1C(C)O)O)O)=O
PyruvicAcid	G4	C(C1C(C)OC(C1(CO)O)O)=O
PyruvicAcid	G4	C(C1C(C)OC(CO)(C1O)O)=O
PyruvicAcid	G4	C(CC(C(C(C(C)O)O)=O)O)=O
PyruvicAcid	G4	C(CC(C(C(C(O)=O)=O)O)O)=C
PyruvicAcid	G4	C(CC(C(C(CO)O)=O)O)=O
PyruvicAcid	G4	C(CC(C(C(O)=O)O)O)=O
PyruvicAcid	G4	C(CC(C(CO)(CC=O)O)O)=O
PyruvicAcid	G4	C(CC(C(CO)=O)O)(O)=O
PyruvicAcid	G4	C(CC(C(CO)C(C)O)O)(O)=O
PyruvicAcid	G4	C(CC(C(CO)C(C)O)O)=O
PyruvicAcid	G4	C(CC(C(CO)O)O)(O)=O
PyruvicAcid	G4	C(CC(C)C(C(C(O)=O)O)O)=O
PyruvicAcid	G4	C(CC(CC(C(CO)=O)O)O)=O
PyruvicAcid	G4	C(CC(CC(C)O)O)(O)=O
PyruvicAcid	G4	C(CC(CC(CC=O)O)O)(O)=O
PyruvicAcid	G4	C(CC(CC(O)=O)O)(O)=O
PyruvicAcid	G4	C(CC(CCO)O)(O)=O
PyruvicAcid	G4	C(CC(CO)(CO)O)=O
PyruvicAcid	G4	C(CO)(C(C(C)O)(CC=O)O)=O
PyruvicAcid	G4	C(CO)(C(C(C)O)O)=O
PyruvicAcid	G4	C(CO)(C(C(C=CC)O)O)=O
PyruvicAcid	G4	C(CO)(C(C(CC(C)O)O)O)=O
PyruvicAcid	G4	C(CO)(C(C(CC=C)O)O)=O
PyruvicAcid	G4	C(CO)(C(C(CCO)O)O)=O
PyruvicAcid	G4	C(CO)(C(C(CO)C(C)O)O)=O
PyruvicAcid	G4	C(CO)(C(C(CO)O)O)=O
PyruvicAcid	G4	C(CO)(C(CCO)O)=O
PyruvicAcid	G4	C(CO)(C(CO)(CC=O)O)=O
PyruvicAcid	G4	C(CO)(C(CO)O)=O
PyruvicAcid	G4	C1(C(C(C(C1O)O)C(C)O)O)=O
PyruvicAcid	G4	C1(C(C(CC1O)O)O)=O
PyruvicAcid	G4	C1(C(CO)(C(CC(C)O1)O)O)=O
PyruvicAcid	G4	C1(C(O)OC(C)CC(C1O)O)=O
PyruvicAcid	G4	C1(C(O)OC(CC(C)O)C1O)=O
PyruvicAcid	G4	C1(COC(C(C(C)O)C1O)O)=O
PyruvicAcid	G4	C=C(C(O)=O)C(CO)O
PyruvicAcid	G4	CC(C(CO)(CO)O)O
PyruvicAcid	G4	CC(C(CO)C(C)O)O
PyruvicAcid	G4	CC(C(CO)CO)O
PyruvicAcid	G4	CC(CC(C(CO)O)O)O
PyruvicAcid	G4	CC(CC(CCO)O)O
PyruvicAcid	G5	C(C(C(C(C(C)=O)CO)O)O)=O
PyruvicAcid	G5	C(C(C(C(C(C)=O)O)O)O)=O
PyruvicAcid	G5	C(C(C(C(C(C)O)=C)O)O)(O)=O
PyruvicAcid	G5	C(C(C(C(C(C)O)=C)O)O)=O
PyruvicAcid	G5	C(C(C(C(C(C)O)=O)O)O)(C)=O
PyruvicAcid	G5	C(C(C(C(C(C)O)O)=O)C)(O)=O
PyruvicAcid	G5	C(C(C(C(C(C)O)O)=O)O)=O
PyruvicAcid	G5	C(C(C(C(C(C)O)O)O)=O)=O
PyruvicAcid	G5	C(C(C(C(C(C=C)O)=O)O)O)=O
PyruvicAcid	G5	C(C(C(C(C(C=C)O)O)=O)O)=O
PyruvicAcid	G5	C(C(C(C(C(CC)O)O)O)=O)=O
PyruvicAcid	G5	C(C(C(C(C(O)=O)=C)(C)O)O)=O
PyruvicAcid	G5	C(C(C(C(C(O)=O)=C)CO)O)=O
PyruvicAcid	G5	C(C(C(C(C(O)=O)=C)O)O)=O
PyruvicAcid	G5	C(C(C(C(C(O)=O)=CC)O)O)=O
PyruvicAcid	G5	C(C(C(C(C)(C(C)O)O)=O)O)=O
PyruvicAcid	G5	C(C(C(C(C)(C(C)O)O)O)=O)=O
PyruvicAcid	G5	C(C(C(C(C)(CCO)O)O)=O)=O
PyruvicAcid	G5	C(C(C(C(C)=O)O)O)(O)=O
PyruvicAcid	G5	C(C(C(C(C)C(C)O)=O)O)(O)=O
PyruvicAcid	G5	C(C(C(C(C)CCO)O)=O)(O)=O
PyruvicAcid	G5	C(C(C(C(C)CCO)O)O)(O)=O
PyruvicAcid	G5	C(C(C(C(C)O)(CC)O)=O)(O)=O
PyruvicAcid	G5	C(C(C(C(C)O)=C)(C)O)(O)=O
PyruvicAcid	G5	C(C(C(C(C)O)=C)(CO)O)=O
PyruvicAcid	G5	C(C(C(C(C)O)=O)(C(C)O)O)=O
PyruvicAcid	G5	C(C(C(C(C)O)=O)(CO)O)=O
PyruvicAcid	G5	C(C(C(C(C)O)=O)C(C)O)(O)=O
PyruvicAcid	G5	C(C(C(C(C)O)=O)CO)(O)=O
PyruvicAcid	G5	C(C(C(C(C)O)=O)O)(O)=O
PyruvicAcid	G5	C(C(C(C(C)O)O)C(C=O)O)=O
PyruvicAcid	G5	C(C(C(C(C)O)O)CC=O)(O)=O
PyruvicAcid	G5	C(C(C(C(C)O)O)O)(CC)=O
PyruvicAcid	G5	C(C(C(C(C)O)O)O)=O
PyruvicAcid	G5	C(C(C(C(C=C)=O)(CO)O)O)=O
PyruvicAcid	G5	C(C(C(C(C=C)CO)O)O)(O)=O
PyruvicAcid	G5	C(C(C(C(C=C)CO)O)O)=O
PyruvicAcid	G5	C(C(C(C(C=CC)O)O)O)(O)=O
PyruvicAcid	G5	C(C(C(C(C=CC)O)O)O)=O
PyruvicAcid	G5	C(C(C(C(C=O)=C)O)O)(O)=O
PyruvicAcid	G5	C(C(C(C(C=O)O)O)CCO)=O
PyruvicAcid	G5	C(C(C(C(C=O)O)O)O)=O
PyruvicAcid	G5	C(C(C(C(CC(C)O)O)O)O)=O
PyruvicAcid	G5	C(C(C(C(CC)=O)O)O)(CO)=O
PyruvicAcid	G5	C(C(C(C(CC)O)O)O)(O)=O
PyruvicAcid	G5	C(C(C(C(CC)O)O)O)=O
PyruvicAcid	G5	C(C(C(C(CC=C)O)=O)O)(O)=O
PyruvicAcid	G5	C(C(C(C(CC=C)O)O)O)(O)=O
PyruvicAcid	G5	C(C(C(C(CC=C)O)O)O)=O
PyruvicAcid	G5	C(C(C(C(CCCO)O)O)=O)=O
PyruvicAcid	G5	C(C(C(C(CCO)O)=O)O)=O
PyruvicAcid	G5	C(C(C(C(CCO)O)O)O)=O
PyruvicAcid	G5	C(C(C(C(CO)(C)O)=O)O)=O
PyruvicAcid	G5	C(C(C(C(CO)(C)O)O)=O)=O
PyruvicAcid	G5	C(C(C(C(CO)(CC)O)O)=O)=O
PyruvicAcid	G5	C(C(C(C(CO)=CC)O)O)(O)=O
PyruvicAcid	G5	C(C(C(C(CO)=CC)O)O)=O
PyruvicAcid	G5	C(C(C(C(CO)=CC=O)O)O)=O
PyruvicAcid	G5	C(C(C(C(CO)=O)(C=C)O)O)=O
PyruvicAcid	G5	C(C(C(C(CO)C(C)O)O)=O)=O
PyruvicAcid	G5	C(C(C(C(CO)C(C)O)O)O)=O
PyruvicAcid	G5	C(C(C(C(CO)C)=O)O)(O)=O
PyruvicAcid	G5	C(C(C(C(CO)C)O)O)(O)=O
PyruvicAcid	G5	C(C(C(C(CO)CO)O)O)=O
PyruvicAcid	G5	C(C(C(C(CO)O)=O)C)(O)=O
PyruvicAcid	G5	C(C(C(C(CO)O)=O)CO)=O
PyruvicAcid	G5	C(C(C(C(CO)O)=O)O)=O
PyruvicAcid	G5	C(C(C(C(CO)O)O)=O)=O
PyruvicAcid	G5	C(C(C(C(CO)O)O)O)(CC)=O
PyruvicAcid	G5	C(C(C(C(CO)O)O)O)=O
PyruvicAcid	G5	C(C(C(C(O)=O)=C)(C)O)(O)=O
PyruvicAcid	G5	C(C(C(C(O)=O)=C)(CO)CO)=O
PyruvicAcid	G5	C(C(C(C(O)=O)=C)(CO)O)=O
PyruvicAcid	G5	C(C(C(C(O)=O)=C)C(C)O)(O)=O
PyruvicAcid	G5	C(C(C(C(O)=O)=C)C(CO)O)=O
PyruvicAcid	G5	C(C(C(C(O)=O)=C)CO)(O)=O
PyruvicAcid	G5	C(C(C(C(O)=O)=CC)(C)O)(O)=O
PyruvicAcid	G5	C(C(C(C(O)=O)=CC)(CO)O)=O
PyruvicAcid	G5	C(C(C(C(O)=O)=O)CO)=CCO
PyruvicAcid	G5	C(C(C(C(O)=O)=O)O)=CC(C)O
PyruvicAcid	G5	C(C(C(C(O)=O)=O)O)=CCO
PyruvicAcid	G5	C(C(C(C(O)=O)O)O)(CC)=O
PyruvicAcid	G5	C(C(C(C)(C(C(C)O)O)O)=O)=O
PyruvicAcid	G5	C(C(C(C)(C(C)O)O)=O)(O)=O
PyruvicAcid	G5	C(C(C(C)(C(C)O)O)O)(O)=O
PyruvicAcid	G5	C(C(C(C)(C(C)O)O)O)=O
PyruvicAcid	G5	C(C(C(C)(C(CCO)O)O)=O)=O
PyruvicAcid	G5	C(C(C(C)(C(CO)(C)O)O)=O)=O
PyruvicAcid	G5	C(C(C(C)(C(CO)O)O)=O)=O
PyruvicAcid	G5	C(C(C(C)(CCO)O)O)(O)=O
PyruvicAcid	G5	C(C(C(C)(CCO)O)O)=O
PyruvicAcid	G5	C(C(C(C)=O)(CC(C)O)O)(O)=O
PyruvicAcid	G5	C(C(C(C)=O)C(C(C)O)O)(O)=O
PyruvicAcid	G5	C(C(C(C)=O)C(C)(CO)O)(O)=O
PyruvicAcid	G5	C(C(C(C)=O)C(CCO)O)(O)=O
PyruvicAcid	G5	C(C(C(C)=O)C(CO)O)(O)=O
PyruvicAcid	G5	C(C(C(C)=O)CC(CO)O)(O)=O
PyruvicAcid	G5	C(C(C(C)C(C(C)O)O)=O)(O)=O
PyruvicAcid	G5	C(C(C(C)C(C)(CO)O)=O)(O)=O
PyruvicAcid	G5	C(C(C(C)C(CCO)O)=O)(O)=O
PyruvicAcid	G5	C(C(C(C)C(CO)O)=O)(O)=O
PyruvicAcid	G5	C(C(C(C)CCO)O)(O)=O
PyruvicAcid	G5	C(C(C(C)O)(C(C(C)=O)O)O)=O
PyruvicAcid	G5	C(C(C(C)O)(C(C=C)O)O)(O)=O
PyruvicAcid	G5	C(C(C(C)O)(C(C=O)(C)O)O)=O
PyruvicAcid	G5	C(C(C(C)O)(C(C=O)O)O)=O
PyruvicAcid	G5	C(C(C(C)O)(CC(C)=O)O)(O)=O
PyruvicAcid	G5	C(C(C(C)O)(CC(C)O)O)=O
PyruvicAcid	G5	C(C(C(C)O)(CC(CO)=O)O)=O
PyruvicAcid	G5	C(C(C(C)O)(CC(O)=O)O)=O
PyruvicAcid	G5	C(C(C(C)O)=O)(C(CCO)O)=O
PyruvicAcid	G5	C(C(C(C)O)C(C(C)=O)O)(O)=O
PyruvicAcid	G5	C(C(C(C)O)C(C(C)O)O)(O)=O
PyruvicAcid	G5	C(C(C(C)O)C(C(C)O)O)=O
PyruvicAcid	G5	C(C(C(C)O)C(C(CO)O)O)=O
PyruvicAcid	G5	C(C(C(C)O)C(C(O)=O)C)(O)=O
PyruvicAcid	G5	C(C(C(C)O)C(C(O)=O)O)=O
PyruvicAcid	G5	C(C(C(C)O)C(C)(CO)O)(O)=O
PyruvicAcid	G5	C(C(C(C)O)C(C)(CO)O)=O
PyruvicAcid	G5	C(C(C(C)O)C(C=C)O)(O)=O
PyruvicAcid	G5	C(C(C(C)O)C(C=O)(C)O)(O)=O
PyruvicAcid	G5	C(C(C(C)O)C(C=O)CO)(O)=O
PyruvicAcid	G5	C(C(C(C)O)O)(C(C(C)=O)O)=O
PyruvicAcid	G5	C(C(C(C)O)O)(C(C(C)O)O)=O
PyruvicAcid	G5	C(C(C(C)O)O)(C(CO)O)=O
PyruvicAcid	G5	C(C(C(C=C(C(O)=O)C)O)O)=O
PyruvicAcid	G5	C(C(C(C=C(C=O)CO)O)O)=O
PyruvicAcid	G5	C(C(C(C=C)(C(C)O)O)O)(O)=O
PyruvicAcid	G5	C(C(C(C=C)(CO)O)O)(O)=O
PyruvicAcid	G5	C(C(C(C=C)CO)O)(CO)=O
PyruvicAcid	G5	C(C(C(C=C)O)O)(C(CO)O)=O
PyruvicAcid	G5	C(C(C(C=CC(C)O)O)O)(O)=O
PyruvicAcid	G5	C(C(C(C=CC(CO)=O)O)O)=O
PyruvicAcid	G5	C(C(C(C=CC=O)(CO)O)O)=O
PyruvicAcid	G5	C(C(C(C=CC=O)O)O)(O)=O
PyruvicAcid	G5	C(C(C(C=O)(C(C=C)O)O)O)=O
PyruvicAcid	G5	C(C(C(C=O)=C)(C(CO)O)O)=O
PyruvicAcid	G5	C(C(C(C=O)=C)(CCO)O)(O)=O
PyruvicAcid	G5	C(C(C(C=O)=C)(CO)O)(O)=O
PyruvicAcid	G5	C(C(C(C=O)=CC)(CO)O)(O)=O
PyruvicAcid	G5	C(C(C(C=O)=O)(CO)O)=CCO
PyruvicAcid	G5	C(C(C(C=O)O)C(C=C)O)(O)=O
PyruvicAcid	G5	C(C(C(C=O)O)O)(C(C)O)=O
PyruvicAcid	G5	C(C(C(C=O)O)O)(CC(C)O)=O
PyruvicAcid	G5	C(C(C(C=O)O)O)(CCO)=O
PyruvicAcid	G5	C(C(C(CC(C(O)=O)=C)O)O)=O
PyruvicAcid	G5	C(C(C(CC(C)O)=O)(C)O)(O)=O
PyruvicAcid	G5	C(C(C(CC(C)O)O)=O)(O)=O
PyruvicAcid	G5	C(C(C(CC(C)O)O)O)=O
PyruvicAcid	G5	C(C(C(CC(C=O)O)O)O)=O
PyruvicAcid	G5	C(C(C(CC(CCO)O)O)O)=O
PyruvicAcid	G5	C(C(C(CC(CO)=O)O)O)=O
PyruvicAcid	G5	C(C(C(CC(CO)C)O)O)(O)=O
PyruvicAcid	G5	C(C(C(CC(CO)C)O)O)=O
PyruvicAcid	G5	C(C(C(CC(O)=O)O)(CC)O)=O
PyruvicAcid	G5	C(C(C(CC(O)=O)O)CCO)=O
PyruvicAcid	G5	C(C(C(CC)=O)(C(C)O)O)(O)=O
PyruvicAcid	G5	C(C(C(CC)=O)(CO)O)(O)=O
PyruvicAcid	G5	C(C(C(CC)O)(CC=O)O)(O)=O
PyruvicAcid	G5	C(C(C(CC=CC(O)=O)O)O)=O
PyruvicAcid	G5	C(C(C(CC=CC=O)O)O)(O)=O
PyruvicAcid	G5	C(C(C(CC=O)O)(C(C)O)O)=O
PyruvicAcid	G5	C(C(C(CCC(C)O)=O)O)(O)=O
PyruvicAcid	G5	C(C(C(CCC(C)O)O)=O)(O)=O
PyruvicAcid	G5	C(C(C(CCCO)O)O)(O)=O
PyruvicAcid	G5	C(C(C(CCCO)O)O)=O
PyruvicAcid	G5	C(C(C(CCO)=O)(C)O)(O)=O
PyruvicAcid	G5	C(C(C(CCO)=O)C(C)O)(O)=O
PyruvicAcid	G5	C(C(C(CCO)C(C)O)=O)(O)=O
PyruvicAcid	G5	C(C(C(CCO)O)(CC=O)O)=O
PyruvicAcid	G5	C(C(C(CCO)O)C(C=O)O)=O
PyruvicAcid	G5	C(C(C(CCO)O)O)(CC)=O
PyruvicAcid	G5	C(C(C(CCO)O)O)=O
PyruvicAcid	G5	C(C(C(CCO)O)O)O
PyruvicAcid	G5	C(C(C(CO)(C(C)O)O)O)=O
PyruvicAcid	G5	C(C(C(CO)(C)O)(CC=O)O)=O
PyruvicAcid	G5	C(C(C(CO)(C)O)C(C=O)O)=O
PyruvicAcid	G5	C(C(C(CO)(C)O)O)(CC)=O
PyruvicAcid	G5	C(C(C(CO)(C)O)O)(O)=O
PyruvicAcid	G5	C(C(C(CO)(C)O)O)=O
PyruvicAcid	G5	C(C(C(CO)(CC)O)=O)(O)=O
PyruvicAcid	G5	C(C(C(CO)(CC)O)O)(O)=O
PyruvicAcid	G5	C(C(C(CO)(CC)O)O)=O
PyruvicAcid	G5	C(C(C(CO)(CO)C(C)O)O)=O
PyruvicAcid	G5	C(C(C(CO)(CO)O)O)(CC)=O
PyruvicAcid	G5	C(C(C(CO)(CO)O)O)=CC
PyruvicAcid	G5	C(C(C(CO)(CO)O)O)=O
PyruvicAcid	G5	C(C(C(CO)=C)(C)O)(O)=O
PyruvicAcid	G5	C(C(C(CO)=CC)(C)O)(O)=O
PyruvicAcid	G5	C(C(C(CO)=CC)(CO)O)=O
PyruvicAcid	G5	C(C(C(CO)=O)(C(C)O)O)=O
PyruvicAcid	G5	C(C(C(CO)=O)(C(C=C)O)O)=O
PyruvicAcid	G5	C(C(C(CO)=O)(C)C(C)O)(O)=O
PyruvicAcid	G5	C(C(C(CO)=O)(C)O)(O)=O
PyruvicAcid	G5	C(C(C(CO)=O)(CO)C(C)O)=O
PyruvicAcid	G5	C(C(C(CO)=O)(CO)C)(O)=O
PyruvicAcid	G5	C(C(C(CO)=O)(CO)O)=O
PyruvicAcid	G5	C(C(C(CO)=O)C(C)O)(O)=O
PyruvicAcid	G5	C(C(C(CO)=O)CC(C)O)(O)=O
PyruvicAcid	G5	C(C(C(CO)=O)CO)(O)=O
PyruvicAcid	G5	C(C(C(CO)C(C)CO)=O)(O)=O
PyruvicAcid	G5	C(C(C(CO)C(C)O)O)=O
PyruvicAcid	G5	C(C(C(CO)C)C(C(O)=O)O)=O
PyruvicAcid	G5	C(C(C(CO)CC(C)O)=O)(O)=O
PyruvicAcid	G5	C(C(C(CO)CCO)=O)(O)=O
PyruvicAcid	G5	C(C(C(CO)CO)O)=CC
PyruvicAcid	G5	C(C(C(CO)CO)O)=O
PyruvicAcid	G5	C(C(C(CO)O)(CC(C)O)O)=O
PyruvicAcid	G5	C(C(C(CO)O)(CC)O)=O
PyruvicAcid	G5	C(C(C(CO)O)(CC=C)O)(O)=O
PyruvicAcid	G5	C(C(C(CO)O)(CCO)O)=O
PyruvicAcid	G5	C(C(C(CO)O)=O)(CC(C)O)=O
PyruvicAcid	G5	C(C(C(CO)O)=O)(CCO)=O
PyruvicAcid	G5	C(C(C(CO)O)C(C)CO)=O
PyruvicAcid	G5	C(C(C(CO)O)C(C)O)(O)=O
PyruvicAcid	G5	C(C(C(CO)O)C(C)O)=O
PyruvicAcid	G5	C(C(C(CO)O)C(C=O)CO)=O
PyruvicAcid	G5	C(C(C(CO)O)C(C=O)O)=O
PyruvicAcid	G5	C(C(C(CO)O)C(CCO)O)=O
PyruvicAcid	G5	C(C(C(CO)O)CC(CO)=O)=O
PyruvicAcid	G5	C(C(C(CO)O)O)(CC)=O
PyruvicAcid	G5	C(C(C(CO)O)O)=C(C(O)=O)C
PyruvicAcid	G5	C(C(C(CO)O)O)=CC
PyruvicAcid	G5	C(C(C(CO)O)O)=O
PyruvicAcid	G5	C(C(C(O)=O)(C=C)O)(O)=O
PyruvicAcid	G5	C(C(C(O)=O)C(C)CCO)(O)=O
PyruvicAcid	G5	C(C(C(O)=O)C(C=C)O)(O)=O
PyruvicAcid	G5	C(C(C(O)=O)C=CC(C)O)(O)=O
PyruvicAcid	G5	C(C(C(O)=O)C=CCO)(O)=O
PyruvicAcid	G5	C(C(C(O)=O)O)(C(C=CC)O)=O
PyruvicAcid	G5	C(C(C)(C(C(C(C)O)=O)O)O)=O
PyruvicAcid	G5	C(C(C)(C(C(C(O)=O)=C)O)O)=O
PyruvicAcid	G5	C(C(C)(C(C(C)=O)(C)O)O)(O)=O
PyruvicAcid	G5	C(C(C)(C(C(C)=O)(CO)O)O)=O
PyruvicAcid	G5	C(C(C)(C(C(C)=O)CO)O)(O)=O
PyruvicAcid	G5	C(C(C)(C(C(C)=O)O)O)(O)=O
PyruvicAcid	G5	C(C(C)(C(C(C)O)O)O)(O)=O
PyruvicAcid	G5	C(C(C)(C(C(C)O)O)O)=O
PyruvicAcid	G5	C(C(C)(C(C(C=O)=C)O)O)(O)=O
PyruvicAcid	G5	C(C(C)(C(C(CC)=O)O)O)(O)=O
PyruvicAcid	G5	C(C(C)(C(C(CC)O)O)O)(O)=O
PyruvicAcid	G5	C(C(C)(C(C(CC)O)O)O)=O
PyruvicAcid	G5	C(C(C)(C(C(CC=O)O)O)O)=O
PyruvicAcid	G5	C(C(C)(C(C(CO)=O)(C)O)O)=O
PyruvicAcid	G5	C(C(C)(C(C(CO)=O)C)O)(O)=O
PyruvicAcid	G5	C(C(C)(C(C(CO)=O)O)O)=O
PyruvicAcid	G5	C(C(C)(C(C(CO)CO)O)O)=O
PyruvicAcid	G5	C(C(C)(C(C(CO)O)O)O)=O
PyruvicAcid	G5	C(C(C)(C(C(O)=O)O)O)=O
PyruvicAcid	G5	C(C(C)(C(C)(C(C)O)O)O)(O)=O
PyruvicAcid	G5	C(C(C)(C(C)(C(C)O)O)O)=O
PyruvicAcid	G5	C(C(C)(C(C)(CC(O)=O)O)O)=O
PyruvicAcid	G5	C(C(C)(C(C)(CC=O)O)O)(O)=O
PyruvicAcid	G5	C(C(C)(C(C)(CCO)O)O)(O)=O
PyruvicAcid	G5	C(C(C)(C(C)(CCO)O)O)=O
PyruvicAcid	G5	C(C(C)(C(C)CC(O)=O)O)(O)=O
PyruvicAcid	G5	C(C(C)(C(C)CCO)O)(O)=O
PyruvicAcid	G5	C(C(C)(C(C)O)CC(O)=O)(O)=O
PyruvicAcid	G5	C(C(C)(C(C=C)CO)O)(O)=O
PyruvicAcid	G5	C(C(C)(C(C=C)O)O)(O)=O
PyruvicAcid	G5	C(C(C)(C(C=O)(C)O)O)(O)=O
PyruvicAcid	G5	C(C(C)(C(C=O)(CC)O)O)(O)=O
PyruvicAcid	G5	C(C(C)(C(C=O)O)O)(CCO)=O
PyruvicAcid	G5	C(C(C)(C(CC(C)O)O)O)=O
PyruvicAcid	G5	C(C(C)(C(CC(C=O)O)O)O)=O
PyruvicAcid	G5	C(C(C)(C(CC(O)=O)O)O)=O
PyruvicAcid	G5	C(C(C)(C(CCC=O)O)O)(O)=O
PyruvicAcid	G5	C(C(C)(C(CCCO)O)O)(O)=O
PyruvicAcid	G5	C(C(C)(C(CCCO)O)O)=O
PyruvicAcid	G5	C(C(C)(C(CCO)O)O)=O
PyruvicAcid	G5	C(C(C)(C(CO)(C)O)O)(O)=O
PyruvicAcid	G5	C(C(C)(C(CO)(C)O)O)=O
PyruvicAcid	G5	C(C(C)(C(CO)(CC)O)O)(O)=O
PyruvicAcid	G5	C(C(C)(C(CO)(CC)O)O)=O
PyruvicAcid	G5	C(C(C)(C(CO)(CO)O)O)=O
PyruvicAcid	G5	C(C(C)(C(CO)O)O)=O
PyruvicAcid	G5	C(C(C)(CC(C(C)=O)O)O)(O)=O
PyruvicAcid	G5	C(C(C)(CC(C(C)O)=O)O)(O)=O
PyruvicAcid	G5	C(C(C)(CC(CCO)=O)O)(O)=O
PyruvicAcid	G5	C(C(C)(CC(CO)=O)O)(O)=O
PyruvicAcid	G5	C(C(C)(CC=CC(O)=O)O)(O)=O
PyruvicAcid	G5	C(C(C)(CC=O)O)(C(CO)O)=O
PyruvicAcid	G5	C(C(C)(CCC(C=O)O)O)(O)=O
PyruvicAcid	G5	C(C(C)(CCC(CO)=O)O)(O)=O
PyruvicAcid	G5	C(C(C)(CCC(O)=O)O)(O)=O
PyruvicAcid	G5	C(C(C)(CCO)C(C)O)(O)=O
PyruvicAcid	G5	C(C(C)(CCO)C(CO)O)(O)=O
PyruvicAcid	G5	C(C(C)(CCO)CC(O)=O)(O)=O
PyruvicAcid	G5	C(C(C)(CCO)CCO)(O)=O
PyruvicAcid	G5	C(C(C)(CO)C(C=O)CO)(O)=O
PyruvicAcid	G5	C(C(C)(CO)C(CO)O)(O)=O
PyruvicAcid	G5	C(C(C)(CO)CC(O)=O)(O)=O
PyruvicAcid	G5	C(C(C)(CO)CCO)(O)=O
PyruvicAcid	G5	C(C(C)=O)(C(C(C(C)O)O)O)=O
PyruvicAcid	G5	C(C(C)=O)(C(C(CCO)O)O)=O
PyruvicAcid	G5	C(C(C)=O)(C(C(CO)(C)O)O)=O
PyruvicAcid	G5	C(C(C)=O)(C(C(CO)O)O)=O
PyruvicAcid	G5	C(C(C)=O)(C(CO)(C(C)O)O)=O
PyruvicAcid	G5	C(C(C)=O)(C(CO)(CO)O)=O
PyruvicAcid	G5	C(C(C)=O)(C(CO)C(CO)O)=O
PyruvicAcid	G5	C(C(C)=O)(CC(C(CO)O)O)=O
PyruvicAcid	G5	C(C(C)C(C(CC=O)O)O)(O)=O
PyruvicAcid	G5	C(C(C)C(C(O)=O)CO)(O)=O
PyruvicAcid	G5	C(C(C)C(C(O)=O)O)(O)=O
PyruvicAcid	G5	C(C(C)C(C=O)(C(C)O)O)(O)=O
PyruvicAcid	G5	C(C(C)C(C=O)(CO)O)(O)=O
PyruvicAcid	G5	C(C(C)C(CO)(C(C)O)O)(O)=O
PyruvicAcid	G5	C(C(C)C(CO)(CC=O)O)(O)=O
PyruvicAcid	G5	C(C(C)C(CO)(CCO)O)(O)=O
PyruvicAcid	G5	C(C(C)C(CO)(CO)O)(O)=O
PyruvicAcid	G5	C(C(C)C(CO)C(C)O)(O)=O
PyruvicAcid	G5	C(C(C)C(CO)C(C=O)O)(O)=O
PyruvicAcid	G5	C(C(C)C(CO)C(CO)O)(O)=O
PyruvicAcid	G5	C(C(C)C(CO)CC(O)=O)(O)=O
PyruvicAcid	G5	C(C(C)C(CO)CCO)(O)=O
PyruvicAcid	G5	C(C(C)C(CO)CO)(O)=O
PyruvicAcid	G5	C(C(C)C(CO)O)(O)=O
PyruvicAcid	G5	C(C(C)O)(C(C(C(C)O)=O)O)=O
PyruvicAcid	G5	C(C(C)O)(C(C(CO)=O)O)=O
PyruvicAcid	G5	C(C(C)O)(C(CO)(CCO)O)=O
PyruvicAcid	G5	C(C(C)O)(CC(C(C)O)O)=O
PyruvicAcid	G5	C(C(C)O)(CC(C(C=O)O)O)=O
PyruvicAcid	G5	C(C(C)O)(CC(C(CO)O)O)=O
PyruvicAcid	G5	C(C(C)O)(CC(CCO)O)=O
PyruvicAcid	G5	C(C(C)O)(CC(CO)(CO)O)=O
PyruvicAcid	G5	C(C(C)O)(CC(CO)O)=O
PyruvicAcid	G5	C(C(C)O)=C(C(O)=O)CCO
PyruvicAcid	G5	C(C(C=C(C(O)=O)CO)CO)=O
PyruvicAcid	G5	C(C(C=C)(C(C(C)=O)O)O)(O)=O
PyruvicAcid	G5	C(C(C=C)(C(C(C)O)O)O)(O)=O
PyruvicAcid	G5	C(C(C=C)(C(C)O)O)(O)=O
PyruvicAcid	G5	C(C(C=C)(C(C=C)O)O)(O)=O
PyruvicAcid	G5	C(C(C=C)(C(C=O)(C)O)O)(O)=O
PyruvicAcid	G5	C(C(C=C)(C(C=O)CO)O)(O)=O
PyruvicAcid	G5	C(C(C=C)(C(C=O)O)O)(O)=O
PyruvicAcid	G5	C(C(C=C)(C(CCO)O)O)(O)=O
PyruvicAcid	G5	C(C(C=C)(C(CO)(C)O)O)(O)=O
PyruvicAcid	G5	C(C(C=C)(C(CO)O)O)(O)=O
PyruvicAcid	G5	C(C(C=C)(CC(CO)=O)O)(O)=O
PyruvicAcid	G5	C(C(C=C)(CC(O)=O)O)(O)=O
PyruvicAcid	G5	C(C(C=C)(CCC(O)=O)O)(O)=O
PyruvicAcid	G5	C(C(C=C)(CO)C(C(O)=O)O)=O
PyruvicAcid	G5	C(C(C=C)(CO)C(CO)O)=O
PyruvicAcid	G5	C(C(C=C)C(C(C=O)O)O)(O)=O
PyruvicAcid	G5	C(C(C=C)C(C(CO)=O)O)(O)=O
PyruvicAcid	G5	C(C(C=C)C(C(CO)O)O)=O
PyruvicAcid	G5	C(C(C=C)C(C(O)=O)(C)O)(O)=O
PyruvicAcid	G5	C(C(C=C)C(C=O)(CO)O)(O)=O
PyruvicAcid	G5	C(C(C=C)C(CC(O)=O)O)(O)=O
PyruvicAcid	G5	C(C(C=C)C(CCO)O)(O)=O
PyruvicAcid	G5	C(C(C=C)C(CO)(CO)O)(O)=O
PyruvicAcid	G5	C(C(C=CC(C)O)CO)(O)=O
PyruvicAcid	G5	C(C(C=CC(O)=O)(C)O)(O)=O
PyruvicAcid	G5	C(C(C=CC(O)=O)C(C)O)(O)=O
PyruvicAcid	G5	C(C(C=CC(O)=O)C(CO)O)=O
PyruvicAcid	G5	C(C(C=CC(O)=O)CO)(O)=O
PyruvicAcid	G5	C(C(C=CC)(C(C=O)O)O)(O)=O
PyruvicAcid	G5	C(C(C=CC)(C(CO)O)O)(O)=O
PyruvicAcid	G5	C(C(C=CC)(CC(O)=O)O)(O)=O
PyruvicAcid	G5	C(C(C=CC)(CCO)O)(O)=O
PyruvicAcid	G5	C(C(C=CC=O)(C(C)O)O)(O)=O
PyruvicAcid	G5	C(C(C=CC=O)(CO)O)(O)=O
PyruvicAcid	G5	C(C(C=CCC(O)=O)(C)O)(O)=O
PyruvicAcid	G5	C(C(C=CCO)(C(C)O)O)(O)=O
PyruvicAcid	G5	C(C(C=CCO)(CO)O)(O)=O
PyruvicAcid	G5	C(C(C=CCO)C(C)O)(O)=O
PyruvicAcid	G5	C(C(C=CCO)CO)(O)=O
PyruvicAcid	G5	C(C(C=CCO)O)(O)=O
PyruvicAcid	G5	C(C(C=O)(C(C)CCO)O)(O)=O
PyruvicAcid	G5	C(C(C=O)(C(C=C)O)O)(O)=O
PyruvicAcid	G5	C(C(C=O)(C(CCCO)O)O)=O
PyruvicAcid	G5	C(C(C=O)(C(CO)(C)O)O)=O
PyruvicAcid	G5	C(C(C=O)(C(CO)(CC)O)O)=O
PyruvicAcid	G5	C(C(C=O)(C(CO)O)O)=O
PyruvicAcid	G5	C(C(C=O)(C=C)C(CO)O)(O)=O
PyruvicAcid	G5	C(C(C=O)(C=CCO)CO)(O)=O
PyruvicAcid	G5	C(C(C=O)(C=CCO)O)(O)=O
PyruvicAcid	G5	C(C(C=O)(CC(C)O)O)(O)=O
PyruvicAcid	G5	C(C(C=O)(CCC(C)O)O)(O)=O
PyruvicAcid	G5	C(C(C=O)(CO)C(C=C)O)(O)=O
PyruvicAcid	G5	C(C(C=O)C(C(C)O)O)(O)=O
PyruvicAcid	G5	C(C(C=O)C(C(CC)O)O)(O)=O
PyruvicAcid	G5	C(C(C=O)C(C)(C(C)O)O)(O)=O
PyruvicAcid	G5	C(C(C=O)C(C)(CCO)O)(O)=O
PyruvicAcid	G5	C(C(C=O)C(C)(CO)O)(O)=O
PyruvicAcid	G5	C(C(C=O)C(C)C(CO)O)(O)=O
PyruvicAcid	G5	C(C(C=O)C(CCCO)O)(O)=O
PyruvicAcid	G5	C(C(C=O)C(CO)(C(C)O)O)=O
PyruvicAcid	G5	C(C(C=O)C(CO)(CC)O)(O)=O
PyruvicAcid	G5	C(C(C=O)C(CO)O)(O)=O
PyruvicAcid	G5	C(C(C=O)CC(C(C)O)O)(O)=O
PyruvicAcid	G5	C(C(C=O)CC(CCO)O)(O)=O
PyruvicAcid	G5	C(C(C=O)CC(CO)CO)(O)=O
PyruvicAcid	G5	C(C(C=O)CC(CO)O)(O)=O
PyruvicAcid	G5	C(C(CC(C(C(C)=O)O)O)O)=O
PyruvicAcid	G5	C(C(CC(C(C(C)O)O)O)=O)=O
PyruvicAcid	G5	C(C(CC(C(C)O)O)=O)(O)=O
PyruvicAcid	G5	C(C(CC(C(C)O)O)O)(O)=O
PyruvicAcid	G5	C(C(CC(C(CC)O)O)=O)(O)=O
PyruvicAcid	G5	C(C(CC(C(CO)CO)O)=O)=O
PyruvicAcid	G5	C(C(CC(C(CO)O)O)=O)=O
PyruvicAcid	G5	C(C(CC(C(O)=O)O)C(C)O)=O
PyruvicAcid	G5	C(C(CC(C)(C(C)O)O)=O)(O)=O
PyruvicAcid	G5	C(C(CC(C)(CCO)O)=O)(O)=O
PyruvicAcid	G5	C(C(CC(C)(CO)O)=O)(O)=O
PyruvicAcid	G5	C(C(CC(C)CCO)O)(O)=O
PyruvicAcid	G5	C(C(CC(C)O)(C(C=O)O)O)=O
PyruvicAcid	G5	C(C(CC(C)O)C(C=O)O)(O)=O
PyruvicAcid	G5	C(C(CC(C)O)C(CO)O)(O)=O
PyruvicAcid	G5	C(C(CC(C)O)CC(O)=O)(O)=O
PyruvicAcid	G5	C(C(CC(C)O)O)(C(CO)O)=O
PyruvicAcid	G5	C(C(CC(C)O)O)(O)=O
PyruvicAcid	G5	C(C(CC(C=O)O)CCO)(O)=O
PyruvicAcid	G5	C(C(CC(CC(CO)=O)O)O)=O
PyruvicAcid	G5	C(C(CC(CCCO)O)=O)(O)=O
PyruvicAcid	G5	C(C(CC(CO)(CC)O)=O)(O)=O
PyruvicAcid	G5	C(C(CC(CO)(CO)O)=O)=O
PyruvicAcid	G5	C(C(CC(CO)=O)O)(O)=O
PyruvicAcid	G5	C(C(CC(CO)C(C)O)=O)(O)=O
PyruvicAcid	G5	C(C(CC(CO)O)=O)(O)=O
PyruvicAcid	G5	C(C(CC(CO)O)C(C)O)=O
PyruvicAcid	G5	C(C(CC(CO)O)O)(O)=O
PyruvicAcid	G5	C(C(CC)(C(C(C)=O)O)O)(O)=O
PyruvicAcid	G5	C(C(CC)(C(C(C)O)O)O)=O
PyruvicAcid	G5	C(C(CC)(C(C(CO)=O)O)O)=O
PyruvicAcid	G5	C(C(CC)(C(C(CO)O)O)O)=O
PyruvicAcid	G5	C(C(CC)(C(C(O)=O)O)O)=O
PyruvicAcid	G5	C(C(CC)(C(C=O)(C)O)O)(O)=O
PyruvicAcid	G5	C(C(CC)(C(C=O)(CO)O)O)=O
PyruvicAcid	G5	C(C(CC)(C(C=O)O)O)(O)=O
PyruvicAcid	G5	C(C(CC)(C(CCO)O)O)=O
PyruvicAcid	G5	C(C(CC)(C(CO)(C)O)O)=O
PyruvicAcid	G5	C(C(CC)(C(CO)(CO)O)O)=O
PyruvicAcid	G5	C(C(CC)(CC(CO)=O)O)(O)=O
PyruvicAcid	G5	C(C(CC=C)(C(C=O)O)O)(O)=O
PyruvicAcid	G5	C(C(CC=C)O)(C(CO)O)=O
PyruvicAcid	G5	C(C(CCC(C(C)O)O)=O)(O)=O
PyruvicAcid	G5	C(C(CCC(CCO)O)=O)(O)=O
PyruvicAcid	G5	C(C(CCC(CO)CO)=O)(O)=O
PyruvicAcid	G5	C(C(CCC(CO)O)=O)(O)=O
PyruvicAcid	G5	C(C(CCC(O)=O)(C(C)O)O)=O
PyruvicAcid	G5	C(C(CCC(O)=O)(CO)CO)=O
PyruvicAcid	G5	C(C(CCC(O)=O)C(C)O)(O)=O
PyruvicAcid	G5	C(C(CCC(O)=O)CCO)(O)=O
PyruvicAcid	G5	C(C(CCC(O)=O)CO)(O)=O
PyruvicAcid	G5	C(C(CCC=O)(C(C)O)O)(O)=O
PyruvicAcid	G5	C(C(CCC=O)(CO)CO)(O)=O
PyruvicAcid	G5	C(C(CCC=O)C(CO)O)(O)=O
PyruvicAcid	G5	C(C(CCCO)(CC=O)O)(O)=O
PyruvicAcid	G5	C(C(CCCO)C(CO)O)(O)=O
PyruvicAcid	G5	C(C(CCCO)CC(O)=O)(O)=O
PyruvicAcid	G5	C(C(CCO)(C(C(C)O)O)O)=O
PyruvicAcid	G5	C(C(CCO)(CC=C)O)(O)=O
PyruvicAcid	G5	C(C(CCO)(CCO)O)(O)=O
PyruvicAcid	G5	C(C(CCO)=O)(CC(CO)O)=O
PyruvicAcid	G5	C(C(CCO)C(C(C)O)O)=O
PyruvicAcid	G5	C(C(CCO)C(C(CO)=O)O)=O
PyruvicAcid	G5	C(C(CCO)C(C(CO)O)O)=O
PyruvicAcid	G5	C(C(CCO)C(C(O)=O)(C)O)=O
PyruvicAcid	G5	C(C(CCO)C(C(O)=O)C)(O)=O
PyruvicAcid	G5	C(C(CCO)C(C(O)=O)O)=O
PyruvicAcid	G5	C(C(CCO)C(C=O)(CO)O)=O
PyruvicAcid	G5	C(C(CCO)C(C=O)CO)(O)=O
PyruvicAcid	G5	C(C(CCO)C(CCO)O)=O
PyruvicAcid	G5	C(C(CCO)C(CO)(CO)O)=O
PyruvicAcid	G5	C(C(CCO)C(CO)O)(O)=O
PyruvicAcid	G5	C(C(CCO)C(CO)O)=O
PyruvicAcid	G5	C(C(CCO)CC(C)O)(O)=O
PyruvicAcid	G5	C(C(CCO)CC(CO)O)(O)=O
PyruvicAcid	G5	C(C(CCO)CC(O)=O)(O)=O
PyruvicAcid	G5	C(C(CCO)CCCO)(O)=O
PyruvicAcid	G5	C(C(CCO)CCO)(O)=O
PyruvicAcid	G5	C(C(CCO)O)(C(C(C)O)O)=O
PyruvicAcid	G5	C(C(CCO)O)(C(CO)O)=O
PyruvicAcid	G5	C(C(CCO)O)(O)=O
PyruvicAcid	G5	C(C(CCO)O)=C(C(O)=O)C
PyruvicAcid	G5	C(C(CCO)O)O
PyruvicAcid	G5	C(C(CO)(C(C(C)=O)(C)O)O)=O
PyruvicAcid	G5	C(C(CO)(C(C(C)=O)CO)O)=O
PyruvicAcid	G5	C(C(CO)(C(C(C)=O)O)O)=O
PyruvicAcid	G5	C(C(CO)(C(C(C)O)O)O)=O
PyruvicAcid	G5	C(C(CO)(C(C(CC)=O)O)O)=O
PyruvicAcid	G5	C(C(CO)(C(C(CC)O)O)O)=O
PyruvicAcid	G5	C(C(CO)(C(C(CO)=O)C)O)=O
PyruvicAcid	G5	C(C(CO)(C(C)(C(C)O)O)O)=O
PyruvicAcid	G5	C(C(CO)(C(C)(CCO)O)O)=O
PyruvicAcid	G5	C(C(CO)(C(C)CC(O)=O)O)=O
PyruvicAcid	G5	C(C(CO)(C(C)CCO)O)(O)=O
PyruvicAcid	G5	C(C(CO)(C(C)O)C(C)O)(O)=O
PyruvicAcid	G5	C(C(CO)(C(C)O)CC=O)(O)=O
PyruvicAcid	G5	C(C(CO)(C(C)O)O)=O
PyruvicAcid	G5	C(C(CO)(C(C=C)CO)O)(O)=O
PyruvicAcid	G5	C(C(CO)(C(C=C)CO)O)=O
PyruvicAcid	G5	C(C(CO)(C(C=C)O)O)(O)=O
PyruvicAcid	G5	C(C(CO)(C(C=C)O)O)=O
PyruvicAcid	G5	C(C(CO)(C(C=CC)O)O)=O
PyruvicAcid	G5	C(C(CO)(C(C=O)(C)O)O)=O
PyruvicAcid	G5	C(C(CO)(C(C=O)O)O)=O
PyruvicAcid	G5	C(C(CO)(C(CC(C)O)O)O)=O
PyruvicAcid	G5	C(C(CO)(C(CC=C)O)O)=O
PyruvicAcid	G5	C(C(CO)(C(CC=O)O)O)=O
PyruvicAcid	G5	C(C(CO)(C(CCCO)O)O)=O
PyruvicAcid	G5	C(C(CO)(C(CCO)O)O)=O
PyruvicAcid	G5	C(C(CO)(C(CCO)O)O)O
PyruvicAcid	G5	C(C(CO)(C(CO)(C)O)O)=O
PyruvicAcid	G5	C(C(CO)(C(CO)(CC)O)O)=O
PyruvicAcid	G5	C(C(CO)(C(CO)CO)O)=O
PyruvicAcid	G5	C(C(CO)(C(CO)CO)O)O
PyruvicAcid	G5	C(C(CO)(C(CO)O)C(C)O)=O
PyruvicAcid	G5	C(C(CO)(C(CO)O)CC=O)=O
PyruvicAcid	G5	C(C(CO)(C(CO)O)O)O
PyruvicAcid	G5	C(C(CO)(C)C(C=O)O)(O)=O
PyruvicAcid	G5	C(C(CO)(CC(C(C)O)=O)O)=O
PyruvicAcid	G5	C(C(CO)(CC(C)=O)O)(O)=O
PyruvicAcid	G5	C(C(CO)(CC(C)O)O)=O
PyruvicAcid	G5	C(C(CO)(CC(CCO)=O)O)=O
PyruvicAcid	G5	C(C(CO)(CC(CCO)O)O)=O
PyruvicAcid	G5	C(C(CO)(CC(CO)=O)O)=O
PyruvicAcid	G5	C(C(CO)(CCC(O)=O)O)=O
PyruvicAcid	G5	C(C(CO)(CCC=O)O)(O)=O
PyruvicAcid	G5	C(C(CO)(CCCC=O)O)(O)=O
PyruvicAcid	G5	C(C(CO)(CCO)O)O
PyruvicAcid	G5	C(C(CO)(CO)C(C(C)=O)O)=O
PyruvicAcid	G5	C(C(CO)(CO)C(C(C)O)O)=O
PyruvicAcid	G5	C(C(CO)(CO)C(C(O)=O)C)=O
PyruvicAcid	G5	C(C(CO)(CO)C(C)(CO)O)=O
PyruvicAcid	G5	C(C(CO)(CO)C(C)O)(O)=O
PyruvicAcid	G5	C(C(CO)(CO)C(C=C)O)(O)=O
PyruvicAcid	G5	C(C(CO)(CO)C(C=C)O)=O
PyruvicAcid	G5	C(C(CO)(CO)C(C=O)(C)O)=O
PyruvicAcid	G5	C(C(CO)(CO)C(C=O)O)=O
PyruvicAcid	G5	C(C(CO)(CO)C(CCO)O)=O
PyruvicAcid	G5	C(C(CO)(CO)C(CO)O)=O
PyruvicAcid	G5	C(C(CO)(CO)CC=O)(O)=O
PyruvicAcid	G5	C(C(CO)(CO)CO)(O)=O
PyruvicAcid	G5	C(C(CO)(CO)CO)=O
PyruvicAcid	G5	C(C(CO)(CO)O)=O
PyruvicAcid	G5	C(C(CO)(CO)O)O
PyruvicAcid	G5	C(C(CO)=O)(C(C(C)O)O)=O
PyruvicAcid	G5	C(C(CO)=O)(C(CCO)O)=O
PyruvicAcid	G5	C(C(CO)=O)(C(CO)C(C)O)=O
PyruvicAcid	G5	C(C(CO)=O)(C(CO)CO)=O
PyruvicAcid	G5	C(C(CO)=O)(C(CO)O)=O
PyruvicAcid	G5	C(C(CO)=O)(CC(C(C)O)O)=O
PyruvicAcid	G5	C(C(CO)=O)(CC(CCO)O)=O
PyruvicAcid	G5	C(C(CO)=O)(CC(CO)(C)O)=O
PyruvicAcid	G5	C(C(CO)=O)(CC(CO)O)=O
PyruvicAcid	G5	C(C(CO)=O)(CCC(CO)O)=O
PyruvicAcid	G5	C(C(CO)C(C(C(C)O)=O)O)=O
PyruvicAcid	G5	C(C(CO)C(C(C(O)=O)=C)O)=O
PyruvicAcid	G5	C(C(CO)C(C(C)=O)(CO)O)=O
PyruvicAcid	G5	C(C(CO)C(C(C)=O)O)(O)=O
PyruvicAcid	G5	C(C(CO)C(C(C)O)O)(O)=O
PyruvicAcid	G5	C(C(CO)C(C(C)O)O)=O
PyruvicAcid	G5	C(C(CO)C(C(C=O)=C)O)(O)=O
PyruvicAcid	G5	C(C(CO)C(C(CC)O)O)(O)=O
PyruvicAcid	G5	C(C(CO)C(C(CC)O)O)=O
PyruvicAcid	G5	C(C(CO)C(C(CC=O)O)O)=O
PyruvicAcid	G5	C(C(CO)C(C(CO)=O)(C)O)=O
PyruvicAcid	G5	C(C(CO)C(C(CO)CO)O)=O
PyruvicAcid	G5	C(C(CO)C(C(CO)O)O)=O
PyruvicAcid	G5	C(C(CO)C(C(O)=O)(CC)O)=O
PyruvicAcid	G5	C(C(CO)C(C(O)=O)O)=O
PyruvicAcid	G5	C(C(CO)C(C)(C(C)O)O)(O)=O
PyruvicAcid	G5	C(C(CO)C(C)(C(C)O)O)=O
PyruvicAcid	G5	C(C(CO)C(C)(CC(O)=O)O)=O
PyruvicAcid	G5	C(C(CO)C(C)(CCO)O)(O)=O
PyruvicAcid	G5	C(C(CO)C(C)(CCO)O)=O
PyruvicAcid	G5	C(C(CO)C(C)(CO)O)(O)=O
PyruvicAcid	G5	C(C(CO)C(C)(CO)O)=O
PyruvicAcid	G5	C(C(CO)C(C)C(C(O)=O)O)=O
PyruvicAcid	G5	C(C(CO)C(C)C(CO)O)(O)=O
PyruvicAcid	G5	C(C(CO)C(C)C(CO)O)=O
PyruvicAcid	G5	C(C(CO)C(C)CC(O)=O)(O)=O
PyruvicAcid	G5	C(C(CO)C(C)CCO)(O)=O
PyruvicAcid	G5	C(C(CO)C(C)O)=CC(O)=O
PyruvicAcid	G5	C(C(CO)C(C=C)O)(O)=O
PyruvicAcid	G5	C(C(CO)C(C=O)(C(C)O)O)=O
PyruvicAcid	G5	C(C(CO)C(C=O)(C)O)(O)=O
PyruvicAcid	G5	C(C(CO)C(C=O)C(C)O)(O)=O
PyruvicAcid	G5	C(C(CO)C(C=O)CO)(O)=O
PyruvicAcid	G5	C(C(CO)C(CC(C=O)O)O)=O
PyruvicAcid	G5	C(C(CO)C(CCC(O)=O)O)=O
PyruvicAcid	G5	C(C(CO)C(CCC=O)O)(O)=O
PyruvicAcid	G5	C(C(CO)C(CCCO)O)(O)=O
PyruvicAcid	G5	C(C(CO)C(CCCO)O)=O
PyruvicAcid	G5	C(C(CO)C(CCO)O)O
PyruvicAcid	G5	C(C(CO)C(CO)(CC)O)(O)=O
PyruvicAcid	G5	C(C(CO)C(CO)(CC)O)=O
PyruvicAcid	G5	C(C(CO)C(CO)O)=O
PyruvicAcid	G5	C(C(CO)CC(CC=O)O)(O)=O
PyruvicAcid	G5	C(C(CO)CC(O)=O)(O)=O
PyruvicAcid	G5	C(C(CO)CCO)(O)=O
PyruvicAcid	G5	C(C(CO)CO)O
PyruvicAcid	G5	C(C(CO)O)(C(C(C)=O)O)=O
PyruvicAcid	G5	C(C(CO)O)(C(C(C=O)=C)O)=O
PyruvicAcid	G5	C(C(CO)O)(C(C)O)=O
PyruvicAcid	G5	C(C(CO)O)(C(C=CC)O)=O
PyruvicAcid	G5	C(C(CO)O)(C(CO)C(C)O)=O
PyruvicAcid	G5	C(C(CO)O)(C(CO)O)=O
PyruvicAcid	G5	C(C(CO)O)(CCO)=O
PyruvicAcid	G5	C(C(CO)O)=CC(C)O
PyruvicAcid	G5	C(C(CO)O)=CC(O)=O
PyruvicAcid	G5	C(C)(C(C(C(C(O)=O)=C)O)O)=O
PyruvicAcid	G5	C(C)(C(C(C(C)O)O)O)=O
PyruvicAcid	G5	C(C)(C(C(C(CC)O)O)O)=O
PyruvicAcid	G5	C(C)(C(C(C(CO)=O)O)O)=O
PyruvicAcid	G5	C(C)(C(C(C(CO)CO)O)O)=O
PyruvicAcid	G5	C(C)(C(C(C(CO)O)O)O)=O
PyruvicAcid	G5	C(C)(C(C(C)(C(C)O)O)O)=O
PyruvicAcid	G5	C(C)(C(C(C)(CCO)O)O)=O
PyruvicAcid	G5	C(C)(C(C(C)O)(C(C=O)O)O)=O
PyruvicAcid	G5	C(C)(C(C(C)O)C(C(O)=O)O)=O
PyruvicAcid	G5	C(C)(C(C(CC(C)O)O)O)=O
PyruvicAcid	G5	C(C)(C(C(CCCO)O)O)=O
PyruvicAcid	G5	C(C)(C(C(CCO)O)O)=O
PyruvicAcid	G5	C(C)(C(C(CO)(C)O)O)=O
PyruvicAcid	G5	C(C)(C(C(CO)(CC)O)O)=O
PyruvicAcid	G5	C(C)(C(C(CO)(CO)O)O)=O
PyruvicAcid	G5	C(C)(C(C(CO)=O)(C(C)O)O)=O
PyruvicAcid	G5	C(C)(C(C(CO)=O)(CO)O)=O
PyruvicAcid	G5	C(C)(C(C(CO)O)(CC=O)O)=O
PyruvicAcid	G5	C(C)(C(C(CO)O)O)=O
PyruvicAcid	G5	C(C)(C(C)(C(C(C)O)O)O)=O
PyruvicAcid	G5	C(C)(C(C)(C(C(CO)=O)O)O)=O
PyruvicAcid	G5	C(C)(C(C)(C(C(CO)O)O)O)=O
PyruvicAcid	G5	C(C)(C(C)(C(C(O)=O)O)O)=O
PyruvicAcid	G5	C(C)(C(C)(C(CCO)O)O)=O
PyruvicAcid	G5	C(C)(C(C)(C(CO)(C)O)O)=O
PyruvicAcid	G5	C(C)(C(C)(C(CO)(CO)O)O)=O
PyruvicAcid	G5	C(C)(C(C)(C(CO)O)O)=O
PyruvicAcid	G5	C(C)(C(CCO)(C(C=O)O)O)=O
PyruvicAcid	G5	C(C)(C(CO)(C(C(C)=O)O)O)=O
PyruvicAcid	G5	C(C)(C(CO)(C(C=O)O)O)=O
PyruvicAcid	G5	C(C)(C(CO)(CC(CO)=O)O)=O
PyruvicAcid	G5	C(C)(C(CO)C(C(C)O)O)=O
PyruvicAcid	G5	C(C)(C(CO)C(C(CO)=O)O)=O
PyruvicAcid	G5	C(C)(C(CO)C(C(CO)O)O)=O
PyruvicAcid	G5	C(C)(C(CO)C(C(O)=O)O)=O
PyruvicAcid	G5	C(C)(C(CO)C(CCO)O)=O
PyruvicAcid	G5	C(C)(C(CO)C(CO)(CO)O)=O
PyruvicAcid	G5	C(C)(C(CO)C(CO)O)=O
PyruvicAcid	G5	C(C)=C(C(O)=O)C(CCO)O
PyruvicAcid	G5	C(C)=C(C(O)=O)C(CO)(CO)O
PyruvicAcid	G5	C(C)=C(C=O)C(CO)(CO)O
PyruvicAcid	G5	C(C1(C(C(C)CC1O)O)O)(O)=O
PyruvicAcid	G5	C(C1(C=CC(C1O)=O)O)(O)=O
PyruvicAcid	G5	C(C1(CC(C)CC1O)O)(O)=O
PyruvicAcid	G5	C(C1(CC(O)OCC1)O)(O)=O
PyruvicAcid	G5	C(C1(COC(C1C=C)O)O)(O)=O
PyruvicAcid	G5	C(C1(COC(C1CO)O)O)=O
PyruvicAcid	G5	C(C1C(C(C(C=1)=O)O)O)(O)=O
PyruvicAcid	G5	C(C1C(C(C)CC1O)O)(O)=O
PyruvicAcid	G5	C(C1C(C(CO)(CC1O)O)O)=O
PyruvicAcid	G5	C(C1C(CC(C1(CO)O)O)O)=O
PyruvicAcid	G5	C(C1C(CC(CC1O)O)O)(O)=O
PyruvicAcid	G5	C(C1COC(C1(CO)O)O)=O
PyruvicAcid	G5	C(C1COC(CO)(C1O)O)=O
PyruvicAcid	G5	C(C=C(C(O)=O)CC(C)O)(O)=O
PyruvicAcid	G5	C(C=C(C(O)=O)CCO)(O)=O
PyruvicAcid	G5	C(C=CC(C(C(CO)O)O)=O)=O
PyruvicAcid	G5	C(CC(C(C(C(C)=O)O)O)O)=O
PyruvicAcid	G5	C(CC(C(C(C(C)O)=O)O)O)=O
PyruvicAcid	G5	C(CC(C(C(C(C)O)O)O)=O)=O
PyruvicAcid	G5	C(CC(C(C(C)=O)(C)O)O)(O)=O
PyruvicAcid	G5	C(CC(C(C(C)=O)CO)O)(O)=O
PyruvicAcid	G5	C(CC(C(C(C)=O)O)O)(O)=O
PyruvicAcid	G5	C(CC(C(C(C)O)=C)O)(O)=O
PyruvicAcid	G5	C(CC(C(C(C)O)=O)O)(CO)=O
PyruvicAcid	G5	C(CC(C(C(C)O)O)O)(O)=O
PyruvicAcid	G5	C(CC(C(C(C=O)O)O)O)=O
PyruvicAcid	G5	C(CC(C(C(CC)=O)O)O)(O)=O
PyruvicAcid	G5	C(CC(C(C(CC=O)O)O)O)=O
PyruvicAcid	G5	C(CC(C(C(CO)=O)C)O)(O)=O
PyruvicAcid	G5	C(CC(C(C(CO)=O)O)O)=O
PyruvicAcid	G5	C(CC(C(C(CO)O)O)=O)=O
PyruvicAcid	G5	C(CC(C(C(O)=O)=C)O)(O)=O
PyruvicAcid	G5	C(CC(C(C(O)=O)=CC)O)(O)=O
PyruvicAcid	G5	C(CC(C(C)(C(C)O)O)=O)(O)=O
PyruvicAcid	G5	C(CC(C(C)(C(CO)O)O)=O)=O
PyruvicAcid	G5	C(CC(C(C)CC(O)=O)O)(O)=O
PyruvicAcid	G5	C(CC(C(C)CCO)O)(O)=O
PyruvicAcid	G5	C(CC(C(C)O)(C(C=O)O)O)=O
PyruvicAcid	G5	C(CC(C(C)O)(CC=O)O)(O)=O
PyruvicAcid	G5	C(CC(C(C)O)O)(CCO)=O
PyruvicAcid	G5	C(CC(C(C=C)CO)O)(O)=O
PyruvicAcid	G5	C(CC(C(C=O)O)O)(O)=O
PyruvicAcid	G5	C(CC(C(CC(C)O)O)=O)(O)=O
PyruvicAcid	G5	C(CC(C(CC(C)O)O)O)=O
PyruvicAcid	G5	C(CC(C(CC(CO)=O)O)O)=O
PyruvicAcid	G5	C(CC(C(CC=O)O)O)(O)=O
PyruvicAcid	G5	C(CC(C(CO)(C(C)O)O)=O)=O
PyruvicAcid	G5	C(CC(C(CO)(C)O)=O)(O)=O
PyruvicAcid	G5	C(CC(C(CO)(CCO)O)O)=O
PyruvicAcid	G5	C(CC(C(CO)(CO)O)=O)=O
PyruvicAcid	G5	C(CC(C(CO)=CC)O)(O)=O
PyruvicAcid	G5	C(CC(C(CO)=O)O)(C(C)O)=O
PyruvicAcid	G5	C(CC(C(CO)=O)O)(CCO)=O
PyruvicAcid	G5	C(CC(C(CO)C(C)O)=O)(O)=O
PyruvicAcid	G5	C(CC(C(CO)C(C=O)O)O)=O
PyruvicAcid	G5	C(CC(C(CO)CO)O)(O)=O
PyruvicAcid	G5	C(CC(C(CO)CO)O)=O
PyruvicAcid	G5	C(CC(C(CO)O)=O)(O)=O
PyruvicAcid	G5	C(CC(C(CO)O)CC=O)(O)=O
PyruvicAcid	G5	C(CC(C(CO)O)O)(CCO)=O
PyruvicAcid	G5	C(CC(C(CO)O)O)=O
PyruvicAcid	G5	C(CC(C(O)=O)(CC=C)O)(O)=O
PyruvicAcid	G5	C(CC(C(O)=O)=CC(C)O)(O)=O
PyruvicAcid	G5	C(CC(C(O)=O)O)(C(C)O)=O
PyruvicAcid	G5	C(CC(C(O)=O)O)(CC(C)O)=O
PyruvicAcid	G5	C(CC(C(O)=O)O)(CCO)=O
PyruvicAcid	G5	C(CC(C(O)=O)O)(O)=O
PyruvicAcid	G5	C(CC(C)(C(C(C=O)O)O)O)=O
PyruvicAcid	G5	C(CC(C)(C(C(CO)=O)O)O)=O
PyruvicAcid	G5	C(CC(C)(C(C=O)O)O)(O)=O
PyruvicAcid	G5	C(CC(C)(CC(C(O)=O)O)O)=O
PyruvicAcid	G5	C(CC(C)(CC(CO)=O)O)(O)=O
PyruvicAcid	G5	C(CC(C)C(C(C=O)O)O)(O)=O
PyruvicAcid	G5	C(CC(C)C(C(CO)=O)O)(O)=O
PyruvicAcid	G5	C(CC(C)C(C(CO)O)O)(O)=O
PyruvicAcid	G5	C(CC(C)C(C(CO)O)O)=O
PyruvicAcid	G5	C(CC(C)C(C(O)=O)O)(O)=O
PyruvicAcid	G5	C(CC(C)C(CCO)O)(O)=O
PyruvicAcid	G5	C(CC(C)C(CO)(CO)O)(O)=O
PyruvicAcid	G5	C(CC(C)C(CO)(CO)O)=O
PyruvicAcid	G5	C(CC(C)C(CO)CO)(O)=O
PyruvicAcid	G5	C(CC(C)C(CO)O)(O)=O
PyruvicAcid	G5	C(CC(C)CC(C(O)=O)O)(O)=O
PyruvicAcid	G5	C(CC(C)O)(C(C(CO)=O)O)=O
PyruvicAcid	G5	C(CC(C=C(C(O)=O)C)O)(O)=O
PyruvicAcid	G5	C(CC(C=O)(C(C=C)O)O)(O)=O
PyruvicAcid	G5	C(CC(CC(C(C)O)O)=O)(O)=O
PyruvicAcid	G5	C(CC(CC(C(C=O)O)O)O)=O
PyruvicAcid	G5	C(CC(CC(C(CO)O)=O)O)=O
PyruvicAcid	G5	C(CC(CC(C(O)=O)=C)O)(O)=O
PyruvicAcid	G5	C(CC(CC(C)(CO)O)=O)(O)=O
PyruvicAcid	G5	C(CC(CC(CCO)=O)O)(O)=O
PyruvicAcid	G5	C(CC(CC(CCO)O)=O)(O)=O
PyruvicAcid	G5	C(CC(CC(CCO)O)O)(O)=O
PyruvicAcid	G5	C(CC(CC(CCO)O)O)=O
PyruvicAcid	G5	C(CC(CC(CO)(CO)O)O)=O
PyruvicAcid	G5	C(CC(CC(CO)=O)O)(O)=O
PyruvicAcid	G5	C(CC(CC(CO)O)=O)(O)=O
PyruvicAcid	G5	C(CC(CCO)O)(CCO)=O
PyruvicAcid	G5	C(CC(CCO)O)O
PyruvicAcid	G5	C(CC(CO)(C(C(C)=O)O)O)=O
PyruvicAcid	G5	C(CC(CO)(C(C(C)O)O)O)=O
PyruvicAcid	G5	C(CC(CO)(C(C=O)O)O)=O
PyruvicAcid	G5	C(CC(CO)(C(CCO)O)O)=O
PyruvicAcid	G5	C(CC(CO)(C(CO)O)O)=O
PyruvicAcid	G5	C(CC(CO)(CO)O)(CCO)=O
PyruvicAcid	G5	C(CC(CO)(CO)O)(O)=O
PyruvicAcid	G5	C(CC(CO)O)(CCO)=O
PyruvicAcid	G5	C(CC(CO)O)(O)=O
PyruvicAcid	G5	C(CC1(C(O)OC(C)C1O)O)=O
PyruvicAcid	G5	C(CC1(C(O)OCC1O)O)=O
PyruvicAcid	G5	C(CC=C(C(O)=O)CO)(O)=O
PyruvicAcid	G5	C(CC=CC(C(C=O)O)O)(O)=O
PyruvicAcid	G5	C(CCC(C(C(C)O)O)O)(O)=O
PyruvicAcid	G5	C(CCC(C(C(C)O)O)O)=O
PyruvicAcid	G5	C(CCC(C(C(CO)=O)O)O)=O
PyruvicAcid	G5	C(CCC(C(C(CO)O)=O)O)=O
PyruvicAcid	G5	C(CCC(C(C(O)=O)O)O)=O
PyruvicAcid	G5	C(CCC(C(C=C)O)O)(O)=O
PyruvicAcid	G5	C(CCC(C(C=O)O)O)(O)=O
PyruvicAcid	G5	C(CCC(C(CO)=O)(CO)O)=O
PyruvicAcid	G5	C(CCC(C(CO)=O)O)(O)=O
PyruvicAcid	G5	C(CCC(C(CO)O)O)(O)=O
PyruvicAcid	G5	C(CCC(C(CO)O)O)=O
PyruvicAcid	G5	C(CCC(C(O)=O)O)(O)=O
PyruvicAcid	G5	C(CCC(C)(C(C(O)=O)O)O)=O
PyruvicAcid	G5	C(CCC(C)(C(CO)O)O)(O)=O
PyruvicAcid	G5	C(CCC(C)(C(CO)O)O)=O
PyruvicAcid	G5	C(CCC(C)(CC(O)=O)O)(O)=O
PyruvicAcid	G5	C(CCC(C)(CCO)O)(O)=O
PyruvicAcid	G5	C(CCC(C=C)(CO)O)(O)=O
PyruvicAcid	G5	C(CCC(CC(C)O)O)(O)=O
PyruvicAcid	G5	C(CCC(CC(O)=O)O)(O)=O
PyruvicAcid	G5	C(CCC(CCO)O)(O)=O
PyruvicAcid	G5	C(CCC(CO)(C(C)O)O)(O)=O
PyruvicAcid	G5	C(CCC(CO)(C(C)O)O)=O
PyruvicAcid	G5	C(CCC(CO)(CO)O)(O)=O
PyruvicAcid	G5	C(CCC(CO)(CO)O)=O
PyruvicAcid	G5	C(CCC(CO)C(C)O)(O)=O
PyruvicAcid	G5	C(CCC(CO)CO)(O)=O
PyruvicAcid	G5	C(CCC(CO)O)(O)=O
PyruvicAcid	G5	C(CCCC(C(C(O)=O)O)O)=O
PyruvicAcid	G5	C(CCCC(C(CO)O)O)(O)=O
PyruvicAcid	G5	C(CCCC(C(CO)O)O)=O
PyruvicAcid	G5	C(CCCC(C(O)=O)O)(O)=O
PyruvicAcid	G5	C(CCCC(CC(O)=O)O)(O)=O
PyruvicAcid	G5	C(CCCC(CCO)O)(O)=O
PyruvicAcid	G5	C(CCO)(C(C(CO)=O)O)=O
PyruvicAcid	G5	C(CCO)=C(C(O)=O)CO
PyruvicAcid	G5	C(CO)(C(C(C(C)O)=C)O)=O
PyruvicAcid	G5	C(CO)(C(C(C(C)O)O)O)=O
PyruvicAcid	G5	C(CO)(C(C(C(CC)O)O)O)=O
PyruvicAcid	G5	C(CO)(C(C(C(O)=O)=C)O)=O
PyruvicAcid	G5	C(CO)(C(C(C(O)=O)=CC)O)=O
PyruvicAcid	G5	C(CO)(C(C(C)(C(C)O)O)O)=O
PyruvicAcid	G5	C(CO)(C(C(C)(CCO)O)O)=O
PyruvicAcid	G5	C(CO)(C(C(C)CCO)O)=O
PyruvicAcid	G5	C(CO)(C(C(C)O)(C(C)O)O)=O
PyruvicAcid	G5	C(CO)(C(C(C)O)(CCO)O)=O
PyruvicAcid	G5	C(CO)(C(C(C=C)O)O)=O
PyruvicAcid	G5	C(CO)(C(C(CCCO)O)O)=O
PyruvicAcid	G5	C(CO)(C(C(CO)(C)O)O)=O
PyruvicAcid	G5	C(CO)(C(C(CO)(CC)O)O)=O
PyruvicAcid	G5	C(CO)(C(C(CO)=CC)O)=O
PyruvicAcid	G5	C(CO)(C(C(CO)=O)O)=O
PyruvicAcid	G5	C(CO)(C(C(CO)CO)O)=O
PyruvicAcid	G5	C(CO)(C(C(CO)O)CC=O)=O
PyruvicAcid	G5	C(CO)(C(C)(C(C(C)=O)O)O)=O
PyruvicAcid	G5	C(CO)(C(C)(C(C=O)O)O)=O
PyruvicAcid	G5	C(CO)(C(C)(CC(CO)=O)O)=O
PyruvicAcid	G5	C(CO)(C(C)C(C(C)O)O)=O
PyruvicAcid	G5	C(CO)(C(C)C(C(CO)=O)O)=O
PyruvicAcid	G5	C(CO)(C(C)C(C(CO)O)O)=O
PyruvicAcid	G5	C(CO)(C(C)C(C(O)=O)O)=O
PyruvicAcid	G5	C(CO)(C(C)C(CCO)O)=O
PyruvicAcid	G5	C(CO)(C(C)C(CO)(CO)O)=O
PyruvicAcid	G5	C(CO)(C(C)C(CO)O)=O
PyruvicAcid	G5	C(CO)(C(C=CC(C)O)O)=O
PyruvicAcid	G5	C(CO)(C(C=CC(O)=O)O)=O
PyruvicAcid	G5	C(CO)(C(C=CCO)O)=O
PyruvicAcid	G5	C(CO)(C(CC(C)O)O)=O
PyruvicAcid	G5	C(CO)(C(CC(CCO)O)O)=O
PyruvicAcid	G5	C(CO)(C(CC(CO)=O)O)=O
PyruvicAcid	G5	C(CO)(C(CO)(C(C)O)O)=O
PyruvicAcid	G5	C(CO)(C(CO)(C(C=C)O)O)=O
PyruvicAcid	G5	C(CO)(C(CO)(CCO)O)=O
PyruvicAcid	G5	C(CO)(C(CO)(CO)O)=O
PyruvicAcid	G5	C(CO)(C1(C(CC(C1)O)O)O)=O
PyruvicAcid	G5	C(CO)(CC(C(C(O)=O)=C)O)=O
PyruvicAcid	G5	C(CO)(CC(C(C)O)O)=O
PyruvicAcid	G5	C(CO)(CC(C(CC)O)O)=O
PyruvicAcid	G5	C(CO)(CC(C(CO)CO)O)=O
PyruvicAcid	G5	C(CO)(CC(C(CO)O)O)=O
PyruvicAcid	G5	C(CO)(CC(C)(CCO)O)=O
PyruvicAcid	G5	C(CO)(CC(CC(C)O)O)=O
PyruvicAcid	G5	C(CO)(CC(CCCO)O)=O
PyruvicAcid	G5	C(CO)(CC(CCO)O)=O
PyruvicAcid	G5	C(CO)(CC(CO)(C)O)=O
PyruvicAcid	G5	C(CO)(CC(CO)(CO)O)=O
PyruvicAcid	G5	C(CO)(CC(CO)O)=O
PyruvicAcid	G5	C(CO)=C(C(O)=O)CO
PyruvicAcid	G5	C1(C(C(C(C)O)(C(C)O1)O)O)=O
PyruvicAcid	G5	C1(C(C(C(C1)O)O)O)=O
PyruvicAcid	G5	C1(C(C(C(C1C(C)O)O)O)O)=O
PyruvicAcid	G5	C1(C(C(C(C1O)=CC)O)O)=O
PyruvicAcid	G5	C1(C(C(C(C1O)=O)O)O)=O
PyruvicAcid	G5	C1(C(C(C(C1O)O)O)O)=O
PyruvicAcid	G5	C1(C(C(C(C=1)=O)O)O)C(C)O
PyruvicAcid	G5	C1(C(C(C(CC(C)O)O1)O)O)=O
PyruvicAcid	G5	C1(C(C(C(CC(C)O1)O)O)O)=O
PyruvicAcid	G5	C1(C(C(C(CO)C(C)O1)O)O)=O
PyruvicAcid	G5	C1(C(C(C(CO)C1O)O)O)=O
PyruvicAcid	G5	C1(C(C(C(CO1)C(C)O)O)O)=O
PyruvicAcid	G5	C1(C(C(C(O)=O)=CC1O)O)=O
PyruvicAcid	G5	C1(C(C(C)CC(C1O)O)O)=O
PyruvicAcid	G5	C1(C(C(C)O)(C(C(C)O1)O)O)=O
PyruvicAcid	G5	C1(C(C(C)O)(C(CCO1)O)O)=O
PyruvicAcid	G5	C1(C(C(C)O)(O)OC(C)C1O)=O
PyruvicAcid	G5	C1(C(C(C)O)(O)OCC1O)=O
PyruvicAcid	G5	C1(C(C(C)O)C(CO1)(CO)O)=O
PyruvicAcid	G5	C1(C(C(C)O)OC(CC1O)O)=O
PyruvicAcid	G5	C1(C(C(C=C)C(C1O)O)O)=O
PyruvicAcid	G5	C1(C(C(C=C)O)(O)OCC1O)=O
PyruvicAcid	G5	C1(C(C(CC(CC1O)O)O)O)=O
PyruvicAcid	G5	C1(C(C(CC1(C(C)O)O)O)O)=O
PyruvicAcid	G5	C1(C(C(CC1(CO)O)O)O)=O
PyruvicAcid	G5	C1(C(C(CO)(C(C)O1)O)O)=O
PyruvicAcid	G5	C1(C(C(CO)(CO1)O)O)=O
PyruvicAcid	G5	C1(C(C(CO)O)(CC(C)O1)O)=O
PyruvicAcid	G5	C1(C(C(CO1)(C(C)O)O)O)=O
PyruvicAcid	G5	C1(C(C(CO1)O)(CC(C)O)O)=O
PyruvicAcid	G5	C1(C(C)(C(CO)(C(C)O1)O)O)=O
PyruvicAcid	G5	C1(C(C)(C(CO)(CO1)O)O)=O
PyruvicAcid	G5	C1(C(C)(C(CO1)(C(C)O)O)O)=O
PyruvicAcid	G5	C1(C(C)(CC(C(CO)O)O1)O)=O
PyruvicAcid	G5	C1(C(C)(CC(C(CO)O1)O)O)=O
PyruvicAcid	G5	C1(C(C)(CC(C(CO1)O)O)O)=O
PyruvicAcid	G5	C1(C(C)OC(CC1(CO)O)O)=O
PyruvicAcid	G5	C1(C(C=C(C(C)O)C1O)O)=O
PyruvicAcid	G5	C1(C(CC(C)O)OC(C1O)O)=O
PyruvicAcid	G5	C1(C(CC(C)OC(C1O)O)O)=O
PyruvicAcid	G5	C1(C(CC(C1(C(C)O)O)O)O)=O
PyruvicAcid	G5	C1(C(CC(C1(CO)O)O)O)=O
PyruvicAcid	G5	C1(C(CC(C1)O)(C(C=O)O)O)=O
PyruvicAcid	G5	C1(C(CC(C1C(CO)O)O)=O)=O
PyruvicAcid	G5	C1(C(CC(O)OC(C)C1O)O)=O
PyruvicAcid	G5	C1(C(CC(O)OCC1O)O)=O
PyruvicAcid	G5	C1(C(CO)(C(C(C)O1)O)O)=O
PyruvicAcid	G5	C1(C(CO)(C(CCO1)O)O)=O
PyruvicAcid	G5	C1(C(CO)(CC(C1(C)O)O)O)=O
PyruvicAcid	G5	C1(C(CO)(O)OC(C)C1(C)O)=O
PyruvicAcid	G5	C1(C(CO)(O)OC(C)C1O)=O
PyruvicAcid	G5	C1(C(CO)(O)OC(CC1O)C)=O
PyruvicAcid	G5	C1(C(CO)(O)OCC1(C)O)=O
PyruvicAcid	G5	C1(C(CO)(O)OCC1O)=O
PyruvicAcid	G5	C1(C(CO)C(CO1)(CO)O)=O
PyruvicAcid	G5	C1(C(CO)OC(C1C(C)O)O)=O
PyruvicAcid	G5	C1(C(CO)OC(CC1O)O)=O
PyruvicAcid	G5	C1(C(COC(C1C(C)O)O)O)=O
PyruvicAcid	G5	C1(C(O)OC(C)C1(C(C)O)O)=O
PyruvicAcid	G5	C1(C(O)OC(C)C1(CO)O)=O
PyruvicAcid	G5	C1(C(O)OC(CCO)C1O)=O
PyruvicAcid	G5	C1(C(O)OCC1(C(C)O)O)=O
PyruvicAcid	G5	C1(C(O)OCC1(C(C=C)O)O)=O
PyruvicAcid	G5	C1(C(O)OCC1(CO)O)=O
PyruvicAcid	G5	C1(C(O)OCCC(C1O)O)=O
PyruvicAcid	G5	C1(COC(C(C1O)O)O)=O
PyruvicAcid	G5	C1(COC(C(CO)C1O)O)=O
PyruvicAcid	G5	C1(COC(CC1(C(C)O)O)O)=O
PyruvicAcid	G5	C1(COC(CC1(CO)O)O)=O
PyruvicAcid	G5	C1C(C(C(CO)(O)O1)O)O
PyruvicAcid	G5	C1C(C(C(O)O1)(CO)O)O
PyruvicAcid	G5	C1C(C(C)O)C(C(O)O1)(CO)O
PyruvicAcid	G5	C1C(CO)(C(C(O)O1)C(C)O)O
PyruvicAcid	G5	C1C(CO)(C(C(O)O1)CO)O
PyruvicAcid	G5	C=C(C(C(O)=O)=O)C(CCO)O
PyruvicAcid	G5	C=C(C(O)=O)C(CC(C)O)O
PyruvicAcid	G5	C=C(C(O)=O)C(CC(CO)O)=O
PyruvicAcid	G5	C=C(C(O)=O)C(CCO)O
PyruvicAcid	G5	C=C(C(O)=O)C(CO)(CO)O
PyruvicAcid	G5	C=C(C(O)=O)C(CO)C(C)O
PyruvicAcid	G5	C=C(C(O)=O)C(CO)CO
PyruvicAcid	G5	C=C(C(O)=O)CC(C(CO)O)O
PyruvicAcid	G5	C=C(C(O)=O)CC(CCO)O
PyruvicAcid	G5	C=C(C=O)C(CO)(CO)O
PyruvicAcid	G5	C=CC(C(C(C(CO)=O)=O)O)O
PyruvicAcid	G5	C=CC(C(C(C(CO)O)O)=O)=O
PyruvicAcid	G5	C=CC(C(C(C(O)=O)=O)CO)O
PyruvicAcid	G5	C=CC(C(C(C(O)=O)=O)O)O
PyruvicAcid	G5	C=CC(C(C(C=O)=O)(CO)O)O
PyruvicAcid	G5	C=CC(C(C(O)=O)=O)(CO)CO
PyruvicAcid	G5	C=CC(C(C(O)=O)=O)C(CO)O
PyruvicAcid	G5	C=CC(C(C=O)=O)(C(CO)O)O
PyruvicAcid	G5	C=CC(CO)C(CCO)O
PyruvicAcid	G5	C=CC(CO)C(CO)(CO)O
PyruvicAcid	G5	C=CC1C(O)OCC1(CO)O
PyruvicAcid	G5	C=CCC(C(CO)(CO)O)O
PyruvicAcid	G5	C=CCC(C(CO)CO)O
PyruvicAcid	G5	C=CCC(C(CO)O)O
PyruvicAcid	G5	CC(C(CO)(CO)C(C)O)O
PyruvicAcid	G5	CC(C(CO)(CO)CO)O
PyruvicAcid	G5	CC(C(CO)C(C(CO)O)O)O
PyruvicAcid	G5	CC(C(CO)C(CCO)O)O
PyruvicAcid	G5	CC(C(CO)C(CO)(CO)O)O
PyruvicAcid	G5	CC(CC(C(CO)(CO)O)O)O
PyruvicAcid	G5	CC(CC(C(CO)CO)O)O
PyruvicAcid	G5	CC(CC(CO)O)O
PyruvicAcid	G5	CC(CCO)C(CO)O
PyruvicAcid	G5	CC1C(CO)C(C(CO)(O)O1)O
PyruvicAcid	G5	CC1C(CO)C(C(O)O1)(CO)O
PyruvicAcid	G5	CC1C2C(C(C(C2O)O)(O)O1)O
PyruvicAcid	G5	CC1CC(C(C(CO)(O)O1)O)O
PyruvicAcid	G6	C(C(C(C(C(C)=O)=C)O)O)(O)=O
PyruvicAcid	G6	C(C(C(C(C(C)O)O)=O)(C)O)=O
PyruvicAcid	G6	C(C(C(C(C(C)O)O)=O)CO)=O
PyruvicAcid	G6	C(C(C(C(C(C)O)O)O)O)=O
PyruvicAcid	G6	C(C(C(C(C(C=C)=O)O)O)O)=O
PyruvicAcid	G6	C(C(C(C(C(C=C)O)O)O)O)=O
PyruvicAcid	G6	C(C(C(C(C(C=O)=C)O)O)O)=O
PyruvicAcid	G6	C(C(C(C(C(C=O)O)O)=C)O)=O
PyruvicAcid	G6	C(C(C(C(C(CC)O)O)=O)O)=O
PyruvicAcid	G6	C(C(C(C(C(CO)=O)O)=C)O)=O
PyruvicAcid	G6	C(C(C(C(C(CO)C)O)O)=O)=O
PyruvicAcid	G6	C(C(C(C(C(O)=O)O)=C)C)(O)=O
PyruvicAcid	G6	C(C(C(C(C(O)=O)O)O)CC)=O
PyruvicAcid	G6	C(C(C(C(C)(C(C)O)O)O)O)=O
PyruvicAcid	G6	C(C(C(C(C)(CCO)O)=O)O)=O
PyruvicAcid	G6	C(C(C(C(C)(CCO)O)O)O)=O
PyruvicAcid	G6	C(C(C(C(C)=C)O)O)(O)=O
PyruvicAcid	G6	C(C(C(C(C)=O)(C=C)O)O)(O)=O
PyruvicAcid	G6	C(C(C(C(C)=O)=C)(CO)O)(O)=O
PyruvicAcid	G6	C(C(C(C(C)C(C)O)O)=O)(O)=O
PyruvicAcid	G6	C(C(C(C(C)CCO)=O)O)(O)=O
PyruvicAcid	G6	C(C(C(C(C)CCO)O)O)=O
PyruvicAcid	G6	C(C(C(C(C)O)(C(C)O)O)O)=O
PyruvicAcid	G6	C(C(C(C(C)O)(CCO)O)=O)=O
PyruvicAcid	G6	C(C(C(C(C)O)(CCO)O)O)=O
PyruvicAcid	G6	C(C(C(C(C)O)=C)(CO)O)(O)=O
PyruvicAcid	G6	C(C(C(C(C)O)=O)(C)O)(O)=O
PyruvicAcid	G6	C(C(C(C(C)O)=O)(C=C)O)(O)=O
PyruvicAcid	G6	C(C(C(C(C)O)=O)(CC)O)(O)=O
PyruvicAcid	G6	C(C(C(C(C)O)=O)(CO)CO)=O
PyruvicAcid	G6	C(C(C(C(C)O)=O)C(CO)O)=O
PyruvicAcid	G6	C(C(C(C(C)O)O)=O)(CCO)=O
PyruvicAcid	G6	C(C(C(C(C)O)O)CC(O)=O)=O
PyruvicAcid	G6	C(C(C(C(C)O)O)O)(C(C)O)=O
PyruvicAcid	G6	C(C(C(C(C)O)O)O)(CCO)=O
PyruvicAcid	G6	C(C(C(C(C=C)=C)O)O)(O)=O
PyruvicAcid	G6	C(C(C(C(C=C)=O)(C)O)O)(O)=O
PyruvicAcid	G6	C(C(C(C(C=C)=O)O)O)(O)=O
PyruvicAcid	G6	C(C(C(C(C=C)O)=O)O)(O)=O
PyruvicAcid	G6	C(C(C(C(C=C)O)O)O)(O)=O
PyruvicAcid	G6	C(C(C(C(C=C)O)O)O)=O
PyruvicAcid	G6	C(C(C(C(C=CC)=O)O)O)(O)=O
PyruvicAcid	G6	C(C(C(C(C=CC=O)O)O)O)=O
PyruvicAcid	G6	C(C(C(C(C=CCO)=O)O)O)=O
PyruvicAcid	G6	C(C(C(C(C=O)=C)(CO)O)O)=O
PyruvicAcid	G6	C(C(C(C(C=O)=O)O)O)=CCO
PyruvicAcid	G6	C(C(C(C(C=O)O)=C)(C)O)(O)=O
PyruvicAcid	G6	C(C(C(C(C=O)O)=C)(CO)O)=O
PyruvicAcid	G6	C(C(C(C(C=O)O)O)CC)(O)=O
PyruvicAcid	G6	C(C(C(C(CC(O)=O)O)=C)O)=O
PyruvicAcid	G6	C(C(C(C(CC)O)=O)(C)O)(O)=O
PyruvicAcid	G6	C(C(C(C(CC)O)=O)(CO)O)=O
PyruvicAcid	G6	C(C(C(C(CC)O)=O)CO)(O)=O
PyruvicAcid	G6	C(C(C(C(CC)O)=O)O)(O)=O
PyruvicAcid	G6	C(C(C(C(CC)O)O)=O)(O)=O
PyruvicAcid	G6	C(C(C(C(CC=C)=O)O)O)(O)=O
PyruvicAcid	G6	C(C(C(C(CCCO)O)=O)O)=O
PyruvicAcid	G6	C(C(C(C(CCO)=O)O)O)(C)=O
PyruvicAcid	G6	C(C(C(C(CCO)O)O)O)O
PyruvicAcid	G6	C(C(C(C(CO)(C)O)O)O)=O
PyruvicAcid	G6	C(C(C(C(CO)(CC)O)=O)O)=O
PyruvicAcid	G6	C(C(C(C(CO)(CC)O)O)O)=O
PyruvicAcid	G6	C(C(C(C(CO)=C)=O)CO)(O)=O
PyruvicAcid	G6	C(C(C(C(CO)=C)O)O)(O)=O
PyruvicAcid	G6	C(C(C(C(CO)=C)O)O)=O
PyruvicAcid	G6	C(C(C(C(CO)=CCO)O)O)=O
PyruvicAcid	G6	C(C(C(C(CO)C(C)O)=O)O)=O
PyruvicAcid	G6	C(C(C(C(CO)C)O)=O)(O)=O
PyruvicAcid	G6	C(C(C(C(CO)C)O)O)=O
PyruvicAcid	G6	C(C(C(C(CO)CCO)=O)O)=O
PyruvicAcid	G6	C(C(C(C(CO)CCO)O)=O)=O
PyruvicAcid	G6	C(C(C(C(CO)CCO)O)O)=O
PyruvicAcid	G6	C(C(C(C(CO)CCO)O)O)O
PyruvicAcid	G6	C(C(C(C(CO)CO)=O)C)(O)=O
PyruvicAcid	G6	C(C(C(C(CO)CO)=O)CO)=O
PyruvicAcid	G6	C(C(C(C(CO)CO)=O)O)=O
PyruvicAcid	G6	C(C(C(C(CO)CO)O)=O)=O
PyruvicAcid	G6	C(C(C(C(CO)O)(CC)O)=O)=O
PyruvicAcid	G6	C(C(C(C(CO)O)(CC)O)O)=O
PyruvicAcid	G6	C(C(C(C(CO)O)=C)C)(O)=O
PyruvicAcid	G6	C(C(C(C(CO)O)=O)(C)O)=O
PyruvicAcid	G6	C(C(C(C(CO)O)=O)(CC)O)=O
PyruvicAcid	G6	C(C(C(C(CO)O)=O)C=C)(O)=O
PyruvicAcid	G6	C(C(C(C(CO)O)=O)CCO)=O
PyruvicAcid	G6	C(C(C(C(CO)O)C(C)O)=O)=O
PyruvicAcid	G6	C(C(C(C(CO)O)O)=O)(CC)=O
PyruvicAcid	G6	C(C(C(C(CO)O)O)CC=O)=O
PyruvicAcid	G6	C(C(C(C(CO)O)O)O)=CC
PyruvicAcid	G6	C(C(C(C(CO)O)O)O)O
PyruvicAcid	G6	C(C(C(C(O)=O)=C)(C(C)O)O)=O
PyruvicAcid	G6	C(C(C(C(O)=O)=C)(CC)O)(O)=O
PyruvicAcid	G6	C(C(C(C(O)=O)=CC)O)(O)=O
PyruvicAcid	G6	C(C(C(C)(C(C(C)O)O)O)O)=O
PyruvicAcid	G6	C(C(C(C)(C(C)(C)O)O)=O)(O)=O
PyruvicAcid	G6	C(C(C(C)(C(C=C)O)O)O)(O)=O
PyruvicAcid	G6	C(C(C(C)(C(CC)O)O)=O)(O)=O
PyruvicAcid	G6	C(C(C(C)(C(CO)(C)O)O)O)=O
PyruvicAcid	G6	C(C(C(C)(C(CO)CO)O)=O)=O
PyruvicAcid	G6	C(C(C(C)(C(CO)CO)O)O)=O
PyruvicAcid	G6	C(C(C(C)(C(CO)O)O)O)=O
PyruvicAcid	G6	C(C(C(C)(C)O)(CC(O)=O)O)=O
PyruvicAcid	G6	C(C(C(C)(C)O)(CC=O)O)(O)=O
PyruvicAcid	G6	C(C(C(C)(C)O)C(C(O)=O)O)=O
PyruvicAcid	G6	C(C(C(C)(C)O)C(C=O)O)(O)=O
PyruvicAcid	G6	C(C(C(C)(CC(C)O)O)O)=O
PyruvicAcid	G6	C(C(C(C)(CC(CO)=O)O)O)=O
PyruvicAcid	G6	C(C(C(C)(CCCO)O)O)(O)=O
PyruvicAcid	G6	C(C(C(C)(CO)C(C)O)=O)(O)=O
PyruvicAcid	G6	C(C(C(C)(CO)CO)=O)(O)=O
PyruvicAcid	G6	C(C(C(C)(CO)O)CC(O)=O)=O
PyruvicAcid	G6	C(C(C(C)(CO)O)CC=O)(O)=O
PyruvicAcid	G6	C(C(C(C)=O)(C(C(C)O)O)O)=O
PyruvicAcid	G6	C(C(C(C)=O)(C(C)(C)O)O)(O)=O
PyruvicAcid	G6	C(C(C(C)=O)(C(C)O)O)(O)=O
PyruvicAcid	G6	C(C(C(C)=O)(C(C=C)O)O)(O)=O
PyruvicAcid	G6	C(C(C(C)=O)(C(CC)O)O)(O)=O
PyruvicAcid	G6	C(C(C(C)=O)(C(CO)(C)O)O)=O
PyruvicAcid	G6	C(C(C(C)=O)(C(CO)CO)O)=O
PyruvicAcid	G6	C(C(C(C)=O)(C(CO)O)O)=O
PyruvicAcid	G6	C(C(C(C)=O)(C)C(CO)O)(O)=O
PyruvicAcid	G6	C(C(C(C)=O)(CCO)O)(O)=O
PyruvicAcid	G6	C(C(C(C)=O)(CO)CCO)(O)=O
PyruvicAcid	G6	C(C(C(C)=O)(CO)O)(O)=O
PyruvicAcid	G6	C(C(C(C)=O)C(C(CO)O)O)=O
PyruvicAcid	G6	C(C(C(C)=O)C(CO)(CO)O)=O
PyruvicAcid	G6	C(C(C(C)C(CO)CO)O)(O)=O
PyruvicAcid	G6	C(C(C(C)C(CO)CO)O)=O
PyruvicAcid	G6	C(C(C(C)C(CO)O)O)=O
PyruvicAcid	G6	C(C(C(C)O)(C(C(C)O)O)O)=O
PyruvicAcid	G6	C(C(C(C)O)(C(C)(C)O)O)(O)=O
PyruvicAcid	G6	C(C(C(C)O)(C(C)O)O)=O
PyruvicAcid	G6	C(C(C(C)O)(C(C=C)O)O)=O
PyruvicAcid	G6	C(C(C(C)O)(C(CC)O)O)(O)=O
PyruvicAcid	G6	C(C(C(C)O)(C(CC)O)O)=O
PyruvicAcid	G6	C(C(C(C)O)(C(CCO)O)O)=O
PyruvicAcid	G6	C(C(C(C)O)(C(CO)(C)O)O)=O
PyruvicAcid	G6	C(C(C(C)O)(C(CO)CO)O)=O
PyruvicAcid	G6	C(C(C(C)O)(CC(C)O)O)(O)=O
PyruvicAcid	G6	C(C(C(C)O)(CC)O)(O)=O
PyruvicAcid	G6	C(C(C(C)O)(CC=C)O)(O)=O
PyruvicAcid	G6	C(C(C(C)O)(CC=O)O)(O)=O
PyruvicAcid	G6	C(C(C(C)O)(CCCO)O)(O)=O
PyruvicAcid	G6	C(C(C(C)O)(CCO)O)(O)=O
PyruvicAcid	G6	C(C(C(C)O)(CCO)O)=O
PyruvicAcid	G6	C(C(C(C)O)=O)(C(CO)(C)O)=O
PyruvicAcid	G6	C(C(C(C)O)=O)(CC(CO)O)=O
PyruvicAcid	G6	C(C(C(C)O)C(C)(C)O)(O)=O
PyruvicAcid	G6	C(C(C(C)O)C(C)CO)(O)=O
PyruvicAcid	G6	C(C(C(C)O)C(CC)O)(O)=O
PyruvicAcid	G6	C(C(C(C)O)C(CO)CO)(O)=O
PyruvicAcid	G6	C(C(C(C)O)C(CO)CO)=O
PyruvicAcid	G6	C(C(C(C)O)CC(CO)=O)(O)=O
PyruvicAcid	G6	C(C(C(C)O)O)(C(C)O)=O
PyruvicAcid	G6	C(C(C(C)O)O)(C(C=C)O)=O
PyruvicAcid	G6	C(C(C(C)O)O)(C(CO)C)=O
PyruvicAcid	G6	C(C(C(C)O)O)(CC(C)O)=O
PyruvicAcid	G6	C(C(C(C)O)O)(CC(CO)=O)=O
PyruvicAcid	G6	C(C(C(C)O)O)(CC(CO)O)=O
PyruvicAcid	G6	C(C(C(C)O)O)(CCO)=O
PyruvicAcid	G6	C(C(C(C)O)O)=CC(C)O
PyruvicAcid	G6	C(C(C(C)O)O)=CC(O)=O
PyruvicAcid	G6	C(C(C(C)O)O)=CCO
PyruvicAcid	G6	C(C(C(C=C(CO)CO)O)O)=O
PyruvicAcid	G6	C(C(C(C=C)(C(C=O)O)O)O)=O
PyruvicAcid	G6	C(C(C(C=C)(C)O)O)(CO)=O
PyruvicAcid	G6	C(C(C(C=C)(C)O)O)(O)=O
PyruvicAcid	G6	C(C(C(C=C)(CO)CO)O)(O)=O
PyruvicAcid	G6	C(C(C(C=C)(CO)CO)O)=O
PyruvicAcid	G6	C(C(C(C=C)=C)(CO)O)(O)=O
PyruvicAcid	G6	C(C(C(C=C)=O)(C(CO)O)O)=O
PyruvicAcid	G6	C(C(C(C=C)=O)(CO)CO)(O)=O
PyruvicAcid	G6	C(C(C(C=C)=O)C(CO)O)(O)=O
PyruvicAcid	G6	C(C(C(C=C)CO)O)(O)=O
PyruvicAcid	G6	C(C(C(C=C)O)O)(C(C)O)=O
PyruvicAcid	G6	C(C(C(C=C)O)O)(CCO)=O
PyruvicAcid	G6	C(C(C(C=CC(C)O)=O)O)(O)=O
PyruvicAcid	G6	C(C(C(C=CC(C)O)O)O)=O
PyruvicAcid	G6	C(C(C(C=CC(CO)O)O)O)=O
PyruvicAcid	G6	C(C(C(C=CC(O)=O)(C)O)O)=O
PyruvicAcid	G6	C(C(C(C=CC(O)=O)CO)O)=O
PyruvicAcid	G6	C(C(C(C=CC(O)=O)O)O)=O
PyruvicAcid	G6	C(C(C(C=CCCO)O)O)(O)=O
PyruvicAcid	G6	C(C(C(C=CCCO)O)O)=O
PyruvicAcid	G6	C(C(C(C=CCO)(CO)O)O)=O
PyruvicAcid	G6	C(C(C(C=CCO)=O)O)(O)=O
PyruvicAcid	G6	C(C(C(C=CCO)O)O)(O)=O
PyruvicAcid	G6	C(C(C(C=CCO)O)O)=O
PyruvicAcid	G6	C(C(C(C=O)(CC=C)O)O)(O)=O
PyruvicAcid	G6	C(C(C(C=O)=CC(C)O)O)(O)=O
PyruvicAcid	G6	C(C(C(C=O)C(C=C)O)O)(O)=O
PyruvicAcid	G6	C(C(C(C=O)O)O)(C(CO)C)=O
PyruvicAcid	G6	C(C(C(CC(C(C)=O)O)O)O)=O
PyruvicAcid	G6	C(C(C(CC(C(C)O)O)O)O)=O
PyruvicAcid	G6	C(C(C(CC(C)=C)O)O)(O)=O
PyruvicAcid	G6	C(C(C(CC(C)=O)O)O)(O)=O
PyruvicAcid	G6	C(C(C(CC(C)O)=O)(CO)O)=O
PyruvicAcid	G6	C(C(C(CC(C)O)=O)O)(O)=O
PyruvicAcid	G6	C(C(C(CC(C=C)=O)O)O)(O)=O
PyruvicAcid	G6	C(C(C(CC(C=C)O)=O)O)(O)=O
PyruvicAcid	G6	C(C(C(CC(C=C)O)O)O)(O)=O
PyruvicAcid	G6	C(C(C(CC(C=C)O)O)O)=O
PyruvicAcid	G6	C(C(C(CC(CC)O)=O)O)(O)=O
PyruvicAcid	G6	C(C(C(CC(CCO)O)O)=O)=O
PyruvicAcid	G6	C(C(C(CC(CCO)O)O)O)O
PyruvicAcid	G6	C(C(C(CC(CO)(C)O)O)O)=O
PyruvicAcid	G6	C(C(C(CC(CO)O)=O)C)(O)=O
PyruvicAcid	G6	C(C(C(CC(CO)O)O)O)=O
PyruvicAcid	G6	C(C(C(CC(O)=O)O)CC)(O)=O
PyruvicAcid	G6	C(C(C(CC)=O)(C(CO)O)O)=O
PyruvicAcid	G6	C(C(C(CC)=O)(CO)CO)(O)=O
PyruvicAcid	G6	C(C(C(CC)O)(C(C=O)O)O)=O
PyruvicAcid	G6	C(C(C(CC)O)(CC(O)=O)O)=O
PyruvicAcid	G6	C(C(C(CC)O)C(C(O)=O)O)=O
PyruvicAcid	G6	C(C(C(CC)O)C(C=O)O)(O)=O
PyruvicAcid	G6	C(C(C(CC)O)O)(C(C)O)=O
PyruvicAcid	G6	C(C(C(CC)O)O)(C(CO)O)=O
PyruvicAcid	G6	C(C(C(CC)O)O)(CCO)=O
PyruvicAcid	G6	C(C(C(CC)O)O)(O)=O
PyruvicAcid	G6	C(C(C(CC=CCO)O)O)(O)=O
PyruvicAcid	G6	C(C(C(CC=CCO)O)O)=O
PyruvicAcid	G6	C(C(C(CC=O)O)(CC)O)(O)=O
PyruvicAcid	G6	C(C(C(CC=O)O)(CCO)O)=O
PyruvicAcid	G6	C(C(C(CC=O)O)C(CO)O)=O
PyruvicAcid	G6	C(C(C(CC=O)O)CCO)(O)=O
PyruvicAcid	G6	C(C(C(CCC(C)=O)O)O)(O)=O
PyruvicAcid	G6	C(C(C(CCC(C)O)O)O)=O
PyruvicAcid	G6	C(C(C(CCC(C=O)O)O)O)=O
PyruvicAcid	G6	C(C(C(CCC(CO)O)=O)O)=O
PyruvicAcid	G6	C(C(C(CCC(CO)O)O)O)=O
PyruvicAcid	G6	C(C(C(CCC)=O)(CO)O)(O)=O
PyruvicAcid	G6	C(C(C(CCCCO)O)O)(O)=O
PyruvicAcid	G6	C(C(C(CCCCO)O)O)=O
PyruvicAcid	G6	C(C(C(CCCCO)O)O)O
PyruvicAcid	G6	C(C(C(CCCO)=O)CO)(O)=O
PyruvicAcid	G6	C(C(C(CCCO)=O)O)(O)=O
PyruvicAcid	G6	C(C(C(CCCO)O)=O)(O)=O
PyruvicAcid	G6	C(C(C(CCCO)O)O)O
PyruvicAcid	G6	C(C(C(CCO)(CCO)O)O)=O
PyruvicAcid	G6	C(C(C(CCO)=O)(C(C)O)O)=O
PyruvicAcid	G6	C(C(C(CCO)=O)(C)CO)(O)=O
PyruvicAcid	G6	C(C(C(CCO)=O)(C=C)O)(O)=O
PyruvicAcid	G6	C(C(C(CCO)=O)(CO)CO)=O
PyruvicAcid	G6	C(C(C(CCO)=O)(CO)O)=O
PyruvicAcid	G6	C(C(C(CCO)=O)CCO)(O)=O
PyruvicAcid	G6	C(C(C(CCO)=O)O)(O)=O
PyruvicAcid	G6	C(C(C(CCO)O)=CC=O)(O)=O
PyruvicAcid	G6	C(C(C(CCO)O)=O)(CCO)=O
PyruvicAcid	G6	C(C(C(CCO)O)=O)(O)=O
PyruvicAcid	G6	C(C(C(CCO)O)CC(O)=O)=O
PyruvicAcid	G6	C(C(C(CCO)O)CC=O)(O)=O
PyruvicAcid	G6	C(C(C(CCO)O)O)(C(C)O)=O
PyruvicAcid	G6	C(C(C(CCO)O)O)(CCO)=O
PyruvicAcid	G6	C(C(C(CO)(C(C=C)O)O)O)=O
PyruvicAcid	G6	C(C(C(CO)(C(CC)O)O)=O)=O
PyruvicAcid	G6	C(C(C(CO)(C(CO)C)O)O)=O
PyruvicAcid	G6	C(C(C(CO)(C)O)=O)(O)=O
PyruvicAcid	G6	C(C(C(CO)(C)O)O)(C(C)O)=O
PyruvicAcid	G6	C(C(C(CO)(C)O)O)(CCO)=O
PyruvicAcid	G6	C(C(C(CO)(C)O)O)=CC
PyruvicAcid	G6	C(C(C(CO)(CC(C)=O)O)O)=O
PyruvicAcid	G6	C(C(C(CO)(CC(C)O)O)O)=O
PyruvicAcid	G6	C(C(C(CO)(CCCO)O)=O)=O
PyruvicAcid	G6	C(C(C(CO)(CCO)O)=O)=O
PyruvicAcid	G6	C(C(C(CO)(CCO)O)O)=O
PyruvicAcid	G6	C(C(C(CO)(CCO)O)O)O
PyruvicAcid	G6	C(C(C(CO)(CO)CO)O)=O
PyruvicAcid	G6	C(C(C(CO)(CO)O)CC=O)=O
PyruvicAcid	G6	C(C(C(CO)=C)(C(CO)O)O)=O
PyruvicAcid	G6	C(C(C(CO)=C)(CC=O)O)(O)=O
PyruvicAcid	G6	C(C(C(CO)=C)(CCO)O)(O)=O
PyruvicAcid	G6	C(C(C(CO)=C)(CO)O)(O)=O
PyruvicAcid	G6	C(C(C(CO)=C)(CO)O)=O
PyruvicAcid	G6	C(C(C(CO)=C)O)(O)=O
PyruvicAcid	G6	C(C(C(CO)=CC)(CO)O)(O)=O
PyruvicAcid	G6	C(C(C(CO)=O)(C(CC)O)O)=O
PyruvicAcid	G6	C(C(C(CO)=O)(C=C)O)(O)=O
PyruvicAcid	G6	C(C(C(CO)=O)(C=CC)O)(O)=O
PyruvicAcid	G6	C(C(C(CO)=O)(CC(C)O)O)=O
PyruvicAcid	G6	C(C(C(CO)=O)(CC)O)(O)=O
PyruvicAcid	G6	C(C(C(CO)=O)(CC=C)O)(O)=O
PyruvicAcid	G6	C(C(C(CO)=O)(CCCO)O)=O
PyruvicAcid	G6	C(C(C(CO)=O)(CO)CO)=O
PyruvicAcid	G6	C(C(C(CO)=O)C(C(C)O)O)=O
PyruvicAcid	G6	C(C(C(CO)=O)C(C)(C)O)(O)=O
PyruvicAcid	G6	C(C(C(CO)=O)C(C=C)O)(O)=O
PyruvicAcid	G6	C(C(C(CO)=O)C(CC)O)(O)=O
PyruvicAcid	G6	C(C(C(CO)=O)C(CCO)O)=O
PyruvicAcid	G6	C(C(C(CO)=O)C(CO)(C)O)=O
PyruvicAcid	G6	C(C(C(CO)=O)C(CO)CO)=O
PyruvicAcid	G6	C(C(C(CO)=O)C(CO)O)=O
PyruvicAcid	G6	C(C(C(CO)=O)CCO)(O)=O
PyruvicAcid	G6	C(C(C(CO)=O)O)(C(C=C)O)=O
PyruvicAcid	G6	C(C(C(CO)C(C(C)=O)O)O)=O
PyruvicAcid	G6	C(C(C(CO)C(C(C)O)O)=O)=O
PyruvicAcid	G6	C(C(C(CO)C(C(C)O)O)O)=O
PyruvicAcid	G6	C(C(C(CO)C(C)(C)O)=O)(O)=O
PyruvicAcid	G6	C(C(C(CO)C(C)(CO)O)=O)=O
PyruvicAcid	G6	C(C(C(CO)C(C)O)O)(O)=O
PyruvicAcid	G6	C(C(C(CO)C(C=C)O)O)=O
PyruvicAcid	G6	C(C(C(CO)C(C=O)O)O)=O
PyruvicAcid	G6	C(C(C(CO)C(CC)O)=O)(O)=O
PyruvicAcid	G6	C(C(C(CO)C(CCO)O)=O)=O
PyruvicAcid	G6	C(C(C(CO)C(CCO)O)O)=O
PyruvicAcid	G6	C(C(C(CO)C(CCO)O)O)O
PyruvicAcid	G6	C(C(C(CO)C(CO)(C)O)O)=O
PyruvicAcid	G6	C(C(C(CO)C(CO)C)O)(O)=O
PyruvicAcid	G6	C(C(C(CO)C(CO)C)O)=O
PyruvicAcid	G6	C(C(C(CO)C(CO)O)=O)=O
PyruvicAcid	G6	C(C(C(CO)C(CO)O)O)=O
PyruvicAcid	G6	C(C(C(CO)C)C(C=O)O)(O)=O
PyruvicAcid	G6	C(C(C(CO)CC(CO)=O)O)=O
PyruvicAcid	G6	C(C(C(CO)CCCO)=O)(O)=O
PyruvicAcid	G6	C(C(C(CO)CCO)O)(O)=O
PyruvicAcid	G6	C(C(C(CO)CCO)O)=O
PyruvicAcid	G6	C(C(C(CO)CCO)O)O
PyruvicAcid	G6	C(C(C(CO)CO)(CC=O)O)=O
PyruvicAcid	G6	C(C(C(CO)CO)C(C=O)O)=O
PyruvicAcid	G6	C(C(C(CO)CO)CC(O)=O)=O
PyruvicAcid	G6	C(C(C(CO)CO)CC=O)(O)=O
PyruvicAcid	G6	C(C(C(CO)CO)O)(C(C)O)=O
PyruvicAcid	G6	C(C(C(CO)CO)O)(O)=O
PyruvicAcid	G6	C(C(C(CO)O)(C(C)O)O)=O
PyruvicAcid	G6	C(C(C(CO)O)(C(C=C)O)O)=O
PyruvicAcid	G6	C(C(C(CO)O)(C(CC)O)O)=O
PyruvicAcid	G6	C(C(C(CO)O)(CC(C)=O)O)=O
PyruvicAcid	G6	C(C(C(CO)O)(CC)O)(O)=O
PyruvicAcid	G6	C(C(C(CO)O)(CC=C)O)=O
PyruvicAcid	G6	C(C(C(CO)O)=O)(C(CO)C)=O
PyruvicAcid	G6	C(C(C(CO)O)=O)(CCCO)=O
PyruvicAcid	G6	C(C(C(CO)O)C(C(C)=O)O)=O
PyruvicAcid	G6	C(C(C(CO)O)C(C(C)O)O)=O
PyruvicAcid	G6	C(C(C(CO)O)C(C)(C)O)(O)=O
PyruvicAcid	G6	C(C(C(CO)O)C(C)(CO)O)=O
PyruvicAcid	G6	C(C(C(CO)O)C(C)CO)(O)=O
PyruvicAcid	G6	C(C(C(CO)O)C(C=C)O)(O)=O
PyruvicAcid	G6	C(C(C(CO)O)C(C=C)O)=O
PyruvicAcid	G6	C(C(C(CO)O)C(C=O)(C)O)=O
PyruvicAcid	G6	C(C(C(CO)O)C(CC)O)(O)=O
PyruvicAcid	G6	C(C(C(CO)O)C(CC)O)=O
PyruvicAcid	G6	C(C(C(CO)O)C(CO)CO)=O
PyruvicAcid	G6	C(C(C(CO)O)C(CO)O)=O
PyruvicAcid	G6	C(C(C(CO)O)CC(C)=O)(O)=O
PyruvicAcid	G6	C(C(C(CO)O)CC(O)=O)=O
PyruvicAcid	G6	C(C(C(CO)O)CC=O)(O)=O
PyruvicAcid	G6	C(C(C(CO)O)O)(C(C)O)=O
PyruvicAcid	G6	C(C(C(CO)O)O)(C(C=C)O)=O
PyruvicAcid	G6	C(C(C(CO)O)O)(C(CO)C)=O
PyruvicAcid	G6	C(C(C(CO)O)O)(CC(C)=O)=O
PyruvicAcid	G6	C(C(C(CO)O)O)(CC(C)O)=O
PyruvicAcid	G6	C(C(C(CO)O)O)(CC=C)=O
PyruvicAcid	G6	C(C(C(CO)O)O)(CCO)=O
PyruvicAcid	G6	C(C(C(CO)O)O)=C(C=O)CO
PyruvicAcid	G6	C(C(C(CO)O)O)=CC(CO)=O
PyruvicAcid	G6	C(C(C(CO)O)O)O
PyruvicAcid	G6	C(C(C(O)=O)(C=C)C(C)O)(O)=O
PyruvicAcid	G6	C(C(C(O)=O)(C=C)CO)(O)=O
PyruvicAcid	G6	C(C(C(O)=O)(C=CC)O)(O)=O
PyruvicAcid	G6	C(C(C(O)=O)(CC)O)(O)=O
PyruvicAcid	G6	C(C(C(O)=O)(CC=C)O)(O)=O
PyruvicAcid	G6	C(C(C(O)=O)(CC=CC)O)(O)=O
PyruvicAcid	G6	C(C(C(O)=O)(CCC=C)O)(O)=O
PyruvicAcid	G6	C(C(C(O)=O)C(C)(C)O)(O)=O
PyruvicAcid	G6	C(C(C(O)=O)C(C)C(C)O)(O)=O
PyruvicAcid	G6	C(C(C(O)=O)C(C)CO)(O)=O
PyruvicAcid	G6	C(C(C(O)=O)C(C=C)(C)O)(O)=O
PyruvicAcid	G6	C(C(C(O)=O)C(CC)O)(O)=O
PyruvicAcid	G6	C(C(C(O)=O)CC(C)(C)O)(O)=O
PyruvicAcid	G6	C(C(C(O)=O)CC(C)CO)(O)=O
PyruvicAcid	G6	C(C(C(O)=O)CC(C)O)(O)=O
PyruvicAcid	G6	C(C(C(O)=O)CC(C=C)O)(O)=O
PyruvicAcid	G6	C(C(C(O)=O)CC(CC)O)(O)=O
PyruvicAcid	G6	C(C(C(O)=O)CCC(C)O)(O)=O
PyruvicAcid	G6	C(C(C(O)=O)CCCCO)(O)=O
PyruvicAcid	G6	C(C(C(O)=O)CCCO)(O)=O
PyruvicAcid	G6	C(C(C(O)=O)CCO)(O)=O
PyruvicAcid	G6	C(C(C)(C(C(C(C)=O)O)O)O)=O
PyruvicAcid	G6	C(C(C)(C(C(C(C)O)O)O)O)=O
PyruvicAcid	G6	C(C(C)(C(C(C(O)=O)=O)O)O)=C
PyruvicAcid	G6	C(C(C)(C(C(C=C)=O)O)O)(O)=O
PyruvicAcid	G6	C(C(C)(C(C(C=C)O)O)O)(O)=O
PyruvicAcid	G6	C(C(C)(C(C(CCO)=O)O)O)=O
PyruvicAcid	G6	C(C(C)(C(C(CCO)O)O)O)=O
PyruvicAcid	G6	C(C(C)(C(C(CO)(C)O)O)O)=O
PyruvicAcid	G6	C(C(C)(C(C(CO)=C)O)O)(O)=O
PyruvicAcid	G6	C(C(C)(C(C(CO)=C)O)O)=O
PyruvicAcid	G6	C(C(C)(C(C(CO)=O)CO)O)=O
PyruvicAcid	G6	C(C(C)(C(C(CO)C)O)O)(O)=O
PyruvicAcid	G6	C(C(C)(C(C(CO)C)O)O)=O
PyruvicAcid	G6	C(C(C)(C(C)(C(CO)O)O)O)=O
PyruvicAcid	G6	C(C(C)(C(C)(C)O)O)(O)=O
PyruvicAcid	G6	C(C(C)(C(C=C)(C)O)O)(O)=O
PyruvicAcid	G6	C(C(C)(C(C=CC(O)=O)O)O)=O
PyruvicAcid	G6	C(C(C)(C(C=CC=O)O)O)(O)=O
PyruvicAcid	G6	C(C(C)(C(C=CCO)O)O)(O)=O
PyruvicAcid	G6	C(C(C)(C(C=CCO)O)O)=O
PyruvicAcid	G6	C(C(C)(C(C=O)O)O)(C(C)O)=O
PyruvicAcid	G6	C(C(C)(C(CC(CO)=O)O)O)=O
PyruvicAcid	G6	C(C(C)(C(CC(CO)O)O)O)=O
PyruvicAcid	G6	C(C(C)(C(CC)O)O)(O)=O
PyruvicAcid	G6	C(C(C)(C(CCC(O)=O)O)O)=O
PyruvicAcid	G6	C(C(C)(C(CO)(C(C)O)O)O)=O
PyruvicAcid	G6	C(C(C)(C(CO)(CC=O)O)O)=O
PyruvicAcid	G6	C(C(C)(C(CO)(CCO)O)O)=O
PyruvicAcid	G6	C(C(C)(C(CO)(CO)CO)O)=O
PyruvicAcid	G6	C(C(C)(C(CO)C(C)O)O)=O
PyruvicAcid	G6	C(C(C)(C(CO)C(C=O)O)O)=O
PyruvicAcid	G6	C(C(C)(C(CO)CC(O)=O)O)=O
PyruvicAcid	G6	C(C(C)(C(CO)CC=O)O)(O)=O
PyruvicAcid	G6	C(C(C)(C(CO)CCO)O)(O)=O
PyruvicAcid	G6	C(C(C)(C(CO)CO)O)=O
PyruvicAcid	G6	C(C(C)(CC(C(C=O)O)O)O)=O
PyruvicAcid	G6	C(C(C)(CC(C(CO)O)=O)O)=O
PyruvicAcid	G6	C(C(C)(CC(O)=O)O)(CCO)=O
PyruvicAcid	G6	C(C(C)(CCC(CO)O)O)(O)=O
PyruvicAcid	G6	C(C(C)(CCCO)O)(O)=O
PyruvicAcid	G6	C(C(C)(CCO)C(C=O)O)(O)=O
PyruvicAcid	G6	C(C(C)(CO)C(CC(O)=O)O)=O
PyruvicAcid	G6	C(C(C)(CO)C(CO)CO)(O)=O
PyruvicAcid	G6	C(C(C)=O)(C(C(CO)CO)O)=O
PyruvicAcid	G6	C(C(C)=O)(C(C)(C(CO)O)O)=O
PyruvicAcid	G6	C(C(C)=O)(C(CO)(CCO)O)=O
PyruvicAcid	G6	C(C(C)=O)(C(CO)(CO)CO)=O
PyruvicAcid	G6	C(C(C)C(C(C(C)=O)O)O)(O)=O
PyruvicAcid	G6	C(C(C)C(C(C(C)O)=O)O)(O)=O
PyruvicAcid	G6	C(C(C)C(C(C(C)O)O)O)=O
PyruvicAcid	G6	C(C(C)C(C(C(C=O)O)O)O)=O
PyruvicAcid	G6	C(C(C)C(C(C(CO)=O)O)O)=O
PyruvicAcid	G6	C(C(C)C(C(C(CO)O)=O)O)=O
PyruvicAcid	G6	C(C(C)C(C(C(CO)O)O)O)=O
PyruvicAcid	G6	C(C(C)C(C(C(O)=O)(C)O)O)=O
PyruvicAcid	G6	C(C(C)C(C(C(O)=O)O)O)=O
PyruvicAcid	G6	C(C(C)C(C(C)(CO)O)O)=O
PyruvicAcid	G6	C(C(C)C(C(C)=O)(CO)O)(O)=O
PyruvicAcid	G6	C(C(C)C(C(C=O)(C)O)O)(O)=O
PyruvicAcid	G6	C(C(C)C(C(C=O)(CO)O)O)=O
PyruvicAcid	G6	C(C(C)C(C(C=O)CO)O)(O)=O
PyruvicAcid	G6	C(C(C)C(C(C=O)O)O)(O)=O
PyruvicAcid	G6	C(C(C)C(C(CC(O)=O)O)O)=O
PyruvicAcid	G6	C(C(C)C(C(CCO)O)O)(O)=O
PyruvicAcid	G6	C(C(C)C(C(CCO)O)O)=O
PyruvicAcid	G6	C(C(C)C(C(CO)(CO)O)O)=O
PyruvicAcid	G6	C(C(C)C(C(CO)=O)(CO)O)=O
PyruvicAcid	G6	C(C(C)C(C(CO)=O)CO)(O)=O
PyruvicAcid	G6	C(C(C)C(C(CO)=O)O)(O)=O
PyruvicAcid	G6	C(C(C)C(C(CO)CO)O)=O
PyruvicAcid	G6	C(C(C)C(C(CO)O)O)=O
PyruvicAcid	G6	C(C(C)C(C(O)=O)(C(C)O)O)=O
PyruvicAcid	G6	C(C(C)C(C(O)=O)(CCO)O)=O
PyruvicAcid	G6	C(C(C)C(C(O)=O)(CO)O)=O
PyruvicAcid	G6	C(C(C)C(C)(C(C(O)=O)O)O)=O
PyruvicAcid	G6	C(C(C)C(C)(C(C=O)O)O)(O)=O
PyruvicAcid	G6	C(C(C)C(C=O)O)(C(CO)O)=O
PyruvicAcid	G6	C(C(C)C(CC(C(O)=O)O)O)=O
PyruvicAcid	G6	C(C(C)C(CC(CO)=O)O)(O)=O
PyruvicAcid	G6	C(C(C)C(CC(CO)O)O)=O
PyruvicAcid	G6	C(C(C)C(CO)(CC(O)=O)O)=O
PyruvicAcid	G6	C(C(C)C(CO)(CO)CO)(O)=O
PyruvicAcid	G6	C(C(C)C(CO)(CO)O)=O
PyruvicAcid	G6	C(C(C)CC(C(C(O)=O)O)O)=O
PyruvicAcid	G6	C(C(C)CC(C(C)O)O)(O)=O
PyruvicAcid	G6	C(C(C)CC(C(C=O)O)O)(O)=O
PyruvicAcid	G6	C(C(C)CC(C(CO)=O)O)(O)=O
PyruvicAcid	G6	C(C(C)CC(C(CO)O)O)(O)=O
PyruvicAcid	G6	C(C(C)CC(C(O)=O)(C)O)(O)=O
PyruvicAcid	G6	C(C(C)CC(C(O)=O)CO)(O)=O
PyruvicAcid	G6	C(C(C)CC(C(O)=O)O)(O)=O
PyruvicAcid	G6	C(C(C)CC(C)(CO)O)(O)=O
PyruvicAcid	G6	C(C(C)CC(C=O)(CO)O)(O)=O
PyruvicAcid	G6	C(C(C)CC(CC(O)=O)O)(O)=O
PyruvicAcid	G6	C(C(C)CC(CCO)O)(O)=O
PyruvicAcid	G6	C(C(C)CC(CO)(CO)O)(O)=O
PyruvicAcid	G6	C(C(C)CC(CO)CO)(O)=O
PyruvicAcid	G6	C(C(C)CC(CO)O)(O)=O
PyruvicAcid	G6	C(C(C)CC(O)=O)(C(CO)O)=O
PyruvicAcid	G6	C(C(C)CCC(C(O)=O)O)(O)=O
PyruvicAcid	G6	C(C(C)CCC(CO)O)(O)=O
PyruvicAcid	G6	C(C(C)O)(C(C(C(O)=O)=C)O)=O
PyruvicAcid	G6	C(C(C)O)(C(C(C)=O)(CO)O)=O
PyruvicAcid	G6	C(C(C)O)(C(C(CO)=O)(C)O)=O
PyruvicAcid	G6	C(C(C)O)(C(C(CO)=O)CO)=O
PyruvicAcid	G6	C(C(C)O)(C(C)(C(C)O)O)=O
PyruvicAcid	G6	C(C(C)O)(C(C)(C(CO)O)O)=O
PyruvicAcid	G6	C(C(C)O)(C(C)(CCO)O)=O
PyruvicAcid	G6	C(C(C)O)(C(CO)(C(C)O)O)=O
PyruvicAcid	G6	C(C(C)O)(C(CO)(C)O)=O
PyruvicAcid	G6	C(C(C)O)(C(CO)(CC)O)=O
PyruvicAcid	G6	C(C(C)O)(C(CO)(CO)O)=O
PyruvicAcid	G6	C(C(C)O)(C(CO)C(C)O)=O
PyruvicAcid	G6	C(C(C)O)(C(CO)C(CO)O)=O
PyruvicAcid	G6	C(C(C)O)(C(CO)CO)=O
PyruvicAcid	G6	C(C(C)O)=CC(C(CO)O)=O
PyruvicAcid	G6	C(C(C1(C(C=CC1)=O)O)O)(O)=O
PyruvicAcid	G6	C(C(C1(C(C=CC1O)=O)O)O)=O
PyruvicAcid	G6	C(C(C1(C(CCC1O)O)O)=O)=O
PyruvicAcid	G6	C(C(C1(CCC(C)O1)O)O)(O)=O
PyruvicAcid	G6	C(C(C1C(C(C(C=1)=O)O)O)O)=O
PyruvicAcid	G6	C(C(C1C(C(C(C=1)O)=O)O)O)=O
PyruvicAcid	G6	C(C(C1C(C(C(C=1)O)O)=O)O)=O
PyruvicAcid	G6	C(C(C1C(C(CC1O)O)O)=O)=O
PyruvicAcid	G6	C(C(C1C(CC(C=1)O)=O)O)(O)=O
PyruvicAcid	G6	C(C(C1C(CCC1O)O)=O)(O)=O
PyruvicAcid	G6	C(C(C1C(O)OCC1(C)O)O)=O
PyruvicAcid	G6	C(C(C1CC(CC1O)O)=O)(O)=O
PyruvicAcid	G6	C(C(C1CCC(C1O)O)=O)(O)=O
PyruvicAcid	G6	C(C(C=C)(C(C(CO)=O)O)O)=O
PyruvicAcid	G6	C(C(C=C)(C(C(O)=O)(C)O)O)=O
PyruvicAcid	G6	C(C(C=C)(C(C(O)=O)=C)O)(O)=O
PyruvicAcid	G6	C(C(C=C)(C(C(O)=O)CO)O)=O
PyruvicAcid	G6	C(C(C=C)(C(C(O)=O)O)O)=O
PyruvicAcid	G6	C(C(C=C)(C(C=O)(CO)O)O)=O
PyruvicAcid	G6	C(C(C=C)(C(CC)O)O)(O)=O
PyruvicAcid	G6	C(C(C=C)(C(CC=O)O)O)(O)=O
PyruvicAcid	G6	C(C(C=C)(C(CO)CO)O)(O)=O
PyruvicAcid	G6	C(C(C=C)(CCCO)O)(O)=O
PyruvicAcid	G6	C(C(C=C)(CCO)O)(O)=O
PyruvicAcid	G6	C(C(C=C)(CO)C(C)O)(O)=O
PyruvicAcid	G6	C(C(C=C)(CO)C(C=O)O)(O)=O
PyruvicAcid	G6	C(C(C=C)(CO)C(CO)O)(O)=O
PyruvicAcid	G6	C(C(C=C)(CO)CO)(O)=O
PyruvicAcid	G6	C(C(C=C)C(C(C)O)O)(O)=O
PyruvicAcid	G6	C(C(C=C)C(C(CO)O)O)(O)=O
PyruvicAcid	G6	C(C(C=C)C(C(O)=O)O)(O)=O
PyruvicAcid	G6	C(C(C=C)C(C)(CO)O)(O)=O
PyruvicAcid	G6	C(C(C=C)C(CO)O)(O)=O
PyruvicAcid	G6	C(C(C=C)CC(C(O)=O)O)(O)=O
PyruvicAcid	G6	C(C(C=C)CC(CO)O)(O)=O
PyruvicAcid	G6	C(C(C=CC(C(C)O)=O)O)(O)=O
PyruvicAcid	G6	C(C(C=CC(C(C=O)O)O)O)=O
PyruvicAcid	G6	C(C(C=CC(CC=O)O)O)(O)=O
PyruvicAcid	G6	C(C(C=CC(CO)=O)(C)O)(O)=O
PyruvicAcid	G6	C(C(C=CC(O)=O)(CO)CO)=O
PyruvicAcid	G6	C(C(C=CC)(C(C(O)=O)O)O)=O
PyruvicAcid	G6	C(C(C=CC)(C(C)O)O)(O)=O
PyruvicAcid	G6	C(C(C=CC)(C(CO)O)O)=O
PyruvicAcid	G6	C(C(C=CC)(CO)O)(O)=O
PyruvicAcid	G6	C(C(C=CC=O)(C(CO)O)O)=O
PyruvicAcid	G6	C(C(C=CC=O)(CO)CO)(O)=O
PyruvicAcid	G6	C(C(C=CCO)(CO)CO)(O)=O
PyruvicAcid	G6	C(C(C=CCO)(CO)CO)=O
PyruvicAcid	G6	C(C(C=CCO)C(C(O)=O)O)=O
PyruvicAcid	G6	C(C(C=CCO)C(CO)O)=O
PyruvicAcid	G6	C(C(C=O)(C(C)(C)O)O)(O)=O
PyruvicAcid	G6	C(C(C=O)(C(C)C(C)O)O)(O)=O
PyruvicAcid	G6	C(C(C=O)(C(C=C)(C)O)O)(O)=O
PyruvicAcid	G6	C(C(C=O)(C(C=C)CO)O)(O)=O
PyruvicAcid	G6	C(C(C=O)(C(CC)O)O)(O)=O
PyruvicAcid	G6	C(C(C=O)(C(CO)C(C)O)O)=O
PyruvicAcid	G6	C(C(C=O)(C(CO)C)O)(O)=O
PyruvicAcid	G6	C(C(C=O)(C(CO)CO)O)=O
PyruvicAcid	G6	C(C(C=O)(C)C(C(C)O)O)(O)=O
PyruvicAcid	G6	C(C(C=O)(C)C(C)(CO)O)(O)=O
PyruvicAcid	G6	C(C(C=O)(C)C(CCO)O)(O)=O
PyruvicAcid	G6	C(C(C=O)(C)C(CO)O)(O)=O
PyruvicAcid	G6	C(C(C=O)(CC(C=C)O)O)(O)=O
PyruvicAcid	G6	C(C(C=O)(CCCCO)O)(O)=O
PyruvicAcid	G6	C(C(C=O)(CCCO)O)(O)=O
PyruvicAcid	G6	C(C(C=O)(CCO)C(C)O)(O)=O
PyruvicAcid	G6	C(C(C=O)(CCO)C(CO)O)=O
PyruvicAcid	G6	C(C(C=O)(CCO)O)(O)=O
PyruvicAcid	G6	C(C(C=O)(CO)C(C)CO)(O)=O
PyruvicAcid	G6	C(C(C=O)(CO)C(CO)O)=O
PyruvicAcid	G6	C(C(C=O)(CO)CC(C)O)(O)=O
PyruvicAcid	G6	C(C(C=O)(CO)CCCO)(O)=O
PyruvicAcid	G6	C(C(C=O)(CO)CCO)(O)=O
PyruvicAcid	G6	C(C(C=O)C(C(C(C)O)O)O)=O
PyruvicAcid	G6	C(C(C=O)C(C(C)(CO)O)O)=O
PyruvicAcid	G6	C(C(C=O)C(C(C)CO)O)(O)=O
PyruvicAcid	G6	C(C(C=O)C(C(CCO)O)O)=O
PyruvicAcid	G6	C(C(C=O)C(C(CO)=C)O)(O)=O
PyruvicAcid	G6	C(C(C=O)C(C(CO)CO)O)=O
PyruvicAcid	G6	C(C(C=O)C(C(CO)O)O)=O
PyruvicAcid	G6	C(C(C=O)C(C=C)(CO)O)(O)=O
PyruvicAcid	G6	C(C(C=O)C(C=CCO)O)(O)=O
PyruvicAcid	G6	C(C(C=O)C(CC(CO)O)O)=O
PyruvicAcid	G6	C(C(C=O)C(CO)(CO)O)=O
PyruvicAcid	G6	C(C(C=O)C(CO)C(C)O)(O)=O
PyruvicAcid	G6	C(C(C=O)C(CO)C(CO)O)=O
PyruvicAcid	G6	C(C(C=O)C(CO)CO)(O)=O
PyruvicAcid	G6	C(C(C=O)CC(C(CO)O)O)=O
PyruvicAcid	G6	C(C(C=O)CC(C)(CO)O)(O)=O
PyruvicAcid	G6	C(C(C=O)CCC(CO)O)(O)=O
PyruvicAcid	G6	C(C(CC(C(C(C)O)=O)O)O)=O
PyruvicAcid	G6	C(C(CC(C(C(O)=O)=C)O)O)=O
PyruvicAcid	G6	C(C(CC(C(C)(CO)O)O)=O)=O
PyruvicAcid	G6	C(C(CC(C(C)=O)O)O)(O)=O
PyruvicAcid	G6	C(C(CC(C(C)CO)O)=O)(O)=O
PyruvicAcid	G6	C(C(CC(C(CC)O)O)O)(O)=O
PyruvicAcid	G6	C(C(CC(C(CCO)O)O)=O)=O
PyruvicAcid	G6	C(C(CC(C(CO)(C)O)O)O)=O
PyruvicAcid	G6	C(C(CC(C(CO)=O)O)O)=O
PyruvicAcid	G6	C(C(CC(C(CO)CO)O)O)=O
PyruvicAcid	G6	C(C(CC(C(CO)O)O)O)=O
PyruvicAcid	G6	C(C(CC(C(O)=O)=O)O)=CCO
PyruvicAcid	G6	C(C(CC(C)(C(CO)O)O)=O)=O
PyruvicAcid	G6	C(C(CC(C)(CCO)O)O)(O)=O
PyruvicAcid	G6	C(C(CC(C)O)C(C(O)=O)O)=O
PyruvicAcid	G6	C(C(CC(C)O)C(C)O)(O)=O
PyruvicAcid	G6	C(C(CC(C)O)C(CO)O)=O
PyruvicAcid	G6	C(C(CC(C)O)O)(C(C)O)=O
PyruvicAcid	G6	C(C(CC(C)O)O)(CCO)=O
PyruvicAcid	G6	C(C(CC(C=C)O)O)(O)=O
PyruvicAcid	G6	C(C(CC(C=CC)O)O)(O)=O
PyruvicAcid	G6	C(C(CC(C=O)CO)CO)(O)=O
PyruvicAcid	G6	C(C(CC(C=O)O)C(C)O)(O)=O
PyruvicAcid	G6	C(C(CC(C=O)O)C(CO)O)=O
PyruvicAcid	G6	C(C(CC(C=O)O)O)(O)=O
PyruvicAcid	G6	C(C(CC(CC(C)O)O)O)(O)=O
PyruvicAcid	G6	C(C(CC(CC(CO)O)O)=O)=O
PyruvicAcid	G6	C(C(CC(CC=C)O)O)(O)=O
PyruvicAcid	G6	C(C(CC(CCCO)O)O)(O)=O
PyruvicAcid	G6	C(C(CC(CCO)O)O)(O)=O
PyruvicAcid	G6	C(C(CC(CCO)O)O)=O
PyruvicAcid	G6	C(C(CC(CO)(C(C)O)O)=O)=O
PyruvicAcid	G6	C(C(CC(CO)(CCO)O)=O)=O
PyruvicAcid	G6	C(C(CC(CO)C(C)O)O)(O)=O
PyruvicAcid	G6	C(C(CC(CO)C(C)O)O)=O
PyruvicAcid	G6	C(C(CC(CO)CCO)=O)(O)=O
PyruvicAcid	G6	C(C(CC(CO)CO)=O)(O)=O
PyruvicAcid	G6	C(C(CC(CO)O)C(C)O)(O)=O
PyruvicAcid	G6	C(C(CC(CO)O)C(C=O)O)=O
PyruvicAcid	G6	C(C(CC(CO)O)C(CO)O)=O
PyruvicAcid	G6	C(C(CC(CO)O)CC(O)=O)=O
PyruvicAcid	G6	C(C(CC)(C(C(C)O)O)O)(O)=O
PyruvicAcid	G6	C(C(CC)(C(C)(C)O)O)(O)=O
PyruvicAcid	G6	C(C(CC)(C(C=C)O)O)(O)=O
PyruvicAcid	G6	C(C(CC)(C(CC)O)O)(O)=O
PyruvicAcid	G6	C(C(CC)(C(CCO)O)O)(O)=O
PyruvicAcid	G6	C(C(CC)(C(CO)(C)O)O)(O)=O
PyruvicAcid	G6	C(C(CC)(C(CO)CO)O)(O)=O
PyruvicAcid	G6	C(C(CC)(CC(O)=O)O)(O)=O
PyruvicAcid	G6	C(C(CC)C(C(CO)=O)O)(O)=O
PyruvicAcid	G6	C(C(CC)C(C(O)=O)(C)O)(O)=O
PyruvicAcid	G6	C(C(CC)C(C(O)=O)(CO)O)=O
PyruvicAcid	G6	C(C(CC)C(C(O)=O)CO)(O)=O
PyruvicAcid	G6	C(C(CC)C(C(O)=O)O)(O)=O
PyruvicAcid	G6	C(C(CC)C(C=O)(CO)O)(O)=O
PyruvicAcid	G6	C(C(CC)C(CCO)O)(O)=O
PyruvicAcid	G6	C(C(CC)C(CO)(CO)O)(O)=O
PyruvicAcid	G6	C(C(CC)C(CO)(CO)O)=O
PyruvicAcid	G6	C(C(CC)C(CO)CO)(O)=O
PyruvicAcid	G6	C(C(CC)C(CO)O)(O)=O
PyruvicAcid	G6	C(C(CC)O)(C(C(C)O)O)=O
PyruvicAcid	G6	C(C(CC)O)(C(C(CO)=O)O)=O
PyruvicAcid	G6	C(C(CC)O)(C(C(CO)O)O)=O
PyruvicAcid	G6	C(C(CC)O)(C(CO)(C)O)=O
PyruvicAcid	G6	C(C(CC)O)(C(CO)(CO)O)=O
PyruvicAcid	G6	C(C(CC)O)(C(CO)O)=O
PyruvicAcid	G6	C(C(CC=CC(O)=O)O)(O)=O
PyruvicAcid	G6	C(C(CC=O)(C(C=C)O)O)(O)=O
PyruvicAcid	G6	C(C(CCC(C(CO)O)O)=O)=O
PyruvicAcid	G6	C(C(CCC(C)(CO)O)=O)(O)=O
PyruvicAcid	G6	C(C(CCC(C)O)O)(O)=O
PyruvicAcid	G6	C(C(CCC(CO)(CO)O)=O)=O
PyruvicAcid	G6	C(C(CCC(O)=O)(CC)O)(O)=O
PyruvicAcid	G6	C(C(CCC(O)=O)(CCO)O)=O
PyruvicAcid	G6	C(C(CCC(O)=O)C(CO)O)=O
PyruvicAcid	G6	C(C(CCC=O)(C(CO)O)O)=O
PyruvicAcid	G6	C(C(CCC=O)(CCO)O)(O)=O
PyruvicAcid	G6	C(C(CCCC(CO)O)=O)(O)=O
PyruvicAcid	G6	C(C(CCCCO)O)(O)=O
PyruvicAcid	G6	C(C(CCCO)(CC(O)=O)O)=O
PyruvicAcid	G6	C(C(CCCO)C(C(O)=O)O)=O
PyruvicAcid	G6	C(C(CCCO)C(C)O)(O)=O
PyruvicAcid	G6	C(C(CCCO)C(C=O)O)(O)=O
PyruvicAcid	G6	C(C(CCCO)C(CO)O)=O
PyruvicAcid	G6	C(C(CCCO)O)(C(C)O)=O
PyruvicAcid	G6	C(C(CCCO)O)(C(CO)O)=O
PyruvicAcid	G6	C(C(CCCO)O)(O)=O
PyruvicAcid	G6	C(C(CCO)(C(C(C)=O)O)O)=O
PyruvicAcid	G6	C(C(CCO)(C(C)(C)O)O)(O)=O
PyruvicAcid	G6	C(C(CCO)(C(C=C)O)O)(O)=O
PyruvicAcid	G6	C(C(CCO)(C(C=C)O)O)=O
PyruvicAcid	G6	C(C(CCO)(C(C=O)(C)O)O)=O
PyruvicAcid	G6	C(C(CCO)(C(C=O)O)O)=O
PyruvicAcid	G6	C(C(CCO)(C(CC)O)O)(O)=O
PyruvicAcid	G6	C(C(CCO)(C(CC)O)O)=O
PyruvicAcid	G6	C(C(CCO)(C(CCO)O)O)=O
PyruvicAcid	G6	C(C(CCO)(C(CCO)O)O)O
PyruvicAcid	G6	C(C(CCO)(C(CO)(C)O)O)=O
PyruvicAcid	G6	C(C(CCO)(CC(C)=O)O)(O)=O
PyruvicAcid	G6	C(C(CCO)(CC(CO)=O)O)=O
PyruvicAcid	G6	C(C(CCO)(CC)O)(O)=O
PyruvicAcid	G6	C(C(CCO)(CCCO)O)(O)=O
PyruvicAcid	G6	C(C(CCO)=O)(C(CO)CO)=O
PyruvicAcid	G6	C(C(CCO)C(C(C)=O)O)(O)=O
PyruvicAcid	G6	C(C(CCO)C(C(C)O)O)(O)=O
PyruvicAcid	G6	C(C(CCO)C(C)O)(O)=O
PyruvicAcid	G6	C(C(CCO)C(C=C)O)(O)=O
PyruvicAcid	G6	C(C(CCO)C(C=O)O)(O)=O
PyruvicAcid	G6	C(C(CCO)C(CCO)O)(O)=O
PyruvicAcid	G6	C(C(CCO)C(CCO)O)O
PyruvicAcid	G6	C(C(CCO)C(CO)CO)(O)=O
PyruvicAcid	G6	C(C(CCO)C(CO)CO)=O
PyruvicAcid	G6	C(C(CCO)CC(CO)=O)(O)=O
PyruvicAcid	G6	C(C(CCO)O)(C(C(C)=O)O)=O
PyruvicAcid	G6	C(C(CCO)O)(C(C)O)=O
PyruvicAcid	G6	C(C(CCO)O)(C(C=C)O)=O
PyruvicAcid	G6	C(C(CCO)O)(C(CC)O)=O
PyruvicAcid	G6	C(C(CCO)O)(CC(CO)=O)=O
PyruvicAcid	G6	C(C(CCO)O)=C(C=O)CO
PyruvicAcid	G6	C(C(CCO)O)=CC(C(O)=O)=O
PyruvicAcid	G6	C(C(CCO)O)=CC(CO)=O
PyruvicAcid	G6	C(C(CO)(C(C(C)=O)C)O)(O)=O
PyruvicAcid	G6	C(C(CO)(C(C(C=C)=O)O)O)=O
PyruvicAcid	G6	C(C(CO)(C(C(C=O)=C)O)O)=O
PyruvicAcid	G6	C(C(CO)(C(C(CO)=C)O)O)=O
PyruvicAcid	G6	C(C(CO)(C(C(CO)C)O)O)=O
PyruvicAcid	G6	C(C(CO)(C(C)(C)O)O)(O)=O
PyruvicAcid	G6	C(C(CO)(C(C)CCO)O)=O
PyruvicAcid	G6	C(C(CO)(C(C)O)CC(O)=O)=O
PyruvicAcid	G6	C(C(CO)(C(C=C)(C)O)O)(O)=O
PyruvicAcid	G6	C(C(CO)(C(C=C)(C)O)O)=O
PyruvicAcid	G6	C(C(CO)(C(C=CC=O)O)O)=O
PyruvicAcid	G6	C(C(CO)(C(C=CCO)O)O)=O
PyruvicAcid	G6	C(C(CO)(C(C=O)O)O)(CC)=O
PyruvicAcid	G6	C(C(CO)(C(CC)O)O)(O)=O
PyruvicAcid	G6	C(C(CO)(C(CC)O)O)=O
PyruvicAcid	G6	C(C(CO)(C(CCC=O)O)O)=O
PyruvicAcid	G6	C(C(CO)(C(CCCO)O)O)O
PyruvicAcid	G6	C(C(CO)(C(CO)CC=O)O)=O
PyruvicAcid	G6	C(C(CO)(C(CO)CCO)O)=O
PyruvicAcid	G6	C(C(CO)(C(CO)CCO)O)O
PyruvicAcid	G6	C(C(CO)(C(CO)O)O)=CC=O
PyruvicAcid	G6	C(C(CO)(C)C(C(O)=O)(C)O)=O
PyruvicAcid	G6	C(C(CO)(C)C(C(O)=O)O)=O
PyruvicAcid	G6	C(C(CO)(C)O)(C(C(C)=O)O)=O
PyruvicAcid	G6	C(C(CO)(CC(C(C)=O)O)O)=O
PyruvicAcid	G6	C(C(CO)(CC(C)O)O)(O)=O
PyruvicAcid	G6	C(C(CO)(CC(C=C)=O)O)(O)=O
PyruvicAcid	G6	C(C(CO)(CC(C=C)O)O)(O)=O
PyruvicAcid	G6	C(C(CO)(CC(CC)=O)O)(O)=O
PyruvicAcid	G6	C(C(CO)(CC(CCO)O)O)O
PyruvicAcid	G6	C(C(CO)(CC)O)(O)=O
PyruvicAcid	G6	C(C(CO)(CC=C)O)(O)=O
PyruvicAcid	G6	C(C(CO)(CC=CC)O)(O)=O
PyruvicAcid	G6	C(C(CO)(CC=O)O)(CCO)=O
PyruvicAcid	G6	C(C(CO)(CCC(C)=O)O)(O)=O
PyruvicAcid	G6	C(C(CO)(CCC(C)O)O)(O)=O
PyruvicAcid	G6	C(C(CO)(CCC(C)O)O)=O
PyruvicAcid	G6	C(C(CO)(CCC(CO)=O)O)=O
PyruvicAcid	G6	C(C(CO)(CCC=C)O)(O)=O
PyruvicAcid	G6	C(C(CO)(CCCC(O)=O)O)=O
PyruvicAcid	G6	C(C(CO)(CCCCO)O)(O)=O
PyruvicAcid	G6	C(C(CO)(CCCO)O)(O)=O
PyruvicAcid	G6	C(C(CO)(CCCO)O)=O
PyruvicAcid	G6	C(C(CO)(CCCO)O)O
PyruvicAcid	G6	C(C(CO)(CCO)C(C)O)(O)=O
PyruvicAcid	G6	C(C(CO)(CCO)C(C)O)=O
PyruvicAcid	G6	C(C(CO)(CCO)C(C=O)O)=O
PyruvicAcid	G6	C(C(CO)(CCO)C(CO)O)=O
PyruvicAcid	G6	C(C(CO)(CCO)CC(O)=O)=O
PyruvicAcid	G6	C(C(CO)(CCO)CC=O)(O)=O
PyruvicAcid	G6	C(C(CO)(CCO)CCO)=O
PyruvicAcid	G6	C(C(CO)(CO)C(C)CO)=O
PyruvicAcid	G6	C(C(CO)(CO)C(C=O)C)(O)=O
PyruvicAcid	G6	C(C(CO)(CO)C(C=O)CO)=O
PyruvicAcid	G6	C(C(CO)(CO)C(CC=O)O)=O
PyruvicAcid	G6	C(C(CO)(CO)C(CCO)O)O
PyruvicAcid	G6	C(C(CO)(CO)C(CO)O)O
PyruvicAcid	G6	C(C(CO)(CO)CC(C)=O)(O)=O
PyruvicAcid	G6	C(C(CO)(CO)CC(CO)=O)=O
PyruvicAcid	G6	C(C(CO)(CO)CC(O)=O)=O
PyruvicAcid	G6	C(C(CO)(CO)CCCO)(O)=O
PyruvicAcid	G6	C(C(CO)(CO)CCCO)=O
PyruvicAcid	G6	C(C(CO)(CO)CCO)(O)=O
PyruvicAcid	G6	C(C(CO)(CO)CCO)=O
PyruvicAcid	G6	C(C(CO)(CO)CO)O
PyruvicAcid	G6	C(C(CO)=CC(O)=O)(C(C)O)=O
PyruvicAcid	G6	C(C(CO)=CC(O)=O)(O)=O
PyruvicAcid	G6	C(C(CO)=O)(C(C(CC)O)O)=O
PyruvicAcid	G6	C(C(CO)=O)(C(C)(CCO)O)=O
PyruvicAcid	G6	C(C(CO)=O)(C(C)C(CO)O)=O
PyruvicAcid	G6	C(C(CO)=O)(C(CCCO)O)=O
PyruvicAcid	G6	C(C(CO)=O)(C(CO)(CC)O)=O
PyruvicAcid	G6	C(C(CO)=O)(C(CO)CCO)=O
PyruvicAcid	G6	C(C(CO)=O)(CC(CO)CO)=O
PyruvicAcid	G6	C(C(CO)C(C(C(C)=O)O)O)=O
PyruvicAcid	G6	C(C(CO)C(C(C(C)O)O)O)=O
PyruvicAcid	G6	C(C(CO)C(C(C(O)=O)=O)O)=C
PyruvicAcid	G6	C(C(CO)C(C(C)(CO)O)O)=O
PyruvicAcid	G6	C(C(CO)C(C(C)=O)(C)O)(O)=O
PyruvicAcid	G6	C(C(CO)C(C(C)CO)O)(O)=O
PyruvicAcid	G6	C(C(CO)C(C(C)CO)O)=O
PyruvicAcid	G6	C(C(CO)C(C(C=C)=O)O)(O)=O
PyruvicAcid	G6	C(C(CO)C(C(C=O)(C)O)O)=O
PyruvicAcid	G6	C(C(CO)C(C(C=O)C)O)(O)=O
PyruvicAcid	G6	C(C(CO)C(C(C=O)CO)O)=O
PyruvicAcid	G6	C(C(CO)C(C(CC)=O)O)(O)=O
PyruvicAcid	G6	C(C(CO)C(C(CCO)=O)O)=O
PyruvicAcid	G6	C(C(CO)C(C(CCO)O)O)=O
PyruvicAcid	G6	C(C(CO)C(C(CO)=C)O)(O)=O
PyruvicAcid	G6	C(C(CO)C(C(CO)=C)O)=O
PyruvicAcid	G6	C(C(CO)C(C(CO)=O)C)(O)=O
PyruvicAcid	G6	C(C(CO)C(C(CO)=O)CO)=O
PyruvicAcid	G6	C(C(CO)C(C(CO)CO)O)O
PyruvicAcid	G6	C(C(CO)C(C(CO)O)O)O
PyruvicAcid	G6	C(C(CO)C(C)(C)O)(O)=O
PyruvicAcid	G6	C(C(CO)C(C)C(C)O)(O)=O
PyruvicAcid	G6	C(C(CO)C(C)C(C=O)O)(O)=O
PyruvicAcid	G6	C(C(CO)C(C)CO)(O)=O
PyruvicAcid	G6	C(C(CO)C(C)O)=CCO
PyruvicAcid	G6	C(C(CO)C(C=C)(C)O)(O)=O
PyruvicAcid	G6	C(C(CO)C(C=CC(O)=O)O)=O
PyruvicAcid	G6	C(C(CO)C(C=CC=O)O)(O)=O
PyruvicAcid	G6	C(C(CO)C(C=CCO)O)(O)=O
PyruvicAcid	G6	C(C(CO)C(C=CCO)O)=O
PyruvicAcid	G6	C(C(CO)C(C=O)(CCO)O)=O
PyruvicAcid	G6	C(C(CO)C(C=O)CCO)(O)=O
PyruvicAcid	G6	C(C(CO)C(C=O)O)(C(C)O)=O
PyruvicAcid	G6	C(C(CO)C(C=O)O)(CCO)=O
PyruvicAcid	G6	C(C(CO)C(CC(C)=O)O)(O)=O
PyruvicAcid	G6	C(C(CO)C(CC(CO)=O)O)=O
PyruvicAcid	G6	C(C(CO)C(CC(CO)O)O)=O
PyruvicAcid	G6	C(C(CO)C(CC)O)(O)=O
PyruvicAcid	G6	C(C(CO)C(CCCO)O)O
PyruvicAcid	G6	C(C(CO)C(CO)(C(C)O)O)=O
PyruvicAcid	G6	C(C(CO)C(CO)(CC=O)O)=O
PyruvicAcid	G6	C(C(CO)C(CO)C(C)O)(O)=O
PyruvicAcid	G6	C(C(CO)C(CO)C(C)O)=O
PyruvicAcid	G6	C(C(CO)C(CO)C(C=O)O)=O
PyruvicAcid	G6	C(C(CO)C(CO)C(CO)O)=O
PyruvicAcid	G6	C(C(CO)C(CO)CC(O)=O)=O
PyruvicAcid	G6	C(C(CO)C(CO)CC=O)(O)=O
PyruvicAcid	G6	C(C(CO)C(CO)CCO)(O)=O
PyruvicAcid	G6	C(C(CO)C(CO)CCO)=O
PyruvicAcid	G6	C(C(CO)C(CO)CO)(O)=O
PyruvicAcid	G6	C(C(CO)C(CO)CO)=O
PyruvicAcid	G6	C(C(CO)C(CO)O)=CC(O)=O
PyruvicAcid	G6	C(C(CO)C(CO)O)O
PyruvicAcid	G6	C(C(CO)CC(C(C)=O)O)(O)=O
PyruvicAcid	G6	C(C(CO)CC(C(C)O)=O)(O)=O
PyruvicAcid	G6	C(C(CO)CC(C(C)O)O)(O)=O
PyruvicAcid	G6	C(C(CO)CC(C(C)O)O)=O
PyruvicAcid	G6	C(C(CO)CC(C(C=O)O)O)=O
PyruvicAcid	G6	C(C(CO)CC(C(CO)=O)O)=O
PyruvicAcid	G6	C(C(CO)CC(C(CO)O)=O)=O
PyruvicAcid	G6	C(C(CO)CC(C(CO)O)O)=O
PyruvicAcid	G6	C(C(CO)CC(C(O)=O)(C)O)=O
PyruvicAcid	G6	C(C(CO)CC(C(O)=O)O)=O
PyruvicAcid	G6	C(C(CO)CC(C)(C)O)(O)=O
PyruvicAcid	G6	C(C(CO)CC(C)(CO)O)(O)=O
PyruvicAcid	G6	C(C(CO)CC(C)(CO)O)=O
PyruvicAcid	G6	C(C(CO)CC(C)CO)(O)=O
PyruvicAcid	G6	C(C(CO)CC(C)O)(O)=O
PyruvicAcid	G6	C(C(CO)CC(C=C)O)(O)=O
PyruvicAcid	G6	C(C(CO)CC(C=O)(C)O)(O)=O
PyruvicAcid	G6	C(C(CO)CC(C=O)(CO)O)=O
PyruvicAcid	G6	C(C(CO)CC(C=O)O)(O)=O
PyruvicAcid	G6	C(C(CO)CC(CC(O)=O)O)=O
PyruvicAcid	G6	C(C(CO)CC(CC)O)(O)=O
PyruvicAcid	G6	C(C(CO)CC(CCO)O)(O)=O
PyruvicAcid	G6	C(C(CO)CC(CCO)O)=O
PyruvicAcid	G6	C(C(CO)CC(CO)(CO)O)=O
PyruvicAcid	G6	C(C(CO)CC(CO)=O)(O)=O
PyruvicAcid	G6	C(C(CO)CC(CO)CO)(O)=O
PyruvicAcid	G6	C(C(CO)CC(CO)CO)=O
PyruvicAcid	G6	C(C(CO)CC(CO)O)(O)=O
PyruvicAcid	G6	C(C(CO)CC(CO)O)=O
PyruvicAcid	G6	C(C(CO)CC=O)(C(CO)O)=O
PyruvicAcid	G6	C(C(CO)CCC(C(O)=O)O)=O
PyruvicAcid	G6	C(C(CO)CCC(C)O)(O)=O
PyruvicAcid	G6	C(C(CO)CCC(C=O)O)(O)=O
PyruvicAcid	G6	C(C(CO)CCC(CO)=O)(O)=O
PyruvicAcid	G6	C(C(CO)CCC(CO)O)(O)=O
PyruvicAcid	G6	C(C(CO)CCC(CO)O)=O
PyruvicAcid	G6	C(C(CO)CCCC(O)=O)(O)=O
PyruvicAcid	G6	C(C(CO)CCCCO)(O)=O
PyruvicAcid	G6	C(C(CO)CCCO)(O)=O
PyruvicAcid	G6	C(C(CO)CCCO)O
PyruvicAcid	G6	C(C(CO)CCO)O
PyruvicAcid	G6	C(C(CO)CO)(CC(CO)=O)=O
PyruvicAcid	G6	C(C(CO)CO)=C(C(O)=O)CO
PyruvicAcid	G6	C(C(CO)CO)=CC(C)O
PyruvicAcid	G6	C(C(CO)CO)=CC(O)=O
PyruvicAcid	G6	C(C(CO)CO)=CCO
PyruvicAcid	G6	C(C(CO)O)(C(C(C)=O)(C)O)=O
PyruvicAcid	G6	C(C(CO)O)(C(C(C)=O)CO)=O
PyruvicAcid	G6	C(C(CO)O)(C(C(C=C)=O)O)=O
PyruvicAcid	G6	C(C(CO)O)(C(C(CO)=C)O)=O
PyruvicAcid	G6	C(C(CO)O)(C(C(CO)=O)C)=O
PyruvicAcid	G6	C(C(CO)O)(C(C)(C(C)O)O)=O
PyruvicAcid	G6	C(C(CO)O)(C(C)(CCO)O)=O
PyruvicAcid	G6	C(C(CO)O)(C(C)C(C)O)=O
PyruvicAcid	G6	C(C(CO)O)(C(C)C(CO)O)=O
PyruvicAcid	G6	C(C(CO)O)(C(C)CCO)=O
PyruvicAcid	G6	C(C(CO)O)(C(C=C)CO)=O
PyruvicAcid	G6	C(C(CO)O)(C(C=C)O)=O
PyruvicAcid	G6	C(C(CO)O)(C(C=CC=O)O)=O
PyruvicAcid	G6	C(C(CO)O)(C(C=CCO)O)=O
PyruvicAcid	G6	C(C(CO)O)(C(CO)(C)O)=O
PyruvicAcid	G6	C(C(CO)O)(C(CO)(CC)O)=O
PyruvicAcid	G6	C(C(CO)O)(C(CO)C)=O
PyruvicAcid	G6	C(C(CO)O)(C(CO)CO)=O
PyruvicAcid	G6	C(C(CO)O)(CC(C(C)O)=O)=O
PyruvicAcid	G6	C(C(CO)O)(CC(C(C)O)O)=O
PyruvicAcid	G6	C(C(CO)O)(CC(C)O)=O
PyruvicAcid	G6	C(C(CO)O)(CC(CC)O)=O
PyruvicAcid	G6	C(C(CO)O)(CC(CCO)O)=O
PyruvicAcid	G6	C(C(CO)O)(CC(CO)(C)O)=O
PyruvicAcid	G6	C(C(CO)O)(CC(CO)=O)=O
PyruvicAcid	G6	C(C(CO)O)(CC(CO)O)=O
PyruvicAcid	G6	C(C(CO)O)(CCC(C)O)=O
PyruvicAcid	G6	C(C(CO)O)=CCO
PyruvicAcid	G6	C(C)(C(C(C(C(C)=O)O)O)O)=O
PyruvicAcid	G6	C(C)(C(C(C(C(C)O)O)O)O)=O
PyruvicAcid	G6	C(C)(C(C(C(CCO)O)O)O)=O
PyruvicAcid	G6	C(C)(C(C(C(CO)(C)O)O)O)=O
PyruvicAcid	G6	C(C)(C(C(C(CO)=C)O)O)=O
PyruvicAcid	G6	C(C)(C(C(C(CO)C)O)O)=O
PyruvicAcid	G6	C(C)(C(C(C(O)=O)=C)(CO)O)=O
PyruvicAcid	G6	C(C)(C(C(C)(C(CO)O)O)O)=O
PyruvicAcid	G6	C(C)(C(C(C)O)(C(C)O)O)=O
PyruvicAcid	G6	C(C)(C(C(C)O)(CC(O)=O)O)=O
PyruvicAcid	G6	C(C)(C(C(C=CC(O)=O)O)O)=O
PyruvicAcid	G6	C(C)(C(C(C=CCO)O)O)=O
PyruvicAcid	G6	C(C)(C(C(CC(CO)=O)O)O)=O
PyruvicAcid	G6	C(C)(C(C(CC(CO)O)O)O)=O
PyruvicAcid	G6	C(C)(C(C(CO)(C(C)O)O)O)=O
PyruvicAcid	G6	C(C)(C(C(CO)(CCO)O)O)=O
PyruvicAcid	G6	C(C)(C(C(CO)(CO)CO)O)=O
PyruvicAcid	G6	C(C)(C(C(CO)=O)(CCO)O)=O
PyruvicAcid	G6	C(C)(C(C(CO)=O)C(CO)O)=O
PyruvicAcid	G6	C(C)(C(C(CO)C(C)O)O)=O
PyruvicAcid	G6	C(C)(C(C(CO)CCO)O)=O
PyruvicAcid	G6	C(C)(C(C(CO)CO)O)=O
PyruvicAcid	G6	C(C)(C(C(CO)O)(C(C)O)O)=O
PyruvicAcid	G6	C(C)(C(C(CO)O)(CCO)O)=O
PyruvicAcid	G6	C(C)(C(C(CO)O)C(C)O)=O
PyruvicAcid	G6	C(C)(C(C(CO)O)CC(O)=O)=O
PyruvicAcid	G6	C(C)(C(CC(C(C)O)O)O)=O
PyruvicAcid	G6	C(C)(C(CC(C(CO)=O)O)O)=O
PyruvicAcid	G6	C(C)(C(CC(C(CO)O)O)O)=O
PyruvicAcid	G6	C(C)(C(CC(CCO)O)O)=O
PyruvicAcid	G6	C(C)(C(CC(CO)(CO)O)O)=O
PyruvicAcid	G6	C(C)(C(CC(CO)O)O)=O
PyruvicAcid	G6	C(C)(C(CCO)(CC(O)=O)O)=O
PyruvicAcid	G6	C(C)(C(CCO)(CCO)O)=O
PyruvicAcid	G6	C(C)(C(CO)(C(C(C)O)O)O)=O
PyruvicAcid	G6	C(C)(C(CO)(C(C)O)O)=O
PyruvicAcid	G6	C(C)(C(CO)(C(C=C)O)O)=O
PyruvicAcid	G6	C(C)(C(CO)(C(CC)O)O)=O
PyruvicAcid	G6	C(C)(C(CO)(C(CCO)O)O)=O
PyruvicAcid	G6	C(C)(C(CO)(C(CO)(C)O)O)=O
PyruvicAcid	G6	C(C)(C(CO)(C(CO)CO)O)=O
PyruvicAcid	G6	C(C)(C(CO)(C(CO)O)O)=O
PyruvicAcid	G6	C(C)(C(CO)(CC(C)O)O)=O
PyruvicAcid	G6	C(C)(C(CO)(CC(O)=O)O)=O
PyruvicAcid	G6	C(C)(C(CO)(CCO)O)=O
PyruvicAcid	G6	C(C)(C(CO)(CO)C(C)O)=O
PyruvicAcid	G6	C(C)(C(CO)(CO)C(C=O)O)=O
PyruvicAcid	G6	C(C)(C(CO)(CO)C(CO)O)=O
PyruvicAcid	G6	C(C)(C(CO)(CO)CO)=O
PyruvicAcid	G6	C(C)(C(CO)(CO)O)=O
PyruvicAcid	G6	C(C)(C1(C(C(C(C)O1)O)O)O)=O
PyruvicAcid	G6	C(C)(C1(C(C(C(C1)=O)O)O)O)=O
PyruvicAcid	G6	C(C)(C1(C(C(CC1O)O)O)O)=O
PyruvicAcid	G6	C(C)(C1(C(C(CO1)(C)O)O)O)=O
PyruvicAcid	G6	C(C)(C1(C(C(CO1)O)O)O)=O
PyruvicAcid	G6	C(C)(C1(C(C)OC(C1O)O)O)=O
PyruvicAcid	G6	C(C)(C1(C(CC(C1O)=O)O)O)=O
PyruvicAcid	G6	C(C)(C1(COC(C)(C1O)O)O)=O
PyruvicAcid	G6	C(C)(C1(COC(C1(C)O)O)O)=O
PyruvicAcid	G6	C(C)(C1(COC(C1CO)O)O)=O
PyruvicAcid	G6	C(C)(C1(COC(C1O)O)O)=O
PyruvicAcid	G6	C(C)(C1COC(C1(CO)O)O)=O
PyruvicAcid	G6	C(C)(C1COC(CO)(C1O)O)=O
PyruvicAcid	G6	C(C)(CC(C(CO)O)O)=O
PyruvicAcid	G6	C(C)(CC(CO)(CO)O)=O
PyruvicAcid	G6	C(C)(CCC(C(CO)O)O)=O
PyruvicAcid	G6	C(C)(CCC(CO)(CO)O)=O
PyruvicAcid	G6	C(C)=C(C(C(CO)O)=O)C(O)=O
PyruvicAcid	G6	C(C)=C(C(C(CO)O)=O)CO
PyruvicAcid	G6	C(C)=C(C(O)=O)C(C(CO)O)O
PyruvicAcid	G6	C(C)=C(C(O)=O)C(CO)O
PyruvicAcid	G6	C(C)=C(CO)C(C(CO)O)O
PyruvicAcid	G6	C(C)=C(CO)C(CCO)O
PyruvicAcid	G6	C(C)=C(CO)C(CO)(CO)O
PyruvicAcid	G6	C(C)=C1C(C(C(C1O)O)O)=O
PyruvicAcid	G6	C(C)=C1C(O)OCC1(CO)O
PyruvicAcid	G6	C(C)=C1COC(C(C1O)O)O
PyruvicAcid	G6	C(C)=C1COC(C1(CO)O)O
PyruvicAcid	G6	C(C)=C1COC(CO)(C1O)O
PyruvicAcid	G6	C(C)=CC(C(C(CO)O)O)=O
PyruvicAcid	G6	C(C1(C(C(C(C)O1)O)O)O)=O
PyruvicAcid	G6	C(C1(C(C(C(C1)=O)(C)O)O)O)=O
PyruvicAcid	G6	C(C1(C(C(C(C1)=O)CO)O)O)=O
PyruvicAcid	G6	C(C1(C(C(C(C1)=O)O)O)O)=O
PyruvicAcid	G6	C(C1(C(C(C(C1)O)O)O)O)=O
PyruvicAcid	G6	C(C1(C(C(C(C1O)=O)C)O)O)=O
PyruvicAcid	G6	C(C1(C(C(C(CC)O1)O)O)O)=O
PyruvicAcid	G6	C(C1(C(C(C(CC1)O)O)=O)O)=O
PyruvicAcid	G6	C(C1(C(C(C)(C(C)O1)O)O)O)=O
PyruvicAcid	G6	C(C1(C(C(C)(C(C1)O)O)O)O)=O
PyruvicAcid	G6	C(C1(C(C(C)(CC1O)O)O)O)=O
PyruvicAcid	G6	C(C1(C(C(C)C(C1O)O)=O)O)=O
PyruvicAcid	G6	C(C1(C(C(C)CC1O)=O)O)(O)=O
PyruvicAcid	G6	C(C1(C(C(C)CC1O)O)O)=O
PyruvicAcid	G6	C(C1(C(C(C=C1)O)=O)O)(O)=O
PyruvicAcid	G6	C(C1(C(C(C=CC1O)=O)O)O)=O
PyruvicAcid	G6	C(C1(C(C(CC(C1)=O)O)O)O)=O
PyruvicAcid	G6	C(C1(C(C(CC1O)=O)=C)O)(O)=O
PyruvicAcid	G6	C(C1(C(C(CC1O)O)O)O)=O
PyruvicAcid	G6	C(C1(C(C(CCC1O)O)=O)O)=O
PyruvicAcid	G6	C(C1(C(C(CCO1)O)=C)O)(O)=O
PyruvicAcid	G6	C(C1(C(C(CO)C(C1)O)O)O)=O
PyruvicAcid	G6	C(C1(C(C(CO1)(C)O)O)O)=O
PyruvicAcid	G6	C(C1(C(C(CO1)(CC)O)O)O)=O
PyruvicAcid	G6	C(C1(C(C(CO1)O)O)O)=CC=O
PyruvicAcid	G6	C(C1(C(C(CO1)O)O)O)=O
PyruvicAcid	G6	C(C1(C(C(O)=O)=CCC1O)O)=O
PyruvicAcid	G6	C(C1(C(C(O)OC1)=C)O)(O)=O
PyruvicAcid	G6	C(C1(C(C(O)OC1)=CC)O)(O)=O
PyruvicAcid	G6	C(C1(C(C(O)OC1CO)=C)O)=O
PyruvicAcid	G6	C(C1(C(C(O)OCC1)=C)O)(O)=O
PyruvicAcid	G6	C(C1(C(C(O)OCC1O)=C)O)=O
PyruvicAcid	G6	C(C1(C(C(OC1C=C)O)O)O)=O
PyruvicAcid	G6	C(C1(C(C)(C(C(C)O1)O)O)O)=O
PyruvicAcid	G6	C(C1(C(C)(C(C(C1)=O)O)O)O)=O
PyruvicAcid	G6	C(C1(C(C)(C(CO1)(C)O)O)O)=O
PyruvicAcid	G6	C(C1(C(C)(C(CO1)O)O)O)=O
PyruvicAcid	G6	C(C1(C(C)(CC(C1O)=O)O)O)=O
PyruvicAcid	G6	C(C1(C(C)C(C(C1)=O)O)O)(O)=O
PyruvicAcid	G6	C(C1(C(C)C(CO1)(C)O)O)(O)=O
PyruvicAcid	G6	C(C1(C(C)OC(C)(C1O)O)O)=O
PyruvicAcid	G6	C(C1(C(C)OC(C1(C)O)O)O)=O
PyruvicAcid	G6	C(C1(C(C)OC(C1CO)O)O)=O
PyruvicAcid	G6	C(C1(C(C)OC(C1O)O)O)=O
PyruvicAcid	G6	C(C1(C(C=C(CO)C1O)O)O)=O
PyruvicAcid	G6	C(C1(C(C=C)(C(CO1)O)O)O)=O
PyruvicAcid	G6	C(C1(C(C=CC(C)O1)O)O)(O)=O
PyruvicAcid	G6	C(C1(C(C=CC1(CO)O)O)O)=O
PyruvicAcid	G6	C(C1(C(C=CC1O)=O)CO)(O)=O
PyruvicAcid	G6	C(C1(C(C=CC1O)=O)O)(O)=O
PyruvicAcid	G6	C(C1(C(C=CC1O)O)O)(O)=O
PyruvicAcid	G6	C(C1(C(C=O)=CC(C1)O)O)(O)=O
PyruvicAcid	G6	C(C1(C(C=O)=CC(C1O)O)O)=O
PyruvicAcid	G6	C(C1(C(CC(C)(C1O)O)=O)O)=O
PyruvicAcid	G6	C(C1(C(CC(C)O1)O)O)(O)=O
PyruvicAcid	G6	C(C1(C(CC(C1(C)O)O)=O)O)=O
PyruvicAcid	G6	C(C1(C(CC(C1)O)O)O)=O
PyruvicAcid	G6	C(C1(C(CC(C1CO)O)=O)O)=O
PyruvicAcid	G6	C(C1(C(CC(C1CO)O)O)O)=O
PyruvicAcid	G6	C(C1(C(CC(C1CO)O)O)O)O
PyruvicAcid	G6	C(C1(C(CC(C1O)=O)O)O)=O
PyruvicAcid	G6	C(C1(C(CC(C1O)O)=O)O)=O
PyruvicAcid	G6	C(C1(C(CC(CC1O)O)O)O)=O
PyruvicAcid	G6	C(C1(C(CC(CO)(C1)O)=O)O)=O
PyruvicAcid	G6	C(C1(C(CC=CC1O)O)O)(O)=O
PyruvicAcid	G6	C(C1(C(CCC(C)O1)O)O)(O)=O
PyruvicAcid	G6	C(C1(C(CCC1(C)O)O)O)(O)=O
PyruvicAcid	G6	C(C1(C(CCC1)O)O)(O)=O
PyruvicAcid	G6	C(C1(C(CCC1O)O)O)(O)=O
PyruvicAcid	G6	C(C1(C(CCC1O)O)O)=O
PyruvicAcid	G6	C(C1(C(CCCC1O)O)O)(O)=O
PyruvicAcid	G6	C(C1(C(O)OC(C)C1)O)(O)=O
PyruvicAcid	G6	C(C1(C(O)OC(C)CC1)O)(O)=O
PyruvicAcid	G6	C(C1(C(O)OCC1(C)O)O)=O
PyruvicAcid	G6	C(C1(C(O)OCC1(CC)O)O)=O
PyruvicAcid	G6	C(C1(C(O)OCC1O)O)=O
PyruvicAcid	G6	C(C1(C)C(C(C(O1)O)=C)O)(O)=O
PyruvicAcid	G6	C(C1(C)C(C(CC1O)O)O)(O)=O
PyruvicAcid	G6	C(C1(C)CC(C(C)(O1)O)O)(O)=O
PyruvicAcid	G6	C(C1(C)CCC(CO)(O1)O)(O)=O
PyruvicAcid	G6	C(C1(C2(CC(CC2O)O1)O)O)O
PyruvicAcid	G6	C(C1(C2CC(C1C(O)O2)O)O)O
PyruvicAcid	G6	C(C1(C=C(C)CC1O)O)(O)=O
PyruvicAcid	G6	C(C1(C=C(CO)CO1)O)(O)=O
PyruvicAcid	G6	C(C1(C=CC(C(C1O)=O)O)O)=O
PyruvicAcid	G6	C(C1(C=CC(C)C1O)O)(O)=O
PyruvicAcid	G6	C(C1(C=CC(C1(C)O)=O)O)(O)=O
PyruvicAcid	G6	C(C1(C=CC(C1C(O)=O)O)O)=O
PyruvicAcid	G6	C(C1(C=CC(C1C=O)O)O)(O)=O
PyruvicAcid	G6	C(C1(C=O)C(C=CC1O)O)(O)=O
PyruvicAcid	G6	C(C1(C=O)C(CCC1O)O)(O)=O
PyruvicAcid	G6	C(C1(C=O)CC(C(C1O)O)O)=O
PyruvicAcid	G6	C(C1(C=O)CC(CC1O)O)(O)=O
PyruvicAcid	G6	C(C1(C=O)CCC(C1O)O)(O)=O
PyruvicAcid	G6	C(C1(CC(C(C(C1)=O)O)O)O)=O
PyruvicAcid	G6	C(C1(CC(C(C)O1)O)O)(O)=O
PyruvicAcid	G6	C(C1(CC(C(C1(C)O)O)O)O)=O
PyruvicAcid	G6	C(C1(CC(C(C1)=O)(CO)O)O)=O
PyruvicAcid	G6	C(C1(CC(C(C1)=O)O)O)(O)=O
PyruvicAcid	G6	C(C1(CC(C(C1O)=O)(C)O)O)=O
PyruvicAcid	G6	C(C1(CC(C(C1O)=O)O)O)=O
PyruvicAcid	G6	C(C1(CC(C(CO)C1O)O)O)O
PyruvicAcid	G6	C(C1(CC(C)(CC1O)O)O)(O)=O
PyruvicAcid	G6	C(C1(CC(CC(C1)O)O)O)(O)=O
PyruvicAcid	G6	C(C1(CC(CC(C1O)=O)O)O)=O
PyruvicAcid	G6	C(C1(CC(CC1(C=O)O)O)O)=O
PyruvicAcid	G6	C(C1(CC(CC1(CO)O)O)O)=O
PyruvicAcid	G6	C(C1(CC(CO1)(C)O)O)(O)=O
PyruvicAcid	G6	C(C1(CC(O)OCC1(C)O)O)=O
PyruvicAcid	G6	C(C1(CC=C(C=O)C1O)O)(O)=O
PyruvicAcid	G6	C(C1(CCC(C(C1)=O)O)O)(O)=O
PyruvicAcid	G6	C(C1(CCCC(C1O)=O)O)(O)=O
PyruvicAcid	G6	C(C1(CCCC1(C=O)O)O)(O)=O
PyruvicAcid	G6	C(C1(CO)C(C(CC1O)O)O)=O
PyruvicAcid	G6	C(C1(CO)C(CC(C1O)=O)O)=O
PyruvicAcid	G6	C(C1(CO)C(CCC1O)O)(O)=O
PyruvicAcid	G6	C(C1(CO)C(CCC1O)O)=O
PyruvicAcid	G6	C(C1(CO)CC(CC1O)O)(O)=O
PyruvicAcid	G6	C(C1(COC(C)(C1(C)O)O)O)=O
PyruvicAcid	G6	C(C1(COC(C)(C1)O)O)(O)=O
PyruvicAcid	G6	C(C1(COC(C)(C1CO)O)O)=O
PyruvicAcid	G6	C(C1(COC(C)(C1O)O)O)=O
PyruvicAcid	G6	C(C1(COC(C1(C)O)O)O)=O
PyruvicAcid	G6	C(C1(COC(C1(CC)O)O)O)=O
PyruvicAcid	G6	C(C1(COC(C1)O)CO)(O)=O
PyruvicAcid	G6	C(C1(COC(C1CCO)O)O)=O
PyruvicAcid	G6	C(C1(COC(C1O)(CC)O)O)=O
PyruvicAcid	G6	C(C1(COC(C1O)O)O)=CC=O
PyruvicAcid	G6	C(C1(COC(C1O)O)O)=O
PyruvicAcid	G6	C(C1(COC(CO)(C1C)O)O)=O
PyruvicAcid	G6	C(C12CC(C(C(O)O1)C2O)O)O
PyruvicAcid	G6	C(C1C(C(C(C(C1)=O)O)O)O)=O
PyruvicAcid	G6	C(C1C(C(C(C(C1)O)=O)O)O)=O
PyruvicAcid	G6	C(C1C(C(C(C(C=1)=O)O)O)O)=O
PyruvicAcid	G6	C(C1C(C(C(C)(C1O)O)O)=O)=O
PyruvicAcid	G6	C(C1C(C(C(C)(O1)O)O)O)=O
PyruvicAcid	G6	C(C1C(C(C(C1(C)O)O)O)=O)=O
PyruvicAcid	G6	C(C1C(C(C(C1(C)O)O)O)O)=O
PyruvicAcid	G6	C(C1C(C(C(C1C)O)O)O)=O
PyruvicAcid	G6	C(C1C(C(C(C1C=O)O)O)O)=O
PyruvicAcid	G6	C(C1C(C(C(C1CO)O)O)=O)=O
PyruvicAcid	G6	C(C1C(C(C(C1O)=O)O)O)=O
PyruvicAcid	G6	C(C1C(C(C(C1O)O)O)=O)=O
PyruvicAcid	G6	C(C1C(C(C(C1O)O)O)O)=O
PyruvicAcid	G6	C(C1C(C(C(CC1O)O)O)O)=O
PyruvicAcid	G6	C(C1C(C(C(CO)C1O)O)=O)=O
PyruvicAcid	G6	C(C1C(C(C(O)=O)(CC1)O)O)=O
PyruvicAcid	G6	C(C1C(C(C(O)=O)=CC1O)O)=O
PyruvicAcid	G6	C(C1C(C(C(O)O1)=C)O)(O)=O
PyruvicAcid	G6	C(C1C(C(C)(C(C1O)O)O)=O)=O
PyruvicAcid	G6	C(C1C(C(C)(C(C1O)O)O)O)=O
PyruvicAcid	G6	C(C1C(C(C)(CC1O)O)=O)(O)=O
PyruvicAcid	G6	C(C1C(C(C=O)(C(C1)O)O)O)=O
PyruvicAcid	G6	C(C1C(C(C=O)(CC1)O)O)(O)=O
PyruvicAcid	G6	C(C1C(C(C=O)=CC1O)O)(O)=O
PyruvicAcid	G6	C(C1C(C(C=O)C(C1)O)O)(O)=O
PyruvicAcid	G6	C(C1C(C(C=O)CC1O)O)(O)=O
PyruvicAcid	G6	C(C1C(C(CC(C1O)=O)O)O)=O
PyruvicAcid	G6	C(C1C(C(CC1(C=O)O)O)O)=O
PyruvicAcid	G6	C(C1C(C(CC1(CO)O)O)=O)=O
PyruvicAcid	G6	C(C1C(C(CC1(CO)O)O)O)=O
PyruvicAcid	G6	C(C1C(C(CC1O)O)O)(O)=O
PyruvicAcid	G6	C(C1C(C(CC1O)O)O)=O
PyruvicAcid	G6	C(C1C(C(CO)(C(C)O1)O)O)=O
PyruvicAcid	G6	C(C1C(C(CO)(CO1)O)O)=O
PyruvicAcid	G6	C(C1C(C(CO)C(C1O)O)O)=O
PyruvicAcid	G6	C(C1C(C(CO1)(C(C)O)O)O)=O
PyruvicAcid	G6	C(C1C(C(O)OCC1(C)O)O)=O
PyruvicAcid	G6	C(C1C(C)(CC(C1O)=O)O)(O)=O
PyruvicAcid	G6	C(C1C(C)(O)OCC1(C)O)(O)=O
PyruvicAcid	G6	C(C1C(C)C(C(C1O)=O)O)(O)=O
PyruvicAcid	G6	C(C1C(C)OC(C1(C)O)O)(O)=O
PyruvicAcid	G6	C(C1C(C=C(CO)C1O)O)=O
PyruvicAcid	G6	C(C1C(C=CC1(CO)O)O)=O
PyruvicAcid	G6	C(C1C(C=CC1O)O)(O)=O
PyruvicAcid	G6	C(C1C(CC(C(C1)O)=O)O)(O)=O
PyruvicAcid	G6	C(C1C(CC(C(C1)O)O)=O)(O)=O
PyruvicAcid	G6	C(C1C(CC(C)(C1O)O)=O)(O)=O
PyruvicAcid	G6	C(C1C(CC(C1(C)O)=O)O)(O)=O
PyruvicAcid	G6	C(C1C(CC(C1(C)O)O)=O)(O)=O
PyruvicAcid	G6	C(C1C(CC(C1)(CO)O)=O)(O)=O
PyruvicAcid	G6	C(C1C(CC(C1C)O)O)(O)=O
PyruvicAcid	G6	C(C1C(CC(C1O)=O)O)(O)=O
PyruvicAcid	G6	C(C1C(CC(C1O)O)=O)(O)=O
PyruvicAcid	G6	C(C1C(CC(C=1C=O)O)O)(O)=O
PyruvicAcid	G6	C(C1C(CC=CC1O)O)(O)=O
PyruvicAcid	G6	C(C1C(CCC1(C(O)=O)O)O)=O
PyruvicAcid	G6	C(C1C(CCC1(C)O)O)(O)=O
PyruvicAcid	G6	C(C1C(CCC1(C=O)O)O)(O)=O
PyruvicAcid	G6	C(C1C(CCC1O)O)(O)=O
PyruvicAcid	G6	C(C1C(CCCC1O)O)(O)=O
PyruvicAcid	G6	C(C1C(CO)(C(C(C1)=O)O)O)=O
PyruvicAcid	G6	C(C1C(O)OC(C)C1(C)O)(O)=O
PyruvicAcid	G6	C(C1C(O)OC(C)C1(CO)O)=O
PyruvicAcid	G6	C(C1C(O)OCC1(C(C)O)O)=O
PyruvicAcid	G6	C(C1C(O)OCC1(C)O)(O)=O
PyruvicAcid	G6	C(C1C(O)OCC1(CC)O)(O)=O
PyruvicAcid	G6	C(C1C=C(C(O)=O)C(C1)O)(O)=O
PyruvicAcid	G6	C(C1C=C(C(O)=O)C(C1O)O)=O
PyruvicAcid	G6	C(C1C=C(C=O)C(C1O)O)(O)=O
PyruvicAcid	G6	C(C1C=CC(C(O)=O)(C1)O)(O)=O
PyruvicAcid	G6	C(C1C=CC(C1(C=O)O)O)(O)=O
PyruvicAcid	G6	C(C1C=CC(C1(CO)O)O)=O
PyruvicAcid	G6	C(C1C=CC(CC1O)O)(O)=O
PyruvicAcid	G6	C(C1C=CC(CO)(C1O)O)=O
PyruvicAcid	G6	C(C1CC(C(C(C1)O)O)O)(O)=O
PyruvicAcid	G6	C(C1CC(C(C(C1O)=O)O)O)=O
PyruvicAcid	G6	C(C1CC(C(C1(C=O)O)O)O)=O
PyruvicAcid	G6	C(C1CC(C(C1(CO)O)=O)O)=O
PyruvicAcid	G6	C(C1CC(C(C1(CO)O)O)O)=O
PyruvicAcid	G6	C(C1CC(C(C1C=O)O)O)(O)=O
PyruvicAcid	G6	C(C1CC(C(C1O)=O)(CO)O)=O
PyruvicAcid	G6	C(C1CC(C(C1O)=O)O)(O)=O
PyruvicAcid	G6	C(C1CC(C(C1O)O)O)=O
PyruvicAcid	G6	C(C1CC(C(CO)C1O)O)=O
PyruvicAcid	G6	C(C1CC(C(O)=O)C(C1)O)(O)=O
PyruvicAcid	G6	C(C1CC(C)(CC1O)O)(O)=O
PyruvicAcid	G6	C(C1CC(C=O)(C(C1)O)O)(O)=O
PyruvicAcid	G6	C(C1CC(C=O)C(C1O)O)(O)=O
PyruvicAcid	G6	C(C1CC(CC(C1)O)O)(O)=O
PyruvicAcid	G6	C(C1CC(CC1(C(O)=O)O)O)=O
PyruvicAcid	G6	C(C1CC(CC1C(O)=O)O)(O)=O
PyruvicAcid	G6	C(C1CC(CC1O)O)(O)=O
PyruvicAcid	G6	C(C1CC(CO)(C(C1)O)O)(O)=O
PyruvicAcid	G6	C(C1CC(CO)C(C1)O)(O)=O
PyruvicAcid	G6	C(C1CC2C(C1(C(O)O2)O)O)=O
PyruvicAcid	G6	C(C1CCC(C(C1O)O)=O)(O)=O
PyruvicAcid	G6	C(C1CCC(C1(C=O)O)O)(O)=O
PyruvicAcid	G6	C(C1CCC(C1C(O)=O)O)(O)=O
PyruvicAcid	G6	C(C1CCC(C1CO)O)(O)=O
PyruvicAcid	G6	C(C1CCC(CC1O)O)(O)=O
PyruvicAcid	G6	C(C1COC(C(C1O)=C)O)(O)=O
PyruvicAcid	G6	C(C1COC(C)(C1(CO)O)O)=O
PyruvicAcid	G6	C(C1COC(C1(C(C)O)O)O)=O
PyruvicAcid	G6	C(C1COC(C1(C)O)O)(O)=O
PyruvicAcid	G6	C(C1COC(CO)(C1(C)O)O)=O
PyruvicAcid	G6	C(C=C(C=O)C(C(C)O)O)(O)=O
PyruvicAcid	G6	C(C=C(C=O)C(CCO)O)(O)=O
PyruvicAcid	G6	C(C=C1C(C(C(C1O)O)O)=O)=O
PyruvicAcid	G6	C(C=CC(C(C(C)O)O)=O)(O)=O
PyruvicAcid	G6	C(C=CC(C(CO)(CO)O)=O)=O
PyruvicAcid	G6	C(C=CC(C(CO)O)=O)(O)=O
PyruvicAcid	G6	C(C=CC(CC(CO)O)=O)(O)=O
PyruvicAcid	G6	C(CC(C(C(C(C)O)O)O)O)=O
PyruvicAcid	G6	C(CC(C(C(C(O)=O)=C)O)O)=O
PyruvicAcid	G6	C(CC(C(C(C)(C)O)O)=O)(O)=O
PyruvicAcid	G6	C(CC(C(C(C)(CO)O)O)O)=O
PyruvicAcid	G6	C(CC(C(C(C)=O)(CO)O)O)=O
PyruvicAcid	G6	C(CC(C(C(C)O)=O)O)(O)=O
PyruvicAcid	G6	C(CC(C(C(C)O)O)=O)(O)=O
PyruvicAcid	G6	C(CC(C(C(C)O)O)O)=O
PyruvicAcid	G6	C(CC(C(C(C=C)O)=O)O)(O)=O
PyruvicAcid	G6	C(CC(C(C(C=C)O)O)=O)(O)=O
PyruvicAcid	G6	C(CC(C(C(C=C)O)O)O)=O
PyruvicAcid	G6	C(CC(C(C(C=O)=C)O)O)(O)=O
PyruvicAcid	G6	C(CC(C(C(CC)O)=O)O)(O)=O
PyruvicAcid	G6	C(CC(C(C(CC)O)O)=O)(O)=O
PyruvicAcid	G6	C(CC(C(C(CCO)=O)O)O)=O
PyruvicAcid	G6	C(CC(C(C(CCO)O)=O)O)=O
PyruvicAcid	G6	C(CC(C(C(CCO)O)O)=O)=O
PyruvicAcid	G6	C(CC(C(C(CCO)O)O)O)=O
PyruvicAcid	G6	C(CC(C(C(CO)(C)O)=O)O)=O
PyruvicAcid	G6	C(CC(C(C(CO)(C)O)O)=O)=O
PyruvicAcid	G6	C(CC(C(C(CO)=O)(C)O)O)=O
PyruvicAcid	G6	C(CC(C(C(CO)=O)CO)O)=O
PyruvicAcid	G6	C(CC(C(C(CO)=O)O)=C)(O)=O
PyruvicAcid	G6	C(CC(C(C(CO)CO)O)=O)=O
PyruvicAcid	G6	C(CC(C(C(CO)CO)O)O)=O
PyruvicAcid	G6	C(CC(C(C(CO)O)=O)O)(C)=O
PyruvicAcid	G6	C(CC(C(C(CO)O)O)O)=O
PyruvicAcid	G6	C(CC(C(C(O)=O)=C)(C)O)(O)=O
PyruvicAcid	G6	C(CC(C(C(O)=O)=CCO)O)=O
PyruvicAcid	G6	C(CC(C(C(O)=O)O)=C)(O)=O
PyruvicAcid	G6	C(CC(C(C)(C(C)O)O)O)=O
PyruvicAcid	G6	C(CC(C(C)(C(C=O)O)O)O)=O
PyruvicAcid	G6	C(CC(C(C)(C(CO)O)O)O)=O
PyruvicAcid	G6	C(CC(C(C)(CC=O)O)O)(O)=O
PyruvicAcid	G6	C(CC(C(C)(CCO)O)=O)(O)=O
PyruvicAcid	G6	C(CC(C(C)(CO)O)O)(O)=O
PyruvicAcid	G6	C(CC(C(C)(CO)O)O)=O
PyruvicAcid	G6	C(CC(C(C)=O)O)(C(CO)O)=O
PyruvicAcid	G6	C(CC(C(C)O)C(C(O)=O)O)=O
PyruvicAcid	G6	C(CC(C(C)O)CC(O)=O)(O)=O
PyruvicAcid	G6	C(CC(C(C)O)O)(O)=O
PyruvicAcid	G6	C(CC(C(C=C)=O)(CO)O)(O)=O
PyruvicAcid	G6	C(CC(C(C=C)O)O)(O)=O
PyruvicAcid	G6	C(CC(C(CC(C)O)=O)O)(O)=O
PyruvicAcid	G6	C(CC(C(CC(C)O)O)O)(O)=O
PyruvicAcid	G6	C(CC(C(CC(CO)O)=O)O)=O
PyruvicAcid	G6	C(CC(C(CC)O)O)(O)=O
PyruvicAcid	G6	C(CC(C(CCC=O)O)O)(O)=O
PyruvicAcid	G6	C(CC(C(CCO)=O)O)(CO)=O
PyruvicAcid	G6	C(CC(C(CCO)=O)O)(O)=O
PyruvicAcid	G6	C(CC(C(CCO)O)=O)(O)=O
PyruvicAcid	G6	C(CC(C(CCO)O)O)(O)=O
PyruvicAcid	G6	C(CC(C(CCO)O)O)=O
PyruvicAcid	G6	C(CC(C(CO)(C(C)O)O)O)=O
PyruvicAcid	G6	C(CC(C(CO)(CC)O)O)(O)=O
PyruvicAcid	G6	C(CC(C(CO)(CC)O)O)=O
PyruvicAcid	G6	C(CC(C(CO)(CCO)O)=O)=O
PyruvicAcid	G6	C(CC(C(CO)(CO)CO)O)=O
PyruvicAcid	G6	C(CC(C(CO)(CO)O)O)=O
PyruvicAcid	G6	C(CC(C(CO)=C)O)(O)=O
PyruvicAcid	G6	C(CC(C(CO)=CC(O)=O)O)=O
PyruvicAcid	G6	C(CC(C(CO)=CC=O)O)(O)=O
PyruvicAcid	G6	C(CC(C(CO)=CCO)O)=O
PyruvicAcid	G6	C(CC(C(CO)C(CO)O)=O)=O
PyruvicAcid	G6	C(CC(C(CO)C(CO)O)O)=O
PyruvicAcid	G6	C(CC(C(CO)CC=O)O)(O)=O
PyruvicAcid	G6	C(CC(C(CO)CCO)O)(O)=O
PyruvicAcid	G6	C(CC(C(CO)CCO)O)=O
PyruvicAcid	G6	C(CC(C(CO)CO)=O)(O)=O
PyruvicAcid	G6	C(CC(C(CO)O)(C(C)O)O)=O
PyruvicAcid	G6	C(CC(C(CO)O)C(C)O)(O)=O
PyruvicAcid	G6	C(CC(C(CO)O)C(C)O)=O
PyruvicAcid	G6	C(CC(C(CO)O)C(C=O)O)=O
PyruvicAcid	G6	C(CC(C(CO)O)C(CO)O)=O
PyruvicAcid	G6	C(CC(C(CO)O)O)=CC(O)=O
PyruvicAcid	G6	C(CC(C(O)=O)=O)=C(CO)CO
PyruvicAcid	G6	C(CC(C)(C(C(CO)O)O)O)=O
PyruvicAcid	G6	C(CC(C)(C(C(O)=O)O)O)=O
PyruvicAcid	G6	C(CC(C)(C(C)(CO)O)O)(O)=O
PyruvicAcid	G6	C(CC(C)(C(C)O)O)(O)=O
PyruvicAcid	G6	C(CC(C)(C(CO)CO)O)(O)=O
PyruvicAcid	G6	C(CC(C)(C(CO)O)O)(O)=O
PyruvicAcid	G6	C(CC(C)(CC(C=O)O)O)(O)=O
PyruvicAcid	G6	C(CC(C)(CC(O)=O)O)(O)=O
PyruvicAcid	G6	C(CC(C)(CCCO)O)(O)=O
PyruvicAcid	G6	C(CC(C)(CCO)O)(O)=O
PyruvicAcid	G6	C(CC(C)(CO)O)(O)=O
PyruvicAcid	G6	C(CC(C)C(C(C)O)O)(O)=O
PyruvicAcid	G6	C(CC(C)C(C)(CO)O)(O)=O
PyruvicAcid	G6	C(CC(C)CC(CO)O)(O)=O
PyruvicAcid	G6	C(CC(C)O)(C(CO)(C)O)=O
PyruvicAcid	G6	C(CC(C)O)(C(CO)CO)=O
PyruvicAcid	G6	C(CC(C=C(C(O)=O)CO)O)=O
PyruvicAcid	G6	C(CC(C=C(C=O)CO)O)(O)=O
PyruvicAcid	G6	C(CC(C=C(CO)CO)O)=O
PyruvicAcid	G6	C(CC(C=C)(C(C=O)O)O)(O)=O
PyruvicAcid	G6	C(CC(C=C)O)(C(CO)O)=O
PyruvicAcid	G6	C(CC(C=CC(CO)=O)O)(O)=O
PyruvicAcid	G6	C(CC(C=CC(CO)O)O)=O
PyruvicAcid	G6	C(CC(C=CC(O)=O)O)(O)=O
PyruvicAcid	G6	C(CC(C=CCO)O)(O)=O
PyruvicAcid	G6	C(CC(C=O)O)(C(C(C)O)O)=O
PyruvicAcid	G6	C(CC(C=O)O)(C(CO)(C)O)=O
PyruvicAcid	G6	C(CC(C=O)O)(C(CO)CO)=O
PyruvicAcid	G6	C(CC(C=O)O)(C(CO)O)=O
PyruvicAcid	G6	C(CC(CC(C(C)=O)O)O)(O)=O
PyruvicAcid	G6	C(CC(CC(C(C)O)O)O)=O
PyruvicAcid	G6	C(CC(CC(C(CO)O)O)O)=O
PyruvicAcid	G6	C(CC(CC(C(O)=O)O)O)=O
PyruvicAcid	G6	C(CC(CC(C)(CO)O)O)=O
PyruvicAcid	G6	C(CC(CC(C)CO)O)(O)=O
PyruvicAcid	G6	C(CC(CC(C=O)O)O)(O)=O
PyruvicAcid	G6	C(CC(CC(CCO)O)O)O
PyruvicAcid	G6	C(CC(CC(CO)(CO)O)=O)=O
PyruvicAcid	G6	C(CC(CC(CO)O)O)=O
PyruvicAcid	G6	C(CC(CC=CC(O)=O)O)(O)=O
PyruvicAcid	G6	C(CC(CC=CCO)O)(O)=O
PyruvicAcid	G6	C(CC(CCC(C(O)=O)O)O)=O
PyruvicAcid	G6	C(CC(CCC(CO)=O)O)(O)=O
PyruvicAcid	G6	C(CC(CCC(CO)O)=O)(O)=O
PyruvicAcid	G6	C(CC(CCC(CO)O)O)=O
PyruvicAcid	G6	C(CC(CCC=O)(CO)O)(O)=O
PyruvicAcid	G6	C(CC(CCCCO)O)(O)=O
PyruvicAcid	G6	C(CC(CCCCO)O)O
PyruvicAcid	G6	C(CC(CCCO)O)(O)=O
PyruvicAcid	G6	C(CC(CCO)(C(C)O)O)(O)=O
PyruvicAcid	G6	C(CC(CCO)C(C(O)=O)O)=O
PyruvicAcid	G6	C(CC(CCO)C(C)O)(O)=O
PyruvicAcid	G6	C(CC(CCO)C(C=O)O)(O)=O
PyruvicAcid	G6	C(CC(CCO)C(CO)O)(O)=O
PyruvicAcid	G6	C(CC(CCO)C(CO)O)=O
PyruvicAcid	G6	C(CC(CCO)CC(O)=O)(O)=O
PyruvicAcid	G6	C(CC(CCO)CCO)(O)=O
PyruvicAcid	G6	C(CC(CCO)O)=CC(O)=O
PyruvicAcid	G6	C(CC(CCO)O)=CCO
PyruvicAcid	G6	C(CC(CO)(C(C)(CO)O)O)=O
PyruvicAcid	G6	C(CC(CO)(C(C)O)O)(O)=O
PyruvicAcid	G6	C(CC(CO)(C(C)O)O)=O
PyruvicAcid	G6	C(CC(CO)(C(C=C)O)O)(O)=O
PyruvicAcid	G6	C(CC(CO)(C(C=C)O)O)=O
PyruvicAcid	G6	C(CC(CO)(CC(CO)=O)O)=O
PyruvicAcid	G6	C(CC(CO)(CC)O)(O)=O
PyruvicAcid	G6	C(CC(CO)(CC=O)O)(O)=O
PyruvicAcid	G6	C(CC(CO)(CO)C(C)O)=O
PyruvicAcid	G6	C(CC(CO)(CO)C(C=O)O)=O
PyruvicAcid	G6	C(CC(CO)(CO)C(CO)O)=O
PyruvicAcid	G6	C(CC(CO)(CO)CC=O)(O)=O
PyruvicAcid	G6	C(CC(CO)(CO)CCO)=O
PyruvicAcid	G6	C(CC(CO)(CO)CO)=O
PyruvicAcid	G6	C(CC(CO)C(C(C)=O)O)(O)=O
PyruvicAcid	G6	C(CC(CO)C(C(C)O)O)(O)=O
PyruvicAcid	G6	C(CC(CO)C(C(C)O)O)=O
PyruvicAcid	G6	C(CC(CO)C(C(C=O)O)O)=O
PyruvicAcid	G6	C(CC(CO)C(C(CO)=O)O)=O
PyruvicAcid	G6	C(CC(CO)C(C(CO)O)O)=O
PyruvicAcid	G6	C(CC(CO)C(C(O)=O)O)=O
PyruvicAcid	G6	C(CC(CO)C(C)(C)O)(O)=O
PyruvicAcid	G6	C(CC(CO)C(C)(CO)O)(O)=O
PyruvicAcid	G6	C(CC(CO)C(C)(CO)O)=O
PyruvicAcid	G6	C(CC(CO)C(C)CO)(O)=O
PyruvicAcid	G6	C(CC(CO)C(C)O)(O)=O
PyruvicAcid	G6	C(CC(CO)C(C=C)O)(O)=O
PyruvicAcid	G6	C(CC(CO)C(C=O)O)(O)=O
PyruvicAcid	G6	C(CC(CO)C(CC)O)(O)=O
PyruvicAcid	G6	C(CC(CO)C(CC=O)O)(O)=O
PyruvicAcid	G6	C(CC(CO)C(CCO)O)(O)=O
PyruvicAcid	G6	C(CC(CO)C(CCO)O)=O
PyruvicAcid	G6	C(CC(CO)C(CO)(CO)O)=O
PyruvicAcid	G6	C(CC(CO)C(CO)CO)(O)=O
PyruvicAcid	G6	C(CC(CO)C(CO)CO)=O
PyruvicAcid	G6	C(CC(CO)C(CO)O)(O)=O
PyruvicAcid	G6	C(CC(CO)C(CO)O)=O
PyruvicAcid	G6	C(CC(CO)CC(C(O)=O)O)=O
PyruvicAcid	G6	C(CC(CO)CC(C)O)(O)=O
PyruvicAcid	G6	C(CC(CO)CC(C=O)O)(O)=O
PyruvicAcid	G6	C(CC(CO)CC(CO)=O)(O)=O
PyruvicAcid	G6	C(CC(CO)CC(CO)O)(O)=O
PyruvicAcid	G6	C(CC(CO)CC(CO)O)=O
PyruvicAcid	G6	C(CC(CO)CC(O)=O)(O)=O
PyruvicAcid	G6	C(CC(CO)CCCO)(O)=O
PyruvicAcid	G6	C(CC(CO)CCO)(O)=O
PyruvicAcid	G6	C(CC(CO)CO)(O)=O
PyruvicAcid	G6	C(CC(CO)O)(C(CO)(C)O)=O
PyruvicAcid	G6	C(CC(CO)O)(C(CO)CO)=O
PyruvicAcid	G6	C(CC(CO)O)(CC(C)O)=O
PyruvicAcid	G6	C(CC(CO)O)(CC(CO)=O)=O
PyruvicAcid	G6	C(CC)(C(C(C(CO)O)=O)O)=O
PyruvicAcid	G6	C(CC)(C(C(CO)=O)(CO)O)=O
PyruvicAcid	G6	C(CC)(C(CO)(C(C)O)O)=O
PyruvicAcid	G6	C(CC)(C(CO)(C(CO)O)O)=O
PyruvicAcid	G6	C(CC)(C(CO)(CO)O)=O
PyruvicAcid	G6	C(CC1(C(C(C(C)O1)O)O)O)=O
PyruvicAcid	G6	C(CC1(C(C(C(C1)=O)O)O)O)=O
PyruvicAcid	G6	C(CC1(C(C(CO1)O)O)O)=O
PyruvicAcid	G6	C(CC1(C(C)(C(CO1)O)O)O)=O
PyruvicAcid	G6	C(CC1(C(C)(O)OCC1O)O)=O
PyruvicAcid	G6	C(CC1(C(C)OC(C1O)O)O)=O
PyruvicAcid	G6	C(CC1(C(CC(C)O1)O)O)(O)=O
PyruvicAcid	G6	C(CC1(C(CC(C1O)=O)O)O)=O
PyruvicAcid	G6	C(CC1(C(O)OCC1(C)O)O)=O
PyruvicAcid	G6	C(CC1(CC(C(C)O1)O)O)(O)=O
PyruvicAcid	G6	C(CC1(CC(C(C1)=O)O)O)(O)=O
PyruvicAcid	G6	C(CC1(COC(C)(C1O)O)O)=O
PyruvicAcid	G6	C(CC1(COC(C1O)O)O)=O
PyruvicAcid	G6	C(CC1C(C(C(C)(O)O1)O)O)=O
PyruvicAcid	G6	C(CC1C(C(C(C1)=O)O)O)(O)=O
PyruvicAcid	G6	C(CC1C(C(C)(C(O)O1)O)O)=O
PyruvicAcid	G6	C(CC=C(CO)CO)(O)=O
PyruvicAcid	G6	C(CC=CC(C(C(O)=O)O)O)=O
PyruvicAcid	G6	C(CC=CC(C(CO)=O)O)(O)=O
PyruvicAcid	G6	C(CC=CC(C(CO)O)O)(O)=O
PyruvicAcid	G6	C(CC=CC(C(O)=O)O)(O)=O
PyruvicAcid	G6	C(CC=CC(CC(O)=O)O)(O)=O
PyruvicAcid	G6	C(CC=CC(CCO)O)(O)=O
PyruvicAcid	G6	C(CCC(C(C(C)=O)O)O)(O)=O
PyruvicAcid	G6	C(CCC(C(C(C)O)=O)O)(O)=O
PyruvicAcid	G6	C(CCC(C(C(C=O)O)O)O)=O
PyruvicAcid	G6	C(CCC(C(C(O)=O)=C)O)(O)=O
PyruvicAcid	G6	C(CCC(C(C)=O)(CO)O)(O)=O
PyruvicAcid	G6	C(CCC(C(C)O)O)(O)=O
PyruvicAcid	G6	C(CCC(C(CC)O)O)(O)=O
PyruvicAcid	G6	C(CCC(C(CC=O)O)O)(O)=O
PyruvicAcid	G6	C(CCC(C(CCO)=O)O)(O)=O
PyruvicAcid	G6	C(CCC(C(CCO)O)O)(O)=O
PyruvicAcid	G6	C(CCC(C(CCO)O)O)=O
PyruvicAcid	G6	C(CCC(C(CO)(CO)O)O)=O
PyruvicAcid	G6	C(CCC(C(CO)=O)(C)O)(O)=O
PyruvicAcid	G6	C(CCC(C(CO)=O)CO)(O)=O
PyruvicAcid	G6	C(CCC(C(CO)CO)O)(O)=O
PyruvicAcid	G6	C(CCC(C(CO)CO)O)=O
PyruvicAcid	G6	C(CCC(C)(C(C=O)O)O)(O)=O
PyruvicAcid	G6	C(CCC(C)(CO)O)(O)=O
PyruvicAcid	G6	C(CCC(C)C(C(O)=O)O)(O)=O
PyruvicAcid	G6	C(CCC(C)C(CO)O)(O)=O
PyruvicAcid	G6	C(CCC(C=CC(O)=O)O)(O)=O
PyruvicAcid	G6	C(CCC(CC(C(O)=O)O)O)=O
PyruvicAcid	G6	C(CCC(CC(C=O)O)O)(O)=O
PyruvicAcid	G6	C(CCC(CC(CO)=O)O)(O)=O
PyruvicAcid	G6	C(CCC(CC(CO)O)O)(O)=O
PyruvicAcid	G6	C(CCC(CC(CO)O)O)=O
PyruvicAcid	G6	C(CCC(CCC(O)=O)O)(O)=O
PyruvicAcid	G6	C(CCC(CCCO)O)(O)=O
PyruvicAcid	G6	C(CCC(CCO)O)O
PyruvicAcid	G6	C(CCC(CO)(C(C=O)O)O)=O
PyruvicAcid	G6	C(CCC(CO)(CC)O)(O)=O
PyruvicAcid	G6	C(CCC(CO)(CC=O)O)(O)=O
PyruvicAcid	G6	C(CCC(CO)(CCO)O)(O)=O
PyruvicAcid	G6	C(CCC(CO)(CCO)O)=O
PyruvicAcid	G6	C(CCC(CO)(CO)CO)(O)=O
PyruvicAcid	G6	C(CCC(CO)(CO)CO)=O
PyruvicAcid	G6	C(CCC(CO)C(C(O)=O)O)=O
PyruvicAcid	G6	C(CCC(CO)C(C=O)O)(O)=O
PyruvicAcid	G6	C(CCC(CO)C(CO)O)(O)=O
PyruvicAcid	G6	C(CCC(CO)C(CO)O)=O
PyruvicAcid	G6	C(CCC(CO)CC(O)=O)(O)=O
PyruvicAcid	G6	C(CCC(CO)CCO)(O)=O
PyruvicAcid	G6	C(CCC(CO)O)O
PyruvicAcid	G6	C(CCC(O)=O)(C(C(C)O)O)=O
PyruvicAcid	G6	C(CCC(O)=O)(C(CO)O)=O
PyruvicAcid	G6	C(CCC=O)(C(C(CO)O)O)=O
PyruvicAcid	G6	C(CCCC(C(C=O)O)O)(O)=O
PyruvicAcid	G6	C(CCCC(C(CO)=O)O)(O)=O
PyruvicAcid	G6	C(CCCC(C(CO)O)=O)(O)=O
PyruvicAcid	G6	C(CCCC(CO)O)(O)=O
PyruvicAcid	G6	C(CCCCC(C(O)=O)O)(O)=O
PyruvicAcid	G6	C(CCCCC(CO)O)(O)=O
PyruvicAcid	G6	C(CCO)(C(C(C(C)O)=O)O)=O
PyruvicAcid	G6	C(CCO)(C(C(CO)=O)(C)O)=O
PyruvicAcid	G6	C(CCO)(C(C(CO)=O)CO)=O
PyruvicAcid	G6	C(CCO)(C(C)(C(C)O)O)=O
PyruvicAcid	G6	C(CCO)(C(C)(C(CO)O)O)=O
PyruvicAcid	G6	C(CCO)(C(C)(CCO)O)=O
PyruvicAcid	G6	C(CCO)(C(CO)(C(C)O)O)=O
PyruvicAcid	G6	C(CCO)(C(CO)(C)O)=O
PyruvicAcid	G6	C(CCO)(C(CO)(CO)O)=O
PyruvicAcid	G6	C(CCO)(C(CO)C(C)O)=O
PyruvicAcid	G6	C(CCO)(C(CO)C(CO)O)=O
PyruvicAcid	G6	C(CCO)(C(CO)CO)=O
PyruvicAcid	G6	C(CCO)(CC(C(CO)O)=O)=O
PyruvicAcid	G6	C(CCO)=C(CO)CO
PyruvicAcid	G6	C(CO)(C(C(C(C=C)=O)O)O)=O
PyruvicAcid	G6	C(CO)(C(C(C(C=C)O)O)O)=O
PyruvicAcid	G6	C(CO)(C(C(C(C=O)=C)O)O)=O
PyruvicAcid	G6	C(CO)(C(C(C(CO)=C)O)O)=O
PyruvicAcid	G6	C(CO)(C(C(C(CO)C)O)O)=O
PyruvicAcid	G6	C(CO)(C(C(C(O)=O)=C)(C)O)=O
PyruvicAcid	G6	C(CO)(C(C(C(O)=O)=C)CO)=O
PyruvicAcid	G6	C(CO)(C(C(C)=CC(O)=O)O)=O
PyruvicAcid	G6	C(CO)(C(C(C)O)C(C)O)=O
PyruvicAcid	G6	C(CO)(C(C(C)O)C(C=O)O)=O
PyruvicAcid	G6	C(CO)(C(C(C)O)CC(O)=O)=O
PyruvicAcid	G6	C(CO)(C(C(C)O)CCO)=O
PyruvicAcid	G6	C(CO)(C(C(C=C)=O)(CO)O)=O
PyruvicAcid	G6	C(CO)(C(C(C=CC=O)O)O)=O
PyruvicAcid	G6	C(CO)(C(C(C=CCO)O)O)=O
PyruvicAcid	G6	C(CO)(C(C(C=O)=C)(CO)O)=O
PyruvicAcid	G6	C(CO)(C(C(CC)O)O)=O
PyruvicAcid	G6	C(CO)(C(C(CO)=C)O)=O
PyruvicAcid	G6	C(CO)(C(C(CO)=CC=O)O)=O
PyruvicAcid	G6	C(CO)(C(C(CO)=O)(C)O)=O
PyruvicAcid	G6	C(CO)(C(C(CO)=O)(C=C)O)=O
PyruvicAcid	G6	C(CO)(C(C(CO)=O)C(C)O)=O
PyruvicAcid	G6	C(CO)(C(C(CO)=O)CCO)=O
PyruvicAcid	G6	C(CO)(C(C(CO)=O)CO)=O
PyruvicAcid	G6	C(CO)(C(C(CO)CCO)O)=O
PyruvicAcid	G6	C(CO)(C(C(CO)O)C(C)O)=O
PyruvicAcid	G6	C(CO)(C(C(CO)O)CCO)=O
PyruvicAcid	G6	C(CO)(C(C(CO)O)O)=CC=O
PyruvicAcid	G6	C(CO)(C(C)(C(C(C)O)O)O)=O
PyruvicAcid	G6	C(CO)(C(C)(C(C)O)O)=O
PyruvicAcid	G6	C(CO)(C(C)(C(C=C)O)O)=O
PyruvicAcid	G6	C(CO)(C(C)(C(CC)O)O)=O
PyruvicAcid	G6	C(CO)(C(C)(C(CCO)O)O)=O
PyruvicAcid	G6	C(CO)(C(C)(C(CO)(C)O)O)=O
PyruvicAcid	G6	C(CO)(C(C)(C(CO)CO)O)=O
PyruvicAcid	G6	C(CO)(C(C)(C(CO)O)O)=O
PyruvicAcid	G6	C(CO)(C(C)(CC(O)=O)O)=O
PyruvicAcid	G6	C(CO)(C(C)(CCO)O)=O
PyruvicAcid	G6	C(CO)(C(C=C(C(O)=O)C)O)=O
PyruvicAcid	G6	C(CO)(C(C=C(C=O)CO)O)=O
PyruvicAcid	G6	C(CO)(C(C=C)(C(C)O)O)=O
PyruvicAcid	G6	C(CO)(C(C=C)(C(CO)O)O)=O
PyruvicAcid	G6	C(CO)(C(C=C)(CO)O)=O
PyruvicAcid	G6	C(CO)(C(C=CC(CO)=O)O)=O
PyruvicAcid	G6	C(CO)(C(C=CC)(CO)O)=O
PyruvicAcid	G6	C(CO)(C(C=CC=O)(CO)O)=O
PyruvicAcid	G6	C(CO)(C(C=CCO)(CO)O)=O
PyruvicAcid	G6	C(CO)(C(CC(C(O)=O)=C)O)=O
PyruvicAcid	G6	C(CO)(C(CC(CO)C)O)=O
PyruvicAcid	G6	C(CO)(C(CC)(C(C=O)O)O)=O
PyruvicAcid	G6	C(CO)(C(CC=CC(O)=O)O)=O
PyruvicAcid	G6	C(CO)(C(CCCO)O)=O
PyruvicAcid	G6	C(CO)(C(CCO)(CC=O)O)=O
PyruvicAcid	G6	C(CO)(C(CCO)C(C=O)O)=O
PyruvicAcid	G6	C(CO)(C(CCO)CC(O)=O)=O
PyruvicAcid	G6	C(CO)(C(CCO)CCO)=O
PyruvicAcid	G6	C(CO)(C(CCO)O)=CC=O
PyruvicAcid	G6	C(CO)(C(CO)(C(CC)O)O)=O
PyruvicAcid	G6	C(CO)(C(CO)(C)C(C)O)=O
PyruvicAcid	G6	C(CO)(C(CO)(C)C(C=O)O)=O
PyruvicAcid	G6	C(CO)(C(CO)(C)C(CO)O)=O
PyruvicAcid	G6	C(CO)(C(CO)(C)O)=O
PyruvicAcid	G6	C(CO)(C(CO)(CC(C)=O)O)=O
PyruvicAcid	G6	C(CO)(C(CO)(CC(C)O)O)=O
PyruvicAcid	G6	C(CO)(C(CO)(CC)O)=O
PyruvicAcid	G6	C(CO)(C(CO)(CC=C)O)=O
PyruvicAcid	G6	C(CO)(C(CO)(CCCO)O)=O
PyruvicAcid	G6	C(CO)(C(CO)(CO)C(C)O)=O
PyruvicAcid	G6	C(CO)(C(CO)(CO)C)=O
PyruvicAcid	G6	C(CO)(C(CO)(CO)CC=O)=O
PyruvicAcid	G6	C(CO)(C(CO)C(C(C)=O)O)=O
PyruvicAcid	G6	C(CO)(C(CO)C(C(C)O)O)=O
PyruvicAcid	G6	C(CO)(C(CO)C(C)O)=O
PyruvicAcid	G6	C(CO)(C(CO)C(C=C)O)=O
PyruvicAcid	G6	C(CO)(C(CO)C(C=O)O)=O
PyruvicAcid	G6	C(CO)(C(CO)C(CC)O)=O
PyruvicAcid	G6	C(CO)(C(CO)C(CCO)O)=O
PyruvicAcid	G6	C(CO)(C(CO)C(CO)(C)O)=O
PyruvicAcid	G6	C(CO)(C(CO)C(CO)O)=O
PyruvicAcid	G6	C(CO)(C(CO)CC(C)O)=O
PyruvicAcid	G6	C(CO)(C(CO)CC(CO)=O)=O
PyruvicAcid	G6	C(CO)(C(CO)CC(O)=O)=O
PyruvicAcid	G6	C(CO)(C(CO)CCO)=O
PyruvicAcid	G6	C(CO)(C(CO)CO)=O
PyruvicAcid	G6	C(CO)(C1(C(CCC1O)O)O)=O
PyruvicAcid	G6	C(CO)(C1(C=CC(C1)O)O)=O
PyruvicAcid	G6	C(CO)(C1(C=CCC1O)O)=O
PyruvicAcid	G6	C(CO)(C1(CC(C(C1)=O)O)O)=O
PyruvicAcid	G6	C(CO)(C1(CC=CC1O)O)=O
PyruvicAcid	G6	C(CO)(C1C(C(CC1O)O)O)=O
PyruvicAcid	G6	C(CO)(C1C(CC(C1O)=O)O)=O
PyruvicAcid	G6	C(CO)(CC(C(C(C)O)O)O)=O
PyruvicAcid	G6	C(CO)(CC(C(CCO)O)O)=O
PyruvicAcid	G6	C(CO)(CC(C(CO)(C)O)O)=O
PyruvicAcid	G6	C(CO)(CC(C(CO)=C)O)=O
PyruvicAcid	G6	C(CO)(CC(C(CO)C)O)=O
PyruvicAcid	G6	C(CO)(CC(C=CC(O)=O)O)=O
PyruvicAcid	G6	C(CO)(CC(C=CCO)O)=O
PyruvicAcid	G6	C(CO)(CC(CC(CO)=O)O)=O
PyruvicAcid	G6	C(CO)(CC(CC(CO)O)O)=O
PyruvicAcid	G6	C(CO)(CC(CO)(C(C)O)O)=O
PyruvicAcid	G6	C(CO)(CC(CO)C(C)O)=O
PyruvicAcid	G6	C(CO)(CC(CO)C(CO)O)=O
PyruvicAcid	G6	C(CO)(CC(CO)CCO)=O
PyruvicAcid	G6	C(CO)(CC(CO)CO)=O
PyruvicAcid	G6	C(CO)(CCC(C(CO)=O)O)=O
PyruvicAcid	G6	C(CO)(CO)=CC(O)=O
PyruvicAcid	G6	C(CO)=C(C(O)=O)C(O)=O
PyruvicAcid	G6	C(CO)=C(CO)CO
PyruvicAcid	G6	C(CO)=CC(C(C(C)O)O)=O
PyruvicAcid	G6	C(CO)=CC(C(C(CO)O)O)=O
PyruvicAcid	G6	C(CO)=CC(C(CO)O)=O
PyruvicAcid	G6	C1(C(C(C(C(C)(C1)O)=O)O)O)=O
PyruvicAcid	G6	C1(C(C(C(C(C)(C1)O)O)O)=O)=O
PyruvicAcid	G6	C1(C(C(C(C(C)O)(C1)O)O)O)=O
PyruvicAcid	G6	C1(C(C(C(C(C)O)C1)O)O)=O
PyruvicAcid	G6	C1(C(C(C(C(C1)=O)O)O)O)=O
PyruvicAcid	G6	C1(C(C(C(C(C1)O)(C)O)O)=O)=O
PyruvicAcid	G6	C1(C(C(C(C(C1)O)=O)(C)O)O)=O
PyruvicAcid	G6	C1(C(C(C(C(C1)O)CO)O)=O)=O
PyruvicAcid	G6	C1(C(C(C(C(C1)O)O)O)=O)=O
PyruvicAcid	G6	C1(C(C(C(C(C1)O)O)O)O)=O
PyruvicAcid	G6	C1(C(C(C(C(C1C)O)=O)O)O)=O
PyruvicAcid	G6	C1(C(C(C(C(C1C)O)O)O)=O)=O
PyruvicAcid	G6	C1(C(C(C(C(C=O)O)C1)O)O)=O
PyruvicAcid	G6	C1(C(C(C(C(CC1)O)O)O)=O)=O
PyruvicAcid	G6	C1(C(C(C(C(CO)O)C1)O)O)=O
PyruvicAcid	G6	C1(C(C(C(C)(C1(C)O)O)O)O)=O
PyruvicAcid	G6	C1(C(C(C(C)(C1)O)O)O)=O
PyruvicAcid	G6	C1(C(C(C(C)(C1C)O)O)O)=O
PyruvicAcid	G6	C1(C(C(C(C)(C1O)O)O)O)=O
PyruvicAcid	G6	C1(C(C(C(C)CC1O)O)O)=O
PyruvicAcid	G6	C1(C(C(C(C)O)O)OC(C1)O)=O
PyruvicAcid	G6	C1(C(C(C(C)O)OC(C1)O)O)=O
PyruvicAcid	G6	C1(C(C(C(C)OC(C1)O)O)O)=O
PyruvicAcid	G6	C1(C(C(C(C1(C)O)O)O)=O)=O
PyruvicAcid	G6	C1(C(C(C(C1(C)O)O)O)O)=O
PyruvicAcid	G6	C1(C(C(C(C1(C=C)O)O)O)O)=O
PyruvicAcid	G6	C1(C(C(C(C1)O)(C(C)O)O)O)=O
PyruvicAcid	G6	C1(C(C(C(C1)O)(C)O)O)=O
PyruvicAcid	G6	C1(C(C(C(C1)O)(CC)O)O)=O
PyruvicAcid	G6	C1(C(C(C(C1)O)(CO)CO)O)=O
PyruvicAcid	G6	C1(C(C(C(C1)O)(CO)O)O)=O
PyruvicAcid	G6	C1(C(C(C(C1)O)C(C)O)O)=O
PyruvicAcid	G6	C1(C(C(C(C1)O)C(C=O)O)O)=O
PyruvicAcid	G6	C1(C(C(C(C1)O)CCO)O)=O
PyruvicAcid	G6	C1(C(C(C(C1)O)CO)O)=O
PyruvicAcid	G6	C1(C(C(C(C1)O)O)(CC=O)O)=O
PyruvicAcid	G6	C1(C(C(C(C1C(C)=O)O)O)O)=O
PyruvicAcid	G6	C1(C(C(C(C1C(C)O)O)O)=O)=O
PyruvicAcid	G6	C1(C(C(C(C1C)O)O)O)=O
PyruvicAcid	G6	C1(C(C(C(C1C=C)O)O)O)=O
PyruvicAcid	G6	C1(C(C(C(C1CO)O)O)=O)=O
PyruvicAcid	G6	C1(C(C(C(C1CO)O)O)O)=O
PyruvicAcid	G6	C1(C(C(C(C1O)=C)O)O)=O
PyruvicAcid	G6	C1(C(C(C(C1O)=CC=O)O)O)=O
PyruvicAcid	G6	C1(C(C(C(C1O)O)(CC)O)O)=O
PyruvicAcid	G6	C1(C(C(C(C1O)O)CCO)O)=O
PyruvicAcid	G6	C1(C(C(C(C1O)O)O)=O)=O
PyruvicAcid	G6	C1(C(C(C(C1O)O)O)CC=O)=O
PyruvicAcid	G6	C1(C(C(C(C=1)=O)(CO)O)O)CO
PyruvicAcid	G6	C1(C(C(C(CC(C1)O)=O)O)O)=O
PyruvicAcid	G6	C1(C(C(C(CC(C1)O)O)O)O)=O
PyruvicAcid	G6	C1(C(C(C(CC)(C1)O)O)O)=O
PyruvicAcid	G6	C1(C(C(C(CC1)(CO)O)O)=O)=O
PyruvicAcid	G6	C1(C(C(C(CC1C)O)O)O)=O
PyruvicAcid	G6	C1(C(C(C(CC1O)=O)O)O)=O
PyruvicAcid	G6	C1(C(C(C(CCO)C1)O)O)=O
PyruvicAcid	G6	C1(C(C(C(CCO)O1)O)O)=O
PyruvicAcid	G6	C1(C(C(C(CCO1)O)O)O)=O
PyruvicAcid	G6	C1(C(C(C(CO)(C1)O)O)=O)=O
PyruvicAcid	G6	C1(C(C(C(CO)(C1)O)O)O)=O
PyruvicAcid	G6	C1(C(C(C(CO)(C1C)O)O)O)=O
PyruvicAcid	G6	C1(C(C(C(CO)C1(C)O)O)O)=O
PyruvicAcid	G6	C1(C(C(C(CO)C1)O)O)=O
PyruvicAcid	G6	C1(C(C(C(CO)CO1)O)O)=O
PyruvicAcid	G6	C1(C(C(C(CO)O1)O)O)=O
PyruvicAcid	G6	C1(C(C(C(O)OC(C)C1)O)O)=O
PyruvicAcid	G6	C1(C(C(C(O)OCC1)O)O)=O
PyruvicAcid	G6	C1(C(C(C(OC1C=C)O)O)O)=O
PyruvicAcid	G6	C1(C(C(C)(C(C)(C1)O)O)O)=O
PyruvicAcid	G6	C1(C(C(C)(C(C)(C1O)O)O)O)=O
PyruvicAcid	G6	C1(C(C(C)(C(C1(C)O)O)O)O)=O
PyruvicAcid	G6	C1(C(C(C)(C(C1C)O)O)O)=O
PyruvicAcid	G6	C1(C(C(C)(C(CO)(C1)O)O)O)=O
PyruvicAcid	G6	C1(C(C(C)(C(CO)C1O)O)O)=O
PyruvicAcid	G6	C1(C(C(C)(CC(C1O)O)O)O)=O
PyruvicAcid	G6	C1(C(C(C)(O)OCC1O)O)=O
PyruvicAcid	G6	C1(C(C(C)C(CO)(C1)O)O)=O
PyruvicAcid	G6	C1(C(C(C)O)(C(C)(CO1)O)O)=O
PyruvicAcid	G6	C1(C(C(C)O)(C(CO1)O)O)=O
PyruvicAcid	G6	C1(C(C(C)O)(O)OCCC1O)=O
PyruvicAcid	G6	C1(C(C(C)O)C(C(CO)O1)O)=O
PyruvicAcid	G6	C1(C(C(C)O)C(C(CO1)O)O)=O
PyruvicAcid	G6	C1(C(C(C)O)OC(C)(C1O)O)=O
PyruvicAcid	G6	C1(C(C(C)O)OC(C1O)O)=O
PyruvicAcid	G6	C1(C(C(C)OC(C)(C1O)O)O)=O
PyruvicAcid	G6	C1(C(C(C)OC(C1O)O)O)=O
PyruvicAcid	G6	C1(C(C(C=C(C=O)C1O)O)O)=O
PyruvicAcid	G6	C1(C(C(C=C)O)OC(C1O)O)=O
PyruvicAcid	G6	C1(C(C(C=C)OC(C1O)O)O)=O
PyruvicAcid	G6	C1(C(C(C=C)OC1(CO)O)O)=O
PyruvicAcid	G6	C1(C(C(C=CC1O)O)O)=O
PyruvicAcid	G6	C1(C(C(C=CCC1O)O)O)=O
PyruvicAcid	G6	C1(C(C(C=O)=CC1(CO)O)O)=O
PyruvicAcid	G6	C1(C(C(CC(C(C1)O)O)O)O)=O
PyruvicAcid	G6	C1(C(C(CC(C1(C)O)O)O)O)=O
PyruvicAcid	G6	C1(C(C(CC(C1O)O)O)O)=O
PyruvicAcid	G6	C1(C(C(CC(CCO)O1)O)O)=O
PyruvicAcid	G6	C1(C(C(CC(CO)(C1)O)O)=O)=O
PyruvicAcid	G6	C1(C(C(CC)O)(O)OCC1O)=O
PyruvicAcid	G6	C1(C(C(CC)O)OC(C1O)O)=O
PyruvicAcid	G6	C1(C(C(CC1(C(C)=O)O)O)O)=O
PyruvicAcid	G6	C1(C(C(CC1(C)O)O)O)=O
PyruvicAcid	G6	C1(C(C(CC1)O)(C(C=O)O)O)=O
PyruvicAcid	G6	C1(C(C(CC1C(C)O)O)O)=O
PyruvicAcid	G6	C1(C(C(CC1C(CO)=O)O)O)=O
PyruvicAcid	G6	C1(C(C(CC1C(CO)O)O)=O)=O
PyruvicAcid	G6	C1(C(C(CC1C(CO)O)O)O)=O
PyruvicAcid	G6	C1(C(C(CC1CCO)O)O)=O
PyruvicAcid	G6	C1(C(C(CC1CO)O)O)=O
PyruvicAcid	G6	C1(C(C(CC1O)(C(C)O)O)O)=O
PyruvicAcid	G6	C1(C(C(CC1O)(CCO)O)O)=O
PyruvicAcid	G6	C1(C(C(CC1O)O)(CC=O)O)=O
PyruvicAcid	G6	C1(C(C(CC=CC1O)O)O)=O
PyruvicAcid	G6	C1(C(C(CCC(C1O)O)O)=O)=O
PyruvicAcid	G6	C1(C(C(CCC(C1O)O)O)O)=O
PyruvicAcid	G6	C1(C(C(CCC1(CO)O)O)O)=O
PyruvicAcid	G6	C1(C(C(CCC1O)O)O)=O
PyruvicAcid	G6	C1(C(C(CO)(C(C)(C1)O)O)O)=O
PyruvicAcid	G6	C1(C(C(CO)(C(C)C1O)O)O)=O
PyruvicAcid	G6	C1(C(C(CO)(C(C1C)O)O)O)=O
PyruvicAcid	G6	C1(C(C(CO)(CC(C1)O)O)O)=O
PyruvicAcid	G6	C1(C(C(CO)(CC1(C)O)O)O)=O
PyruvicAcid	G6	C1(C(C(CO)(O)OC(C)C1)O)=O
PyruvicAcid	G6	C1(C(C(CO)(O)OCC1)O)=O
PyruvicAcid	G6	C1(C(C(CO)=CC1(CO)O)O)=O
PyruvicAcid	G6	C1(C(C(CO)C(C)(C1)O)O)=O
PyruvicAcid	G6	C1(C(C(CO)C(C)C1O)O)=O
PyruvicAcid	G6	C1(C(C(CO)C(C1(C)O)O)O)=O
PyruvicAcid	G6	C1(C(C(CO)C(C1CO)O)=O)=O
PyruvicAcid	G6	C1(C(C(CO)O)(CC(C1)=O)O)=O
PyruvicAcid	G6	C1(C(C(CO)O)(CCO1)O)=O
PyruvicAcid	G6	C1(C(C(CO)O)(O)OC(C)C1)=O
PyruvicAcid	G6	C1(C(C(CO)O)(O)OCC1)=O
PyruvicAcid	G6	C1(C(C(CO)O)C(C(C1)=O)O)=O
PyruvicAcid	G6	C1(C(C(CO)O)C(CCO1)O)=O
PyruvicAcid	G6	C1(C(C(CO)O)OC(C1)O)=O
PyruvicAcid	G6	C1(C(C(CO)OC(C1)O)O)=O
PyruvicAcid	G6	C1(C(C(CO)OC1(C=C)O)O)=O
PyruvicAcid	G6	C1(C(C(CO1)(C(C=C)O)O)O)=O
PyruvicAcid	G6	C1(C(C(CO1)O)(C(C=C)O)O)=O
PyruvicAcid	G6	C1(C(C(CO1)O)(C(CC)O)O)=O
PyruvicAcid	G6	C1(C(C(CO1)O)(CCO)O)=O
PyruvicAcid	G6	C1(C(C(CO1)O)C(CCO)O)=O
PyruvicAcid	G6	C1(C(C(COC(C1)O)O)O)=O
PyruvicAcid	G6	C1(C(C(COC1(C=C)O)O)O)=O
PyruvicAcid	G6	C1(C(C(O)OC(C)C1(C)O)O)=O
PyruvicAcid	G6	C1(C(C(O)OCC1(C)O)O)=O
PyruvicAcid	G6	C1(C(C(O)OCC1O)O)=O
PyruvicAcid	G6	C1(C(C(OC1(C)C(C)O)O)O)=O
PyruvicAcid	G6	C1(C(C(OC1(CO)C)O)O)=O
PyruvicAcid	G6	C1(C(C)(C(C(C1CO)O)O)O)=O
PyruvicAcid	G6	C1(C(C)(C(C(C1O)=O)O)O)=O
PyruvicAcid	G6	C1(C(C)(C(C(CO)CO1)O)O)=O
PyruvicAcid	G6	C1(C(C)(C(C(CO)O1)O)O)=O
PyruvicAcid	G6	C1(C(C)(C(C=O)(C(C1)O)O)O)=O
PyruvicAcid	G6	C1(C(C)(C(C=O)(CC1O)O)O)=O
PyruvicAcid	G6	C1(C(C)(C(CO)(CO)CO1)O)=O
PyruvicAcid	G6	C1(C(C)(CC(C1CO)O)O)=O
PyruvicAcid	G6	C1(C(C)(O)OC(C(C)O)C1O)=O
PyruvicAcid	G6	C1(C(C)(O)OC(C(C1)O)CO)=O
PyruvicAcid	G6	C1(C(C)(O)OC(C(C1O)O)C)=O
PyruvicAcid	G6	C1(C(C)(O)OC(C(CO)O)C1)=O
PyruvicAcid	G6	C1(C(C)(O)OC(C)C1(CO)O)=O
PyruvicAcid	G6	C1(C(C)(O)OC(CCO)C1O)=O
PyruvicAcid	G6	C1(C(C)(O)OC(CO)(C)C1O)=O
PyruvicAcid	G6	C1(C(C)(O)OC(CO)C1CO)=O
PyruvicAcid	G6	C1(C(C)(O)OC(CO)C1O)=O
PyruvicAcid	G6	C1(C(C)(O)OCC(C(C1)O)O)=O
PyruvicAcid	G6	C1(C(C)(O)OCC(C)(C1O)O)=O
PyruvicAcid	G6	C1(C(C)(O)OCC(C1CO)O)=O
PyruvicAcid	G6	C1(C(C)(O)OCC(C1O)O)=O
PyruvicAcid	G6	C1(C(C)(O)OCC1(C(C)O)O)=O
PyruvicAcid	G6	C1(C(C)(O)OCC1(CO)O)=O
PyruvicAcid	G6	C1(C(C)(O)OCC1C(CO)O)=O
PyruvicAcid	G6	C1(C(C)(O)OCCC(C1O)O)=O
PyruvicAcid	G6	C1(C(C)C(C=O)(C(C1O)O)O)=O
PyruvicAcid	G6	C1(C(C)C(CO)(C(CO)O1)O)=O
PyruvicAcid	G6	C1(C(C)C(CO)(C(CO1)O)O)=O
PyruvicAcid	G6	C1(C(C)C(CO1)(C(CO)O)O)=O
PyruvicAcid	G6	C1(C(C)OC(C(C(C1)O)O)O)=O
PyruvicAcid	G6	C1(C(C)OC(C(C)(C1O)O)O)=O
PyruvicAcid	G6	C1(C(C)OC(C(C)O)(C1O)O)=O
PyruvicAcid	G6	C1(C(C)OC(C(C1)O)(CO)O)=O
PyruvicAcid	G6	C1(C(C)OC(C(C1O)O)(C)O)=O
PyruvicAcid	G6	C1(C(C)OC(C(C1O)O)O)=O
PyruvicAcid	G6	C1(C(C)OC(C(CO)(C1)O)O)=O
PyruvicAcid	G6	C1(C(C)OC(C(CO)C1O)O)=O
PyruvicAcid	G6	C1(C(C)OC(C1(C(C)O)O)O)=O
PyruvicAcid	G6	C1(C(C)OC(C1(CO)O)O)=O
PyruvicAcid	G6	C1(C(C)OC(CC(C1O)O)O)=O
PyruvicAcid	G6	C1(C(C)OC(CC1O)(CO)O)=O
PyruvicAcid	G6	C1(C(C)OC(CO)(C1O)O)=O
PyruvicAcid	G6	C1(C(C2C(C1C(C2O)O)O)=O)=O
PyruvicAcid	G6	C1(C(C=C(CO)C1O)O)=O
PyruvicAcid	G6	C1(C(C=C)(C(C(CO)O1)O)O)=O
PyruvicAcid	G6	C1(C(C=C)(C(C(CO1)O)O)O)=O
PyruvicAcid	G6	C1(C(C=C)(C(CO)(CO1)O)O)=O
PyruvicAcid	G6	C1(C(C=CC1(C(C)O)O)O)=O
PyruvicAcid	G6	C1(C(C=CC1(C(C=O)O)O)O)=O
PyruvicAcid	G6	C1(C(C=CC1(C(CO)O)O)O)=O
PyruvicAcid	G6	C1(C(C=CC1(C)O)(CO)O)=O
PyruvicAcid	G6	C1(C(C=CC1(CO)O)O)=O
PyruvicAcid	G6	C1(C(CC(C(C(C1)O)O)O)=O)=O
PyruvicAcid	G6	C1(C(CC(C(C)O)(C1)O)O)=O
PyruvicAcid	G6	C1(C(CC(C(C1CO)O)O)=O)=O
PyruvicAcid	G6	C1(C(CC(C)O)(O)OCC1O)=O
PyruvicAcid	G6	C1(C(CC(C1(C(C)=O)O)O)O)=O
PyruvicAcid	G6	C1(C(CC(C1(C)O)O)O)=O
PyruvicAcid	G6	C1(C(CC(C1(C=C)O)O)O)=O
PyruvicAcid	G6	C1(C(CC(C1(CO)CO)O)=O)=O
PyruvicAcid	G6	C1(C(CC(C1(CO)O)O)=O)=O
PyruvicAcid	G6	C1(C(CC(C1)O)(CC(O)=O)O)=O
PyruvicAcid	G6	C1(C(CC(C1C(CO)=O)O)O)=O
PyruvicAcid	G6	C1(C(CC(C1O)O)(CC=O)O)=O
PyruvicAcid	G6	C1(C(CC(C1O)O)C(C=O)O)=O
PyruvicAcid	G6	C1(C(CC(C1O)O)CC(O)=O)=O
PyruvicAcid	G6	C1(C(CC(C=CC1O)O)O)=O
PyruvicAcid	G6	C1(C(CC(CCO)(C1)O)O)=O
PyruvicAcid	G6	C1(C(CC(CO)(C(C1)O)O)=O)=O
PyruvicAcid	G6	C1(C(CC(CO)(C1(C)O)O)O)=O
PyruvicAcid	G6	C1(C(CC(CO)(C1)O)O)=O
PyruvicAcid	G6	C1(C(CC(CO)(C1O)O)O)=O
PyruvicAcid	G6	C1(C(CC(CO)O)(O)OCC1)=O
PyruvicAcid	G6	C1(C(CC(CO)O)C(CO1)O)=O
PyruvicAcid	G6	C1(C(CC(CO)O1)C(CO)O)=O
PyruvicAcid	G6	C1(C(CC(CO1)O)C(CO)O)=O
PyruvicAcid	G6	C1(C(CCC(C1(CO)O)O)O)=O
PyruvicAcid	G6	C1(C(CCC1(C(CO)O)O)=O)=O
PyruvicAcid	G6	C1(C(CCCO)(O)OCC1O)=O
PyruvicAcid	G6	C1(C(CCO)(C(CO)CO1)O)=O
PyruvicAcid	G6	C1(C(CCO)(O)OC(CO)C1)=O
PyruvicAcid	G6	C1(C(CCO)(O)OCC(C1)O)=O
PyruvicAcid	G6	C1(C(CCO)(O)OCC1O)=O
PyruvicAcid	G6	C1(C(CCO)OC(C1O)O)=O
PyruvicAcid	G6	C1(C(CCO1)(C(CO)(C)O)O)=O
PyruvicAcid	G6	C1(C(CCO1)(C(CO)CO)O)=O
PyruvicAcid	G6	C1(C(CCOC(C1O)O)O)=O
PyruvicAcid	G6	C1(C(CO)(C(C(C1)=O)O)O)=O
PyruvicAcid	G6	C1(C(CO)(C(C(C1O)=C)O)O)=O
PyruvicAcid	G6	C1(C(CO)(C(C(CC)O1)O)O)=O
PyruvicAcid	G6	C1(C(CO)(C(C)(C(C)O1)O)O)=O
PyruvicAcid	G6	C1(C(CO)(C(C)(CCO1)O)O)=O
PyruvicAcid	G6	C1(C(CO)(C(C)(CO1)O)O)=O
PyruvicAcid	G6	C1(C(CO)(C(C)C(CO)O1)O)=O
PyruvicAcid	G6	C1(C(CO)(C(C)C(CO1)O)O)=O
PyruvicAcid	G6	C1(C(CO)(C(C)O)C(CO1)O)=O
PyruvicAcid	G6	C1(C(CO)(C(C=C)(CO1)O)O)=O
PyruvicAcid	G6	C1(C(CO)(C(C=O)(CC1)O)O)=O
PyruvicAcid	G6	C1(C(CO)(C(CC1(C)O)O)O)=O
PyruvicAcid	G6	C1(C(CO)(C(CC1C)O)O)=O
PyruvicAcid	G6	C1(C(CO)(C(CCCO1)O)O)=O
PyruvicAcid	G6	C1(C(CO)(C(CO)C(C)O1)O)=O
PyruvicAcid	G6	C1(C(CO)(C(CO)CO1)O)=O
PyruvicAcid	G6	C1(C(CO)(C(CO1)(CC)O)O)=O
PyruvicAcid	G6	C1(C(CO)(C(CO1)C(C)O)O)=O
PyruvicAcid	G6	C1(C(CO)(C(CO1)O)O)=O
PyruvicAcid	G6	C1(C(CO)(CC(C(C)O)O1)O)=O
PyruvicAcid	G6	C1(C(CO)(CC(C(C)O1)O)O)=O
PyruvicAcid	G6	C1(C(CO)(CO)C(C(C)O1)O)=O
PyruvicAcid	G6	C1(C(CO)(CO)C(C)(CO1)O)=O
PyruvicAcid	G6	C1(C(CO)(CO)C(CCO1)O)=O
PyruvicAcid	G6	C1(C(CO)(CO)C(CO1)O)=O
PyruvicAcid	G6	C1(C(CO)(O)OC(C(C)O)C1)=O
PyruvicAcid	G6	C1(C(CO)(O)OC(C(C1)O)C)=O
PyruvicAcid	G6	C1(C(CO)(O)OC(C)C1CO)=O
PyruvicAcid	G6	C1(C(CO)(O)OC(CCO)C1)=O
PyruvicAcid	G6	C1(C(CO)(O)OC(CO)(C)C1)=O
PyruvicAcid	G6	C1(C(CO)(O)OC(CO)C1)=O
PyruvicAcid	G6	C1(C(CO)(O)OC(CO)CC1)=O
PyruvicAcid	G6	C1(C(CO)(O)OCC(C)(C1)O)=O
PyruvicAcid	G6	C1(C(CO)(O)OCC(C1)O)=O
PyruvicAcid	G6	C1(C(CO)(O)OCC(CC1)O)=O
PyruvicAcid	G6	C1(C(CO)(O)OCC1C(C)O)=O
PyruvicAcid	G6	C1(C(CO)(O)OCC1CO)=O
PyruvicAcid	G6	C1(C(CO)(O)OCCC(C1)O)=O
PyruvicAcid	G6	C1(C(CO)(O)OCCC1O)=O
PyruvicAcid	G6	C1(C(CO)C(C(C(C)O)O1)O)=O
PyruvicAcid	G6	C1(C(CO)C(C(C(C)O1)O)O)=O
PyruvicAcid	G6	C1(C(CO)C(C(C1CO)=O)O)=O
PyruvicAcid	G6	C1(C(CO)C(C(C1O)=O)O)=O
PyruvicAcid	G6	C1(C(CO)C(C(CO)O1)O)=O
PyruvicAcid	G6	C1(C(CO)C(C(CO1)CO)O)=O
PyruvicAcid	G6	C1(C(CO)C(C(CO1)O)O)=O
PyruvicAcid	G6	C1(C(CO)C(C)(C(CO)O1)O)=O
PyruvicAcid	G6	C1(C(CO)C(C)(C(CO1)O)O)=O
PyruvicAcid	G6	C1(C(CO)C(C=O)(C(C1)O)O)=O
PyruvicAcid	G6	C1(C(CO)C(CO)(C(C)O1)O)=O
PyruvicAcid	G6	C1(C(CO)C(CO1)(C(C)O)O)=O
PyruvicAcid	G6	C1(C(CO)OC(C(C1O)=C)O)=O
PyruvicAcid	G6	C1(C(CO)OC(C)(C1O)O)=O
PyruvicAcid	G6	C1(C(CO)OC(C)C1(CO)O)=O
PyruvicAcid	G6	C1(C(CO)OC(C1CO)O)=O
PyruvicAcid	G6	C1(C(CO)OC(C1O)O)=O
PyruvicAcid	G6	C1(C(CO)OC(CC(C1)O)O)=O
PyruvicAcid	G6	C1(C(CO)OC(CC1(C)O)O)=O
PyruvicAcid	G6	C1(C(CO)OC(CCC1O)O)=O
PyruvicAcid	G6	C1(C(CO)OCC1(C(C)O)O)=O
PyruvicAcid	G6	C1(C(CO)OCC1(CO)O)=O
PyruvicAcid	G6	C1(C(COC(C(C1O)=C)O)O)=O
PyruvicAcid	G6	C1(C(COC(C1CO)O)O)=O
PyruvicAcid	G6	C1(C(COC(CC1(C)O)O)O)=O
PyruvicAcid	G6	C1(C(O)OC(C(C(C)O)O)C1)=O
PyruvicAcid	G6	C1(C(O)OC(C(C)O)C1(C)O)=O
PyruvicAcid	G6	C1(C(O)OC(C(C)O)C1O)=O
PyruvicAcid	G6	C1(C(O)OC(C(C1)O)C(C)O)=O
PyruvicAcid	G6	C1(C(O)OC(C(C1O)O)CC)=O
PyruvicAcid	G6	C1(C(O)OC(C(CC)O)C1O)=O
PyruvicAcid	G6	C1(C(O)OC(C(CO)CO)C1)=O
PyruvicAcid	G6	C1(C(O)OC(C(CO)O)C1)=O
PyruvicAcid	G6	C1(C(O)OC(C)(C(C)O)C1O)=O
PyruvicAcid	G6	C1(C(O)OC(C)(CCO)C1O)=O
PyruvicAcid	G6	C1(C(O)OC(C)C(C(C1)O)O)=O
PyruvicAcid	G6	C1(C(O)OC(C)C(C)(C1O)O)=O
PyruvicAcid	G6	C1(C(O)OC(C)C(C1(C)O)O)=O
PyruvicAcid	G6	C1(C(O)OC(C)C(C1O)O)=O
PyruvicAcid	G6	C1(C(O)OC(C)C(CO)C1O)=O
PyruvicAcid	G6	C1(C(O)OC(CCCO)C1O)=O
PyruvicAcid	G6	C1(C(O)OC(CCO)C1(C)O)=O
PyruvicAcid	G6	C1(C(O)OC(CO)(C)C1(C)O)=O
PyruvicAcid	G6	C1(C(O)OC(CO)(C)C1O)=O
PyruvicAcid	G6	C1(C(O)OC(CO)(CC)C1O)=O
PyruvicAcid	G6	C1(C(O)OC(CO)C(C1)O)=O
PyruvicAcid	G6	C1(C(O)OC(CO)C1(C)O)=O
PyruvicAcid	G6	C1(C(O)OC(CO)C1(C=C)O)=O
PyruvicAcid	G6	C1(C(O)OC(CO)C1O)=O
PyruvicAcid	G6	C1(C(O)OC2CCC(C12O)O)=O
PyruvicAcid	G6	C1(C(O)OCC(C(C)O)C1O)=O
PyruvicAcid	G6	C1(C(O)OCC(C(C1)O)O)=O
PyruvicAcid	G6	C1(C(O)OCC(C(C=1)=O)O)CO
PyruvicAcid	G6	C1(C(O)OCC(C)(C1(C)O)O)=O
PyruvicAcid	G6	C1(C(O)OCC(C)(C1O)O)=O
PyruvicAcid	G6	C1(C(O)OCC(C1(C)O)O)=O
PyruvicAcid	G6	C1(C(O)OCC(C1(C=C)O)O)=O
PyruvicAcid	G6	C1(C(O)OCC(C1O)O)=O
PyruvicAcid	G6	C1(C(O)OCC(C=1C=O)O)CO
PyruvicAcid	G6	C1(C(O)OCC(CC)(C1O)O)=O
PyruvicAcid	G6	C1(C(O)OCC(CO)(C1)O)=O
PyruvicAcid	G6	C1(C(O)OCC(CO)C(C1)O)=O
PyruvicAcid	G6	C1(C(O)OCC1(C(CC)O)O)=O
PyruvicAcid	G6	C1(C(O)OCC1(C=CCO)O)=O
PyruvicAcid	G6	C1(C(O)OCC1(CCCO)O)=O
PyruvicAcid	G6	C1(C(O)OCC1O)=C(C=O)CO
PyruvicAcid	G6	C1(C(O)OCC1O)=CC(CO)=O
PyruvicAcid	G6	C1(C(O)OCC=1C(O)=O)CO
PyruvicAcid	G6	C1(C(O)OCC=1CO)CO
PyruvicAcid	G6	C1(C(O)OCCC(C)(C1O)O)=O
PyruvicAcid	G6	C1(C(O)OCCC(C1(C)O)O)=O
PyruvicAcid	G6	C1(C(OC(C(C=1)=O)CO)O)CO
PyruvicAcid	G6	C1(C(OC(C=1C(O)=O)C)O)CO
PyruvicAcid	G6	C1(C(OC(C=1C=O)CO)O)CO
PyruvicAcid	G6	C1(C(OC(C=C)C1(CO)O)O)=O
PyruvicAcid	G6	C1(C(OCC=1C(O)=O)O)C(C)O
PyruvicAcid	G6	C1(C(OCC=1C=O)O)C(CO)O
PyruvicAcid	G6	C1(C(OCC=CC1(CO)O)O)=O
PyruvicAcid	G6	C1(C2(C(C(C1)O)C(CO2)O)O)=O
PyruvicAcid	G6	C1(C2(C(C(C1C(C2)O)O)O)O)=O
PyruvicAcid	G6	C1(C2(C(CCC(C1O)O2)O)O)=O
PyruvicAcid	G6	C1(C2(C(CCC1(CO2)O)O)O)=O
PyruvicAcid	G6	C1(C2(CC(C1C(C2)O)O)O)=O
PyruvicAcid	G6	C1(C2(CC(C1C(CO)O2)O)O)=O
PyruvicAcid	G6	C1(C2(CC(C1C(CO2)O)O)O)=O
PyruvicAcid	G6	C1(C2(CCC(C1(CO2)O)O)O)=O
PyruvicAcid	G6	C1(CC(C(C(C(C1)=O)O)O)O)=O
PyruvicAcid	G6	C1(CC(C(C(C1(C)O)O)=O)O)=O
PyruvicAcid	G6	C1(CC(C(C(C1(C)O)O)O)O)=O
PyruvicAcid	G6	C1(CC(C(C(C1CO)O)=O)O)=O
PyruvicAcid	G6	C1(CC(C(C(C1CO)O)O)O)=O
PyruvicAcid	G6	C1(CC(C(C(C1O)=O)O)O)=O
PyruvicAcid	G6	C1(CC(C(C(C=O)O)(C1)O)O)=O
PyruvicAcid	G6	C1(CC(C(C)(C1(C)O)O)O)=O
PyruvicAcid	G6	C1(CC(C(C)(C1(CO)O)O)O)=O
PyruvicAcid	G6	C1(CC(C(C)(C1CO)O)O)=O
PyruvicAcid	G6	C1(CC(C(C1(C(C)O)O)O)O)=O
PyruvicAcid	G6	C1(CC(C(C1(C)O)O)O)=O
PyruvicAcid	G6	C1(CC(C(C1(CCO)O)O)O)=O
PyruvicAcid	G6	C1(CC(C(C1(CO)O)O)O)=O
PyruvicAcid	G6	C1(CC(C(C1C(CO)O)=O)O)=O
PyruvicAcid	G6	C1(CC(C(C1CO)O)O)=O
PyruvicAcid	G6	C1(CC(C(CC(C1O)O)=O)O)=O
PyruvicAcid	G6	C1(CC(C(CC1(CO)O)=O)O)=O
PyruvicAcid	G6	C1(CC(C(CO)(C1(C)O)O)O)=O
PyruvicAcid	G6	C1(CC(C(CO)(C1CO)O)O)=O
PyruvicAcid	G6	C1(CC(C(CO)(CO)O1)O)=O
PyruvicAcid	G6	C1(CC(C(CO)(O)OCC1)O)=O
PyruvicAcid	G6	C1(CC(C(CO)C1(C)O)O)=O
PyruvicAcid	G6	C1(CC(C(CO)C1(CO)O)O)=O
PyruvicAcid	G6	C1(CC(C(CO1)(CO)O)O)=O
PyruvicAcid	G6	C1(CC(C(O)OCC1)(CO)O)=O
PyruvicAcid	G6	C1(CC(C)(C(C1(C)O)O)O)=O
PyruvicAcid	G6	C1(CC(C)(C(C1(CO)O)O)O)=O
PyruvicAcid	G6	C1(CC(C)(C(C1CO)O)O)=O
PyruvicAcid	G6	C1(CC(CC(C(CO)O)O1)O)=O
PyruvicAcid	G6	C1(CC(CC(C(CO)O1)O)O)=O
PyruvicAcid	G6	C1(CC(CC(C1(CO)O)O)O)=O
PyruvicAcid	G6	C1(CC(CC1(C(CO)=O)O)O)=O
PyruvicAcid	G6	C1(CC(CC1(C(CO)O)O)O)=O
PyruvicAcid	G6	C1(CC(CC1(CCO)O)O)=O
PyruvicAcid	G6	C1(CC(CC1(CO)O)O)=O
PyruvicAcid	G6	C1(CC(CO)(C(C1(C)O)O)O)=O
PyruvicAcid	G6	C1(CC(CO)(C(C1CO)O)O)=O
PyruvicAcid	G6	C1(CC(CO)(CC1(CO)O)O)=O
PyruvicAcid	G6	C1(CC(O)OC(C)C1(CO)O)=O
PyruvicAcid	G6	C1(CC(O)OC(CO)C1(C)O)=O
PyruvicAcid	G6	C1(CC(O)OCC(C1(C)O)O)=O
PyruvicAcid	G6	C1(CC(O)OCC1(C(C)O)O)=O
PyruvicAcid	G6	C1(CC(O)OCC1(CO)O)=O
PyruvicAcid	G6	C1(CC(OC1(CO)CO)O)=O
PyruvicAcid	G6	C1(CC2CC1(C(C(O)O2)O)O)=O
PyruvicAcid	G6	C1(CC=CC1(C(C(O)=O)O)O)=O
PyruvicAcid	G6	C1(CCOC(C(C1(C)O)O)O)=O
PyruvicAcid	G6	C1(CO)C(C(C(C=1)=O)O)O
PyruvicAcid	G6	C1(CO)C(C)OC(C=1CO)O
PyruvicAcid	G6	C1(CO)C(CC(C=1C=O)O)O
PyruvicAcid	G6	C1(CO)COC(C=1C(C)O)O
PyruvicAcid	G6	C1(COC(C(C(C)O)(C1)O)O)=O
PyruvicAcid	G6	C1(COC(C(C(C1)O)O)O)=O
PyruvicAcid	G6	C1(COC(C(C(CO)O)C1)O)=O
PyruvicAcid	G6	C1(COC(C(C)(C1(C)O)O)O)=O
PyruvicAcid	G6	C1(COC(C(C)(C1O)O)O)=O
PyruvicAcid	G6	C1(COC(C(C)O)(C1O)O)=O
PyruvicAcid	G6	C1(COC(C(C1(C)O)O)O)=O
PyruvicAcid	G6	C1(COC(C(C1(C=C)O)O)O)=O
PyruvicAcid	G6	C1(COC(C(C1)O)(C(C)O)O)=O
PyruvicAcid	G6	C1(COC(C(C1O)O)(CC)O)=O
PyruvicAcid	G6	C1(COC(C(C1O)O)O)=CC=O
PyruvicAcid	G6	C1(COC(C(C=C)O)(C1O)O)=O
PyruvicAcid	G6	C1(COC(C(CC)(C1O)O)O)=O
PyruvicAcid	G6	C1(COC(C(CCO)C1O)O)=O
PyruvicAcid	G6	C1(COC(C(CO)(C1)O)O)=O
PyruvicAcid	G6	C1(COC(C(CO)(C1C)O)O)=O
PyruvicAcid	G6	C1(COC(C(CO)C1(C)O)O)=O
PyruvicAcid	G6	C1(COC(C)(C(C)(C1O)O)O)=O
PyruvicAcid	G6	C1(COC(C)(C(C1(C)O)O)O)=O
PyruvicAcid	G6	C1(COC(C)(C(C1O)O)O)=O
PyruvicAcid	G6	C1(COC(C)(C(CO)(C1)O)O)=O
PyruvicAcid	G6	C1(COC(C)(C(CO)C1O)O)=O
PyruvicAcid	G6	C1(COC(C)(C1(C(C)O)O)O)=O
PyruvicAcid	G6	C1(COC(C)(C1(CO)O)O)=O
PyruvicAcid	G6	C1(COC(C1(C(C)O)O)O)=O
PyruvicAcid	G6	C1(COC(C1(C(C=C)O)O)O)=O
PyruvicAcid	G6	C1(COC(C1(C(CC)O)O)O)=O
PyruvicAcid	G6	C1(COC(C1(CO)C(C)O)O)=O
PyruvicAcid	G6	C1(COC(C1(CO)O)O)=O
PyruvicAcid	G6	C1(COC(C=1C(O)=O)O)CO
PyruvicAcid	G6	C1(COC(C=1CO)O)C(C)O
PyruvicAcid	G6	C1(COC(CC(C)(C1O)O)O)=O
PyruvicAcid	G6	C1(COC(CC(C)O)(C1O)O)=O
PyruvicAcid	G6	C1(COC(CC(C1O)O)O)=O
PyruvicAcid	G6	C1(COC(CC1C(CO)O)O)=O
PyruvicAcid	G6	C1(COC(CC1O)(C(C)O)O)=O
PyruvicAcid	G6	C1(COC(CC1O)(CCO)O)=O
PyruvicAcid	G6	C1(COC(CCC1(CO)O)O)=O
PyruvicAcid	G6	C1(COC(CCO)(C1O)O)=O
PyruvicAcid	G6	C1(COC(CO)(C(C)(C1)O)O)=O
PyruvicAcid	G6	C1(COC(CO)(C(C)C1O)O)=O
PyruvicAcid	G6	C1(COC(CO)(C(C1)O)O)=O
PyruvicAcid	G6	C1(COC(CO)(C(C1C)O)O)=O
PyruvicAcid	G6	C1(COC(CO)(C1O)O)=O
PyruvicAcid	G6	C1(COC(CO)(CC1(C)O)O)=O
PyruvicAcid	G6	C1(COC(CO)(CC1O)O)=O
PyruvicAcid	G6	C12CC(C(C(C(C1)O)(O)O2)O)O
PyruvicAcid	G6	C1C(C(C(C(C(C=1)=O)O)O)O)O
PyruvicAcid	G6	C1C(C(C(C(O)=O)=O)C(C=1)O)O
PyruvicAcid	G6	C1C(C(C(C(O)O1)(CC)O)O)O
PyruvicAcid	G6	C1C(C(C(C(O)O1)O)O)O
PyruvicAcid	G6	C1C(C(C(C=1)=O)(C(C)O)O)O
PyruvicAcid	G6	C1C(C(C(C=1)=O)(C(CO)O)O)O
PyruvicAcid	G6	C1C(C(C(C=1)=O)(CO)O)O
PyruvicAcid	G6	C1C(C(C(C=1C(C)O)=O)O)O
PyruvicAcid	G6	C1C(C(C(C=1C(CO)O)=O)O)O
PyruvicAcid	G6	C1C(C(C(C=1C(O)=O)=O)O)O
PyruvicAcid	G6	C1C(C(C(C=1CO)=O)(C)O)O
PyruvicAcid	G6	C1C(C(C(C=1CO)=O)O)O
PyruvicAcid	G6	C1C(C(C(C=O)=O)(C(C=1)O)O)O
PyruvicAcid	G6	C1C(C(C(CO)C(C)(O)O1)O)O
PyruvicAcid	G6	C1C(C(C(O)O1)(CC(C)O)O)O
PyruvicAcid	G6	C1C(C(C(O)O1)(CC)O)O
PyruvicAcid	G6	C1C(C(C(O)O1)(CCO)O)O
PyruvicAcid	G6	C1C(C(C)O)(C(C(O)O1)O)O
PyruvicAcid	G6	C1C(C(CO)(OC(C=1)C)O)O
PyruvicAcid	G6	C1C(C)(C(C(C)(O)O1)O)O
PyruvicAcid	G6	C1C(C)(C(C(CC)(O)O1)O)O
PyruvicAcid	G6	C1C(C)(C(C(CO)(O)O1)O)O
PyruvicAcid	G6	C1C(C)(C(C(O)O1)(CC)O)O
PyruvicAcid	G6	C1C(C)(C(C(O)O1)(CO)O)O
PyruvicAcid	G6	C1C(C)(C(C(O)O1)C(C)O)O
PyruvicAcid	G6	C1C(C)(C(C(O)O1)CO)O
PyruvicAcid	G6	C1C(C)(C(C(O)O1)O)O
PyruvicAcid	G6	C1C(C)(C(C)(C(O)O1)O)O
PyruvicAcid	G6	C1C(CC(C(C(C=1)=O)O)O)O
PyruvicAcid	G6	C1C(CC(C=1C(C(O)=O)=O)O)O
PyruvicAcid	G6	C1C(CC(C=1C(CO)=O)O)O
PyruvicAcid	G6	C1C(CC)(C(C(CO)(O)O1)O)O
PyruvicAcid	G6	C1C(CC)(C(C(O)O1)(CO)O)O
PyruvicAcid	G6	C1C(CC)(C(C(O)O1)CO)O
PyruvicAcid	G6	C1C(CC)(C(C(O)O1)O)O
PyruvicAcid	G6	C1C(CC)(C(C)(C(O)O1)O)O
PyruvicAcid	G6	C1C(CO)(C(C(C)(O)O1)O)O
PyruvicAcid	G6	C1C(CO)(C(C(CC)(O)O1)O)O
PyruvicAcid	G6	C1C(CO)(C(C(O)O1)(CC)O)O
PyruvicAcid	G6	C1C(CO)(C(C(O)O1)CCO)O
PyruvicAcid	G6	C1C(CO)(C(C(O)O1)O)O
PyruvicAcid	G6	C1C(CO)(C(C)(C(O)O1)O)O
PyruvicAcid	G6	C1C(CO)(C(C)C(CO)(O)O1)O
PyruvicAcid	G6	C1C(CO)(C(CO)C(C)(O)O1)O
PyruvicAcid	G6	C1C(CO)(CC(C=1C=O)O)O
PyruvicAcid	G6	C1C(CO)(OC(C=1C(O)=O)C)O
PyruvicAcid	G6	C1C(CO)(OC(C=1CO)C)O
PyruvicAcid	G6	C1C(CO)(OCC=1C(O)=O)O
PyruvicAcid	G6	C1C(CO)C(C(C(C)(O)O1)O)O
PyruvicAcid	G6	C1C(CO)C(C(CO)(O)O1)O
PyruvicAcid	G6	C1C(CO)C(C(O)O1)(CO)O
PyruvicAcid	G6	C1C(OC(C(C=1)=O)C(CO)O)O
PyruvicAcid	G6	C1C(OCC(C=1C(CO)O)=O)O
PyruvicAcid	G6	C1C2(C(CC(C2C(O)O1)O)O)O
PyruvicAcid	G6	C1C2(CC(C(C(O)O1)C2O)O)O
PyruvicAcid	G6	C1C2C(C(C(C2O)O)(O)O1)O
PyruvicAcid	G6	C1CC(C(C=1C=O)(CO)O)O
PyruvicAcid	G6	C1CC(CC(C=1C(O)=O)O)O
PyruvicAcid	G6	C1CC(CO)(C(C=1C=O)O)O
PyruvicAcid	G6	C=C(C(C(C(CO)O)=O)=O)CO
PyruvicAcid	G6	C=C(C(C(CO)O)=O)C(C)O
PyruvicAcid	G6	C=C(C(C(CO)O)O)C(C)O
PyruvicAcid	G6	C=C(C(C(O)=O)=O)C(C(C)O)O
PyruvicAcid	G6	C=C(C(C(O)=O)=O)C(CO)(C)O
PyruvicAcid	G6	C=C(C(C(O)=O)=O)C(CO)O
PyruvicAcid	G6	C=C(C(C)=O)C(C(CO)O)O
PyruvicAcid	G6	C=C(C(C)=O)C(CO)(CO)O
PyruvicAcid	G6	C=C(C(C)O)C(CO)(CO)O
PyruvicAcid	G6	C=C(C(CCO)O)C(C)O
PyruvicAcid	G6	C=C(C(O)=O)C(C(C(C)O)O)O
PyruvicAcid	G6	C=C(C(O)=O)C(C(C(O)=O)=C)O
PyruvicAcid	G6	C=C(C(O)=O)C(C(C)O)O
PyruvicAcid	G6	C=C(C(O)=O)C(C(CC)O)O
PyruvicAcid	G6	C=C(C(O)=O)C(C(CO)(C)O)O
PyruvicAcid	G6	C=C(C(O)=O)C(C(CO)CO)=O
PyruvicAcid	G6	C=C(C(O)=O)C(C(CO)CO)O
PyruvicAcid	G6	C=C(C(O)=O)C(C(CO)O)=O
PyruvicAcid	G6	C=C(C(O)=O)C(C(CO)O)O
PyruvicAcid	G6	C=C(C(O)=O)C(C)(C(C)O)O
PyruvicAcid	G6	C=C(C(O)=O)C(C)(C(CO)O)O
PyruvicAcid	G6	C=C(C(O)=O)C(C)(CCO)O
PyruvicAcid	G6	C=C(C(O)=O)C(C)C(CO)O
PyruvicAcid	G6	C=C(C(O)=O)C(CCCO)O
PyruvicAcid	G6	C=C(C(O)=O)C(CO)(C)O
PyruvicAcid	G6	C=C(C(O)=O)C(CO)(CC)O
PyruvicAcid	G6	C=C(C(O)=O)C(CO)(CO)CO
PyruvicAcid	G6	C=C(C(O)=O)C(CO)C(CO)O
PyruvicAcid	G6	C=C(C=O)C(C(C(CO)O)O)=O
PyruvicAcid	G6	C=C(C=O)C(C(CO)CO)O
PyruvicAcid	G6	C=C(C=O)C(C(CO)O)O
PyruvicAcid	G6	C=C(C=O)C(CO)(C(CO)O)O
PyruvicAcid	G6	C=C(C=O)C1(C(O)OCC1O)O
PyruvicAcid	G6	C=C(CO)C(C(C(C=O)=O)O)O
PyruvicAcid	G6	C=C(CO)C(C(C(O)=O)=O)O
PyruvicAcid	G6	C=C(CO)C(CC(C(O)=O)=O)O
PyruvicAcid	G6	C=C(CO)C(CC(C)O)O
PyruvicAcid	G6	C=C(CO)C(CCO)O
PyruvicAcid	G6	C=C(CO)C(CO)(CO)O
PyruvicAcid	G6	C=C1C(C(C(C(C1O)O)O)=O)=O
PyruvicAcid	G6	C=C1C(C(CO)(CC1O)O)=O
PyruvicAcid	G6	C=C1C(C)OC(C(C1O)O)O
PyruvicAcid	G6	C=C1C(C)OC(C1(CO)O)O
PyruvicAcid	G6	C=C1C(C)OC(CO)(C1O)O
PyruvicAcid	G6	C=C1C(O)OCC1(CO)O
PyruvicAcid	G6	C=CC(C(C(C(C=O)=O)O)O)O
PyruvicAcid	G6	C=CC(C(C(C(CO)O)=O)=O)O
PyruvicAcid	G6	C=CC(C(C(C(O)=O)=O)(C)O)O
PyruvicAcid	G6	C=CC(C(C(C)O)O)O
PyruvicAcid	G6	C=CC(C(C(CC)O)O)O
PyruvicAcid	G6	C=CC(C(C(CO)(CO)O)=O)=O
PyruvicAcid	G6	C=CC(C(C(CO)=O)=O)(CO)O
PyruvicAcid	G6	C=CC(C(C(CO)O)O)O
PyruvicAcid	G6	C=CC(C(C(O)=O)=O)(C(C)O)O
PyruvicAcid	G6	C=CC(C(C(O)=O)=O)(CO)O
PyruvicAcid	G6	C=CC(C(C)(C(C)O)O)O
PyruvicAcid	G6	C=CC(C(C)(CCO)O)O
PyruvicAcid	G6	C=CC(C(CC(C)O)O)O
PyruvicAcid	G6	C=CC(C(CCCO)O)O
PyruvicAcid	G6	C=CC(C(CCO)O)O
PyruvicAcid	G6	C=CC(C(CO)(C(CO)O)O)=O
PyruvicAcid	G6	C=CC(C(CO)(C)O)O
PyruvicAcid	G6	C=CC(C(CO)(CC)O)O
PyruvicAcid	G6	C=CC(C(CO)(CO)CO)O
PyruvicAcid	G6	C=CC(C(CO)(CO)O)=C
PyruvicAcid	G6	C=CC(C(CO)(CO)O)O
PyruvicAcid	G6	C=CC(C(CO)C(C)O)O
PyruvicAcid	G6	C=CC(C(CO)CCO)O
PyruvicAcid	G6	C=CC(C(CO)CO)O
PyruvicAcid	G6	C=CC(C(CO)O)O
PyruvicAcid	G6	C=CC(C1(C(C(CO1)O)O)O)=O
PyruvicAcid	G6	C=CC(C1(COC(C1O)O)O)=O
PyruvicAcid	G6	C=CC(CC(C(CO)O)O)=O
PyruvicAcid	G6	C=CC(CO)(CCCO)O
PyruvicAcid	G6	C=CC(CO)(CO)C(C)O
PyruvicAcid	G6	C=CC(CO)(CO)C(CO)O
PyruvicAcid	G6	C=CC(CO)(CO)CO
PyruvicAcid	G6	C=CC(CO)C(C(C)O)O
PyruvicAcid	G6	C=CC(CO)C(C(CO)O)O
PyruvicAcid	G6	C=CC(CO)C(C)(CO)O
PyruvicAcid	G6	C=CC(CO)C(CO)O
PyruvicAcid	G6	C=CC1COC(C1(CO)O)O
PyruvicAcid	G6	C=CCC(C(C(CO)O)O)O
PyruvicAcid	G6	C=CCC(C(C)(CO)O)O
PyruvicAcid	G6	C=CCC(CO)(CO)O
PyruvicAcid	G6	CC(C(C(CCCO)O)O)O
PyruvicAcid	G6	CC(C(C(CO)(CC)O)O)O
PyruvicAcid	G6	CC(C(C(CO)(CCO)O)O)O
PyruvicAcid	G6	CC(C(C(CO)(CO)CO)O)O
PyruvicAcid	G6	CC(C(C(CO)(CO)O)O)O
PyruvicAcid	G6	CC(C(C(CO)C(C)O)O)O
PyruvicAcid	G6	CC(C(C(CO)CCO)O)O
PyruvicAcid	G6	CC(C(C(CO)CO)O)O
PyruvicAcid	G6	CC(C(C(CO)O)O)O
PyruvicAcid	G6	CC(C(C)(CCO)O)O
PyruvicAcid	G6	CC(C(C)O)(C(C)(CO)O)O
PyruvicAcid	G6	CC(C(C)O)(C(CO)(CO)O)O
PyruvicAcid	G6	CC(C(C)O)(C(CO)CO)O
PyruvicAcid	G6	CC(C(C)O)(C(CO)O)O
PyruvicAcid	G6	CC(C(C)O)C(CO)CO
PyruvicAcid	G6	CC(C(CCCO)O)O
PyruvicAcid	G6	CC(C(CCO)O)O
PyruvicAcid	G6	CC(C(CO)(C(CO)O)O)O
PyruvicAcid	G6	CC(C(CO)(CC)O)O
PyruvicAcid	G6	CC(C(CO)(CCCO)O)O
PyruvicAcid	G6	CC(C(CO)(CO)C(CO)O)O
PyruvicAcid	G6	CC(C(CO)C(CO)O)O
PyruvicAcid	G6	CC(C(CO)CC(CO)O)O
PyruvicAcid	G6	CC(C(CO)CCCO)O
PyruvicAcid	G6	CC(C(CO)CCO)O
PyruvicAcid	G6	CC(C(CO)O)C(CO)CO
PyruvicAcid	G6	CC(CC(C(C(CO)O)O)O)O
PyruvicAcid	G6	CC(CC(C(C)(CO)O)O)O
PyruvicAcid	G6	CC(CC(C(CCO)O)O)O
PyruvicAcid	G6	CC(CC(CCCO)O)O
PyruvicAcid	G6	CC(CC(CO)(C(C)O)O)O
PyruvicAcid	G6	CC(CC(CO)(C(CO)O)O)O
PyruvicAcid	G6	CC(CC(CO)(CO)O)O
PyruvicAcid	G6	CC(CC(CO)C(C)O)O
PyruvicAcid	G6	CC(CC(CO)CCO)O
PyruvicAcid	G6	CC(CCC(CO)O)O
PyruvicAcid	G6	CC(CCCO)(C(CO)O)O
PyruvicAcid	G6	CC(CCO)(C(C)(CO)O)O
PyruvicAcid	G6	CC(CCO)(C(CO)(CO)O)O
PyruvicAcid	G6	CC(CCO)(C(CO)CO)O
PyruvicAcid	G6	CC(CCO)(C(CO)O)O
PyruvicAcid	G6	CC(CCO)(CCCO)O
PyruvicAcid	G6	CC(CCO)(CCO)O
PyruvicAcid	G6	CC(CCO)C(C(CO)O)O
PyruvicAcid	G6	CC(CCO)C(CCO)O
PyruvicAcid	G6	CC(CCO)C(CO)(CO)O
PyruvicAcid	G6	CC(CCO)C(CO)CO
PyruvicAcid	G6	CC(CO)(C(C(C)O)O)O
PyruvicAcid	G6	CC(CO)(C(C(CC)O)O)O
PyruvicAcid	G6	CC(CO)(C(C(CO)CO)O)O
PyruvicAcid	G6	CC(CO)(C(C(CO)O)O)O
PyruvicAcid	G6	CC(CO)(C(C)(CO)O)O
PyruvicAcid	G6	CC(CO)(C(C)O)O
PyruvicAcid	G6	CC(CO)(C(CCCO)O)O
PyruvicAcid	G6	CC(CO)(C(CCO)O)O
PyruvicAcid	G6	CC(CO)(C(CO)(CC)O)O
PyruvicAcid	G6	CC(CO)(C(CO)(CO)CO)O
PyruvicAcid	G6	CC(CO)(C(CO)(CO)O)O
PyruvicAcid	G6	CC(CO)(C(CO)C(C)O)O
PyruvicAcid	G6	CC(CO)(C(CO)CO)O
PyruvicAcid	G6	CC(CO)(C(CO)O)O
PyruvicAcid	G6	CC(CO)(CCO)O
PyruvicAcid	G6	CC(CO)(CO)O
PyruvicAcid	G6	CC(CO)C(CO)C(C)O
PyruvicAcid	G6	CC(CO)C(CO)C(CO)O
PyruvicAcid	G6	CC(CO)C(CO)CO
PyruvicAcid	G6	CC(CO)CC(C(CO)O)O
PyruvicAcid	G6	CC(CO)CC(CCO)O
PyruvicAcid	G6	CC1(C(C(C(C)O1)O)O)O
PyruvicAcid	G6	CC1(C(C(C(CC)O1)O)O)O
PyruvicAcid	G6	CC1(C(C(C(CO)O1)O)O)O
PyruvicAcid	G6	CC1(C(C(C(CO1)O)O)O)O
PyruvicAcid	G6	CC1(C(C(C)(C(C)O1)O)O)O
PyruvicAcid	G6	CC1(C(C(CO1)(CC)O)O)O
PyruvicAcid	G6	CC1(C(C(CO1)O)O)O
PyruvicAcid	G6	CC1(C(C)(C(C(C)O1)O)O)O
PyruvicAcid	G6	CC1(C(C)(C(C(CO)O1)O)O)O
PyruvicAcid	G6	CC1(C(C)(O)OCC(C1O)O)O
PyruvicAcid	G6	CC1(C(C)(O)OCC1(C)O)O
PyruvicAcid	G6	CC1(C(C)(O)OCC1(CO)O)O
PyruvicAcid	G6	CC1(C(C)OC(C1(C)O)O)O
PyruvicAcid	G6	CC1(C(C)OC(C1(CO)O)O)O
PyruvicAcid	G6	CC1(C(C)OC(C1CO)O)O
PyruvicAcid	G6	CC1(C(C)OC(C1O)O)O
PyruvicAcid	G6	CC1(C(C)OC(CO)(C1O)O)O
PyruvicAcid	G6	CC1(C(COC1(C)O)O)O
PyruvicAcid	G6	CC1(C(O)OC(C)C1O)O
PyruvicAcid	G6	CC1(C(O)OC(CC)C1O)O
PyruvicAcid	G6	CC1(C(O)OC(CO)C1O)O
PyruvicAcid	G6	CC1(C(O)OCC(C1O)O)O
PyruvicAcid	G6	CC1(C(O)OCC(CO)C1O)O
PyruvicAcid	G6	CC1(C(O)OCC1O)O
PyruvicAcid	G6	CC1(CCOC(C1(C)O)O)O
PyruvicAcid	G6	CC1(CCOC(C1(CO)O)O)O
PyruvicAcid	G6	CC1C(C(C(CO)(O)O1)O)O
PyruvicAcid	G6	CC1C(C(C(O)O1)(CC)O)O
PyruvicAcid	G6	CC1C(C(C(O)O1)(CCO)O)O
PyruvicAcid	G6	CC1C(C(C(O)O1)(CO)O)O
PyruvicAcid	G6	CC1C(CC(C1CO)O)O
PyruvicAcid	G6	CC1C(CO)(C(C(O)O1)O)O
PyruvicAcid	G6	CC1C(CO)(O)OCC(C1O)O
PyruvicAcid	G6	CC1CC(C(CO)C1O)O
PyruvicAcid	G6	CCC(C(C(CO)(CO)O)O)O
PyruvicAcid	G6	CCC(C(C(CO)CO)O)O
PyruvicAcid	G6	CCC(C(C(CO)O)O)O
PyruvicAcid	G6	CCC(C(CCO)O)O
PyruvicAcid	G6	CCC(CO)(C(C(CO)O)O)O
PyruvicAcid	G6	CCC(CO)(C(CCO)O)O
PyruvicAcid	G6	CCC(CO)(C(CO)(CO)O)O
PyruvicAcid	G6	CCC(CO)(C(CO)CO)O
PyruvicAcid	G6	CCC(CO)(C(CO)O)O
PyruvicAcid	G6	CCC(CO)(CCO)O
PyruvicAcid	G6	CCC(CO)(CO)O
PyruvicAcid	G6	CCC1(C(C(C(C)O1)O)O)O
PyruvicAcid	G6	CCC1(C(C(C(CO)O1)O)O)O
PyruvicAcid	G6	CCC1(C(C(C(CO1)O)O)O)O
PyruvicAcid	G6	CCC1(C(C(CO1)O)O)O
PyruvicAcid	G6	CCC1(C(O)OC(CO)C1O)O
PyruvicAcid	G6	CCC1C(C(C(CO)(O)O1)O)O
PyruvicAcid	G6	CCC1C(C(C(O)O1)(CO)O)O
