Network	Generation	Smiles
Formose	G1	C(C(C(CO)O)O)=O
Formose	G2	C(C(C(C(CO)O)O)O)=O
Formose	G2	C(C(C(CO)O)O)(O)=O
Formose	G2	C(C(C(CO)O)O)O
Formose	G2	C(C(CO)(C(CO)O)O)=O
Formose	G2	C(C(CO)(CO)O)=O
Formose	G2	C(C(CO)O)(O)=O
Formose	G2	C(C(CO)O)O
Formose	G2	C(CO)(C(CO)O)=O
Formose	G3	C(C(C(C(C(C)=O)O)O)O)=O
Formose	G3	C(C(C(C(C)=O)O)O)(O)=O
Formose	G3	C(C(C(C(CO)=O)O)O)=O
Formose	G3	C(C(C(C(CO)O)=O)CO)=O
Formose	G3	C(C(C(C(CO)O)O)=O)=O
Formose	G3	C(C(C(C(CO)O)O)O)O
Formose	G3	C(C(C(C)=O)(C(CO)O)O)=O
Formose	G3	C(C(C(C)O)O)(C(CO)O)=O
Formose	G3	C(C(C(C)O)O)(O)=O
Formose	G3	C(C(C(C=O)O)O)(CCO)=O
Formose	G3	C(C(C(C=O)O)O)(O)=O
Formose	G3	C(C(C(CC(C=O)O)O)O)=O
Formose	G3	C(C(C(CC(CO)=O)O)O)=O
Formose	G3	C(C(C(CC(CO)O)=O)O)=O
Formose	G3	C(C(C(CCO)=O)(CO)O)=O
Formose	G3	C(C(C(CO)(CO)O)O)=O
Formose	G3	C(C(C(CO)=O)C(CO)O)=O
Formose	G3	C(C(C(CO)C(CO)O)=O)=O
Formose	G3	C(C(C(CO)O)(C(C)O)O)=O
Formose	G3	C(C(C(CO)O)(CC=O)O)=O
Formose	G3	C(C(C(CO)O)C(C=O)O)=O
Formose	G3	C(C(C)(C(C(CO)=O)O)O)=O
Formose	G3	C(C(C)(C(C(O)=O)O)O)=O
Formose	G3	C(C(C=O)C(C(CO)O)O)=O
Formose	G3	C(C(C=O)C(CO)(CO)O)=O
Formose	G3	C(C(CC(C(CO)O)O)=O)=O
Formose	G3	C(C(CC(CO)(CO)O)=O)=O
Formose	G3	C(C(CC(CO)=O)O)(O)=O
Formose	G3	C(C(CCO)(C(C=O)O)O)=O
Formose	G3	C(C(CCO)O)(O)=O
Formose	G3	C(C(CO)(C(C(C)=O)O)O)=O
Formose	G3	C(C(CO)(C(C)O)O)=O
Formose	G3	C(C(CO)(C(C=O)(C)O)O)=O
Formose	G3	C(C(CO)(C(C=O)O)O)=O
Formose	G3	C(C(CO)(C(CC=O)O)O)=O
Formose	G3	C(C(CO)(C(CO)O)O)O
Formose	G3	C(C(CO)(CC(CO)=O)O)=O
Formose	G3	C(C(CO)(CO)O)O
Formose	G3	C(C(CO)O)(C(CO)O)=O
Formose	G3	C(C)(C(C(C(CO)=O)O)O)=O
Formose	G3	C(CC(C(C(C=O)O)O)O)=O
Formose	G3	C(CC(C(C(CO)=O)O)O)=O
Formose	G3	C(CC(C(C(CO)O)O)=O)=O
Formose	G3	C(CC(C(C(CO)O)O)O)=O
Formose	G3	C(CC(C(CO)(CO)O)O)=O
Formose	G3	C(CC(C(CO)O)O)=O
Formose	G3	C(CC(C=O)O)(C(CO)O)=O
Formose	G3	C(CC(CO)(C(C=O)O)O)=O
Formose	G3	C(CC(CO)(C(CO)O)O)=O
Formose	G3	C(CC(CO)(CO)O)=O
Formose	G3	C(CO)(C(C(C)O)O)=O
Formose	G3	C(CO)(C(C(CO)O)O)=O
Formose	G3	C(CO)(C(CO)(C(C)O)O)=O
Formose	G3	C(CO)(C(CO)(CO)O)=O
Formose	G3	C1(C(C(C(CO)O1)O)O)=O
Formose	G3	C1(C(C(C(CO1)O)O)O)=O
Formose	G3	C1C(C(C(C(O)O1)O)O)O
Formose	G3	C1C(C(C(O)O1)(CO)O)O
Formose	G4	C(C(C(C(C(C)O)=O)O)O)(C)=O
Formose	G4	C(C(C(C(C(C)O)O)=O)CO)=O
Formose	G4	C(C(C(C(C(C)O)O)O)O)=O
Formose	G4	C(C(C(C(C(CO)=O)O)=C)O)=O
Formose	G4	C(C(C(C(C)O)O)O)=O
Formose	G4	C(C(C(C(C=O)O)=C)(CO)O)=O
Formose	G4	C(C(C(C(C=O)O)O)C(C)O)=O
Formose	G4	C(C(C(C(CC(C)O)O)O)=O)=O
Formose	G4	C(C(C(C(CCO)=O)O)O)(C)=O
Formose	G4	C(C(C(C(CCO)O)=O)O)=O
Formose	G4	C(C(C(C(CCO)O)O)=O)=O
Formose	G4	C(C(C(C(CCO)O)O)O)=O
Formose	G4	C(C(C(C(CCO)O)O)O)O
Formose	G4	C(C(C(C(CO)(C)O)O)=O)=O
Formose	G4	C(C(C(C(CO)C(C)O)=O)O)=O
Formose	G4	C(C(C(C(CO)CO)=O)O)=O
Formose	G4	C(C(C(C(CO)O)=O)(C)O)=O
Formose	G4	C(C(C(C(CO)O)=O)C(C)O)=O
Formose	G4	C(C(C(C(CO)O)=O)O)=O
Formose	G4	C(C(C(C(CO)O)C(C)O)=O)=O
Formose	G4	C(C(C(C(CO)O)O)CC=O)=O
Formose	G4	C(C(C(C)(C(C(C)=O)O)O)O)=O
Formose	G4	C(C(C(C)(C(CCO)O)O)=O)=O
Formose	G4	C(C(C(C)(C(CO)(C)O)O)=O)=O
Formose	G4	C(C(C(C)(C(CO)O)O)=O)=O
Formose	G4	C(C(C(C)(C(CO)O)O)O)=O
Formose	G4	C(C(C(C)(CC(CO)=O)O)O)=O
Formose	G4	C(C(C(C)(CCO)O)O)=O
Formose	G4	C(C(C(C)=O)(C(CCO)O)O)=O
Formose	G4	C(C(C(C)=O)(C(CO)(C)O)O)=O
Formose	G4	C(C(C(C)=O)C(C(CO)O)O)=O
Formose	G4	C(C(C(C)O)(C(C(C)=O)O)O)=O
Formose	G4	C(C(C(C)O)(C(C)O)O)=O
Formose	G4	C(C(C(C)O)(C(C=O)(C)O)O)=O
Formose	G4	C(C(C(C)O)(C(C=O)O)O)=O
Formose	G4	C(C(C(C)O)(C(CCO)O)O)=O
Formose	G4	C(C(C(C)O)(C(CO)(C)O)O)=O
Formose	G4	C(C(C(C)O)(CC(CO)=O)O)=O
Formose	G4	C(C(C(C)O)(CCO)O)=O
Formose	G4	C(C(C(C)O)C(C(CO)=O)O)=O
Formose	G4	C(C(C(C)O)C(C(CO)O)O)=O
Formose	G4	C(C(C(C)O)C(C)(CO)O)=O
Formose	G4	C(C(C(C)O)C(C=O)(CO)O)=O
Formose	G4	C(C(C(C)O)C(CCO)O)=O
Formose	G4	C(C(C(C)O)C(CO)(CO)O)=O
Formose	G4	C(C(C(C)O)O)(C(C(C)O)O)=O
Formose	G4	C(C(C(C)O)O)(CCO)=O
Formose	G4	C(C(C(C=O)=C)(C(CO)O)O)=O
Formose	G4	C(C(C(C=O)O)O)(C(C)O)=O
Formose	G4	C(C(C(C=O)O)O)(CC(C)O)=O
Formose	G4	C(C(C(CC(C(C)=O)O)O)O)=O
Formose	G4	C(C(C(CC(C)O)=O)(CO)O)=O
Formose	G4	C(C(C(CC(C)O)=O)O)(O)=O
Formose	G4	C(C(C(CC(C)O)O)O)(O)=O
Formose	G4	C(C(C(CC(C)O)O)O)=O
Formose	G4	C(C(C(CC(CCO)O)=O)O)=O
Formose	G4	C(C(C(CC(CO)(C)O)=O)O)=O
Formose	G4	C(C(C(CC(CO)O)O)O)=O
Formose	G4	C(C(C(CC=O)O)(C(C)O)O)=O
Formose	G4	C(C(C(CC=O)O)(CCO)O)=O
Formose	G4	C(C(C(CC=O)O)C(CO)O)=O
Formose	G4	C(C(C(CCO)=O)(C(C)O)O)=O
Formose	G4	C(C(C(CCO)O)(CC=O)O)=O
Formose	G4	C(C(C(CCO)O)C(C=O)O)=O
Formose	G4	C(C(C(CCO)O)O)(CCO)=O
Formose	G4	C(C(C(CCO)O)O)=O
Formose	G4	C(C(C(CCO)O)O)O
Formose	G4	C(C(C(CO)(C(C)O)O)=O)=O
Formose	G4	C(C(C(CO)(C(C)O)O)O)=O
Formose	G4	C(C(C(CO)(C)O)(CC=O)O)=O
Formose	G4	C(C(C(CO)(C)O)C(C=O)O)=O
Formose	G4	C(C(C(CO)(C)O)O)(CCO)=O
Formose	G4	C(C(C(CO)(C)O)O)(O)=O
Formose	G4	C(C(C(CO)(C)O)O)=O
Formose	G4	C(C(C(CO)(CCO)O)O)=O
Formose	G4	C(C(C(CO)(CCO)O)O)O
Formose	G4	C(C(C(CO)(CO)C(C)O)=O)=O
Formose	G4	C(C(C(CO)(CO)CO)=O)=O
Formose	G4	C(C(C(CO)(CO)O)=O)=O
Formose	G4	C(C(C(CO)(CO)O)CC=O)=O
Formose	G4	C(C(C(CO)=O)(CCO)O)=O
Formose	G4	C(C(C(CO)=O)(CO)C(C)O)=O
Formose	G4	C(C(C(CO)=O)(CO)CO)=O
Formose	G4	C(C(C(CO)=O)(CO)O)=O
Formose	G4	C(C(C(CO)=O)C(CCO)O)=O
Formose	G4	C(C(C(CO)=O)C(CO)(C)O)=O
Formose	G4	C(C(C(CO)=O)O)(O)=O
Formose	G4	C(C(C(CO)C(C(C)=O)O)O)=O
Formose	G4	C(C(C(CO)C(C)(CO)O)=O)=O
Formose	G4	C(C(C(CO)C(C)O)O)=O
Formose	G4	C(C(C(CO)C(C=O)O)O)=O
Formose	G4	C(C(C(CO)C(CCO)O)=O)=O
Formose	G4	C(C(C(CO)C(CO)O)O)=O
Formose	G4	C(C(C(CO)CO)(CC=O)O)=O
Formose	G4	C(C(C(CO)CO)O)=O
Formose	G4	C(C(C(CO)O)(CCO)O)=O
Formose	G4	C(C(C(CO)O)=O)(CCO)=O
Formose	G4	C(C(C(CO)O)=O)(O)=O
Formose	G4	C(C(C(CO)O)C(C(C)=O)O)=O
Formose	G4	C(C(C(CO)O)C(C)(CO)O)=O
Formose	G4	C(C(C(CO)O)C(C)O)=O
Formose	G4	C(C(C(CO)O)C(C=O)(C)O)=O
Formose	G4	C(C(C(CO)O)C(CCO)O)=O
Formose	G4	C(C(C(CO)O)C(CO)O)=O
Formose	G4	C(C(C(CO)O)O)(C(C)O)=O
Formose	G4	C(C(C(CO)O)O)(CCO)=O
Formose	G4	C(C(C(CO)O)O)=CC=O
Formose	G4	C(C(C)(C(C(C)=O)(CO)O)O)=O
Formose	G4	C(C(C)(C(C(C)=O)O)O)(O)=O
Formose	G4	C(C(C)(C(C(C=O)O)O)O)=O
Formose	G4	C(C(C)(C(C(CC=O)O)O)O)=O
Formose	G4	C(C(C)(C(C(CCO)=O)O)O)=O
Formose	G4	C(C(C)(C(C(CO)=O)CO)O)=O
Formose	G4	C(C(C)(C(C)O)O)(O)=O
Formose	G4	C(C(C)(C(C=O)O)O)(O)=O
Formose	G4	C(C(C)(C(CO)(CC=O)O)O)=O
Formose	G4	C(C(C)(C(CO)(CO)O)O)=O
Formose	G4	C(C(C)(C(CO)C(C=O)O)O)=O
Formose	G4	C(C(C)(C(CO)O)O)=O
Formose	G4	C(C(C)(CC(C(C=O)O)O)O)=O
Formose	G4	C(C(C)(CC(C(CO)O)=O)O)=O
Formose	G4	C(C(C)(CC(CO)=O)O)(O)=O
Formose	G4	C(C(C)=O)(C(C(CCO)O)O)=O
Formose	G4	C(C(C)=O)(C(C(CO)(C)O)O)=O
Formose	G4	C(C(C)=O)(C(C(CO)O)O)=O
Formose	G4	C(C(C)O)(C(C(CO)=O)O)=O
Formose	G4	C(C(C1C(C(CC1O)O)O)=O)=O
Formose	G4	C(C(C=C)(C(C(CO)=O)O)O)=O
Formose	G4	C(C(C=C)(C(C(CO)O)O)O)=O
Formose	G4	C(C(C=C)(C(C=O)(CO)O)O)=O
Formose	G4	C(C(C=C)(C(CO)O)O)=O
Formose	G4	C(C(C=O)(C(CO)O)O)=O
Formose	G4	C(C(C=O)(CO)C(C)(CO)O)=O
Formose	G4	C(C(C=O)(CO)C(CCO)O)=O
Formose	G4	C(C(C=O)(CO)C(CO)O)=O
Formose	G4	C(C(C=O)C(C(C(C)O)O)O)=O
Formose	G4	C(C(C=O)C(C(CCO)O)O)=O
Formose	G4	C(C(C=O)C(C)(C(CO)O)O)=O
Formose	G4	C(C(C=O)C(CC(CO)O)O)=O
Formose	G4	C(C(C=O)C(CO)(CCO)O)=O
Formose	G4	C(C(CC(C(C(C)=O)O)O)O)=O
Formose	G4	C(C(CC(C(C(C)O)O)O)=O)=O
Formose	G4	C(C(CC(C(C)=O)O)O)(O)=O
Formose	G4	C(C(CC(C(CCO)O)O)=O)=O
Formose	G4	C(C(CC(C(CO)=O)O)O)=O
Formose	G4	C(C(CC(C(CO)O)O)O)=O
Formose	G4	C(C(CC(C)(C(CO)O)O)=O)=O
Formose	G4	C(C(CC(C)(CO)O)=O)(O)=O
Formose	G4	C(C(CC(C)O)(C(C=O)O)O)=O
Formose	G4	C(C(CC(CC(C)O)O)=O)(O)=O
Formose	G4	C(C(CC(CC(CO)=O)O)O)=O
Formose	G4	C(C(CC(CC(CO)O)O)=O)=O
Formose	G4	C(C(CC(CCO)O)O)=O
Formose	G4	C(C(CC(CO)(CCO)O)=O)=O
Formose	G4	C(C(CC(CO)O)(CC=O)O)=O
Formose	G4	C(C(CCC(C(CO)O)O)=O)=O
Formose	G4	C(C(CCC(CO)(CO)O)=O)=O
Formose	G4	C(C(CCO)(C(C(C)=O)O)O)=O
Formose	G4	C(C(CCO)(C(C=O)(C)O)O)=O
Formose	G4	C(C(CCO)(C(CCO)O)O)=O
Formose	G4	C(C(CCO)(C(CO)(C)O)O)=O
Formose	G4	C(C(CCO)(CC(CO)=O)O)=O
Formose	G4	C(C(CCO)(CCO)O)=O
Formose	G4	C(C(CCO)O)(CCO)=O
Formose	G4	C(C(CCO)O)O
Formose	G4	C(C(CO)(C(C(C=C)=O)O)O)=O
Formose	G4	C(C(CO)(C(C)(CC=O)O)O)=O
Formose	G4	C(C(CO)(C(C)O)C(C=O)O)=O
Formose	G4	C(C(CO)(C(C=CC=O)O)O)=O
Formose	G4	C(C(CO)(C(CC(C)O)O)O)=O
Formose	G4	C(C(CO)(C(CCO)O)O)=O
Formose	G4	C(C(CO)(C(CCO)O)O)O
Formose	G4	C(C(CO)(C(CO)(C)O)O)=O
Formose	G4	C(C(CO)(C)O)(O)=O
Formose	G4	C(C(CO)(CC(CC=O)O)O)=O
Formose	G4	C(C(CO)(CC=O)O)(CCO)=O
Formose	G4	C(C(CO)(CCO)O)=O
Formose	G4	C(C(CO)(CCO)O)O
Formose	G4	C(C(CO)(CO)C(C=O)O)=O
Formose	G4	C(C(CO)=O)(C(CO)CO)=O
Formose	G4	C(C(CO)=O)(C(CO)O)=O
Formose	G4	C(C(CO)=O)(CC(CCO)O)=O
Formose	G4	C(C(CO)=O)(CC(CO)(C)O)=O
Formose	G4	C(C(CO)=O)(CC(CO)O)=O
Formose	G4	C(C(CO)C(C(C(C)=O)O)O)=O
Formose	G4	C(C(CO)C(C(C(C)O)=O)O)=O
Formose	G4	C(C(CO)C(C(C(C)O)O)O)=O
Formose	G4	C(C(CO)C(C(C)=O)(CO)O)=O
Formose	G4	C(C(CO)C(C(C=O)CO)O)=O
Formose	G4	C(C(CO)C(C(C=O)O)O)=O
Formose	G4	C(C(CO)C(C(CC=O)O)O)=O
Formose	G4	C(C(CO)C(C(CCO)=O)O)=O
Formose	G4	C(C(CO)C(C(CCO)O)O)=O
Formose	G4	C(C(CO)C(C(CO)=O)(C)O)=O
Formose	G4	C(C(CO)C(C(CO)=O)O)=O
Formose	G4	C(C(CO)C(C(CO)O)O)=O
Formose	G4	C(C(CO)C(C)(C(C=O)O)O)=O
Formose	G4	C(C(CO)C(C)(C(CO)O)O)=O
Formose	G4	C(C(CO)C(C)(CO)O)=O
Formose	G4	C(C(CO)C(C=O)(C(C)O)O)=O
Formose	G4	C(C(CO)C(C=O)(CCO)O)=O
Formose	G4	C(C(CO)C(C=O)(CO)O)=O
Formose	G4	C(C(CO)C(CC(C)O)O)=O
Formose	G4	C(C(CO)C(CC(C=O)O)O)=O
Formose	G4	C(C(CO)C(CC(CO)=O)O)=O
Formose	G4	C(C(CO)C(CC(CO)O)O)=O
Formose	G4	C(C(CO)C(CCO)O)=O
Formose	G4	C(C(CO)C(CO)(CC=O)O)=O
Formose	G4	C(C(CO)C(CO)(CCO)O)=O
Formose	G4	C(C(CO)C(CO)(CO)O)=O
Formose	G4	C(C(CO)C(CO)O)=O
Formose	G4	C(C(CO)O)(C(C(C)=O)O)=O
Formose	G4	C(C(CO)O)(C(C(C=O)=C)O)=O
Formose	G4	C(C(CO)O)(C(C)O)=O
Formose	G4	C(C(CO)O)(C(C=C)O)=O
Formose	G4	C(C(CO)O)(C(C=CC=O)O)=O
Formose	G4	C(C(CO)O)(C(CO)CO)=O
Formose	G4	C(C(CO)O)(CC(C)O)=O
Formose	G4	C(C(CO)O)(CC(CCO)O)=O
Formose	G4	C(C(CO)O)(CC(CO)(C)O)=O
Formose	G4	C(C(CO)O)(CC(CO)=O)=O
Formose	G4	C(C(CO)O)(CC(CO)O)=O
Formose	G4	C(C(CO)O)(CCO)=O
Formose	G4	C(C)(C(C(C(C(C)=O)O)O)O)=O
Formose	G4	C(C)(C(C(C(C(C)O)O)O)O)=O
Formose	G4	C(C)(C(C(C(CCO)O)O)O)=O
Formose	G4	C(C)(C(C(C(CO)O)O)O)=O
Formose	G4	C(C)(C(C(C)(C(CO)O)O)O)=O
Formose	G4	C(C)(C(C(C)O)(C(C=O)O)O)=O
Formose	G4	C(C)(C(C(CC(C)O)O)O)=O
Formose	G4	C(C)(C(C(CC(CO)=O)O)O)=O
Formose	G4	C(C)(C(C(CC(CO)O)O)O)=O
Formose	G4	C(C)(C(C(CCO)O)O)=O
Formose	G4	C(C)(C(C(CO)(C)O)O)=O
Formose	G4	C(C)(C(C(CO)(CCO)O)O)=O
Formose	G4	C(C)(C(C(CO)(CO)O)O)=O
Formose	G4	C(C)(C(C(CO)=O)(CO)O)=O
Formose	G4	C(C)(C(C(CO)O)(CC=O)O)=O
Formose	G4	C(C)(C(C(CO)O)O)=O
Formose	G4	C(C)(C(CO)(C(C(C)=O)O)O)=O
Formose	G4	C(C)(C(CO)(C(C)O)O)=O
Formose	G4	C(C)(C(CO)(C(C=O)O)O)=O
Formose	G4	C(C)(C(CO)(C(CCO)O)O)=O
Formose	G4	C(C)(C(CO)(C(CO)(C)O)O)=O
Formose	G4	C(C)(C(CO)(C(CO)O)O)=O
Formose	G4	C(C)(C(CO)(CC(CO)=O)O)=O
Formose	G4	C(C)(C(CO)(CO)O)=O
Formose	G4	C(C)(C1(C(C(C(C1)=O)O)O)O)=O
Formose	G4	C(C)(C1(C(CC(C1O)=O)O)O)=O
Formose	G4	C(C)(C1(C(O)OCC1O)O)=O
Formose	G4	C(C1(C(C(C(C1)=O)O)O)O)=O
Formose	G4	C(C1(C(C(C(C1)O)O)O)O)=O
Formose	G4	C(C1(C(C(CC1O)O)O)O)=O
Formose	G4	C(C1(C(C(CO1)O)O)O)=O
Formose	G4	C(C1(C(C)(CC(C1O)=O)O)O)=O
Formose	G4	C(C1(C(C)(O)OCC1O)O)=O
Formose	G4	C(C1(C(CC(C)(C1O)O)=O)O)=O
Formose	G4	C(C1(C(CC(C1(C)O)O)=O)O)=O
Formose	G4	C(C1(C(CC(C1)O)O)O)=O
Formose	G4	C(C1(C(CC(C1O)=O)O)O)=O
Formose	G4	C(C1(C(CC(C1O)O)=O)O)=O
Formose	G4	C(C1(C(CC(CC1O)O)=O)O)=O
Formose	G4	C(C1(C(CO)C(C(C1)=O)O)O)=O
Formose	G4	C(C1(C(CO)C(CO1)O)O)=O
Formose	G4	C(C1(C=O)C(C(CC1O)O)O)=O
Formose	G4	C(C1(CC(C(C(C1)=O)O)O)O)=O
Formose	G4	C(C1(CC(CC(C1O)=O)O)O)=O
Formose	G4	C(C1(CC(CC1(C=O)O)O)O)=O
Formose	G4	C(C1(COC(C)(C1O)O)O)=O
Formose	G4	C(C1(COC(C1(C)O)O)O)=O
Formose	G4	C(C1(COC(C1O)O)O)=O
Formose	G4	C(C1C(C(C(C)(C1O)O)O)=O)=O
Formose	G4	C(C1C(C(C(C)(O1)O)O)O)=O
Formose	G4	C(C1C(C(C(C1(C)O)O)O)=O)=O
Formose	G4	C(C1C(C(C(C1O)=O)CO)O)=O
Formose	G4	C(C1C(C(C(C1O)O)O)=O)=O
Formose	G4	C(C1C(C(C(C1O)O)O)O)=O
Formose	G4	C(C1C(C(C(CC1O)O)O)=O)=O
Formose	G4	C(C1C(C(C=O)(CC1O)O)O)=O
Formose	G4	C(C1C(C(C=O)C(C1O)O)O)=O
Formose	G4	C(C1C(C(CC(C1O)=O)O)O)=O
Formose	G4	C(C1C(C(CC1(C=O)O)O)O)=O
Formose	G4	C(C1C(C(CC1O)O)O)=O
Formose	G4	C(C1C(C(O)OCC1O)O)=O
Formose	G4	C(C1C(CC(C(C1O)O)=O)O)=O
Formose	G4	C(C1C(CC(C1(C=O)O)O)O)=O
Formose	G4	C(C1C(CO)(CC(C1O)=O)O)=O
Formose	G4	C(C1C(CO)(O)OCC1O)=O
Formose	G4	C(C1C(CO)OC(C1O)O)=O
Formose	G4	C(C1C(O)OC(CO)C1O)=O
Formose	G4	C(C1C(O)OCC(C1O)O)=O
Formose	G4	C(C1C(O)OCC1(CO)O)=O
Formose	G4	C(CC(C(C(C(C)=O)O)O)O)=O
Formose	G4	C(CC(C(C(C)=O)(CO)O)O)=O
Formose	G4	C(CC(C(C(C)=O)O)O)(O)=O
Formose	G4	C(CC(C(C(C)O)=O)O)(CO)=O
Formose	G4	C(CC(C(C(C)O)O)O)=O
Formose	G4	C(CC(C(C(CC=O)O)O)O)=O
Formose	G4	C(CC(C(C(CCO)=O)O)O)=O
Formose	G4	C(CC(C(C(CCO)O)O)=O)=O
Formose	G4	C(CC(C(C(CO)(C)O)O)=O)=O
Formose	G4	C(CC(C(C(CO)=O)CO)O)=O
Formose	G4	C(CC(C(C(CO)CO)=O)O)=O
Formose	G4	C(CC(C(C(CO)O)=O)O)=O
Formose	G4	C(CC(C(C)(C(C=O)O)O)O)=O
Formose	G4	C(CC(C(C)=O)O)(C(CO)O)=O
Formose	G4	C(CC(C(CC(CO)=O)O)O)=O
Formose	G4	C(CC(C(CC(CO)O)=O)O)=O
Formose	G4	C(CC(C(CCO)=O)O)(CO)=O
Formose	G4	C(CC(C(CCO)O)O)=O
Formose	G4	C(CC(C(CO)(C(C)O)O)=O)=O
Formose	G4	C(CC(C(CO)(C(C)O)O)O)=O
Formose	G4	C(CC(C(CO)(CC=O)O)O)=O
Formose	G4	C(CC(C(CO)(CO)O)=O)=O
Formose	G4	C(CC(C(CO)=O)O)(O)=O
Formose	G4	C(CC(C(CO)C(C=O)O)O)=O
Formose	G4	C(CC(C(CO)C(CO)O)=O)=O
Formose	G4	C(CC(C(CO)O)(CC=O)O)=O
Formose	G4	C(CC(C(CO)O)O)(O)=O
Formose	G4	C(CC(C(O)=O)O)(O)=O
Formose	G4	C(CC(C)(C(C(C=O)O)O)O)=O
Formose	G4	C(CC(C)(C(CO)O)O)=O
Formose	G4	C(CC(C=O)O)(C(C(C)O)O)=O
Formose	G4	C(CC(CC(C(C=O)O)O)O)=O
Formose	G4	C(CC(CC(C(CO)O)=O)O)=O
Formose	G4	C(CC(CC(C(CO)O)O)=O)=O
Formose	G4	C(CC(CC(C(CO)O)O)O)=O
Formose	G4	C(CC(CC(CO)(CO)O)O)=O
Formose	G4	C(CC(CC(CO)=O)O)(O)=O
Formose	G4	C(CC(CC(CO)O)O)=O
Formose	G4	C(CC(CCO)(C(C=O)O)O)=O
Formose	G4	C(CC(CO)(C(C(C)=O)O)O)=O
Formose	G4	C(CC(CO)(C(C(C)O)O)O)=O
Formose	G4	C(CC(CO)(C(C)O)O)=O
Formose	G4	C(CC(CO)(CC(C=O)O)O)=O
Formose	G4	C(CC(CO)(CC(CO)=O)O)=O
Formose	G4	C(CC(CO)(CCO)O)=O
Formose	G4	C(CC(CO)O)(O)=O
Formose	G4	C(CC1(C(C(C(C1)=O)O)O)O)=O
Formose	G4	C(CC1(C(C(CO1)O)O)O)=O
Formose	G4	C(CC1(C(CC(C1O)=O)O)O)=O
Formose	G4	C(CC1(C(O)OCC1O)O)=O
Formose	G4	C(CC1(COC(C1O)O)O)=O
Formose	G4	C(CCC=O)(C(C(CO)O)O)=O
Formose	G4	C(CCO)(C(C(CO)=O)O)=O
Formose	G4	C(CCO)(C(CO)(CO)O)=O
Formose	G4	C(CO)(C(C(C(C)O)O)O)=O
Formose	G4	C(CO)(C(C(C(C=C)=O)O)O)=O
Formose	G4	C(CO)(C(C(C)O)(C(C)O)O)=O
Formose	G4	C(CO)(C(C(C)O)C(C=O)O)=O
Formose	G4	C(CO)(C(C(C=CC=O)O)O)=O
Formose	G4	C(CO)(C(C(C=O)=C)(CO)O)=O
Formose	G4	C(CO)(C(C(CC(C)O)O)O)=O
Formose	G4	C(CO)(C(C(CCO)O)O)=O
Formose	G4	C(CO)(C(C(CO)(C)O)O)=O
Formose	G4	C(CO)(C(C(CO)=O)CO)=O
Formose	G4	C(CO)(C(C(CO)=O)O)=O
Formose	G4	C(CO)(C(C)(C(C(C)=O)O)O)=O
Formose	G4	C(CO)(C(C)(C(C=O)O)O)=O
Formose	G4	C(CO)(C(C)(CC(CO)=O)O)=O
Formose	G4	C(CO)(C(C=C)(CO)O)=O
Formose	G4	C(CO)(C(C=CC=O)(CO)O)=O
Formose	G4	C(CO)(C(CC(CO)=O)O)=O
Formose	G4	C(CO)(C(CO)(CC=O)O)=O
Formose	G4	C(CO)(C(CO)C(C(C)=O)O)=O
Formose	G4	C(CO)(C(CO)C(C)O)=O
Formose	G4	C(CO)(C(CO)C(C=O)O)=O
Formose	G4	C(CO)(C(CO)C(CCO)O)=O
Formose	G4	C(CO)(C(CO)C(CO)(C)O)=O
Formose	G4	C(CO)(C(CO)C(CO)O)=O
Formose	G4	C(CO)(C(CO)CO)=O
Formose	G4	C(CO)(C1C(CC(C1O)=O)O)=O
Formose	G4	C(CO)(C1C(O)OCC1O)=O
Formose	G4	C(CO)(CC(C(C(C)O)O)O)=O
Formose	G4	C(CO)(CC(C(CCO)O)O)=O
Formose	G4	C(CO)(CC(C(CO)O)O)=O
Formose	G4	C(CO)(CC(C)(C(CO)O)O)=O
Formose	G4	C(CO)(CC(CC(C)O)O)=O
Formose	G4	C(CO)(CC(CC(CO)=O)O)=O
Formose	G4	C(CO)(CC(CC(CO)O)O)=O
Formose	G4	C(CO)(CC(CCO)O)=O
Formose	G4	C(CO)(CC(CO)(C)O)=O
Formose	G4	C(CO)(CC(CO)(CCO)O)=O
Formose	G4	C(CO)(CC(CO)(CO)O)=O
Formose	G4	C(CO)(CC(CO)O)=O
Formose	G4	C1(C(C(C(C(C1)O)=O)CO)O)=O
Formose	G4	C1(C(C(C(C(C1)O)O)O)O)=O
Formose	G4	C1(C(C(C(C)(C1O)O)O)O)=O
Formose	G4	C1(C(C(C(C1)O)(CO)O)O)=O
Formose	G4	C1(C(C(C(C1)O)C(C=O)O)O)=O
Formose	G4	C1(C(C(C(C1)O)O)O)=O
Formose	G4	C1(C(C(C(C1CO)O)O)O)=O
Formose	G4	C1(C(C(C(C1O)O)O)O)=O
Formose	G4	C1(C(C(C(CC(C1)O)=O)O)O)=O
Formose	G4	C1(C(C(C(CO)(C1)O)O)O)=O
Formose	G4	C1(C(C(C(O)OCC1)O)O)=O
Formose	G4	C1(C(C(C)O)(C(CO1)O)O)=O
Formose	G4	C1(C(C(CC(C1)O)O)O)=O
Formose	G4	C1(C(C(CC(C1O)O)O)O)=O
Formose	G4	C1(C(C(CCO)O)(O)OCC1)=O
Formose	G4	C1(C(C(CCO)O)OC(C1)O)=O
Formose	G4	C1(C(C(CCO)O)OCC1O)=O
Formose	G4	C1(C(C(CO)(C)O)(O)OCC1)=O
Formose	G4	C1(C(C(CO)(C)O)OC(C1)O)=O
Formose	G4	C1(C(C(CO)(C)O)OCC1O)=O
Formose	G4	C1(C(C(CO)(CO1)O)O)=O
Formose	G4	C1(C(C(CO)O)(O)OCC1)=O
Formose	G4	C1(C(C(CO)O)C(CO1)O)=O
Formose	G4	C1(C(C(CO)O)OC(C1)O)=O
Formose	G4	C1(C(C(CO)O)OCC1O)=O
Formose	G4	C1(C(C(CO)OC(C1)O)O)=O
Formose	G4	C1(C(C(CO1)O)C(C)(CO)O)=O
Formose	G4	C1(C(C(CO1)O)C(CCO)O)=O
Formose	G4	C1(C(C(COC(C1)O)O)O)=O
Formose	G4	C1(C(C(O)OC(CO)C1)O)=O
Formose	G4	C1(C(C(O)OCC(C1)O)O)=O
Formose	G4	C1(C(CC(C(C=O)O)(C1)O)O)=O
Formose	G4	C1(C(CC(C1CO)O)O)=O
Formose	G4	C1(C(CO)(C(CO1)O)O)=O
Formose	G4	C1(C(CO)C(C(CO)O1)O)=O
Formose	G4	C1(C(CO)C(C(CO1)O)O)=O
Formose	G4	C1(C(CO)C(C=O)(CC1O)O)=O
Formose	G4	C1(C(CO)OC(C(C1)O)O)=O
Formose	G4	C1(C(CO)OC(C1CO)O)=O
Formose	G4	C1(C(COC(C(C1)O)O)O)=O
Formose	G4	C1(C(COC(C1CO)O)O)=O
Formose	G4	C1(C(O)OC(C(CO)O)C1)=O
Formose	G4	C1(C(O)OC(CO)(CO)C1)=O
Formose	G4	C1(C(O)OC(CO)C(C1)O)=O
Formose	G4	C1(C(O)OC(CO)C1CO)=O
Formose	G4	C1(C(O)OC(CO)C1O)=O
Formose	G4	C1(C(O)OCC(C(C1)O)O)=O
Formose	G4	C1(C(O)OCC(C1CO)O)=O
Formose	G4	C1(C(O)OCC(C1O)O)=O
Formose	G4	C1(C(O)OCC(CO)(C1)O)=O
Formose	G4	C1(C(O)OCC1C(CCO)O)=O
Formose	G4	C1(C(O)OCC1C(CO)(C)O)=O
Formose	G4	C1(C(O)OCC1C(CO)O)=O
Formose	G4	C1(CC(C(C(CO)O1)O)O)=O
Formose	G4	C1(CC(C(C(CO1)O)O)O)=O
Formose	G4	C1(CC(C(C1(CO)O)O)O)=O
Formose	G4	C1(CC(C(CC(C1O)O)=O)O)=O
Formose	G4	C1(CCOC(C1(CO)O)O)=O
Formose	G4	C1(COC(C(C(C1)O)O)O)=O
Formose	G4	C1(COC(C(C)(C1O)O)O)=O
Formose	G4	C1(COC(C(C1O)O)O)=O
Formose	G4	C1(COC(C(CO)(C1)O)O)=O
Formose	G4	C1(COC(C)(C(C1O)O)O)=O
Formose	G4	C1(COC(C1C(CCO)O)O)=O
Formose	G4	C1(COC(C1C(CO)(C)O)O)=O
Formose	G4	C1(COC(C1C(CO)O)O)=O
Formose	G4	C1(COC(CC(C1O)O)O)=O
Formose	G4	C1(COC(CO)C(C1O)O)=O
Formose	G4	C1(COCC(C(C1O)O)O)=O
Formose	G4	C1(COCC1(C(CCO)O)O)=O
Formose	G4	C1(COCC1(C(CO)(C)O)O)=O
Formose	G4	C1(COCC1(C(CO)O)O)=O
Formose	G4	C1C(C(C(CO)(O)O1)O)O
Formose	G4	C1C(C(C(O)O1)(C(C)O)O)O
Formose	G4	C1C(CO)(C(C(O)O1)O)O
Formose	G4	C=C(C(C=O)=O)C(C(CO)O)O
Formose	G4	C=C(C(C=O)=O)C(CO)(CO)O
Formose	G4	CC(C(CO)(C(CO)O)O)O
Formose	G4	CC(C(CO)(CO)O)O
Formose	G4	CC(C(CO)O)O
Formose	G5	C(C(C(C(C(C)=O)CO)O)O)=O
Formose	G5	C(C(C(C(C(C)O)O)=O)(C)O)=O
Formose	G5	C(C(C(C(C(C)O)O)=O)O)=O
Formose	G5	C(C(C(C(C(C)O)O)O)=O)=O
Formose	G5	C(C(C(C(C(C=C)=O)O)O)O)=O
Formose	G5	C(C(C(C(C(C=C)O)=O)O)O)=O
Formose	G5	C(C(C(C(C(C=C)O)O)=O)O)=O
Formose	G5	C(C(C(C(C(C=O)=C)O)O)O)=O
Formose	G5	C(C(C(C(C(C=O)O)O)=C)O)=O
Formose	G5	C(C(C(C(C(CO)=C)=O)O)O)=O
Formose	G5	C(C(C(C(C(CO)=O)=C)O)O)=O
Formose	G5	C(C(C(C(C(CO)O)=C)=O)O)=O
Formose	G5	C(C(C(C(C(CO)O)=O)=C)O)=O
Formose	G5	C(C(C(C(C(CO)O)O)=C)O)=O
Formose	G5	C(C(C(C(C)(CCO)O)O)O)=O
Formose	G5	C(C(C(C(C)O)(C(C)O)O)=O)=O
Formose	G5	C(C(C(C(C)O)(CCO)O)=O)=O
Formose	G5	C(C(C(C(C)O)=O)C(CO)O)=O
Formose	G5	C(C(C(C(C)O)O)(CC=O)O)=O
Formose	G5	C(C(C(C(C)O)O)=O)(CCO)=O
Formose	G5	C(C(C(C(C)O)O)=O)(O)=O
Formose	G5	C(C(C(C(C)O)O)C(C=O)O)=O
Formose	G5	C(C(C(C(C)O)O)O)(C(C)O)=O
Formose	G5	C(C(C(C(C)O)O)O)(CCO)=O
Formose	G5	C(C(C(C(C)O)O)O)(O)=O
Formose	G5	C(C(C(C(C=C)(CO)O)O)O)=O
Formose	G5	C(C(C(C(C=C)=O)(CO)O)O)=O
Formose	G5	C(C(C(C(C=C)O)O)O)=O
Formose	G5	C(C(C(C(C=O)=C)(CO)O)O)=O
Formose	G5	C(C(C(C(C=O)=O)O)O)=CCO
Formose	G5	C(C(C(C(C=O)O)O)CCO)=O
Formose	G5	C(C(C(C(CC(C)O)O)O)O)=O
Formose	G5	C(C(C(C(CC)=O)O)O)(CO)=O
Formose	G5	C(C(C(C(CCO)O)=O)(C)O)=O
Formose	G5	C(C(C(C(CCO)O)=O)CO)=O
Formose	G5	C(C(C(C(CO)(C)O)O)O)=O
Formose	G5	C(C(C(C(CO)(CO)O)=C)O)=O
Formose	G5	C(C(C(C(CO)=C)=O)(CO)O)=O
Formose	G5	C(C(C(C(CO)=O)(C=C)O)O)=O
Formose	G5	C(C(C(C(CO)=O)=C)(CO)O)=O
Formose	G5	C(C(C(C(CO)C(C)O)O)=O)=O
Formose	G5	C(C(C(C(CO)C(C)O)O)O)=O
Formose	G5	C(C(C(C(CO)CO)=O)CO)=O
Formose	G5	C(C(C(C(CO)CO)O)=O)=O
Formose	G5	C(C(C(C(CO)CO)O)O)=O
Formose	G5	C(C(C(C(CO)O)=C)(CO)O)=O
Formose	G5	C(C(C(C(CO)O)=C)CO)=O
Formose	G5	C(C(C(C(CO)O)=C)O)=O
Formose	G5	C(C(C(C(CO)O)=O)(C=C)O)=O
Formose	G5	C(C(C(C(CO)O)=O)CCO)=O
Formose	G5	C(C(C(C(CO)O)O)=O)(CC)=O
Formose	G5	C(C(C(C)(C(C(C)O)O)O)=O)=O
Formose	G5	C(C(C(C)(C(C(C)O)O)O)O)=O
Formose	G5	C(C(C(C)(C(CCO)O)O)O)=O
Formose	G5	C(C(C(C)(C(CO)CO)O)O)=O
Formose	G5	C(C(C(C)=O)(C(C(C)O)O)O)=O
Formose	G5	C(C(C(C)=O)(C(CO)CO)O)=O
Formose	G5	C(C(C(C)=O)(CO)C(CO)O)=O
Formose	G5	C(C(C(C)=O)C(CO)(CO)O)=O
Formose	G5	C(C(C(C)C(C(CO)O)O)=O)=O
Formose	G5	C(C(C(C)C(CO)(CO)O)=O)=O
Formose	G5	C(C(C(C)O)(C(C(C)O)O)O)=O
Formose	G5	C(C(C(C)O)(C(C=C)O)O)=O
Formose	G5	C(C(C(C)O)(C(CO)CO)O)=O
Formose	G5	C(C(C(C)O)C(C(C)O)O)=O
Formose	G5	C(C(C(C)O)O)(C(C(C)=O)O)=O
Formose	G5	C(C(C(C)O)O)(C(C)O)=O
Formose	G5	C(C(C(C)O)O)(C(C=C)O)=O
Formose	G5	C(C(C(C)O)O)(C(CO)CO)=O
Formose	G5	C(C(C(C)O)O)(CC(C)O)=O
Formose	G5	C(C(C(C)O)O)(CC(CO)=O)=O
Formose	G5	C(C(C(C)O)O)(CC(CO)O)=O
Formose	G5	C(C(C(C=C)(C(C=O)O)O)O)=O
Formose	G5	C(C(C(C=C)(CO)O)O)(C)=O
Formose	G5	C(C(C(C=C)(CO)O)O)(CO)=O
Formose	G5	C(C(C(C=C)(CO)O)O)=O
Formose	G5	C(C(C(C=C)=O)(C(CO)O)O)=O
Formose	G5	C(C(C(C=C)O)O)(C(C)O)=O
Formose	G5	C(C(C(C=C)O)O)(C(CO)O)=O
Formose	G5	C(C(C(C=C)O)O)(CCO)=O
Formose	G5	C(C(C(C=CCO)O)O)=O
Formose	G5	C(C(C(C=O)(C(C=C)O)O)O)=O
Formose	G5	C(C(C(C=O)O)O)(CCCO)=O
Formose	G5	C(C(C(CC(C(C)O)O)=O)O)=O
Formose	G5	C(C(C(CC(C)=O)O)O)(O)=O
Formose	G5	C(C(C(CC(CCO)O)O)=O)=O
Formose	G5	C(C(C(CC(CCO)O)O)O)=O
Formose	G5	C(C(C(CC(CCO)O)O)O)O
Formose	G5	C(C(C(CC(CO)(C)O)O)O)=O
Formose	G5	C(C(C(CC(CO)CO)=O)O)=O
Formose	G5	C(C(C(CC(CO)O)=O)CO)=O
Formose	G5	C(C(C(CC(CO)O)O)O)O
Formose	G5	C(C(C(CCC(C)O)=O)O)(O)=O
Formose	G5	C(C(C(CCC(CO)=O)O)O)=O
Formose	G5	C(C(C(CCC(CO)O)=O)O)=O
Formose	G5	C(C(C(CCCO)=O)(CO)O)=O
Formose	G5	C(C(C(CCCO)O)O)=O
Formose	G5	C(C(C(CCO)(CCO)O)O)=O
Formose	G5	C(C(C(CCO)=O)(CCO)O)=O
Formose	G5	C(C(C(CCO)=O)C(CO)O)=O
Formose	G5	C(C(C(CCO)C(CO)O)=O)=O
Formose	G5	C(C(C(CCO)O)=O)(CCO)=O
Formose	G5	C(C(C(CCO)O)O)(C(C)O)=O
Formose	G5	C(C(C(CO)(C(C=C)O)O)O)=O
Formose	G5	C(C(C(CO)(C)O)=O)(O)=O
Formose	G5	C(C(C(CO)(C)O)O)(C(C)O)=O
Formose	G5	C(C(C(CO)(CC(C)=O)O)O)=O
Formose	G5	C(C(C(CO)(CC(C)O)O)O)=O
Formose	G5	C(C(C(CO)(CCO)O)=O)=O
Formose	G5	C(C(C(CO)(CO)C(C)O)O)=O
Formose	G5	C(C(C(CO)(CO)CO)O)=O
Formose	G5	C(C(C(CO)(CO)O)O)=CC=O
Formose	G5	C(C(C(CO)=C)(C(C)O)O)=O
Formose	G5	C(C(C(CO)=C)(C(C=O)O)O)=O
Formose	G5	C(C(C(CO)=C)(C(CO)O)O)=O
Formose	G5	C(C(C(CO)=C)(CCO)O)=O
Formose	G5	C(C(C(CO)=C)(CO)O)=O
Formose	G5	C(C(C(CO)=C)C(CO)O)=O
Formose	G5	C(C(C(CO)=O)(C(C)O)O)=O
Formose	G5	C(C(C(CO)=O)(C(C=C)O)O)=O
Formose	G5	C(C(C(CO)=O)(C)O)(O)=O
Formose	G5	C(C(C(CO)=O)(CC(C)O)O)=O
Formose	G5	C(C(C(CO)=O)C(C(C)O)O)=O
Formose	G5	C(C(C(CO)=O)C(CO)CO)=O
Formose	G5	C(C(C(CO)=O)CC(CO)O)=O
Formose	G5	C(C(C(CO)=O)O)(C(C=C)O)=O
Formose	G5	C(C(C(CO)C(C(C)O)O)=O)=O
Formose	G5	C(C(C(CO)C(CCO)O)O)=O
Formose	G5	C(C(C(CO)C(CCO)O)O)O
Formose	G5	C(C(C(CO)C(CO)(C)O)O)=O
Formose	G5	C(C(C(CO)C(CO)CO)=O)=O
Formose	G5	C(C(C(CO)CC(CO)=O)O)=O
Formose	G5	C(C(C(CO)CC(CO)O)=O)=O
Formose	G5	C(C(C(CO)CO)C(C=O)O)=O
Formose	G5	C(C(C(CO)CO)O)(C(C)O)=O
Formose	G5	C(C(C(CO)CO)O)(CCO)=O
Formose	G5	C(C(C(CO)CO)O)=CC=O
Formose	G5	C(C(C(CO)O)(C(C=C)O)O)=O
Formose	G5	C(C(C(CO)O)(CC(C)O)O)=O
Formose	G5	C(C(C(CO)O)=O)(C(CO)C)=O
Formose	G5	C(C(C(CO)O)=O)(CC(C)O)=O
Formose	G5	C(C(C(CO)O)=O)(CCCO)=O
Formose	G5	C(C(C(CO)O)C(C(C)O)O)=O
Formose	G5	C(C(C(CO)O)C(C=C)O)=O
Formose	G5	C(C(C(CO)O)C(C=O)CO)=O
Formose	G5	C(C(C(CO)O)C(CO)O)O
Formose	G5	C(C(C(CO)O)CC(CO)=O)=O
Formose	G5	C(C(C(CO)O)O)(C(C=C)O)=O
Formose	G5	C(C(C(CO)O)O)(CC(C)=O)=O
Formose	G5	C(C(C(CO)O)O)(CC(C)O)=O
Formose	G5	C(C(C(CO)O)O)(CCCO)=O
Formose	G5	C(C(C(CO)O)O)=CCO
Formose	G5	C(C(C(O)=O)(C)O)(O)=O
Formose	G5	C(C(C)(C(C(C(C)=O)O)O)O)=O
Formose	G5	C(C(C)(C(C(C(C)O)=O)O)O)=O
Formose	G5	C(C(C)(C(C(C(C)O)O)O)O)=O
Formose	G5	C(C(C)(C(C(C)O)O)O)(O)=O
Formose	G5	C(C(C)(C(C(C)O)O)O)=O
Formose	G5	C(C(C)(C(C(C=C)O)O)O)=O
Formose	G5	C(C(C)(C(C(CCO)O)O)O)=O
Formose	G5	C(C(C)(C(C(CO)=O)(C)O)O)=O
Formose	G5	C(C(C)(C(C(CO)CO)O)O)=O
Formose	G5	C(C(C)(C(C(CO)O)O)O)=O
Formose	G5	C(C(C)(C(C)(C(C=O)O)O)O)=O
Formose	G5	C(C(C)(C(C)(C(CO)O)O)O)=O
Formose	G5	C(C(C)(C(C=C)(CO)O)O)=O
Formose	G5	C(C(C)(C(C=CCO)O)O)=O
Formose	G5	C(C(C)(C(C=O)O)O)(C(C)O)=O
Formose	G5	C(C(C)(C(CC(C)=O)O)O)(O)=O
Formose	G5	C(C(C)(C(CC(C)O)O)O)=O
Formose	G5	C(C(C)(C(CC(C=O)O)O)O)=O
Formose	G5	C(C(C)(C(CC(CO)=O)O)O)=O
Formose	G5	C(C(C)(C(CC(CO)O)O)O)=O
Formose	G5	C(C(C)(C(CCO)O)O)=O
Formose	G5	C(C(C)(C(CO)(C(C)O)O)O)=O
Formose	G5	C(C(C)(C(CO)(C)O)O)=O
Formose	G5	C(C(C)(C(CO)(CCO)O)O)=O
Formose	G5	C(C(C)(C(CO)C(C)O)O)=O
Formose	G5	C(C(C)(C(CO)C(CO)O)O)=O
Formose	G5	C(C(C)(C(CO)CO)O)=O
Formose	G5	C(C(C)(CC(C(CO)=O)O)O)=O
Formose	G5	C(C(C)(CC(C(CO)O)O)O)=O
Formose	G5	C(C(C)(CC(C=O)O)O)(O)=O
Formose	G5	C(C(C)(CC(CCO)O)O)=O
Formose	G5	C(C(C)(CC(O)=O)O)(O)=O
Formose	G5	C(C(C)(CC=O)O)(C(CO)O)=O
Formose	G5	C(C(C)(CCC(CO)=O)O)(O)=O
Formose	G5	C(C(C)(CCC(O)=O)O)(O)=O
Formose	G5	C(C(C)=O)(C(C(C(C)O)O)O)=O
Formose	G5	C(C(C)=O)(C(C)(C(CO)O)O)=O
Formose	G5	C(C(C)=O)(C(CC(CO)O)O)=O
Formose	G5	C(C(C)=O)(C(CO)(C(C)O)O)=O
Formose	G5	C(C(C)=O)(C(CO)(CCO)O)=O
Formose	G5	C(C(C)=O)(C(CO)(CO)O)=O
Formose	G5	C(C(C)=O)(C(CO)C(CO)O)=O
Formose	G5	C(C(C)=O)(CC(C(CO)O)O)=O
Formose	G5	C(C(C)=O)(CC(CO)(CO)O)=O
Formose	G5	C(C(C)C(C(C(CO)O)=O)O)=O
Formose	G5	C(C(C)C(C(CO)=O)(CO)O)=O
Formose	G5	C(C(C)C(C=O)(C(CO)O)O)=O
Formose	G5	C(C(C)O)(C(C(C)=O)(CO)O)=O
Formose	G5	C(C(C)O)(C(C(CO)=O)(C)O)=O
Formose	G5	C(C(C)O)(C(C(CO)=O)CO)=O
Formose	G5	C(C(C)O)(C(C)(C(CO)O)O)=O
Formose	G5	C(C(C)O)(C(CO)(C(C)O)O)=O
Formose	G5	C(C(C)O)(C(CO)(CCO)O)=O
Formose	G5	C(C(C)O)(C(CO)(CO)O)=O
Formose	G5	C(C(C)O)(CC(C(C=O)O)O)=O
Formose	G5	C(C(C1(C(CC(C1)O)O)O)=O)=O
Formose	G5	C(C(C1C(O)OCC1(C)O)O)=O
Formose	G5	C(C(C1C(O)OCC=1CO)O)=O
Formose	G5	C(C(C1CC(C(C1O)O)O)=O)=O
Formose	G5	C(C(C1COC(C1(C)O)O)O)=O
Formose	G5	C(C(C=C)(C(C(C)O)O)O)=O
Formose	G5	C(C(C=C)(C(C(C=O)O)O)O)=O
Formose	G5	C(C(C=C)(C(CCO)O)O)=O
Formose	G5	C(C(C=C)(C(CO)(C)O)O)=O
Formose	G5	C(C(C=C)(C(CO)(CO)O)O)=O
Formose	G5	C(C(C=C)(C(CO)CO)O)=O
Formose	G5	C(C(C=C)C(C(CO)O)O)=O
Formose	G5	C(C(C=C)C(CO)(CO)O)=O
Formose	G5	C(C(C=O)(C(C=C)(CO)O)O)=O
Formose	G5	C(C(C=O)(C(CO)(C)O)O)=O
Formose	G5	C(C(C=O)(C(CO)CO)O)=O
Formose	G5	C(C(C=O)(CO)C(C(C)O)O)=O
Formose	G5	C(C(C=O)C(C(CO)CO)O)=O
Formose	G5	C(C(C=O)C(CO)(C(C)O)O)=O
Formose	G5	C(C(C=O)C(CO)(CO)CO)=O
Formose	G5	C(C(C=O)C(CO)C(CO)O)=O
Formose	G5	C(C(C=O)CC(C(CO)O)O)=O
Formose	G5	C(C(C=O)CC(CO)(CO)O)=O
Formose	G5	C(C(CC(C(C)=O)(CO)O)O)=O
Formose	G5	C(C(CC(C(C)O)O)=O)(O)=O
Formose	G5	C(C(CC(C(CO)=O)(C)O)O)=O
Formose	G5	C(C(CC(C(CO)CO)O)=O)=O
Formose	G5	C(C(CC(C(CO)CO)O)O)=O
Formose	G5	C(C(CC(C(CO)CO)O)O)O
Formose	G5	C(C(CC(C)(C(C=O)O)O)O)=O
Formose	G5	C(C(CC(C)(C(CO)O)O)O)=O
Formose	G5	C(C(CC(C)O)(CC(O)=O)O)=O
Formose	G5	C(C(CC(C)O)O)(C(CO)O)=O
Formose	G5	C(C(CC(C=O)O)(CCO)O)=O
Formose	G5	C(C(CC(C=O)O)O)(CCO)=O
Formose	G5	C(C(CC(CCO)O)O)O
Formose	G5	C(C(CC(CO)(C(C)O)O)=O)=O
Formose	G5	C(C(CC(CO)(C)O)O)(O)=O
Formose	G5	C(C(CC(CO)(CCO)O)O)=O
Formose	G5	C(C(CC(CO)(CO)CO)=O)=O
Formose	G5	C(C(CC(CO)C(CO)O)=O)=O
Formose	G5	C(C(CC(CO)O)C(C=O)O)=O
Formose	G5	C(C(CC)(C(C(CO)=O)O)O)=O
Formose	G5	C(C(CC)(C(C=O)(CO)O)O)=O
Formose	G5	C(C(CC)=O)(C(CO)(CO)O)=O
Formose	G5	C(C(CCC(C)O)O)(O)=O
Formose	G5	C(C(CCC(CO)=O)O)(O)=O
Formose	G5	C(C(CCC(O)=O)CO)(O)=O
Formose	G5	C(C(CCC=O)(C(CO)O)O)=O
Formose	G5	C(C(CCCO)(C(C=O)O)O)=O
Formose	G5	C(C(CCO)(C(C(C)O)O)O)=O
Formose	G5	C(C(CCO)(C(C=C)O)O)=O
Formose	G5	C(C(CCO)(C(CCO)O)O)O
Formose	G5	C(C(CCO)(C(CO)CO)O)=O
Formose	G5	C(C(CCO)(C(CO)CO)O)O
Formose	G5	C(C(CCO)(CC(C)O)O)=O
Formose	G5	C(C(CCO)(CC(CO)O)O)=O
Formose	G5	C(C(CCO)(CCO)O)O
Formose	G5	C(C(CCO)=O)(C(CO)(C)O)=O
Formose	G5	C(C(CCO)=O)(C(CO)CO)=O
Formose	G5	C(C(CCO)=O)(CC(CO)O)=O
Formose	G5	C(C(CCO)C(C(CO)=O)O)=O
Formose	G5	C(C(CCO)C(C(CO)O)O)=O
Formose	G5	C(C(CCO)C(C=O)(CO)O)=O
Formose	G5	C(C(CCO)C(CO)(CO)O)=O
Formose	G5	C(C(CCO)C(CO)O)=O
Formose	G5	C(C(CCO)O)(C(C(C)=O)O)=O
Formose	G5	C(C(CCO)O)(C(C)O)=O
Formose	G5	C(C(CCO)O)(C(CCO)O)=O
Formose	G5	C(C(CCO)O)(C(CO)(C)O)=O
Formose	G5	C(C(CCO)O)(C(CO)CO)=O
Formose	G5	C(C(CCO)O)(C(CO)O)=O
Formose	G5	C(C(CCO)O)(CC(C)O)=O
Formose	G5	C(C(CCO)O)(CC(CO)=O)=O
Formose	G5	C(C(CCO)O)(CC(CO)O)=O
Formose	G5	C(C(CO)(C(C(C)=O)(C)O)O)=O
Formose	G5	C(C(CO)(C(C(C)O)O)O)=O
Formose	G5	C(C(CO)(C(C(C=C)O)O)O)=O
Formose	G5	C(C(CO)(C(C(C=O)=C)O)O)=O
Formose	G5	C(C(CO)(C(C(C=O)=O)O)O)=C
Formose	G5	C(C(CO)(C(C(CC)=O)O)O)=O
Formose	G5	C(C(CO)(C(C(CO)=O)C)O)=O
Formose	G5	C(C(CO)(C(C)(CCO)O)O)=O
Formose	G5	C(C(CO)(C(C)O)C(C)O)=O
Formose	G5	C(C(CO)(C(C=C)(CO)O)O)=O
Formose	G5	C(C(CO)(C(C=C)O)O)=O
Formose	G5	C(C(CO)(C(C=CC)O)O)=O
Formose	G5	C(C(CO)(C(C=CCO)O)O)=O
Formose	G5	C(C(CO)(C(C=O)O)O)(CC)=O
Formose	G5	C(C(CO)(C(CC(C)=O)O)O)=O
Formose	G5	C(C(CO)(C(CC=C)O)O)=O
Formose	G5	C(C(CO)(C(CCC=O)O)O)=O
Formose	G5	C(C(CO)(C(CO)C(C)O)O)=O
Formose	G5	C(C(CO)(C(CO)CC=O)O)=O
Formose	G5	C(C(CO)(C(CO)CO)O)=O
Formose	G5	C(C(CO)(C(CO)CO)O)O
Formose	G5	C(C(CO)(C(CO)O)C(C)O)=O
Formose	G5	C(C(CO)(C(CO)O)CC=O)=O
Formose	G5	C(C(CO)(C)O)(C(C(C)=O)O)=O
Formose	G5	C(C(CO)(CC(C(C)O)=O)O)=O
Formose	G5	C(C(CO)(CC(C)=O)O)(O)=O
Formose	G5	C(C(CO)(CC(C)O)O)(O)=O
Formose	G5	C(C(CO)(CC(CCO)=O)O)=O
Formose	G5	C(C(CO)(CC(CCO)O)O)=O
Formose	G5	C(C(CO)(CC(CCO)O)O)O
Formose	G5	C(C(CO)(CC=O)O)(C(C)O)=O
Formose	G5	C(C(CO)(CCC(CO)=O)O)=O
Formose	G5	C(C(CO)(CO)C(C(C)=O)O)=O
Formose	G5	C(C(CO)(CO)C(C(C)O)O)=O
Formose	G5	C(C(CO)(CO)C(C)(CO)O)=O
Formose	G5	C(C(CO)(CO)C(C)O)=O
Formose	G5	C(C(CO)(CO)C(C=C)O)=O
Formose	G5	C(C(CO)(CO)C(C=O)(C)O)=O
Formose	G5	C(C(CO)(CO)C(CC=O)O)=O
Formose	G5	C(C(CO)(CO)C(CCO)O)=O
Formose	G5	C(C(CO)(CO)C(CO)O)=O
Formose	G5	C(C(CO)(CO)CC(CO)=O)=O
Formose	G5	C(C(CO)(CO)CO)=O
Formose	G5	C(C(CO)(CO)O)(C(C=C)O)=O
Formose	G5	C(C(CO)(CO)O)(CC(C)=O)=O
Formose	G5	C(C(CO)=O)(C(C(C)O)O)=O
Formose	G5	C(C(CO)=O)(C(C)C(CO)O)=O
Formose	G5	C(C(CO)=O)(C(CCO)O)=O
Formose	G5	C(C(CO)=O)(C(CO)C(C)O)=O
Formose	G5	C(C(CO)=O)(C(CO)CCO)=O
Formose	G5	C(C(CO)=O)(CC(C(C)O)O)=O
Formose	G5	C(C(CO)=O)(CCC(CO)O)=O
Formose	G5	C(C(CO)C(C(C)O)O)=O
Formose	G5	C(C(CO)C(C(C=C)O)O)=O
Formose	G5	C(C(CO)C(C(C=O)(C)O)O)=O
Formose	G5	C(C(CO)C(C(CCO)O)O)O
Formose	G5	C(C(CO)C(C(CO)=O)CO)=O
Formose	G5	C(C(CO)C(C(CO)CO)O)=O
Formose	G5	C(C(CO)C(C(CO)O)O)O
Formose	G5	C(C(CO)C(C=C)(CO)O)=O
Formose	G5	C(C(CO)C(C=CCO)O)=O
Formose	G5	C(C(CO)C(C=O)O)(C(C)O)=O
Formose	G5	C(C(CO)C(C=O)O)(CCO)=O
Formose	G5	C(C(CO)C(CCO)O)O
Formose	G5	C(C(CO)C(CO)(C(C)O)O)=O
Formose	G5	C(C(CO)C(CO)C(C=O)O)=O
Formose	G5	C(C(CO)C(CO)O)O
Formose	G5	C(C(CO)CC(C(C=O)O)O)=O
Formose	G5	C(C(CO)CC(C(CO)O)=O)=O
Formose	G5	C(C(CO)CC=O)(C(CO)O)=O
Formose	G5	C(C(CO)CO)(C(C(C)=O)O)=O
Formose	G5	C(C(CO)CO)(CC(CO)=O)=O
Formose	G5	C(C(CO)CO)O
Formose	G5	C(C(CO)O)(C(C(C)=O)CO)=O
Formose	G5	C(C(CO)O)(C(C(C=C)=O)O)=O
Formose	G5	C(C(CO)O)(C(C(CO)=C)O)=O
Formose	G5	C(C(CO)O)(C(C)(C(C)O)O)=O
Formose	G5	C(C(CO)O)(C(C=C)(CO)O)=O
Formose	G5	C(C(CO)O)(C(C=CCO)O)=O
Formose	G5	C(C(CO)O)(C(CO)(C)O)=O
Formose	G5	C(C(CO)O)(C(CO)C(C)O)=O
Formose	G5	C(C(CO)O)(CC(C(C)O)=O)=O
Formose	G5	C(C(CO)O)(CC(C(C)O)O)=O
Formose	G5	C(C(CO)O)(CC(CO)=C)=O
Formose	G5	C(C(CO)O)(CC=CCO)=O
Formose	G5	C(C(CO)O)(CCCO)=O
Formose	G5	C(C(CO)O)=C1C(C(OC1)O)=O
Formose	G5	C(C(CO)O)=C1C(COC1O)=O
Formose	G5	C(C(CO)O)=C1C(OCC1O)=O
Formose	G5	C(C)(C(C(C(C)O)O)O)=O
Formose	G5	C(C)(C(C(C(C=C)O)O)O)=O
Formose	G5	C(C)(C(C(C(CO)CO)O)O)=O
Formose	G5	C(C)(C(C(C(CO)O)=C)O)=O
Formose	G5	C(C)(C(C(C)O)(C(C)O)O)=O
Formose	G5	C(C)(C(C(C)O)(CCO)O)=O
Formose	G5	C(C)(C(C(C=CCO)O)O)=O
Formose	G5	C(C)(C(C(CO)(C(C)O)O)O)=O
Formose	G5	C(C)(C(C(CO)=C)(CO)O)=O
Formose	G5	C(C)(C(C(CO)=O)(C(C)O)O)=O
Formose	G5	C(C)(C(C(CO)=O)(CO)CO)=O
Formose	G5	C(C)(C(C(CO)=O)C(CO)O)=O
Formose	G5	C(C)(C(C(CO)C(C)O)O)=O
Formose	G5	C(C)(C(C(CO)C(CO)O)O)=O
Formose	G5	C(C)(C(C(CO)CO)O)=O
Formose	G5	C(C)(C(C(CO)O)(C(C)O)O)=O
Formose	G5	C(C)(C(C(CO)O)(CCO)O)=O
Formose	G5	C(C)(C(C)(C(C(CO)=O)O)O)=O
Formose	G5	C(C)(C(C1C(O)OCC1O)O)=O
Formose	G5	C(C)(C(C1COC(C1O)O)O)=O
Formose	G5	C(C)(C(C=CCO)(CO)O)=O
Formose	G5	C(C)(C(CC(C(CO)=O)O)O)=O
Formose	G5	C(C)(C(CC(C(CO)O)O)O)=O
Formose	G5	C(C)(C(CC(CCO)O)O)=O
Formose	G5	C(C)(C(CCO)(C(C=O)O)O)=O
Formose	G5	C(C)(C(CO)(C(C(C)O)O)O)=O
Formose	G5	C(C)(C(CO)(C(C=C)O)O)=O
Formose	G5	C(C)(C(CO)(C(CO)CO)O)=O
Formose	G5	C(C)(C(CO)(CCO)O)=O
Formose	G5	C(C)(C(CO)C(C(CO)O)O)=O
Formose	G5	C(C)(C(CO)C(CO)O)=O
Formose	G5	C(C)(C1(C(C(C(C1)O)O)O)O)=O
Formose	G5	C(C)(C1(C(C(CC1O)O)O)O)=O
Formose	G5	C(C)(C1(C(C(CO1)(C)O)O)O)=O
Formose	G5	C(C)(C1(C(C(CO1)O)O)O)=O
Formose	G5	C(C)(C1(C(C)OC(C1O)O)O)=O
Formose	G5	C(C)(C1(C(C=CC1O)O)O)=O
Formose	G5	C(C)(C1(C(CC(C1)O)O)O)=O
Formose	G5	C(C)(C1(C(O)OCC1(C)O)O)=O
Formose	G5	C(C)(C1(CC(C(C1O)=O)O)O)=O
Formose	G5	C(C)(C1(COC(C)(C1O)O)O)=O
Formose	G5	C(C)(C1(COC(C1(C)O)O)O)=O
Formose	G5	C(C)(C1(COC(C1CO)O)O)=O
Formose	G5	C(C)(C1(COC(C1O)O)O)=O
Formose	G5	C(C)(C1C(C(C(C)(O1)O)O)O)=O
Formose	G5	C(C)(C1C(C(CO)C(O1)O)O)=O
Formose	G5	C(C)(C1C(C)(C(C(O1)O)O)O)=O
Formose	G5	C(C)(C1C(CO)C(C(O1)O)O)=O
Formose	G5	C(C)(C1C(O)OC(CO)C1O)=O
Formose	G5	C(C)(C1C(O)OCC(C1O)O)=O
Formose	G5	C(C)(CC(C(C(CO)=O)O)O)=O
Formose	G5	C(C1(C(C(C(C1)=O)CO)O)O)=O
Formose	G5	C(C1(C(C(C(C1)O)O)=O)O)=O
Formose	G5	C(C1(C(C(C(CO)O1)O)=C)O)=O
Formose	G5	C(C1(C(C(C(CO1)O)O)=C)O)=O
Formose	G5	C(C1(C(C(C(O)OC1)O)=C)O)=O
Formose	G5	C(C1(C(C(C(O1)O)O)=C)CO)=O
Formose	G5	C(C1(C(C(C)(CC1O)O)O)O)=O
Formose	G5	C(C1(C(C(CC1(C)O)O)=O)O)=O
Formose	G5	C(C1(C(C(CC1O)O)=O)CO)=O
Formose	G5	C(C1(C(C(CC1O)O)=O)O)=O
Formose	G5	C(C1(C(C(CC1O)O)O)O)O
Formose	G5	C(C1(C(C(CO)(CO1)O)=C)O)=O
Formose	G5	C(C1(C(C(CO)C(C1)O)=O)O)=O
Formose	G5	C(C1(C(C(CO)C(C1)O)O)O)=O
Formose	G5	C(C1(C(C(CO1)(C)O)O)O)=O
Formose	G5	C(C1(C(C(O)OC1)=CCO)O)=O
Formose	G5	C(C1(C(C(O)OC1CO)=C)O)=O
Formose	G5	C(C1(C(C(O)OCC1O)=C)O)=O
Formose	G5	C(C1(C(C)(C(C(C1)=O)O)O)O)=O
Formose	G5	C(C1(C(C)(C(CO1)(C)O)O)O)=O
Formose	G5	C(C1(C(C)(C(CO1)O)O)O)=O
Formose	G5	C(C1(C(C)(O)OCC1(C)O)O)=O
Formose	G5	C(C1(C(C)C(C(C1O)=O)O)O)=O
Formose	G5	C(C1(C(C)OC(C)(C1O)O)O)=O
Formose	G5	C(C1(C(C)OC(C1(C)O)O)O)=O
Formose	G5	C(C1(C(C)OC(C1CO)O)O)=O
Formose	G5	C(C1(C(C)OC(C1O)O)O)=O
Formose	G5	C(C1(C(C=CC1O)O)O)=O
Formose	G5	C(C1(C(CC(C(C1)=O)O)O)O)=O
Formose	G5	C(C1(C(CC(C1(C)O)O)O)O)=O
Formose	G5	C(C1(C(CC(C1CO)O)=O)O)=O
Formose	G5	C(C1(C(CC(C1CO)O)O)O)=O
Formose	G5	C(C1(C(CC(C1O)O)=O)CO)=O
Formose	G5	C(C1(C(CC(CC1O)O)O)O)=O
Formose	G5	C(C1(C(CC(CO)(C1)O)=O)O)=O
Formose	G5	C(C1(C(CC(CO)C1O)=O)O)=O
Formose	G5	C(C1(C(CCC(C1O)=O)O)O)=O
Formose	G5	C(C1(C(CCC1(C=O)O)O)O)=O
Formose	G5	C(C1(C(CCC1(CO)O)=O)O)=O
Formose	G5	C(C1(C(CO)(CC(C1)=O)O)O)=O
Formose	G5	C(C1(C(CO)=C(CO)CO1)O)=O
Formose	G5	C(C1(C(CO)=CC(CO1)O)O)=O
Formose	G5	C(C1(C(CO)=CC(O)OC1)O)=O
Formose	G5	C(C1(C(CO)=CC(O1)O)CO)=O
Formose	G5	C(C1(C(CO)C(CO1)(C)O)O)=O
Formose	G5	C(C1(C(CO)CC(C1O)=O)O)=O
Formose	G5	C(C1(C(CO)OC(C1O)=C)O)=O
Formose	G5	C(C1(C(COC(C1O)=C)O)O)=O
Formose	G5	C(C1(C(O)OCC1(C)O)CO)=O
Formose	G5	C(C1(C(O)OCC1O)CO)=O
Formose	G5	C(C1(C(O)OCC1O)O)=O
Formose	G5	C(C1(C(OC(CO)C1O)=C)O)=O
Formose	G5	C(C1(C(OCC(C1O)O)=C)O)=O
Formose	G5	C(C1(C(OCC1(CO)O)=C)O)=O
Formose	G5	C(C1(C=CC(C1(CO)O)O)O)=O
Formose	G5	C(C1(C=CC(C1O)O)O)=O
Formose	G5	C(C1(C=CC(CO)(C1O)O)O)=O
Formose	G5	C(C1(CC(C(C1(C)O)O)O)O)=O
Formose	G5	C(C1(CC(C(C1)=O)(CO)O)O)=O
Formose	G5	C(C1(CC(C(C1CO)O)O)O)=O
Formose	G5	C(C1(CC(C(C1O)=O)(C)O)O)=O
Formose	G5	C(C1(CC(C(C1O)=O)CO)O)=O
Formose	G5	C(C1(CC(C(C1O)=O)O)O)=O
Formose	G5	C(C1(CC(C(C1O)O)O)O)O
Formose	G5	C(C1(CC(C=O)(CC1O)O)O)=O
Formose	G5	C(C1(CC(CC1(CO)O)O)O)=O
Formose	G5	C(C1(CC(CC1O)O)O)O
Formose	G5	C(C1(CC(CO)(CC1O)O)O)=O
Formose	G5	C(C1(CC(O)OCC1(C)O)O)=O
Formose	G5	C(C1(CC(O)OCC1CO)O)=O
Formose	G5	C(C1(CCC(C(C1O)=O)O)O)=O
Formose	G5	C(C1(CCOC(C1(C)O)O)O)=O
Formose	G5	C(C1(CCOC(C1CO)O)O)=O
Formose	G5	C(C1(CO)C(C(C(C1)=O)O)O)=O
Formose	G5	C(C1(CO)C(C(C(O1)=C)O)O)=O
Formose	G5	C(C1(CO)C(C(CC1O)O)O)=O
Formose	G5	C(C1(CO)C(C)OC(C1O)O)=O
Formose	G5	C(C1(CO)C(C=CC1O)O)=O
Formose	G5	C(C1(CO)C(CC(C1O)=O)O)=O
Formose	G5	C(C1(COC(C(C1O)O)=C)O)=O
Formose	G5	C(C1(COC(C1(C=C)O)O)O)=O
Formose	G5	C(C1(COC(C1C(C)O)O)O)=O
Formose	G5	C(C1(COC(C1CO)O)O)=O
Formose	G5	C(C1(COC(C1O)O)CO)=O
Formose	G5	C(C1(COC(C=C)(C1O)O)O)=O
Formose	G5	C(C1(COC(CC1(C)O)O)O)=O
Formose	G5	C(C1C(C(C(C(C1)=O)O)O)O)=O
Formose	G5	C(C1C(C(C(C1(C)O)=O)O)O)=O
Formose	G5	C(C1C(C(C(C1(C)O)O)O)O)=O
Formose	G5	C(C1C(C(C(C1)=O)(CO)O)O)=O
Formose	G5	C(C1C(C(C(C1C=O)O)O)O)=O
Formose	G5	C(C1C(C(C(C1CO)O)O)=O)=O
Formose	G5	C(C1C(C(C(C1O)=O)(C)O)O)=O
Formose	G5	C(C1C(C(C(C1O)=O)O)O)=O
Formose	G5	C(C1C(C(C(C1O)O)O)O)O
Formose	G5	C(C1C(C(C(CC1O)O)O)O)=O
Formose	G5	C(C1C(C(C(CO)(C1)O)O)=O)=O
Formose	G5	C(C1C(C(C(CO)(O1)O)O)=C)=O
Formose	G5	C(C1C(C(C(CO)C1O)O)=O)=O
Formose	G5	C(C1C(C(C(CO)O1)O)O)=O
Formose	G5	C(C1C(C(C(CO1)O)O)O)=O
Formose	G5	C(C1C(C(C(O1)O)(CO)O)=C)=O
Formose	G5	C(C1C(C(C)(C(C1O)O)O)=O)=O
Formose	G5	C(C1C(C(C)(C(C1O)O)O)O)=O
Formose	G5	C(C1C(C(C)(C(O1)O)O)O)=O
Formose	G5	C(C1C(C(C)(CC1O)O)O)=O
Formose	G5	C(C1C(C(C=O)(C(C1)O)O)O)=O
Formose	G5	C(C1C(C(CC(C1O)O)O)=O)=O
Formose	G5	C(C1C(C(CC1(CO)O)O)=O)=O
Formose	G5	C(C1C(C(CC1(CO)O)O)O)=O
Formose	G5	C(C1C(C(CC1O)O)O)O
Formose	G5	C(C1C(C(CO)(C(C1)O)O)=O)=O
Formose	G5	C(C1C(C(CO)(CC1O)O)O)=O
Formose	G5	C(C1C(C(CO)(CO1)O)O)=O
Formose	G5	C(C1C(C(CO)C(C1O)O)=O)=O
Formose	G5	C(C1C(C(CO)C(C1O)O)O)=O
Formose	G5	C(C1C(C(O)OCC1(C)O)O)=O
Formose	G5	C(C1C(C)(C(C(C)(O1)O)O)O)=O
Formose	G5	C(C1C(C)(C(C(C1O)=O)O)O)=O
Formose	G5	C(C1C(C)(C(CO)C(O1)O)O)=O
Formose	G5	C(C1C(C)(O)OC(CO)C1O)=O
Formose	G5	C(C1C(C)(O)OCC(C1O)O)=O
Formose	G5	C(C1C(C)OC(C(C1O)O)O)=O
Formose	G5	C(C1C(C)OC(C1(CO)O)O)=O
Formose	G5	C(C1C(CC(C(C1O)=O)O)O)=O
Formose	G5	C(C1C(CC(C1(C)O)O)O)=O
Formose	G5	C(C1C(CC(C1(CO)O)=O)O)=O
Formose	G5	C(C1C(CC(C1(CO)O)O)=O)=O
Formose	G5	C(C1C(CC(C1(CO)O)O)O)=O
Formose	G5	C(C1C(CC(CC1O)O)O)=O
Formose	G5	C(C1C(CC(CO)(C1O)O)=O)=O
Formose	G5	C(C1C(CCO)OC(C1O)O)=O
Formose	G5	C(C1C(CO)(C(C(C1)=O)O)O)=O
Formose	G5	C(C1C(CO)(C(CO1)O)O)=O
Formose	G5	C(C1C(CO)(O)OCC1(C)O)=O
Formose	G5	C(C1C(CO)C(C(C)(O1)O)O)=O
Formose	G5	C(C1C(CO)C(C(C1O)=O)O)=O
Formose	G5	C(C1C(CO)C(C(O1)O)O)=O
Formose	G5	C(C1C(CO)C(C)(C(O1)O)O)=O
Formose	G5	C(C1C(CO)OC(C)(C1O)O)=O
Formose	G5	C(C1C(CO)OC(C1(C)O)O)=O
Formose	G5	C(C1C(COC(C)(C1O)O)O)=O
Formose	G5	C(C1C(COC(C1(C)O)O)O)=O
Formose	G5	C(C1C(O)OC(C)C(C1O)O)=O
Formose	G5	C(C1C(O)OC(C1O)C(C)O)=O
Formose	G5	C(C1C(O)OC(C1O)CCO)=O
Formose	G5	C(C1C(O)OC(CO)C1(C)O)=O
Formose	G5	C(C1C(O)OCC(C1(C)O)O)=O
Formose	G5	C(C1C(O)OCC1(CCO)O)=O
Formose	G5	C(C1C(O)OCCC1(CO)O)=O
Formose	G5	C(C1CC(C(C(C1O)=O)O)O)=O
Formose	G5	C(C1CC(C(C1(C=O)O)O)O)=O
Formose	G5	C(C1CC(C(C1(CO)O)=O)O)=O
Formose	G5	C(C1CC(C(C1O)=O)(CO)O)=O
Formose	G5	C(C1CC(O)OCC1(CO)O)=O
Formose	G5	C(C1COC(C(C1(C)O)O)O)=O
Formose	G5	C(C1COC(C(C1O)O)O)=O
Formose	G5	C(C1COC(C(CO)C1O)O)=O
Formose	G5	C(C1COC(C)(C(C1O)O)O)=O
Formose	G5	C(C1COC(C)(C1(CO)O)O)=O
Formose	G5	C(C1COC(C1(C(C)O)O)O)=O
Formose	G5	C(C1COC(C1(CCO)O)O)=O
Formose	G5	C(C1COC(C1(CO)O)O)=O
Formose	G5	C(C1COC(C1O)(CCO)O)=O
Formose	G5	C(C1COC(CC1(CO)O)O)=O
Formose	G5	C(C1COC(CO)(C1(C)O)O)=O
Formose	G5	C(C1COC(CO)(C1O)O)=O
Formose	G5	C(CC(C(C(C(C)O)=O)O)O)=O
Formose	G5	C(CC(C(C(C(C)O)O)=O)O)=O
Formose	G5	C(CC(C(C(C(C)O)O)O)=O)=O
Formose	G5	C(CC(C(C(C(C)O)O)O)O)=O
Formose	G5	C(CC(C(C(C)(CO)O)O)O)=O
Formose	G5	C(CC(C(C(C)O)O)O)(O)=O
Formose	G5	C(CC(C(C(CCO)O)=O)O)=O
Formose	G5	C(CC(C(C(CCO)O)O)O)=O
Formose	G5	C(CC(C(C(CO)(C)O)=O)O)=O
Formose	G5	C(CC(C(C(CO)=O)(C)O)O)=O
Formose	G5	C(CC(C(C(CO)CO)O)=O)=O
Formose	G5	C(CC(C(C(CO)CO)O)O)=O
Formose	G5	C(CC(C(C)(C(CO)O)O)=O)=O
Formose	G5	C(CC(C(C)(C(CO)O)O)O)=O
Formose	G5	C(CC(C(C)(CCO)O)O)=O
Formose	G5	C(CC(C(C)O)(C(C=O)O)O)=O
Formose	G5	C(CC(C(C=C)(CO)O)O)=O
Formose	G5	C(CC(C(CC(C)O)=O)O)(O)=O
Formose	G5	C(CC(C(CC(CO)O)O)=O)=O
Formose	G5	C(CC(C(CCO)O)O)O
Formose	G5	C(CC(C(CO)(CCO)O)=O)=O
Formose	G5	C(CC(C(CO)(CCO)O)O)=O
Formose	G5	C(CC(C(CO)(CO)CO)=O)=O
Formose	G5	C(CC(C(CO)=O)O)(C(C)O)=O
Formose	G5	C(CC(C(CO)=O)O)(CCO)=O
Formose	G5	C(CC(C(CO)C(C)O)O)=O
Formose	G5	C(CC(C(CO)C(CO)O)O)=O
Formose	G5	C(CC(C(CO)CO)O)=O
Formose	G5	C(CC(C(CO)O)(C(C)O)O)=O
Formose	G5	C(CC(C(CO)O)O)(CCO)=O
Formose	G5	C(CC(C(O)=O)O)(C(C)O)=O
Formose	G5	C(CC(C)(C(C(C)=O)O)O)(O)=O
Formose	G5	C(CC(C)(C(C(CO)=O)O)O)=O
Formose	G5	C(CC(C)(C(C(CO)O)O)O)=O
Formose	G5	C(CC(C)(C(CCO)O)O)=O
Formose	G5	C(CC(C)(C(CO)(CO)O)O)=O
Formose	G5	C(CC(C)(CC(CO)=O)O)(O)=O
Formose	G5	C(CC(C)(CO)O)(O)=O
Formose	G5	C(CC(C)C(C(CO)O)O)=O
Formose	G5	C(CC(C)C(CO)(CO)O)=O
Formose	G5	C(CC(C)O)(C(C(CO)=O)O)=O
Formose	G5	C(CC(C)O)(C(CO)(CO)O)=O
Formose	G5	C(CC(C1C(O)OCC1O)O)=O
Formose	G5	C(CC(C1COC(C1O)O)O)=O
Formose	G5	C(CC(C=C)(CO)O)(CO)=O
Formose	G5	C(CC(C=C)O)(C(CO)O)=O
Formose	G5	C(CC(C=O)O)(C(CCO)O)=O
Formose	G5	C(CC(C=O)O)(C(CO)CO)=O
Formose	G5	C(CC(CC(C(C)=O)O)O)(O)=O
Formose	G5	C(CC(CC(C(C)O)O)=O)(O)=O
Formose	G5	C(CC(CC(C(CO)=O)O)O)=O
Formose	G5	C(CC(CC(C)(CO)O)O)=O
Formose	G5	C(CC(CC(C)O)O)(O)=O
Formose	G5	C(CC(CC(CCO)O)O)=O
Formose	G5	C(CC(CC(CO)(CO)O)=O)=O
Formose	G5	C(CC(CCC(CO)=O)O)(O)=O
Formose	G5	C(CC(CCO)(C(CO)O)O)=O
Formose	G5	C(CC(CCO)O)O
Formose	G5	C(CC(CO)(C(C)(CO)O)O)=O
Formose	G5	C(CC(CO)(C(C=C)O)O)=O
Formose	G5	C(CC(CO)(C(CCO)O)O)=O
Formose	G5	C(CC(CO)(C(CO)CO)O)=O
Formose	G5	C(CC(CO)(CC(C)O)O)=O
Formose	G5	C(CC(CO)(CC(CO)O)O)=O
Formose	G5	C(CC(CO)(CO)C(C)O)=O
Formose	G5	C(CC(CO)(CO)C(C=O)O)=O
Formose	G5	C(CC(CO)(CO)C(CO)O)=O
Formose	G5	C(CC(CO)(CO)CCO)=O
Formose	G5	C(CC(CO)(CO)CO)=O
Formose	G5	C(CC(CO)C(C(C=O)O)O)=O
Formose	G5	C(CC(CO)C(C(CO)=O)O)=O
Formose	G5	C(CC(CO)C(C(CO)O)O)=O
Formose	G5	C(CC(CO)C(CCO)O)=O
Formose	G5	C(CC(CO)C(CO)(CO)O)=O
Formose	G5	C(CC(CO)C(CO)CO)=O
Formose	G5	C(CC(CO)C(CO)O)=O
Formose	G5	C(CC(CO)O)(C(C(C)=O)O)=O
Formose	G5	C(CC(CO)O)(CC(CO)=O)=O
Formose	G5	C(CC(CO)O)(CCO)=O
Formose	G5	C(CC1(C(C(CO1)(C)O)O)O)=O
Formose	G5	C(CC1(C(C)(O)OCC1O)O)=O
Formose	G5	C(CC1(C(CO)C(CO1)O)O)=O
Formose	G5	C(CC1(C(O)OCC1(C)O)O)=O
Formose	G5	C(CC1(C(O)OCC1CO)O)=O
Formose	G5	C(CC1(CC(C(C1O)=O)O)O)=O
Formose	G5	C(CC1(COC(C)(C1O)O)O)=O
Formose	G5	C(CC1(COC(C1(C)O)O)O)=O
Formose	G5	C(CC1(COC(C1CO)O)O)=O
Formose	G5	C(CC1(COC(CO)C1O)O)=O
Formose	G5	C(CC1C(C(C(C)(O)O1)O)O)=O
Formose	G5	C(CC1C(C(C(C1O)=O)O)O)=O
Formose	G5	C(CC1C(C(C(O)O1)CO)O)=O
Formose	G5	C(CC1C(C(C)(C(O)O1)O)O)=O
Formose	G5	C(CC1C(C)(C(C(O)O1)O)O)=O
Formose	G5	C(CC1C(CO)C(C(O)O1)O)=O
Formose	G5	C(CC1C(O)OCC1(CO)O)=O
Formose	G5	C(CCC(C(C(C)=O)O)O)(O)=O
Formose	G5	C(CCC(C(C(C)O)O)O)=O
Formose	G5	C(CCC(C(C(C=O)O)O)O)=O
Formose	G5	C(CCC(C(C(CO)=O)O)O)=O
Formose	G5	C(CCC(C(C(CO)O)=O)O)=O
Formose	G5	C(CCC(C(C(CO)O)O)O)=O
Formose	G5	C(CCC(C(CCO)O)O)=O
Formose	G5	C(CCC(C(CO)(CO)O)O)=O
Formose	G5	C(CCC(C(CO)=O)(CO)O)=O
Formose	G5	C(CCC(C(CO)O)=O)(CO)=O
Formose	G5	C(CCC(C(CO)O)O)=O
Formose	G5	C(CCC(C(O)=O)O)(O)=O
Formose	G5	C(CCC(C)(C(CO)O)O)=O
Formose	G5	C(CCC(CC(CO)=O)O)(O)=O
Formose	G5	C(CCC(CC(CO)O)O)=O
Formose	G5	C(CCC(CC(O)=O)O)(O)=O
Formose	G5	C(CCC(CO)(C(C)O)O)=O
Formose	G5	C(CCC(CO)(C(C=O)O)O)=O
Formose	G5	C(CCC(CO)(C(CO)O)O)=O
Formose	G5	C(CCC(CO)(CCO)O)=O
Formose	G5	C(CCC(CO)(CO)O)=O
Formose	G5	C(CCC(CO)C(CO)O)=O
Formose	G5	C(CCC1(C(C(CO1)O)O)O)=O
Formose	G5	C(CCC1(C(O)OCC1O)O)=O
Formose	G5	C(CCC1(COC(C1O)O)O)=O
Formose	G5	C(CCC=O)(C(CO)(CO)O)=O
Formose	G5	C(CCCC(C(CO)O)O)=O
Formose	G5	C(CCCC(C(O)=O)O)(O)=O
Formose	G5	C(CCCO)(C(C(CO)=O)O)=O
Formose	G5	C(CCO)(C(C(C(C)O)=O)O)=O
Formose	G5	C(CCO)(C(C(C)=O)(CO)O)=O
Formose	G5	C(CCO)(C(C(CCO)=O)O)=O
Formose	G5	C(CCO)(C(C(CO)=C)O)=O
Formose	G5	C(CCO)(C(C(CO)=O)CO)=O
Formose	G5	C(CCO)(C(C=CCO)O)=O
Formose	G5	C(CCO)(C(CO)(C(C)O)O)=O
Formose	G5	C(CCO)(C(CO)(CCO)O)=O
Formose	G5	C(CCO)(C(CO)C(CO)O)=O
Formose	G5	C(CCO)(C(CO)CO)=O
Formose	G5	C(CCO)(CC(C(C=O)O)O)=O
Formose	G5	C(CCO)(CC(C(CO)O)=O)=O
Formose	G5	C(CO)(C(C(C(C=C)O)O)O)=O
Formose	G5	C(CO)(C(C(C(C=O)=C)O)O)=O
Formose	G5	C(CO)(C(C(C(CO)=O)=C)O)=O
Formose	G5	C(CO)(C(C(C(CO)O)=C)O)=O
Formose	G5	C(CO)(C(C(C)O)(CC=O)O)=O
Formose	G5	C(CO)(C(C(C)O)C(C)O)=O
Formose	G5	C(CO)(C(C(C=C)=O)(CO)O)=O
Formose	G5	C(CO)(C(C(C=C)O)O)=O
Formose	G5	C(CO)(C(C(C=CC)O)O)=O
Formose	G5	C(CO)(C(C(C=CCO)O)O)=O
Formose	G5	C(CO)(C(C(CC=C)O)O)=O
Formose	G5	C(CO)(C(C(CO)=C)(CO)O)=O
Formose	G5	C(CO)(C(C(CO)=C)CO)=O
Formose	G5	C(CO)(C(C(CO)=C)O)=O
Formose	G5	C(CO)(C(C(CO)=O)(C)O)=O
Formose	G5	C(CO)(C(C(CO)=O)C(C)O)=O
Formose	G5	C(CO)(C(C(CO)C(C)O)O)=O
Formose	G5	C(CO)(C(C(CO)CO)O)=O
Formose	G5	C(CO)(C(C(CO)O)C(C)O)=O
Formose	G5	C(CO)(C(C(CO)O)CC=O)=O
Formose	G5	C(CO)(C(C)(C(C(C)O)O)O)=O
Formose	G5	C(CO)(C(C)(C(C)O)O)=O
Formose	G5	C(CO)(C(C)(C(C=C)O)O)=O
Formose	G5	C(CO)(C(C)(C(CCO)O)O)=O
Formose	G5	C(CO)(C(C)(C(CO)(C)O)O)=O
Formose	G5	C(CO)(C(C)(C(CO)CO)O)=O
Formose	G5	C(CO)(C(C)(C(CO)O)O)=O
Formose	G5	C(CO)(C(C)(CCO)O)=O
Formose	G5	C(CO)(C(C)C(C(CO)=O)O)=O
Formose	G5	C(CO)(C(C1C(O)OCC=1)O)=O
Formose	G5	C(CO)(C(C=C)(C(C)O)O)=O
Formose	G5	C(CO)(C(C=C)(C(CO)O)O)=O
Formose	G5	C(CO)(C(C=CCO)(CO)O)=O
Formose	G5	C(CO)(C(C=CCO)CO)=O
Formose	G5	C(CO)(C(C=CCO)O)=O
Formose	G5	C(CO)(C(CC(C)O)O)=O
Formose	G5	C(CO)(C(CC(CCO)O)O)=O
Formose	G5	C(CO)(C(CC(CO)(C)O)O)=O
Formose	G5	C(CO)(C(CC(CO)O)O)=O
Formose	G5	C(CO)(C(CC)(C(C=O)O)O)=O
Formose	G5	C(CO)(C(CCO)(CC=O)O)=O
Formose	G5	C(CO)(C(CCO)O)=O
Formose	G5	C(CO)(C(CO)(C(C=C)O)O)=O
Formose	G5	C(CO)(C(CO)(C)O)=O
Formose	G5	C(CO)(C(CO)(CCO)O)=O
Formose	G5	C(CO)(C(CO)(CO)C(C)O)=O
Formose	G5	C(CO)(C(CO)(CO)CC=O)=O
Formose	G5	C(CO)(C(CO)(CO)CO)=O
Formose	G5	C(CO)(C(CO)C(C(C)O)O)=O
Formose	G5	C(CO)(C(CO)C(C=C)O)=O
Formose	G5	C(CO)(C(CO)CC(CO)=O)=O
Formose	G5	C(CO)(C(CO)CCO)=O
Formose	G5	C(CO)(C1(C(C(O)OC1)=C)O)=O
Formose	G5	C(CO)(C1(C(C=CC1O)O)O)=O
Formose	G5	C(CO)(C1(C(CC(C1)=O)O)O)=O
Formose	G5	C(CO)(C1(C=CC(C1O)O)O)=O
Formose	G5	C(CO)(C1(CC(C(C1)=O)O)O)=O
Formose	G5	C(CO)(C1(CCC(C1O)=O)O)=O
Formose	G5	C(CO)(C1(COC(C1O)=C)O)=O
Formose	G5	C(CO)(C1C(C(C(C1)=O)O)O)=O
Formose	G5	C(CO)(C1C(C(C(O1)=C)O)O)=O
Formose	G5	C(CO)(C1C(C(C(O1)O)O)=C)=O
Formose	G5	C(CO)(C1C(C(CC1O)O)O)=O
Formose	G5	C(CO)(C1C(C(CO1)O)O)=O
Formose	G5	C(CO)(C1C(C=CC1O)O)=O
Formose	G5	C(CO)(C1C(O)OCC1(C)O)=O
Formose	G5	C(CO)(C1COC(C)(C1O)O)=O
Formose	G5	C(CO)(C1COC(C1(C)O)O)=O
Formose	G5	C(CO)(C1COC(C1O)O)=O
Formose	G5	C(CO)(CC(C(C)O)O)=O
Formose	G5	C(CO)(CC(C(C=C)O)O)=O
Formose	G5	C(CO)(CC(C(CO)CO)O)=O
Formose	G5	C(CO)(CC(C(CO)O)=C)=O
Formose	G5	C(CO)(CC(C=CCO)O)=O
Formose	G5	C(CO)(CC(CO)(C(C)O)O)=O
Formose	G5	C(CO)(CCC(C(CO)=O)O)=O
Formose	G5	C(CO)(CCC(C(CO)O)O)=O
Formose	G5	C(CO)(CCC(CCO)O)=O
Formose	G5	C(CO)(CCC(CO)(CO)O)=O
Formose	G5	C(CO)(CCC(CO)CO)=O
Formose	G5	C(CO)(CCC(CO)O)=O
Formose	G5	C(CO)(CO)=C1C(C(O)OC1)=O
Formose	G5	C(CO)(CO)=C1C(COC1O)=O
Formose	G5	C(CO)(CO)=C1C(OCC1O)=O
Formose	G5	C1(C(C(C(C(C)(C1)O)=O)O)O)=O
Formose	G5	C1(C(C(C(C(C)(C1)O)O)O)=O)=O
Formose	G5	C1(C(C(C(C(C)(C1)O)O)O)O)=O
Formose	G5	C1(C(C(C(C(C)O)(C1)O)O)O)=O
Formose	G5	C1(C(C(C(C(C1)=O)O)O)O)=O
Formose	G5	C1(C(C(C(C(C1)O)(C)O)O)=O)=O
Formose	G5	C1(C(C(C(C(C1)O)=O)(C)O)O)=O
Formose	G5	C1(C(C(C(C(C1)O)CO)O)O)=O
Formose	G5	C1(C(C(C(C(C1)O)O)O)=O)=O
Formose	G5	C1(C(C(C(C(C1C)O)=O)O)O)=O
Formose	G5	C1(C(C(C(C(C1C)O)O)O)=O)=O
Formose	G5	C1(C(C(C(C(C1O)=C)O)O)O)=O
Formose	G5	C1(C(C(C(C(C=O)O)C1)O)O)=O
Formose	G5	C1(C(C(C(C(CC1)O)=O)O)O)=O
Formose	G5	C1(C(C(C(C(CC1)O)O)O)=O)=O
Formose	G5	C1(C(C(C(C(CO)C1)=O)O)O)=O
Formose	G5	C1(C(C(C(C)(C1(C)O)O)O)O)=O
Formose	G5	C1(C(C(C(C)(C1)O)O)O)=O
Formose	G5	C1(C(C(C(C)(C1CO)O)O)O)=O
Formose	G5	C1(C(C(C(C)(C1O)O)O)=O)=O
Formose	G5	C1(C(C(C(C)(O)OCC1)O)O)=O
Formose	G5	C1(C(C(C(C)O)O)(O)OCC1)=O
Formose	G5	C1(C(C(C(C)O)O)OC(C1)O)=O
Formose	G5	C1(C(C(C(C)O)O)OCC1O)=O
Formose	G5	C1(C(C(C(C1(C)O)O)O)O)=O
Formose	G5	C1(C(C(C(C1(CO)O)=C)O)O)=O
Formose	G5	C1(C(C(C(C1)O)(C(C)O)O)O)=O
Formose	G5	C1(C(C(C(C1)O)(C)O)O)=O
Formose	G5	C1(C(C(C(C1)O)(CCO)O)O)=O
Formose	G5	C1(C(C(C(C1)O)C(C)O)O)=O
Formose	G5	C1(C(C(C(C1)O)C(CO)O)O)=O
Formose	G5	C1(C(C(C(C1)O)CO)O)=O
Formose	G5	C1(C(C(C(C1)O)O)(CC=O)O)=O
Formose	G5	C1(C(C(C(C1C(C)O)O)O)O)=O
Formose	G5	C1(C(C(C(C1C)O)(CO)O)=O)=O
Formose	G5	C1(C(C(C(C1CCO)O)O)=O)=O
Formose	G5	C1(C(C(C(C1CO)=O)O)O)=O
Formose	G5	C1(C(C(C(C1O)=C)O)O)=O
Formose	G5	C1(C(C(C(C1O)=CCO)O)O)=O
Formose	G5	C1(C(C(C(C1O)O)C(C)O)O)=O
Formose	G5	C1(C(C(C(C=1)=O)O)O)C(CO)O
Formose	G5	C1(C(C(C(C=CC1O)O)O)O)=O
Formose	G5	C1(C(C(C(CC(C1)O)O)O)=O)=O
Formose	G5	C1(C(C(C(CC(C1)O)O)O)O)=O
Formose	G5	C1(C(C(C(CC1)(CO)O)O)=O)=O
Formose	G5	C1(C(C(C(CC1CO)O)O)=O)=O
Formose	G5	C1(C(C(C(CC1O)=O)O)O)=O
Formose	G5	C1(C(C(C(CC1O)O)O)O)=O
Formose	G5	C1(C(C(C(CCO)(C1)O)O)=O)=O
Formose	G5	C1(C(C(C(CCO)(C1)O)O)O)=O
Formose	G5	C1(C(C(C(CCO)O1)O)O)=O
Formose	G5	C1(C(C(C(CCO1)O)O)O)=O
Formose	G5	C1(C(C(C(CO)C1(C)O)O)O)=O
Formose	G5	C1(C(C(C(CO)C1O)O)O)=O
Formose	G5	C1(C(C(C(O)OC(C)C1)O)O)=O
Formose	G5	C1(C(C(C(O)OCC1)(C)O)O)=O
Formose	G5	C1(C(C(C(O)OCC1)CO)O)=O
Formose	G5	C1(C(C(C(OC1CO)=C)O)O)=O
Formose	G5	C1(C(C(C(OCC1O)=C)O)O)=O
Formose	G5	C1(C(C(C)(C(C(C1)=O)O)O)O)=O
Formose	G5	C1(C(C(C)(C(C(C1)O)O)O)O)=O
Formose	G5	C1(C(C(C)(C(C1(C)O)O)O)O)=O
Formose	G5	C1(C(C(C)(C(C1CO)O)O)O)=O
Formose	G5	C1(C(C(C)(C(CO)(C1)O)O)O)=O
Formose	G5	C1(C(C(C)(C(CO)O1)O)O)=O
Formose	G5	C1(C(C(C)(C(CO1)O)O)O)=O
Formose	G5	C1(C(C(C)(O)OCC1O)O)=O
Formose	G5	C1(C(C(C)O)(C(C)(CO1)O)O)=O
Formose	G5	C1(C(C(C)O)(C(CCO1)O)O)=O
Formose	G5	C1(C(C(C)O)(O)OC(CO)C1)=O
Formose	G5	C1(C(C(C)O)(O)OCC(C1)O)=O
Formose	G5	C1(C(C(C)O)(O)OCC1CO)=O
Formose	G5	C1(C(C(C)O)(O)OCC1O)=O
Formose	G5	C1(C(C(C)O)C(C(CO)O1)O)=O
Formose	G5	C1(C(C(C)O)C(C(CO1)O)O)=O
Formose	G5	C1(C(C(C)O)OC(C(C1)O)O)=O
Formose	G5	C1(C(C(C)O)OC(C1CO)O)=O
Formose	G5	C1(C(C(C)O)OC(CO)C1O)=O
Formose	G5	C1(C(C(C)O)OCC(C1O)O)=O
Formose	G5	C1(C(C(C)O)OCC1(CO)O)=O
Formose	G5	C1(C(C(C)OC(C(C1)O)O)O)=O
Formose	G5	C1(C(C(C)OC(C1CO)O)O)=O
Formose	G5	C1(C(C(C=C(CO)C1O)O)O)=O
Formose	G5	C1(C(C(C=C)(C(C1)O)O)O)=O
Formose	G5	C1(C(C(C=C)(C(C1O)O)O)O)=O
Formose	G5	C1(C(C(C=C)(C(OC1)O)O)O)=O
Formose	G5	C1(C(C(C=C)O)(O)OCC1O)=O
Formose	G5	C1(C(C(C=CC(C1O)O)O)O)=O
Formose	G5	C1(C(C(C=CC1(CO)O)O)O)=O
Formose	G5	C1(C(C(C=CC1O)(CO)O)O)=O
Formose	G5	C1(C(C(C=CC1O)O)O)=O
Formose	G5	C1(C(C(CC(C(C1)=O)O)O)O)=O
Formose	G5	C1(C(C(CC(C(C1)O)O)O)O)=O
Formose	G5	C1(C(C(CC(C1CO)O)O)O)=O
Formose	G5	C1(C(C(CC(C1O)O)O)=O)=O
Formose	G5	C1(C(C(CC(CO)(C1)O)O)O)=O
Formose	G5	C1(C(C(CC1(C)O)O)O)=O
Formose	G5	C1(C(C(CC1(CO)O)O)O)=O
Formose	G5	C1(C(C(CC1)(C(C=O)O)O)O)=O
Formose	G5	C1(C(C(CC1CO)O)O)=O
Formose	G5	C1(C(C(CC1O)O)(CC=O)O)=O
Formose	G5	C1(C(C(CC1O)O)C(C=O)O)=O
Formose	G5	C1(C(C(CC1O)O)O)=O
Formose	G5	C1(C(C(CCO)OC(C1)O)O)=O
Formose	G5	C1(C(C(CO)(C(C)(C1)O)O)O)=O
Formose	G5	C1(C(C(CO)(C)OC(C1)O)O)=O
Formose	G5	C1(C(C(CO)(CC(C1)O)O)O)=O
Formose	G5	C1(C(C(CO)(CC1(C)O)O)O)=O
Formose	G5	C1(C(C(CO)(CCO1)O)O)=O
Formose	G5	C1(C(C(CO)(O)OCC1)O)=O
Formose	G5	C1(C(C(CO)C(C(C1)O)O)O)=O
Formose	G5	C1(C(C(CO)C(C1(C)O)O)O)=O
Formose	G5	C1(C(C(CO)C(C1CO)O)=O)=O
Formose	G5	C1(C(C(CO)C(C1CO)O)O)=O
Formose	G5	C1(C(C(CO)C(CO)(C1)O)O)=O
Formose	G5	C1(C(C(CO)C(CO)O1)O)=O
Formose	G5	C1(C(C(CO)C(CO)O1)O)O
Formose	G5	C1(C(C(CO)C(CO1)O)O)=O
Formose	G5	C1(C(C(CO)O)(CC(C1)=O)O)=O
Formose	G5	C1(C(C(CO)O)(CCO1)O)=O
Formose	G5	C1(C(C(CO)O)(O)OC(C)C1)=O
Formose	G5	C1(C(C(CO)O)C(C(C1)=O)O)=O
Formose	G5	C1(C(C(CO)O)C(C)(CO1)O)=O
Formose	G5	C1(C(C(CO)O)CC(C1O)=O)=O
Formose	G5	C1(C(C(CO)O)OC(CC1)O)=O
Formose	G5	C1(C(C(CO)OC(CC1)O)O)=O
Formose	G5	C1(C(C(CO1)(CCO)O)O)=O
Formose	G5	C1(C(C(CO1)C(CCO)O)O)=O
Formose	G5	C1(C(C(CO1)C(CO)(C)O)O)=O
Formose	G5	C1(C(C(CO1)C(CO)O)O)=O
Formose	G5	C1(C(C(CO1)O)(C(C=C)O)O)=O
Formose	G5	C1(C(C(CO1)O)(CCO)O)=O
Formose	G5	C1(C(C(CO1)O)C(C(C)O)O)=O
Formose	G5	C1(C(C(COC(C1)O)(C)O)O)=O
Formose	G5	C1(C(C(O)OC(C)C1CO)O)=O
Formose	G5	C1(C(C(O)OC(CCO)C1)O)=O
Formose	G5	C1(C(C(O)OC(CO)(C)C1)O)=O
Formose	G5	C1(C(C(O)OCC(C)(C1)O)O)=O
Formose	G5	C1(C(C(O)OCC1C(C)O)O)=O
Formose	G5	C1(C(C(O)OCC1CO)O)=O
Formose	G5	C1(C(C(O)OCC1O)O)=O
Formose	G5	C1(C(C)(C(C(C(C1)=O)O)O)O)=O
Formose	G5	C1(C(C)(C(C(C1CO)=O)O)O)=O
Formose	G5	C1(C(C)(C(C=O)(CC1O)O)O)=O
Formose	G5	C1(C(C)(C(CC(C1O)=O)O)O)=O
Formose	G5	C1(C(C)(O)OC(CCO)C1O)=O
Formose	G5	C1(C(C)(O)OC(CO)(C)C1O)=O
Formose	G5	C1(C(C)(O)OC(CO)C1O)=O
Formose	G5	C1(C(C)(O)OCC(C)(C1O)O)=O
Formose	G5	C1(C(C)(O)OCC(C1O)O)=O
Formose	G5	C1(C(C)(O)OCCC(C1O)O)=O
Formose	G5	C1(C(C)C(C(C1(CO)O)=O)O)=O
Formose	G5	C1(C(C)C(C(C1O)=O)(CO)O)=O
Formose	G5	C1(C(C)OC(C(C1O)O)(C)O)=O
Formose	G5	C1(C(C)OC(C(C1O)O)O)=O
Formose	G5	C1(C(C)OC(C(CO)C1O)O)=O
Formose	G5	C1(C(C)OC(CC1O)(CO)O)=O
Formose	G5	C1(C(C)OC(CO)(C1O)O)=O
Formose	G5	C1(C(C2(C(CCO2)(C1)O)O)O)=O
Formose	G5	C1(C(C2(COCC2(C1)O)O)O)=O
Formose	G5	C1(C(CC(C(C(C1)O)O)O)O)=O
Formose	G5	C1(C(CC(C(C1CO)=O)O)O)=O
Formose	G5	C1(C(CC(C(C1CO)O)O)=O)=O
Formose	G5	C1(C(CC(C(CO)O)(C1)O)=O)=O
Formose	G5	C1(C(CC(C(CO)O)(C1)O)O)=O
Formose	G5	C1(C(CC(C(CO)O)O1)O)=O
Formose	G5	C1(C(CC(C(CO)O1)O)O)=O
Formose	G5	C1(C(CC(C(CO1)O)O)O)=O
Formose	G5	C1(C(CC(C)(C1(CO)O)O)=O)=O
Formose	G5	C1(C(CC(C1(C(C)=O)O)O)O)=O
Formose	G5	C1(C(CC(C1(C)O)O)O)=O
Formose	G5	C1(C(CC(C1(CO)CO)O)=O)=O
Formose	G5	C1(C(CC(C1(CO)CO)O)O)=O
Formose	G5	C1(C(CC(C1(CO)O)O)=O)=O
Formose	G5	C1(C(CC(C1(CO)O)O)O)=O
Formose	G5	C1(C(CC(C1)O)(C(C=O)O)O)=O
Formose	G5	C1(C(CC(C1C(C)O)O)O)=O
Formose	G5	C1(C(CC(C1C(CO)=O)O)O)=O
Formose	G5	C1(C(CC(C1C(CO)O)O)=O)=O
Formose	G5	C1(C(CC(C1C(CO)O)O)O)=O
Formose	G5	C1(C(CC(CC(C1)O)O)O)=O
Formose	G5	C1(C(CC(CO)(C(C1)O)O)=O)=O
Formose	G5	C1(C(CC(CO)(C1(C)O)O)O)=O
Formose	G5	C1(C(CC(CO)(C1)O)O)=O
Formose	G5	C1(C(CC(CO)(C1CO)O)=O)=O
Formose	G5	C1(C(CC(CO)(C1CO)O)O)=O
Formose	G5	C1(C(CC(CO)(C1O)O)O)=O
Formose	G5	C1(C(CC(CO)(CO)O1)O)=O
Formose	G5	C1(C(CC(CO)(CO1)O)O)=O
Formose	G5	C1(C(CC(CO)(O)OCC1)O)=O
Formose	G5	C1(C(CC(O)OC(CO)C1)O)=O
Formose	G5	C1(C(CC(O)OCC1CO)O)=O
Formose	G5	C1(C(CC(O)OCC1O)O)=O
Formose	G5	C1(C(CCC(C1(CO)O)O)=O)=O
Formose	G5	C1(C(CCO)(C(C(C1)=O)O)O)=O
Formose	G5	C1(C(CCO)(C(C)(CO1)O)O)=O
Formose	G5	C1(C(CCO)(C(CCO1)O)O)=O
Formose	G5	C1(C(CCO)(O)OCC1O)=O
Formose	G5	C1(C(CCO)C(C(C1O)=O)O)=O
Formose	G5	C1(C(CCO)OC(C1O)O)=O
Formose	G5	C1(C(CCO1)(C(C(C)O)O)O)=O
Formose	G5	C1(C(CCO1)(C(CCO)O)O)=O
Formose	G5	C1(C(CCO1)(C(CO)(C)O)O)=O
Formose	G5	C1(C(CCOC(C1O)O)O)=O
Formose	G5	C1(C(CO)(C(C(C1)=O)(C)O)O)=O
Formose	G5	C1(C(CO)(C(C(C1)=O)O)O)=O
Formose	G5	C1(C(CO)(C(C(C1O)=C)O)O)=O
Formose	G5	C1(C(CO)(C(C)(CO1)O)O)=O
Formose	G5	C1(C(CO)(C(C)O)C(CO1)O)=O
Formose	G5	C1(C(CO)(C(C=CC1O)O)O)=O
Formose	G5	C1(C(CO)(C(C=O)(CC1)O)O)=O
Formose	G5	C1(C(CO)(C(CC(C1)=O)O)O)=O
Formose	G5	C1(C(CO)(C(CCO1)O)O)=O
Formose	G5	C1(C(CO)(CC(C1CO)O)O)=O
Formose	G5	C1(C(CO)(CC(C1O)=O)O)=O
Formose	G5	C1(C(CO)(CO)C(C(C1)=O)O)=O
Formose	G5	C1(C(CO)(CO)C(CO1)O)=O
Formose	G5	C1(C(CO)(O)OC(C)C1CO)=O
Formose	G5	C1(C(CO)(O)OC(CCO)C1)=O
Formose	G5	C1(C(CO)(O)OC(CO)(C)C1)=O
Formose	G5	C1(C(CO)(O)OC(CO)C1)=O
Formose	G5	C1(C(CO)(O)OCC(C)(C1)O)=O
Formose	G5	C1(C(CO)(O)OCC(C1)O)=O
Formose	G5	C1(C(CO)(O)OCC1C(C)O)=O
Formose	G5	C1(C(CO)(O)OCC1CO)=O
Formose	G5	C1(C(CO)(O)OCC1O)=O
Formose	G5	C1(C(CO)(O)OCCC(C1)O)=O
Formose	G5	C1(C(CO)C(C(C(C1)=O)O)O)=O
Formose	G5	C1(C(CO)C(C(C1)=O)(CO)O)=O
Formose	G5	C1(C(CO)C(C(C1CO)=O)O)=O
Formose	G5	C1(C(CO)C(C(C1O)=O)CO)=O
Formose	G5	C1(C(CO)C(C(C1O)=O)O)=O
Formose	G5	C1(C(CO)C(C(CCO)O1)O)O
Formose	G5	C1(C(CO)C(C(CO)O1)O)O
Formose	G5	C1(C(CO)C(C=O)C(C1O)O)=O
Formose	G5	C1(C(CO)C(CC(C1O)=O)O)=O
Formose	G5	C1(C(CO)C(CO1)(CO)O)=O
Formose	G5	C1(C(CO)OC(C(C)(C1)O)O)=O
Formose	G5	C1(C(CO)OC(C(C1)O)(C)O)=O
Formose	G5	C1(C(CO)OC(C(C1O)=C)O)=O
Formose	G5	C1(C(CO)OC(C)(C1O)O)=O
Formose	G5	C1(C(CO)OC(C1(C)O)O)=O
Formose	G5	C1(C(CO)OC(C1C(C)O)O)=O
Formose	G5	C1(C(CO)OC(C1O)O)=O
Formose	G5	C1(C(CO)OC(C=CC1O)O)=O
Formose	G5	C1(C(CO)OC(CC(C1)O)O)=O
Formose	G5	C1(C(CO)OC(CC1O)O)=O
Formose	G5	C1(C(CO)OC(CO)(C1)O)=O
Formose	G5	C1(C(CO)OC(CO)C1O)=O
Formose	G5	C1(C(CO)OCC(C1O)O)=O
Formose	G5	C1(C(CO)OCC1(C(C)O)O)=O
Formose	G5	C1(C(CO)OCC1(CO)O)=O
Formose	G5	C1(C(COC(C(C)(C1)O)O)O)=O
Formose	G5	C1(C(COC(C(C1)O)(C)O)O)=O
Formose	G5	C1(C(COC(C(C1O)=C)O)O)=O
Formose	G5	C1(C(COC(C1(C)O)O)O)=O
Formose	G5	C1(C(COC(C1C(C)O)O)O)=O
Formose	G5	C1(C(COC(CO)(C1)O)O)=O
Formose	G5	C1(C(COC1(CO)C(C)O)O)=O
Formose	G5	C1(C(COC1(CO)CO)O)=O
Formose	G5	C1(C(O)OC(C(C(C)O)O)C1)=O
Formose	G5	C1(C(O)OC(C(C1)O)C(C)O)=O
Formose	G5	C1(C(O)OC(C(C1)O)CCO)=O
Formose	G5	C1(C(O)OC(C(CCO)O)C1)=O
Formose	G5	C1(C(O)OC(C)C(C(C1)O)O)=O
Formose	G5	C1(C(O)OC(C)C1(CO)CO)=O
Formose	G5	C1(C(O)OC(C)C1(CO)O)=O
Formose	G5	C1(C(O)OC(C)C1C(CO)O)=O
Formose	G5	C1(C(O)OC(C)CC(C1O)O)=O
Formose	G5	C1(C(O)OC(CC(C)O)C1O)=O
Formose	G5	C1(C(O)OC(CC(CO)O)C1)=O
Formose	G5	C1(C(O)OC(CC1)C(CO)O)=O
Formose	G5	C1(C(O)OC(CCO)C1(C)O)=O
Formose	G5	C1(C(O)OC(CCO)C1CO)=O
Formose	G5	C1(C(O)OC(CCO)C1O)=O
Formose	G5	C1(C(O)OC(CO)(C)C1(C)O)=O
Formose	G5	C1(C(O)OC(CO)(C)C1CO)=O
Formose	G5	C1(C(O)OC(CO)(C)C1O)=O
Formose	G5	C1(C(O)OC(CO)(CO)CC1)=O
Formose	G5	C1(C(O)OC(CO)C(C)(C1)O)=O
Formose	G5	C1(C(O)OC(CO)C(CC1)O)=O
Formose	G5	C1(C(O)OC(CO)C1(C)O)=O
Formose	G5	C1(C(O)OC(CO)C1C(C)O)=O
Formose	G5	C1(C(O)OC(CO)C1O)=CC=O
Formose	G5	C1(C(O)OC(CO)CC(C1)O)=O
Formose	G5	C1(C(O)OCC(C(C)(C1)O)O)=O
Formose	G5	C1(C(O)OCC(C)(C1(C)O)O)=O
Formose	G5	C1(C(O)OCC(C)(C1CO)O)=O
Formose	G5	C1(C(O)OCC(C)(C1O)O)=O
Formose	G5	C1(C(O)OCC(C1(C)O)O)=O
Formose	G5	C1(C(O)OCC(C1C(C)O)O)=O
Formose	G5	C1(C(O)OCC(C1O)O)=CC=O
Formose	G5	C1(C(O)OCC(CCO)(C1)O)=O
Formose	G5	C1(C(O)OCC(CO)(CC1)O)=O
Formose	G5	C1(C(O)OCC1(C(C)O)O)=O
Formose	G5	C1(C(O)OCC1(C(C=C)O)O)=O
Formose	G5	C1(C(O)OCC1(CO)C(C)O)=O
Formose	G5	C1(C(O)OCC1(CO)CO)=O
Formose	G5	C1(C(O)OCC1(CO)O)=CC=O
Formose	G5	C1(C(O)OCC1(CO)O)=O
Formose	G5	C1(C(O)OCC1C(C(C)O)O)=O
Formose	G5	C1(C(O)OCCC(C1(C)O)O)=O
Formose	G5	C1(C(O)OCCC(C1CO)O)=O
Formose	G5	C1(C(O)OCCC(C1O)O)=O
Formose	G5	C1(C(O)OCCC(CO)(C1)O)=O
Formose	G5	C1(C2(C(C(CCO2)(C1)O)O)O)=O
Formose	G5	C1(CC(C(C(C(C1)=O)O)O)O)=O
Formose	G5	C1(CC(C(C(C(C1)O)O)=O)O)=O
Formose	G5	C1(CC(C(C(C1(C)O)O)=O)O)=O
Formose	G5	C1(CC(C(C(C1CO)=O)O)O)=O
Formose	G5	C1(CC(C(C(C1O)=O)O)O)=O
Formose	G5	C1(CC(C(C(CC1O)O)=O)O)=O
Formose	G5	C1(CC(C(C)(C1(CO)O)O)O)=O
Formose	G5	C1(CC(C(C1(C(C)O)O)O)O)=O
Formose	G5	C1(CC(C(C1(CO)O)=O)O)=O
Formose	G5	C1(CC(C(C1C(CO)=O)O)O)=O
Formose	G5	C1(CC(C(CC1(CO)O)=O)O)=O
Formose	G5	C1(CC(C(CO)C1(CO)O)O)=O
Formose	G5	C1(CC(C(CO)O)OC(C1)O)=O
Formose	G5	C1(CC(C(CO)OC(C1)O)O)=O
Formose	G5	C1(CC(C(CO1)(CO)O)O)=O
Formose	G5	C1(CC(C)(C(C(C1O)=O)O)O)=O
Formose	G5	C1(CC(C)(C(C1(CO)O)O)O)=O
Formose	G5	C1(CC(C)OC(C1(CO)O)O)=O
Formose	G5	C1(CC(C=C)(C(C1O)O)O)=O
Formose	G5	C1(CC(C=CC(C1O)O)O)=O
Formose	G5	C1(CC(CC(C(C1O)=O)O)O)=O
Formose	G5	C1(CC(CC(C1(CO)O)O)O)=O
Formose	G5	C1(CC(CC1(C(C)O)O)O)=O
Formose	G5	C1(CC(CC1(C(CO)O)O)O)=O
Formose	G5	C1(CC(CC1(CO)O)O)=O
Formose	G5	C1(CC(CO)(C(C(C1)=O)O)O)=O
Formose	G5	C1(CC(CO)(C(CO)O1)O)=O
Formose	G5	C1(CC(CO)(C(CO1)O)O)=O
Formose	G5	C1(CC(CO)(CC(C1O)=O)O)=O
Formose	G5	C1(CC(CO)(CC1(CO)O)O)=O
Formose	G5	C1(CC(CO1)(C(CO)O)O)=O
Formose	G5	C1(CC(CO1)C(C(CO)O)O)=O
Formose	G5	C1(CC(CO1)C(CO)(CO)O)=O
Formose	G5	C1(CC(O)OC(C)C1(CO)O)=O
Formose	G5	C1(CC(O)OC(CO)C1CO)=O
Formose	G5	C1(CC(O)OCC(C1CO)O)=O
Formose	G5	C1(CC(O)OCC1(C(C)O)O)=O
Formose	G5	C1(CC(O)OCC1(CO)O)=O
Formose	G5	C1(CC(O)OCC1C(CO)O)=O
Formose	G5	C1(CC(OC1(CO)C(C)O)O)=O
Formose	G5	C1(CC(OC1(CO)CO)O)=O
Formose	G5	C1(CC2(C(C1(C(C2)O)O)O)O)=O
Formose	G5	C1(CCC(C(C(C1O)=O)O)O)=O
Formose	G5	C1(CCC(C(C(C1O)O)O)=O)=O
Formose	G5	C1(CCC(C(C1(CO)O)O)=O)=O
Formose	G5	C1(CCC(C1(C(CO)=O)O)O)=O
Formose	G5	C1(CCC(C1(C(CO)O)O)O)=O
Formose	G5	C1(CCC(C1(CO)O)O)=O
Formose	G5	C1(CCOC(C1(C(C)O)O)O)=O
Formose	G5	C1(CCOC(CC1(CO)O)O)=O
Formose	G5	C1(CO)C(C(C(C(C=1)=O)O)O)O
Formose	G5	C1(CO)C(C(C(C=1)=O)O)O
Formose	G5	C1(CO)C(C(C(C=1C=O)O)O)O
Formose	G5	C1(CO)C(C(C(C=1CO)=O)O)O
Formose	G5	C1(CO)C(CO)(C(C(C=1)=O)O)O
Formose	G5	C1(CO)C(CO)OC(C(C=1)=O)O
Formose	G5	C1(CO)C(CO)OC(C=1)O
Formose	G5	C1(CO)C(CO)OC(C=1C=O)O
Formose	G5	C1(CO)C(COC(C(C=1)=O)O)O
Formose	G5	C1(CO)C(COC(C=1)O)O
Formose	G5	C1(CO)C(COC(C=1C=O)O)O
Formose	G5	C1(CO)COC(C=1C=O)(CO)O
Formose	G5	C1(COC(C(C(C)(C1)O)O)O)=O
Formose	G5	C1(COC(C(C(C)O)(C1)O)O)=O
Formose	G5	C1(COC(C(C(C)O)C1O)O)=O
Formose	G5	C1(COC(C(C(C1O)=C)O)O)=O
Formose	G5	C1(COC(C(C(C1O)O)O)=C)=O
Formose	G5	C1(COC(C(C(C=1)=O)O)O)CO
Formose	G5	C1(COC(C(C)(C1CO)O)O)=O
Formose	G5	C1(COC(C(C)O)(C1O)O)=O
Formose	G5	C1(COC(C(C1(C)O)O)O)=O
Formose	G5	C1(COC(C(C1(CO)O)=C)O)=O
Formose	G5	C1(COC(C(C1(CO)O)O)=C)=O
Formose	G5	C1(COC(C(C1)O)(C(C)O)O)=O
Formose	G5	C1(COC(C(C1)O)(CCO)O)=O
Formose	G5	C1(COC(C(C1C(C)O)O)O)=O
Formose	G5	C1(COC(C(C1CO)O)O)=O
Formose	G5	C1(COC(C(C1O)=CCO)O)=O
Formose	G5	C1(COC(C(C=1)=O)O)C(CO)O
Formose	G5	C1(COC(C(C=1C=O)O)O)CO
Formose	G5	C1(COC(C(C=1CO)=O)O)CO
Formose	G5	C1(COC(C(CC1O)O)O)=O
Formose	G5	C1(COC(C(CCO)(C1)O)O)=O
Formose	G5	C1(COC(C(CO)C(C1)O)O)=O
Formose	G5	C1(COC(C(CO)C1(C)O)O)=O
Formose	G5	C1(COC(C(CO)C1O)O)=O
Formose	G5	C1(COC(C(CO)O)(C1)O)=O
Formose	G5	C1(COC(C)(C(C(C1)O)O)O)=O
Formose	G5	C1(COC(C)(C(C1(C)O)O)O)=O
Formose	G5	C1(COC(C)(C(C1CO)O)O)=O
Formose	G5	C1(COC(C)(C(CO)(C1)O)O)=O
Formose	G5	C1(COC(C)(C1(CO)O)O)=O
Formose	G5	C1(COC(C1(CCO)O)O)=O
Formose	G5	C1(COC(C1(CO)C(C)O)O)=O
Formose	G5	C1(COC(C1(CO)CO)O)=O
Formose	G5	C1(COC(C1(CO)O)O)=CC=O
Formose	G5	C1(COC(C1(CO)O)O)=O
Formose	G5	C1(COC(C1C(C(C)O)O)O)=O
Formose	G5	C1(COC(C=1C(CO)=O)O)CO
Formose	G5	C1(COC(C=1C=O)O)C(CO)O
Formose	G5	C1(COC(C=C(CO)C1O)O)=O
Formose	G5	C1(COC(C=C)(C(C1O)O)O)=O
Formose	G5	C1(COC(C=CC1(CO)O)O)=O
Formose	G5	C1(COC(C=CC1O)(CO)O)=O
Formose	G5	C1(COC(CC(C1CO)O)O)=O
Formose	G5	C1(COC(CC(CO)(C1)O)O)=O
Formose	G5	C1(COC(CC1(CO)O)O)=O
Formose	G5	C1(COC(CCO)(C1O)O)=O
Formose	G5	C1(COC(CO)(C(C)(C1)O)O)=O
Formose	G5	C1(COC(CO)(C(C1)O)O)=O
Formose	G5	C1(COC(CO)(C1CO)O)=O
Formose	G5	C1(COC(CO)(C1O)O)=CC=O
Formose	G5	C1(COC(CO)(C1O)O)=O
Formose	G5	C1(COC(CO)(CC(C1)O)O)=O
Formose	G5	C1(COC(CO)(CC1(C)O)O)=O
Formose	G5	C1(COC(CO)(CC1O)O)=O
Formose	G5	C1(COC(CO)C1(C(C)O)O)=O
Formose	G5	C1(COC(CO)C1(CO)O)=O
Formose	G5	C1(COCC(C1(C(C)O)O)O)=O
Formose	G5	C1(COCC(C1(CO)O)O)=O
Formose	G5	C1(COCC(CO)(C1O)O)=O
Formose	G5	C1(COCC1(C(C(C)O)O)O)=O
Formose	G5	C1C(C(C(C(C=1)=O)O)O)O
Formose	G5	C1C(C(C(C(O)O1)CO)O)O
Formose	G5	C1C(C(C(C=1)=O)(CO)O)O
Formose	G5	C1C(C(C(C=1C=O)(CO)O)O)O
Formose	G5	C1C(C(C(C=1C=O)O)O)O
Formose	G5	C1C(C(C(C=1CO)=O)O)O
Formose	G5	C1C(C(C(C=O)=O)(C(C=1)O)O)O
Formose	G5	C1C(C(C(CCO)(O)O1)O)O
Formose	G5	C1C(C(C(O)O1)(CCO)O)O
Formose	G5	C1C(C(C(O)O1)C(CCO)O)O
Formose	G5	C1C(C(C(O)O1)CO)O
Formose	G5	C1C(C(C)O)(C(C(O)O1)O)O
Formose	G5	C1C(C(CO)(C(C(C=1)=O)O)O)O
Formose	G5	C1C(C(CO)(C(C)(O)O1)O)O
Formose	G5	C1C(C(CO)(C(C=1C=O)O)O)O
Formose	G5	C1C(C(CO)(OCC(C=1)=O)O)O
Formose	G5	C1C(C(CO)C(C(O)O1)O)O
Formose	G5	C1C(C(CO)C(CO)(O)O1)O
Formose	G5	C1C(C(CO)O)(C(C(C=1)=O)O)O
Formose	G5	C1C(C(CO)O)OC(C(C=1)=O)O
Formose	G5	C1C(C(CO)OC(C(C=1)=O)O)O
Formose	G5	C1C(C(COC(C=1C=O)O)O)O
Formose	G5	C1C(C(OCC(C=1)=O)O)(CO)O
Formose	G5	C1C(C)(C(C(C)(O)O1)O)O
Formose	G5	C1C(C)(C(C(CCO)(O)O1)O)O
Formose	G5	C1C(C)(C(C(CO)(O)O1)O)O
Formose	G5	C1C(C)(C(C(O)O1)(C(C)O)O)O
Formose	G5	C1C(C)(C(C(O)O1)(CCO)O)O
Formose	G5	C1C(C)(C(C(O)O1)(CO)O)O
Formose	G5	C1C(C)(C(C(O)O1)C(C)O)O
Formose	G5	C1C(C)(C(C(O)O1)C(CO)O)O
Formose	G5	C1C(C)(C(C(O)O1)CO)O
Formose	G5	C1C(C)(C(C(O)O1)O)O
Formose	G5	C1C(C)(C(CO)(C(C)(O)O1)O)O
Formose	G5	C1C(C)(C(CO)C(CO)(O)O1)O
Formose	G5	C1C(CCO)(C(C(O)O1)CO)O
Formose	G5	C1C(CCO)(C(C(O)O1)O)O
Formose	G5	C1C(CO)(C(C(C(C=1)=O)O)O)O
Formose	G5	C1C(CO)(C(C(C)(O)O1)O)O
Formose	G5	C1C(CO)(C(C(C=1)=O)O)O
Formose	G5	C1C(CO)(C(C(C=1C=O)O)O)O
Formose	G5	C1C(CO)(C(C(C=1CO)=O)O)O
Formose	G5	C1C(CO)(C(C(O)O1)C(C)O)O
Formose	G5	C1C(CO)(C(C(O)O1)CO)O
Formose	G5	C1C(CO)(C(C)(C(O)O1)O)O
Formose	G5	C1C(CO)(CO)OC(C(C=1)=O)O
Formose	G5	C1C(CO)(COC(C(C=1)=O)O)O
Formose	G5	C1C(CO)(COC(C=1C=O)O)O
Formose	G5	C1C(CO)C(C(O)O1)O
Formose	G5	C1C(CO)OC(C(C(C=1)=O)O)O
Formose	G5	C1C(CO)OC(C(C=1CO)=O)O
Formose	G5	C1C(COC(C(C=1C=O)O)O)O
Formose	G5	C1C(COC(C(C=1CO)=O)O)O
Formose	G5	C1C(COC(C=1C=O)(CO)O)O
Formose	G5	C1C(O)OCC(C(C=1C=O)O)O
Formose	G5	C1C(O)OCC(C=1C=O)(CO)O
Formose	G5	C1C(OC(C=1C=O)(CO)CO)O
Formose	G5	C1CC(CO)(C(C(O)O1)CO)O
Formose	G5	C1COC(C(C=1C=O)(CO)O)O
Formose	G5	C1COC(C=1C(C(CO)O)O)=O
Formose	G5	C1COC(C=1C(CO)(CO)O)=O
Formose	G5	C1COC(CO)(C(C=1C=O)O)O
Formose	G5	C=C(C(C(CO)O)=O)CO
Formose	G5	C=C(C(CO)=O)C(C(CO)O)O
Formose	G5	C=C(C(CO)=O)C(CCO)O
Formose	G5	C=C(C(CO)=O)C(CO)(C)O
Formose	G5	C=C(C(CO)=O)C(CO)(CO)O
Formose	G5	C=C(C(CO)=O)C(CO)O
Formose	G5	C=C(C(CO)O)C(C(C=O)=O)O
Formose	G5	C=C(C=O)C(C(C(C)O)O)O
Formose	G5	C=C(C=O)C(C(C(CO)O)O)=O
Formose	G5	C=C(C=O)C(C(C(CO)O)O)O
Formose	G5	C=C(C=O)C(C(CCO)O)O
Formose	G5	C=C(C=O)C(C(CO)(CO)O)=O
Formose	G5	C=C(C=O)C(C(CO)(CO)O)O
Formose	G5	C=C(C=O)C(C(CO)O)O
Formose	G5	C=C(C=O)C(C)(C(CO)O)O
Formose	G5	C=C(C=O)C(CC(CO)O)O
Formose	G5	C=C(C=O)C(CO)(C(CO)O)O
Formose	G5	C=C(C=O)C(CO)(CCO)O
Formose	G5	C=C(C=O)C(CO)(CO)O
Formose	G5	C=C(C=O)C1(C(O)OCC1O)O
Formose	G5	C=C(CO)C(C(C=O)=O)(CO)O
Formose	G5	C=C1C(C(C(C1(CO)O)O)O)=O
Formose	G5	C=C1C(C(C(C1O)O)O)=O
Formose	G5	C=C1C(C(C(CO)(C1O)O)O)=O
Formose	G5	C=C1C(C(O)OC(CO)C1O)=O
Formose	G5	C=C1C(C(O)OCC(C1O)O)=O
Formose	G5	C=C1C(C(O)OCC1(CO)O)=O
Formose	G5	C=C1C(C(OC1(CO)CO)O)=O
Formose	G5	C=C1C(C(OC1C(CO)O)O)=O
Formose	G5	C=CC(C(C(C(C)O)O)O)=O
Formose	G5	C=CC(C(C(C(C=O)=O)O)O)O
Formose	G5	C=CC(C(C(C(CO)=O)=O)O)O
Formose	G5	C=CC(C(C(C(CO)O)O)O)=O
Formose	G5	C=CC(C(C(C=O)=O)(CO)O)O
Formose	G5	C=CC(C(C(CCO)O)O)=O
Formose	G5	C=CC(C(C(CO)(C)O)O)=O
Formose	G5	C=CC(C(C(CO)(CO)O)O)=O
Formose	G5	C=CC(C(C(CO)CO)O)=O
Formose	G5	C=CC(C(C(CO)O)O)=O
Formose	G5	C=CC(C(C(CO)O)O)O
Formose	G5	C=CC(C(CO)(C(CO)O)O)O
Formose	G5	C=CC(C(CO)(CO)O)=O
Formose	G5	C=CC(C(CO)(CO)O)O
Formose	G5	C=CC(C(CO)O)O
Formose	G5	C=CC(CO)(C(C(CO)O)O)O
Formose	G5	C=CC(CO)(C(CO)O)O
Formose	G5	C=CC(CO)(CO)O
Formose	G5	C=CC1(C(O)OC(CO)C1O)O
Formose	G5	C=CC1(C(O)OCC(C1O)O)O
Formose	G5	C=CC1(C(O)OCC1O)O
Formose	G5	CC(C(C(C(CO)CO)O)O)O
Formose	G5	CC(C(C(C(CO)O)O)O)O
Formose	G5	CC(C(C(CCO)O)O)O
Formose	G5	CC(C(C(CO)(CCO)O)O)O
Formose	G5	CC(C(C(CO)O)O)O
Formose	G5	CC(C(CO)(C(C)O)O)O
Formose	G5	CC(C(CO)(C(CCO)O)O)O
Formose	G5	CC(C(CO)(CCO)O)O
Formose	G5	CC(C(CO)C(C(CO)O)O)O
Formose	G5	CC(C(CO)C(C)O)O
Formose	G5	CC(C(CO)C(CCO)O)O
Formose	G5	CC(C(CO)C(CO)(CO)O)O
Formose	G5	CC(C(CO)C(CO)O)O
Formose	G5	CC(C(CO)CO)O
Formose	G5	CC(C(CO)O)(C(CO)CO)O
Formose	G5	CC(C(CO)O)(C(CO)O)O
Formose	G5	CC(C1(C(C(CO1)O)O)O)O
Formose	G5	CC(C1C(C(C(C)(O)O1)O)O)O
Formose	G5	CC(C1C(C(C(O)O1)CO)O)O
Formose	G5	CC(CC(C(C(CO)O)O)O)O
Formose	G5	CC(CC(C(CO)(CO)O)O)O
Formose	G5	CC(CC(C(CO)CO)O)O
Formose	G5	CC(CC(C(CO)O)O)O
Formose	G5	CC(CC(CCO)O)O
Formose	G5	CC(CCO)(C(CO)O)O
Formose	G5	CC(CO)(C(C(CO)O)O)O
Formose	G5	CC(CO)(C(CO)(C(C)O)O)O
Formose	G5	CC(CO)(C(CO)(CCO)O)O
Formose	G5	CC(CO)(C(CO)(CO)O)O
Formose	G5	CC(CO)(C(CO)C(C)O)O
Formose	G5	CC(CO)(C(CO)C(CO)O)O
Formose	G5	CC(CO)(C(CO)CO)O
Formose	G5	CC(CO)(C(CO)O)O
Formose	G5	CC(CO)(CCO)O
Formose	G5	CC1(C(C(C(C(C)O1)O)O)O)O
Formose	G5	CC1(C(C(C(CCO)O1)O)O)O
Formose	G5	CC1(C(C(C(CO)O1)O)O)O
Formose	G5	CC1(C(C(C(CO1)O)O)O)O
Formose	G5	CC1(C(C(C)(C(CO)O1)O)O)O
Formose	G5	CC1(C(C(CO1)(CCO)O)O)O
Formose	G5	CC1(C(C(CO1)O)O)O
Formose	G5	CC1(C(CO)OC(C1CO)O)O
Formose	G5	CC1(C(CO)OC(C1O)O)O
Formose	G5	CC1(C(COC(C)(C1O)O)O)O
Formose	G5	CC1(C(COC(C1CO)O)O)O
Formose	G5	CC1(C(COC(C1O)O)O)O
Formose	G5	CC1(C(O)OCC1O)O
Formose	G5	CC1C(C(C(C(O)O1)CO)O)O
Formose	G5	CC1C(C(C(C(O)O1)O)O)O
Formose	G5	CC1C(C(C(CO)(O)O1)O)O
Formose	G5	CC1C(CO)(C(C(O)O1)O)O
Formose	G5	CC1C(CO)C(C(O)O1)O
Formose	G6	C(C(C(C(C(C)=O)(C)O)O)O)=O
Formose	G6	C(C(C(C(C(C)O)=C)O)O)=O
Formose	G6	C(C(C(C(C(C=C)O)O)O)O)=O
Formose	G6	C(C(C(C(C(CC)O)O)=O)O)=O
Formose	G6	C(C(C(C(C(CC)O)O)O)=O)=O
Formose	G6	C(C(C(C(C(CO)=C)O)=O)O)=O
Formose	G6	C(C(C(C(C(CO)=C)O)O)O)=O
Formose	G6	C(C(C(C(C(CO)=O)C)O)O)=O
Formose	G6	C(C(C(C(C(CO)C)O)=O)O)=O
Formose	G6	C(C(C(C(C(CO)O)=C)O)O)=O
Formose	G6	C(C(C(C(C(CO)O)O)=O)C)=O
Formose	G6	C(C(C(C(C)(C(C)O)O)O)=O)=O
Formose	G6	C(C(C(C(C)(C(C)O)O)O)O)=O
Formose	G6	C(C(C(C(C)(CCO)O)O)=O)=O
Formose	G6	C(C(C(C(C)C(C=O)O)O)O)=O
Formose	G6	C(C(C(C(C)C(CO)O)=O)O)=O
Formose	G6	C(C(C(C(C)CCO)O)O)=O
Formose	G6	C(C(C(C(C)O)(CCO)O)O)=O
Formose	G6	C(C(C(C(C)O)=C)(CO)O)=O
Formose	G6	C(C(C(C(C)O)=O)(CO)CO)=O
Formose	G6	C(C(C(C(C)O)O)O)(CC)=O
Formose	G6	C(C(C(C(C=C)CO)O)O)=O
Formose	G6	C(C(C(C(C=O)O)O)O)(CC)=O
Formose	G6	C(C(C(C(CC(C)=O)O)O)O)=O
Formose	G6	C(C(C(C(CC)O)O)O)=O
Formose	G6	C(C(C(C(CCCO)O)=O)O)=O
Formose	G6	C(C(C(C(CCCO)O)O)=O)=O
Formose	G6	C(C(C(C(CCCO)O)O)O)=O
Formose	G6	C(C(C(C(CCCO)O)O)O)O
Formose	G6	C(C(C(C(CCO)=C)O)O)=O
Formose	G6	C(C(C(C(CCO)O)=C)O)=O
Formose	G6	C(C(C(C(CO)(C)O)=C)O)=O
Formose	G6	C(C(C(C(CO)(C)O)=O)CO)=O
Formose	G6	C(C(C(C(CO)(CC)O)O)=O)=O
Formose	G6	C(C(C(C(CO)(CO)O)=O)C)=O
Formose	G6	C(C(C(C(CO)=C)(C)O)O)=O
Formose	G6	C(C(C(C(CO)=C)(CO)O)O)=O
Formose	G6	C(C(C(C(CO)=C)CO)O)=O
Formose	G6	C(C(C(C(CO)=C)O)O)=O
Formose	G6	C(C(C(C(CO)CCO)=O)O)=O
Formose	G6	C(C(C(C(CO)CCO)O)=O)=O
Formose	G6	C(C(C(C(CO)CCO)O)O)=O
Formose	G6	C(C(C(C(CO)CCO)O)O)O
Formose	G6	C(C(C(C(CO)CO)=C)O)=O
Formose	G6	C(C(C(C(CO)CO)=O)(C)O)=O
Formose	G6	C(C(C(C(CO)O)=C)(C)O)=O
Formose	G6	C(C(C(C(CO)O)=O)(CC)O)=O
Formose	G6	C(C(C(C(CO)O)O)O)(CC)=O
Formose	G6	C(C(C(C)(C(C)O)O)O)=O
Formose	G6	C(C(C(C)(C(C=C)O)O)O)=O
Formose	G6	C(C(C(C)(C(CO)(C)O)O)O)=O
Formose	G6	C(C(C(C)(C(CO)CO)O)=O)=O
Formose	G6	C(C(C(C)(CC(C)=O)O)O)(O)=O
Formose	G6	C(C(C(C)(CC(CO)O)O)O)=O
Formose	G6	C(C(C(C)(CCCO)O)O)=O
Formose	G6	C(C(C(C)(CO)C(CO)O)=O)=O
Formose	G6	C(C(C(C)=O)(CC(CO)O)O)=O
Formose	G6	C(C(C(C)O)(C(CC)O)O)=O
Formose	G6	C(C(C(C)O)(C(CO)C)O)=O
Formose	G6	C(C(C(C)O)(CC(C)O)O)=O
Formose	G6	C(C(C(C)O)(CCCO)O)=O
Formose	G6	C(C(C(C)O)=O)(C(CO)CO)=O
Formose	G6	C(C(C(C)O)=O)(CC(CO)O)=O
Formose	G6	C(C(C(C)O)C(CO)CO)=O
Formose	G6	C(C(C(C)O)O)(C(CO)(C)O)=O
Formose	G6	C(C(C(C)O)O)(CCCO)=O
Formose	G6	C(C(C(C1C(O)OCC=1)O)O)=O
Formose	G6	C(C(C(C1COC(C=1)O)O)O)=O
Formose	G6	C(C(C(C=C)(C(CO)O)O)O)=O
Formose	G6	C(C(C(C=C)(CCO)O)O)=O
Formose	G6	C(C(C(C=C)(CO)CO)O)=O
Formose	G6	C(C(C(C=C)CO)O)(CO)=O
Formose	G6	C(C(C(C=CCO)(C)O)O)=O
Formose	G6	C(C(C(C=O)O)O)(C(CO)C)=O
Formose	G6	C(C(C(CC(C(C)O)O)O)O)=O
Formose	G6	C(C(C(CC(C=C)O)O)O)=O
Formose	G6	C(C(C(CC(CO)=C)O)O)=O
Formose	G6	C(C(C(CC(CO)C)O)O)=O
Formose	G6	C(C(C(CC(CO)CO)O)=O)=O
Formose	G6	C(C(C(CC(CO)CO)O)O)=O
Formose	G6	C(C(C(CC(CO)O)=O)(C)O)=O
Formose	G6	C(C(C(CC)(C(C=O)O)O)O)=O
Formose	G6	C(C(C(CC)=O)(C(CO)O)O)=O
Formose	G6	C(C(C(CC)O)(C(C=O)O)O)=O
Formose	G6	C(C(C(CC)O)O)(C(C)O)=O
Formose	G6	C(C(C(CC)O)O)(C(CO)O)=O
Formose	G6	C(C(C(CC)O)O)(CCO)=O
Formose	G6	C(C(C(CCC(C)O)O)O)=O
Formose	G6	C(C(C(CCC(C=O)O)O)O)=O
Formose	G6	C(C(C(CCC(CO)O)O)O)=O
Formose	G6	C(C(C(CCCCO)O)O)=O
Formose	G6	C(C(C(CCCCO)O)O)O
Formose	G6	C(C(C(CCCO)O)O)O
Formose	G6	C(C(C(CCO)(CCO)O)=O)=O
Formose	G6	C(C(C(CCO)(CCO)O)O)O
Formose	G6	C(C(C(CCO)=C)(CO)O)=O
Formose	G6	C(C(C(CCO)=O)(CO)CO)=O
Formose	G6	C(C(C(CCO)O)O)(CC)=O
Formose	G6	C(C(C(CO)(C(CC)O)O)=O)=O
Formose	G6	C(C(C(CO)(C(CO)C)O)=O)=O
Formose	G6	C(C(C(CO)(C)O)O)(CC)=O
Formose	G6	C(C(C(CO)(C)O)O)=CC
Formose	G6	C(C(C(CO)(C)O)O)=CC=O
Formose	G6	C(C(C(CO)(C)O)O)=CCO
Formose	G6	C(C(C(CO)(CC)O)O)=O
Formose	G6	C(C(C(CO)(CC=C)O)O)=O
Formose	G6	C(C(C(CO)(CCCO)O)=O)=O
Formose	G6	C(C(C(CO)(CCCO)O)O)=O
Formose	G6	C(C(C(CO)(CCCO)O)O)O
Formose	G6	C(C(C(CO)(CO)CCO)=O)=O
Formose	G6	C(C(C(CO)(CO)CCO)O)=O
Formose	G6	C(C(C(CO)(CO)CCO)O)O
Formose	G6	C(C(C(CO)(CO)O)O)(CC)=O
Formose	G6	C(C(C(CO)(CO)O)O)=CC
Formose	G6	C(C(C(CO)(CO)O)O)=CCO
Formose	G6	C(C(C(CO)=C)(CO)CO)=O
Formose	G6	C(C(C(CO)=O)(C(CC)O)O)=O
Formose	G6	C(C(C(CO)=O)(C(CO)=C)O)=O
Formose	G6	C(C(C(CO)=O)(C(CO)C)O)=O
Formose	G6	C(C(C(CO)=O)(CCCO)O)=O
Formose	G6	C(C(C(CO)=O)(CO)CCO)=O
Formose	G6	C(C(C(CO)C(C(C)O)O)O)=O
Formose	G6	C(C(C(CO)C(C=C)O)O)=O
Formose	G6	C(C(C(CO)C(CO)C)O)=O
Formose	G6	C(C(C(CO)C(CO)CO)O)=O
Formose	G6	C(C(C(CO)C)(C(C=O)O)O)=O
Formose	G6	C(C(C(CO)C)O)(C(CO)O)=O
Formose	G6	C(C(C(CO)C)O)(CCO)=O
Formose	G6	C(C(C(CO)CC(C)O)O)=O
Formose	G6	C(C(C(CO)CC(CO)O)O)=O
Formose	G6	C(C(C(CO)CCCO)O)=O
Formose	G6	C(C(C(CO)CCCO)O)O
Formose	G6	C(C(C(CO)CCO)O)=O
Formose	G6	C(C(C(CO)CCO)O)O
Formose	G6	C(C(C(CO)CO)O)(CC)=O
Formose	G6	C(C(C(CO)CO)O)=CC
Formose	G6	C(C(C(CO)CO)O)=CCO
Formose	G6	C(C(C(CO)O)(C(CC)O)O)=O
Formose	G6	C(C(C(CO)O)(C(CO)C)O)=O
Formose	G6	C(C(C(CO)O)(CC(C)=O)O)=O
Formose	G6	C(C(C(CO)O)(CC)O)=O
Formose	G6	C(C(C(CO)O)(CC=C)O)=O
Formose	G6	C(C(C(CO)O)(CCCO)O)=O
Formose	G6	C(C(C(CO)O)C(C)CO)=O
Formose	G6	C(C(C(CO)O)C(CC)O)=O
Formose	G6	C(C(C(CO)O)C(CO)CO)=O
Formose	G6	C(C(C(CO)O)O)(C(CO)C)=O
Formose	G6	C(C(C(CO)O)O)(CC)=O
Formose	G6	C(C(C(CO)O)O)(CC=C)=O
Formose	G6	C(C(C(CO)O)O)(CCC)=O
Formose	G6	C(C(C(CO)O)O)=CC
Formose	G6	C(C(C(CO)O)O)=CC(C)=O
Formose	G6	C(C(C)(C(C(C=O)(C)O)O)O)=O
Formose	G6	C(C(C)(C(C(CC)O)O)O)=O
Formose	G6	C(C(C)(C(C(CO)(C)O)O)O)=O
Formose	G6	C(C(C)(C(C(CO)=C)O)O)=O
Formose	G6	C(C(C)(C(C)(C(C)O)O)O)=O
Formose	G6	C(C(C)(C(C)(CCO)O)O)=O
Formose	G6	C(C(C)(C(C=O)O)O)(CCO)=O
Formose	G6	C(C(C)(C(CCCO)O)O)=O
Formose	G6	C(C(C)(C(CO)(CC)O)O)=O
Formose	G6	C(C(C)(C(CO)(CO)CO)O)=O
Formose	G6	C(C(C)(C(CO)CCO)O)=O
Formose	G6	C(C(C)(C(CO)O)O)=CC=O
Formose	G6	C(C(C)(CC(C(C)=O)O)O)(O)=O
Formose	G6	C(C(C)(CC(C)O)O)(O)=O
Formose	G6	C(C(C)(CC(CO)O)O)(O)=O
Formose	G6	C(C(C)=O)(C(C(CO)CO)O)=O
Formose	G6	C(C(C)=O)(C(CO)(CO)CO)=O
Formose	G6	C(C(C)C(C(C(C)O)O)O)=O
Formose	G6	C(C(C)C(C(C(C=O)O)O)O)=O
Formose	G6	C(C(C)C(C(C(CO)=O)O)O)=O
Formose	G6	C(C(C)C(C(C(CO)O)O)O)=O
Formose	G6	C(C(C)C(C(C)(CO)O)O)=O
Formose	G6	C(C(C)C(C(C=O)(CO)O)O)=O
Formose	G6	C(C(C)C(C(CCO)O)O)=O
Formose	G6	C(C(C)C(C(CO)(CO)O)O)=O
Formose	G6	C(C(C)C(C(CO)CO)O)=O
Formose	G6	C(C(C)C(C(CO)O)O)=O
Formose	G6	C(C(C)C(C=O)O)(C(CO)O)=O
Formose	G6	C(C(C)C(CC(CO)O)O)=O
Formose	G6	C(C(C)C(CO)(C(C)O)O)=O
Formose	G6	C(C(C)C(CO)(C(C=O)O)O)=O
Formose	G6	C(C(C)C(CO)(C(CO)O)O)=O
Formose	G6	C(C(C)C(CO)(CCO)O)=O
Formose	G6	C(C(C)C(CO)(CO)O)=O
Formose	G6	C(C(C)C(CO)C(CO)O)=O
Formose	G6	C(C(C)C1(C(C(CO1)O)O)O)=O
Formose	G6	C(C(C)C1(C(O)OCC1O)O)=O
Formose	G6	C(C(C)C1(COC(C1O)O)O)=O
Formose	G6	C(C(C)O)(C(C(CO)=C)O)=O
Formose	G6	C(C(C)O)(C(CO)C(C)O)=O
Formose	G6	C(C(C)O)(C(CO)C(CO)O)=O
Formose	G6	C(C(C)O)(C(CO)CCO)=O
Formose	G6	C(C(C)O)(C(CO)CO)=O
Formose	G6	C(C(C)O)(C1COC(C1O)O)=O
Formose	G6	C(C(C)O)(CC(C(C)O)O)=O
Formose	G6	C(C(C)O)(CC(C(CO)O)O)=O
Formose	G6	C(C(C)O)(CC(CCO)O)=O
Formose	G6	C(C(C)O)(CC(CO)(CO)O)=O
Formose	G6	C(C(C)O)(CC(CO)CO)=O
Formose	G6	C(C(C)O)(CC(CO)O)=O
Formose	G6	C(C(C1(C(C(CO1)O)=C)O)O)=O
Formose	G6	C(C(C1(C(C(O)OC1)=C)O)O)=O
Formose	G6	C(C(C1(C(C=CC1O)=O)O)O)=O
Formose	G6	C(C(C1(C(CCC1O)O)O)=O)=O
Formose	G6	C(C(C1(C(COC1O)=C)O)O)=O
Formose	G6	C(C(C1(C(OCC1O)=C)O)O)=O
Formose	G6	C(C(C1(C=CC(C1O)=O)O)O)=O
Formose	G6	C(C(C1(COC(C1O)=C)O)O)=O
Formose	G6	C(C(C1C(C(C(C=1)=O)O)O)O)=O
Formose	G6	C(C(C1C(C(C(C=1)O)=O)O)O)=O
Formose	G6	C(C(C1C(C(C(C=1)O)O)=O)O)=O
Formose	G6	C(C(C1C(C(C(O)O1)=C)O)O)=O
Formose	G6	C(C(C1C(C(C(O1)=C)O)O)O)=O
Formose	G6	C(C(C1C(C(C(O1)O)O)=C)O)=O
Formose	G6	C(C(C1C(O)OCC1CO)O)=O
Formose	G6	C(C(C1COC(C=1CO)O)O)=O
Formose	G6	C(C(C=C)(CO)C(CO)O)=O
Formose	G6	C(C(C=C1C(O)OCC1O)O)=O
Formose	G6	C(C(C=C1COC(C1O)O)O)=O
Formose	G6	C(C(C=O)(C(C(CO)O)=C)O)=O
Formose	G6	C(C(C=O)(C(C)(CCO)O)O)=O
Formose	G6	C(C(C=O)(C(CCCO)O)O)=O
Formose	G6	C(C(C=O)(C(CO)(CC)O)O)=O
Formose	G6	C(C(C=O)(C(CO)C(C)O)O)=O
Formose	G6	C(C(C=O)(C(CO)CCO)O)=O
Formose	G6	C(C(C=O)(CC(C)O)O)(O)=O
Formose	G6	C(C(C=O)(CC(CCO)O)O)=O
Formose	G6	C(C(C=O)(CO)C(CO)CO)=O
Formose	G6	C(C(C=O)(CO)CC(CO)O)=O
Formose	G6	C(C(C=O)C(C(C)(CO)O)O)=O
Formose	G6	C(C(CC(C(C)(CO)O)O)=O)=O
Formose	G6	C(C(CC(C(C)O)O)O)(O)=O
Formose	G6	C(C(CC(C(CO)(C)O)O)O)=O
Formose	G6	C(C(CC(C(CO)=C)O)O)=O
Formose	G6	C(C(CC(C(CO)=O)CO)O)=O
Formose	G6	C(C(CC(C)O)C(CO)O)=O
Formose	G6	C(C(CC(C)O)O)(CCO)=O
Formose	G6	C(C(CC(C=O)O)C(CO)O)=O
Formose	G6	C(C(CC(CC(C)=O)O)O)(O)=O
Formose	G6	C(C(CC(CCCO)O)O)=O
Formose	G6	C(C(CC(CCCO)O)O)O
Formose	G6	C(C(CC(CO)(CCO)O)O)O
Formose	G6	C(C(CC(CO)C(C=O)O)O)=O
Formose	G6	C(C(CC(CO)CCO)O)=O
Formose	G6	C(C(CC(CO)O)C(C)O)=O
Formose	G6	C(C(CC(CO)O)C(CO)O)=O
Formose	G6	C(C(CC(CO)O)O)(CCO)=O
Formose	G6	C(C(CC)(C(C(C)O)O)O)=O
Formose	G6	C(C(CC)(C(C(CO)O)O)O)=O
Formose	G6	C(C(CC)(C(CCO)O)O)=O
Formose	G6	C(C(CC)(C(CO)(C)O)O)=O
Formose	G6	C(C(CC)(C(CO)(CO)O)O)=O
Formose	G6	C(C(CC)(C(CO)CO)O)=O
Formose	G6	C(C(CC)C(C(CO)O)O)=O
Formose	G6	C(C(CC)C(CO)(CO)O)=O
Formose	G6	C(C(CCC(C)(CO)O)=O)(O)=O
Formose	G6	C(C(CCCO)C(CO)O)=O
Formose	G6	C(C(CCCO)O)(C(C)O)=O
Formose	G6	C(C(CCCO)O)(C(CO)O)=O
Formose	G6	C(C(CCCO)O)(CCO)=O
Formose	G6	C(C(CCO)(C(CC)O)O)=O
Formose	G6	C(C(CCO)(C(CO)C)O)=O
Formose	G6	C(C(CCO)(CCCO)O)=O
Formose	G6	C(C(CCO)(CCCO)O)O
Formose	G6	C(C(CCO)C(C(C)O)O)=O
Formose	G6	C(C(CCO)C(C)(CO)O)=O
Formose	G6	C(C(CCO)C(CCO)O)=O
Formose	G6	C(C(CCO)C(CCO)O)O
Formose	G6	C(C(CCO)C(CO)CO)=O
Formose	G6	C(C(CCO)C(CO)CO)O
Formose	G6	C(C(CCO)CC(CO)O)=O
Formose	G6	C(C(CCO)CCO)O
Formose	G6	C(C(CCO)O)(C(C(C)O)O)=O
Formose	G6	C(C(CCO)O)(CCCO)=O
Formose	G6	C(C(CCO)O)=CCO
Formose	G6	C(C(CO)(C(C(C)=O)CO)O)=O
Formose	G6	C(C(CO)(C(C(CC)O)O)O)=O
Formose	G6	C(C(CO)(C(C(CO)=C)O)O)=O
Formose	G6	C(C(CO)(C(C)(C(C)O)O)O)=O
Formose	G6	C(C(CO)(C(C)CCO)O)=O
Formose	G6	C(C(CO)(C(C=C)CO)O)=O
Formose	G6	C(C(CO)(C(C=C)O)O)=C
Formose	G6	C(C(CO)(C(CC)O)O)=O
Formose	G6	C(C(CO)(C(CCCO)O)O)=O
Formose	G6	C(C(CO)(C(CCCO)O)O)O
Formose	G6	C(C(CO)(C(CO)(CC)O)O)=O
Formose	G6	C(C(CO)(C(CO)C)O)=O
Formose	G6	C(C(CO)(C(CO)CCO)O)=O
Formose	G6	C(C(CO)(C(CO)CCO)O)O
Formose	G6	C(C(CO)(C)C(C(CO)=O)O)=O
Formose	G6	C(C(CO)(C)C(C=O)(CO)O)=O
Formose	G6	C(C(CO)(C)O)(CC(CO)=O)=O
Formose	G6	C(C(CO)(CC(C(C)=O)O)O)=O
Formose	G6	C(C(CO)(CC(C)O)O)=O
Formose	G6	C(C(CO)(CCCO)O)=O
Formose	G6	C(C(CO)(CCCO)O)O
Formose	G6	C(C(CO)(CCO)C(C)O)=O
Formose	G6	C(C(CO)(CCO)C(C=O)O)=O
Formose	G6	C(C(CO)(CCO)C(CO)O)=O
Formose	G6	C(C(CO)(CCO)CCO)=O
Formose	G6	C(C(CO)(CCO)CCO)O
Formose	G6	C(C(CO)(CO)C(C=O)CO)=O
Formose	G6	C(C(CO)(CO)C(CCO)O)O
Formose	G6	C(C(CO)(CO)C(CO)O)O
Formose	G6	C(C(CO)(CO)CCCO)=O
Formose	G6	C(C(CO)(CO)CCO)=O
Formose	G6	C(C(CO)(CO)CCO)O
Formose	G6	C(C(CO)(CO)CO)O
Formose	G6	C(C(CO)(CO)O)(CC=C)=O
Formose	G6	C(C(CO)=O)(C(C(CC)O)O)=O
Formose	G6	C(C(CO)=O)(C(CCCO)O)=O
Formose	G6	C(C(CO)=O)(C(CO)(CO)C)=O
Formose	G6	C(C(CO)=O)(CC(CO)CO)=O
Formose	G6	C(C(CO)C(C(C)(CO)O)O)=O
Formose	G6	C(C(CO)C(C(CC)O)O)=O
Formose	G6	C(C(CO)C(C(CO)=C)O)=O
Formose	G6	C(C(CO)C(C(CO)CO)O)O
Formose	G6	C(C(CO)C(C)(CCO)O)=O
Formose	G6	C(C(CO)C(C)C(CO)O)=O
Formose	G6	C(C(CO)C(CCCO)O)=O
Formose	G6	C(C(CO)C(CO)(CC)O)=O
Formose	G6	C(C(CO)C(CO)(CO)CO)=O
Formose	G6	C(C(CO)C(CO)C(C)O)=O
Formose	G6	C(C(CO)C(CO)C(CO)O)=O
Formose	G6	C(C(CO)C(CO)CCO)=O
Formose	G6	C(C(CO)C(CO)CO)=O
Formose	G6	C(C(CO)C)(C(C(CO)=O)O)=O
Formose	G6	C(C(CO)CC(C(C)O)O)=O
Formose	G6	C(C(CO)CC(C(CO)=O)O)=O
Formose	G6	C(C(CO)CC(C(CO)O)O)=O
Formose	G6	C(C(CO)CC(C)(CO)O)=O
Formose	G6	C(C(CO)CC(C=O)(CO)O)=O
Formose	G6	C(C(CO)CC(CCO)O)=O
Formose	G6	C(C(CO)CC(CO)(CO)O)=O
Formose	G6	C(C(CO)CC(CO)CO)=O
Formose	G6	C(C(CO)CC(CO)O)=O
Formose	G6	C(C(CO)CCC(CO)O)=O
Formose	G6	C(C(CO)CCCO)O
Formose	G6	C(C(CO)CCO)O
Formose	G6	C(C(CO)CO)(C(C=C)O)=O
Formose	G6	C(C(CO)CO)(C(CO)CO)=O
Formose	G6	C(C(CO)O)(C(C(C)=O)(C)O)=O
Formose	G6	C(C(CO)O)(C(C(CO)=O)C)=O
Formose	G6	C(C(CO)O)(C(C)(CCO)O)=O
Formose	G6	C(C(CO)O)(C(C)C(CO)O)=O
Formose	G6	C(C(CO)O)(C(C=C)CO)=O
Formose	G6	C(C(CO)O)(C(CO)C)=O
Formose	G6	C(C(CO)O)(C(CO)CC)=O
Formose	G6	C(C(CO)O)(C(CO)CCO)=O
Formose	G6	C(C(CO)O)(CC(CC)O)=O
Formose	G6	C(C(CO)O)(CC(CO)C)=O
Formose	G6	C(C(CO)O)(CC(CO)CO)=O
Formose	G6	C(C(CO)O)(CCC(C)O)=O
Formose	G6	C(C(CO)O)(CCC(C=O)O)=O
Formose	G6	C(C(CO)O)(CCC(CO)O)=O
Formose	G6	C(C(CO)O)(CCCCO)=O
Formose	G6	C(C(CO)O)=C1C(O)OCC1O
Formose	G6	C(C(CO)O)=C1COC(C1O)O
Formose	G6	C(C)(C(C(C(CC)O)O)O)=O
Formose	G6	C(C)(C(C(C(CO)(C)O)O)O)=O
Formose	G6	C(C)(C(C(C(CO)=C)O)O)=O
Formose	G6	C(C)(C(C(C)(C(C)O)O)O)=O
Formose	G6	C(C)(C(C(C)(CCO)O)O)=O
Formose	G6	C(C)(C(C(C)=O)(C(CO)O)O)=O
Formose	G6	C(C)(C(C(CCCO)O)O)=O
Formose	G6	C(C)(C(C(CO)(CC)O)O)=O
Formose	G6	C(C)(C(C(CO)(CO)CO)O)=O
Formose	G6	C(C)(C(C(CO)=O)(CCO)O)=O
Formose	G6	C(C)(C(C(CO)CCO)O)=O
Formose	G6	C(C)(C(C(CO)O)C(C)O)=O
Formose	G6	C(C)(C(C(CO)O)C(C=O)O)=O
Formose	G6	C(C)(C(C(CO)O)C(CO)O)=O
Formose	G6	C(C)(C(C)(C(C(C)O)O)O)=O
Formose	G6	C(C)(C(C)(C(C(CO)O)O)O)=O
Formose	G6	C(C)(C(C)(C(CCO)O)O)=O
Formose	G6	C(C)(C(C)(C(CO)(C)O)O)=O
Formose	G6	C(C)(C(C)(C(CO)(CO)O)O)=O
Formose	G6	C(C)(C(C)(C(CO)CO)O)=O
Formose	G6	C(C)(C(C)(C(CO)O)O)=O
Formose	G6	C(C)(C(C=C)(C(CO)O)O)=O
Formose	G6	C(C)(C(CC(CO)(CO)O)O)=O
Formose	G6	C(C)(C(CC(CO)O)O)=O
Formose	G6	C(C)(C(CCO)C(CO)O)=O
Formose	G6	C(C)(C(CO)(C(CC)O)O)=O
Formose	G6	C(C)(C(CO)(C(CO)C)O)=O
Formose	G6	C(C)(C(CO)(CC(C)O)O)=O
Formose	G6	C(C)(C(CO)(CC(CO)O)O)=O
Formose	G6	C(C)(C(CO)(CCCO)O)=O
Formose	G6	C(C)(C(CO)(CO)C(C)O)=O
Formose	G6	C(C)(C(CO)(CO)C(C=O)O)=O
Formose	G6	C(C)(C(CO)(CO)C(CO)O)=O
Formose	G6	C(C)(C(CO)(CO)CO)=O
Formose	G6	C(C)(C(CO)C(C(C)O)O)=O
Formose	G6	C(C)(C(CO)C(C(CO)=O)O)=O
Formose	G6	C(C)(C(CO)C(C)(CO)O)=O
Formose	G6	C(C)(C(CO)C(CCO)O)=O
Formose	G6	C(C)(C(CO)C(CO)(CO)O)=O
Formose	G6	C(C)(C1(C(C(C(C)O1)O)O)O)=O
Formose	G6	C(C)(C1(C(C)(C(CO1)O)O)O)=O
Formose	G6	C(C)(C1(C(CCC1O)O)O)=O
Formose	G6	C(C)(C1(C(O)OC(C)C1O)O)=O
Formose	G6	C(C)(C1(C(O)OCC1CO)O)=O
Formose	G6	C(C)(C1(C(O)OCC1O)CO)=O
Formose	G6	C(C)(C1(C=CC(C1O)O)O)=O
Formose	G6	C(C)(C1C(C(C(C1O)=O)O)O)=O
Formose	G6	C(C)(C1C(C(C(CO)O1)O)O)=O
Formose	G6	C(C)(C1C(C(C)(C(O1)O)O)O)=O
Formose	G6	C(C)(C1C(CO)(O)OCC1O)=O
Formose	G6	C(C)(C1C(O)OCC1(CO)O)=O
Formose	G6	C(C)(C1COC(C(C1O)O)O)=O
Formose	G6	C(C)(CC(C(C(CO)O)O)O)=O
Formose	G6	C(C)(CC(C(C)(CO)O)O)=O
Formose	G6	C(C)(CC(C(CO)(CO)O)O)=O
Formose	G6	C(C)(CC(C(CO)CO)O)=O
Formose	G6	C(C)(CC(C(CO)O)O)=O
Formose	G6	C(C)(CC(CO)(C(CO)O)O)=O
Formose	G6	C(C)(CC(CO)(CCO)O)=O
Formose	G6	C(C)(CC(CO)C(CO)O)=O
Formose	G6	C(C)(CC1(C(C(CO1)O)O)O)=O
Formose	G6	C(C)(CC1(COC(C1O)O)O)=O
Formose	G6	C(C)(OCC(C(CO)O)O)=O
Formose	G6	C(C)=C1C(C(C(C1O)O)O)=O
Formose	G6	C(C)=C1C(O)OCC1(CO)O
Formose	G6	C(C1(C(C(C(C)(C1)O)O)=O)O)=O
Formose	G6	C(C1(C(C(C(C)C1O)O)=O)O)=O
Formose	G6	C(C1(C(C(C(C)O1)O)O)O)=O
Formose	G6	C(C1(C(C(C(C1)=O)(C)O)O)O)=O
Formose	G6	C(C1(C(C(C(C1)O)O)=C)O)=O
Formose	G6	C(C1(C(C(C(C1)O)O)=O)CO)=O
Formose	G6	C(C1(C(C(C(C1C)O)O)=O)O)=O
Formose	G6	C(C1(C(C(C(C1O)=C)O)O)O)=O
Formose	G6	C(C1(C(C(C(C1O)=O)=C)O)O)=O
Formose	G6	C(C1(C(C(C(C1O)=O)C)O)O)=O
Formose	G6	C(C1(C(C(C(C1O)=O)O)=C)O)=O
Formose	G6	C(C1(C(C(C(C1O)O)=C)=O)O)=O
Formose	G6	C(C1(C(C(C(C1O)O)=O)=C)O)=O
Formose	G6	C(C1(C(C(C(C1O)O)O)=C)O)=O
Formose	G6	C(C1(C(C(C(C1O)O)O)=O)C)=O
Formose	G6	C(C1(C(C(C(C=C)O1)O)O)O)=O
Formose	G6	C(C1(C(C(C(CC1)O)O)=O)O)=O
Formose	G6	C(C1(C(C(C(CO)O1)=C)O)O)=O
Formose	G6	C(C1(C(C(C(CO1)O)=C)O)O)=O
Formose	G6	C(C1(C(C(C)(C(C1)O)O)O)O)=O
Formose	G6	C(C1(C(C(C)C(C1O)O)=O)O)=O
Formose	G6	C(C1(C(C(C)CC1O)O)O)=O
Formose	G6	C(C1(C(C(C=C)(CO1)O)O)O)=O
Formose	G6	C(C1(C(C(C=CC1O)=O)O)O)=O
Formose	G6	C(C1(C(C(C=CC1O)O)O)O)=O
Formose	G6	C(C1(C(C(C=O)=CC1O)O)O)=O
Formose	G6	C(C1(C(C(CC(C1)=O)O)O)O)=O
Formose	G6	C(C1(C(C(CC1(C)O)O)O)O)=O
Formose	G6	C(C1(C(C(CC1CO)O)O)O)=O
Formose	G6	C(C1(C(C(CC1O)O)=C)O)=O
Formose	G6	C(C1(C(C(CCC1O)O)=O)O)=O
Formose	G6	C(C1(C(C(CCC1O)O)O)O)=O
Formose	G6	C(C1(C(C(CO)(O)OC1)=C)O)=O
Formose	G6	C(C1(C(C(CO)=CC1O)=O)O)=O
Formose	G6	C(C1(C(C(CO)CC1O)=O)O)=O
Formose	G6	C(C1(C(C(CO)CC1O)O)O)=O
Formose	G6	C(C1(C(C(CO1)=C)(CO)O)O)=O
Formose	G6	C(C1(C(C(CO1)=CCO)O)O)=O
Formose	G6	C(C1(C(C(CO1)O)O)O)(CC)=O
Formose	G6	C(C1(C(C(OC1C=C)O)O)O)=O
Formose	G6	C(C1(C(C)(C(C(C)O1)O)O)O)=O
Formose	G6	C(C1(C(C)(O)OC(C)C1O)O)=O
Formose	G6	C(C1(C(C)(O)OCC1CO)O)=O
Formose	G6	C(C1(C(C)C(C(CO1)O)O)O)=O
Formose	G6	C(C1(C(C)C(CO)(CO1)O)O)=O
Formose	G6	C(C1(C(C=C(C)C1O)O)O)=O
Formose	G6	C(C1(C(C=C(CO)C1O)=O)O)=O
Formose	G6	C(C1(C(C=C(CO)C1O)O)O)=O
Formose	G6	C(C1(C(C=CC1(C)O)O)O)=O
Formose	G6	C(C1(C(C=CC1(CO)O)=O)O)=O
Formose	G6	C(C1(C(C=CC1(CO)O)O)O)=O
Formose	G6	C(C1(C(C=CC1CO)O)O)=O
Formose	G6	C(C1(C(C=O)=CC(C1O)O)O)=O
Formose	G6	C(C1(C(CC(C(C1)O)=O)O)O)=O
Formose	G6	C(C1(C(CC(C(C1)O)O)=O)O)=O
Formose	G6	C(C1(C(CC(C1CO)O)O)O)O
Formose	G6	C(C1(C(CC(C1O)=C)O)O)=O
Formose	G6	C(C1(C(CC(CC1O)=O)O)O)=O
Formose	G6	C(C1(C(CC(CC1O)O)O)O)O
Formose	G6	C(C1(C(CC=CC1O)O)O)=O
Formose	G6	C(C1(C(CCC(C1)O)O)O)=O
Formose	G6	C(C1(C(CCC(C1O)O)=O)O)=O
Formose	G6	C(C1(C(CCC1(C)O)O)O)=O
Formose	G6	C(C1(C(CCC1(CO)O)O)O)=O
Formose	G6	C(C1(C(CCC1CO)O)O)=O
Formose	G6	C(C1(C(CCC1O)O)O)=O
Formose	G6	C(C1(C(CCCC1O)O)O)=O
Formose	G6	C(C1(C(CO)=CC(C1)O)O)=O
Formose	G6	C(C1(C(CO)=CC(C1O)=O)O)=O
Formose	G6	C(C1(C(CO)=CC(C1O)O)O)=O
Formose	G6	C(C1(C(CO)=CCC1O)O)=O
Formose	G6	C(C1(C(CO)C(CO)CO1)O)=O
Formose	G6	C(C1(C(CO)OC(C1C)O)O)=O
Formose	G6	C(C1(C(COC(C1C)O)O)O)=O
Formose	G6	C(C1(C(COC(C1O)O)=C)O)=O
Formose	G6	C(C1(C(COC1(C=C)O)O)O)=O
Formose	G6	C(C1(C(O)OCC1(C)O)O)=O
Formose	G6	C(C1(C(O)OCC1(C=C)O)O)=O
Formose	G6	C(C1(C(O)OCC1CO)O)=O
Formose	G6	C(C1(C)C(C(C(C1O)=O)O)O)=O
Formose	G6	C(C1(C=C(C(C1O)=O)CO)O)=O
Formose	G6	C(C1(C=C(C(O)OC1)CO)O)=O
Formose	G6	C(C1(C=C(C=O)C(C1O)O)O)=O
Formose	G6	C(C1(C=C(CO)C(C1)O)O)=O
Formose	G6	C(C1(C=C(CO)C(C1O)O)O)=O
Formose	G6	C(C1(C=C(CO)CC1O)O)=O
Formose	G6	C(C1(C=CC(C(C1O)=O)O)O)=O
Formose	G6	C(C1(C=CC(C(C1O)O)O)O)=O
Formose	G6	C(C1(C=CC(C)(C1O)O)O)=O
Formose	G6	C(C1(C=CC(C1(C)O)O)O)=O
Formose	G6	C(C1(C=CC(C1(C=O)O)O)O)=O
Formose	G6	C(C1(C=CC(C1(CO)O)=O)O)=O
Formose	G6	C(C1(C=CC(C1CO)O)O)=O
Formose	G6	C(C1(C=CC(C1O)O)CO)=O
Formose	G6	C(C1(C=CC(CC1O)O)O)=O
Formose	G6	C(C1(C=CC(CO)(C1)O)O)=O
Formose	G6	C(C1(C=CC(CO)C1O)O)=O
Formose	G6	C(C1(C=CCC1(CO)O)O)=O
Formose	G6	C(C1(C=O)CC(C(C1O)O)O)=O
Formose	G6	C(C1(CC(C(C1CO)O)O)O)O
Formose	G6	C(C1(CC(C(C1O)=C)O)O)=O
Formose	G6	C(C1(CC(C(CO)(C1)O)O)O)O
Formose	G6	C(C1(CC(C(CO)C1O)O)O)O
Formose	G6	C(C1(CC(C)(C(C1O)O)O)O)=O
Formose	G6	C(C1(CC(CC1(CO)O)O)O)O
Formose	G6	C(C1(CC(CO)(C(C1)O)O)O)=O
Formose	G6	C(C1(CC(CO)=CC1O)O)=O
Formose	G6	C(C1(CC(CO)CC1O)O)=O
Formose	G6	C(C1(CC=C(CO)C1O)O)=O
Formose	G6	C(C1(CC=CC1(CO)O)O)=O
Formose	G6	C(C1(CCC(C(C1O)O)=O)O)=O
Formose	G6	C(C1(CCC(C1(CO)O)O)O)=O
Formose	G6	C(C1(CCC(C1CO)O)O)=O
Formose	G6	C(C1(CCCC1(CO)O)O)=O
Formose	G6	C(C1(CO)C(C(C(O1)O)=C)O)=O
Formose	G6	C(C1(CO)C(C(CC1O)O)O)O
Formose	G6	C(C1(CO)C(C(CO1)O)O)=O
Formose	G6	C(C1(CO)C(C)(O)OCC1O)=O
Formose	G6	C(C1(CO)C(CCC1O)O)=O
Formose	G6	C(C1(CO)CC(C(C1O)=O)O)=O
Formose	G6	C(C1(CO)CC(C(C1O)O)O)=O
Formose	G6	C(C1(CO)CC(CC1O)O)=O
Formose	G6	C(C1(COC(C(C1O)=C)O)O)=O
Formose	G6	C(C1(COC(C)(C1(C)O)O)O)=O
Formose	G6	C(C1(COC(C)(C1O)O)CO)=O
Formose	G6	C(C1(COC(C1(C)O)O)CO)=O
Formose	G6	C(C1(COC(C1(CC)O)O)O)=O
Formose	G6	C(C1(COC(C1(CO)O)=C)O)=O
Formose	G6	C(C1(COC(C1CCO)O)O)=O
Formose	G6	C(C1(COC(C1O)(CC)O)O)=O
Formose	G6	C(C1(COC(CC1CO)O)O)=O
Formose	G6	C(C1(COC(CO)(C1C)O)O)=O
Formose	G6	C(C1C(C(C(C(C)O)O1)O)O)=O
Formose	G6	C(C1C(C(C(C(C)O1)O)O)O)=O
Formose	G6	C(C1C(C(C(C(C1)O)=O)O)O)=O
Formose	G6	C(C1C(C(C(C(C1)O)O)O)=O)=O
Formose	G6	C(C1C(C(C(C(C=1)=O)O)O)O)=O
Formose	G6	C(C1C(C(C(C(O1)=C)O)O)O)=O
Formose	G6	C(C1C(C(C(C(O1)O)=C)O)O)=O
Formose	G6	C(C1C(C(C(C(O1)O)O)=C)O)=O
Formose	G6	C(C1C(C(C(C(O1)O)O)O)=C)=O
Formose	G6	C(C1C(C(C(C1C)O)O)O)=O
Formose	G6	C(C1C(C(C(C1CO)O)O)O)=O
Formose	G6	C(C1C(C(C(C1O)=C)O)O)=O
Formose	G6	C(C1C(C(C(C1O)O)O)=C)=O
Formose	G6	C(C1C(C(C(C=1)=O)O)O)(CO)=O
Formose	G6	C(C1C(C(C(C=1C=O)O)O)O)=O
Formose	G6	C(C1C(C(C(C=1CO)=O)O)O)=O
Formose	G6	C(C1C(C(C(C=C)(O1)O)O)O)=O
Formose	G6	C(C1C(C(C(CC1O)O)O)O)O
Formose	G6	C(C1C(C(C(CCO)O1)O)O)=O
Formose	G6	C(C1C(C(C(CO)(O1)O)=C)O)=O
Formose	G6	C(C1C(C(C(CO)C1O)O)O)O
Formose	G6	C(C1C(C(C(CO)O1)O)O)O
Formose	G6	C(C1C(C(C(O)O1)=CCO)O)=O
Formose	G6	C(C1C(C(C(O1)=C)(CO)O)O)=O
Formose	G6	C(C1C(C(C(O1)O)=C)(CO)O)=O
Formose	G6	C(C1C(C(C(O1)O)O)=CCO)=O
Formose	G6	C(C1C(C(C)(C(CO)O1)O)O)=O
Formose	G6	C(C1C(C(C)(C(CO1)O)O)O)=O
Formose	G6	C(C1C(C(C)O)OC(C1O)O)=O
Formose	G6	C(C1C(C(C=C)(C(O1)O)O)O)=O
Formose	G6	C(C1C(C(C=CC1O)O)O)=O
Formose	G6	C(C1C(C(CC1CO)O)O)=O
Formose	G6	C(C1C(C(CO)(CC1O)O)=O)=O
Formose	G6	C(C1C(C(CO)CC1O)O)=O
Formose	G6	C(C1C(C(CO1)(CCO)O)O)=O
Formose	G6	C(C1C(C(CO1)O)(C(C)O)O)=O
Formose	G6	C(C1C(C(CO1)O)O)(C(C)O)=O
Formose	G6	C(C1C(C(CO1)O)O)(CCO)=O
Formose	G6	C(C1C(C(O)OC(C)C1O)O)=O
Formose	G6	C(C1C(C(O)OCC1CO)O)=O
Formose	G6	C(C1C(C)(C(C(CO)O1)O)O)=O
Formose	G6	C(C1C(C)(C(C)(C(O1)O)O)O)=O
Formose	G6	C(C1C(C)(O)OCC1(CO)O)=O
Formose	G6	C(C1C(C=C(CO)C1O)O)=O
Formose	G6	C(C1C(C=C)(C(C(O1)O)O)O)=O
Formose	G6	C(C1C(C=CC1(CO)O)O)=O
Formose	G6	C(C1C(CC(C(C1O)O)O)=O)=O
Formose	G6	C(C1C(CC(C1CO)O)O)=O
Formose	G6	C(C1C(CC(CC1O)O)O)O
Formose	G6	C(C1C(CCC(C1O)O)O)=O
Formose	G6	C(C1C(CCC1(CO)O)O)=O
Formose	G6	C(C1C(CO)(C(C(C=1)=O)O)O)=O
Formose	G6	C(C1C(CO)(C(C(O1)=C)O)O)=O
Formose	G6	C(C1C(CO)(C(C)(CO1)O)O)=O
Formose	G6	C(C1C(CO)(O)OCC1CO)=O
Formose	G6	C(C1C(CO)=C(CO)C(O1)O)=O
Formose	G6	C(C1C(CO)=CC(C1O)O)=O
Formose	G6	C(C1C(CO)C(C(CO1)O)O)=O
Formose	G6	C(C1C(CO)C(CO)(CO1)O)=O
Formose	G6	C(C1C(CO)C(CO)C(O1)O)=O
Formose	G6	C(C1C(CO)OC(C1CO)O)=O
Formose	G6	C(C1C(CO)OCC(C1O)O)=O
Formose	G6	C(C1C(CO)OCC1(CO)O)=O
Formose	G6	C(C1C(COC(C1CO)O)O)=O
Formose	G6	C(C1C(COC1(CCO)O)O)=O
Formose	G6	C(C1C(O)OC(C)C1(CO)O)=O
Formose	G6	C(C1C(O)OC(CO)C1CO)=O
Formose	G6	C(C1C(O)OCC(C1CO)O)=O
Formose	G6	C(C1C(O)OCC(CO)C1O)=O
Formose	G6	C(C1C(O)OCC1(C(C)O)O)=O
Formose	G6	C(C1C=C(CO)C(C1O)O)=O
Formose	G6	C(C1C=CC(C(C1O)O)O)=O
Formose	G6	C(C1C=CC(C1(CO)O)O)=O
Formose	G6	C(C1C=CC(CO)(C1O)O)=O
Formose	G6	C(C1CC(C(C(C1O)O)O)O)=O
Formose	G6	C(C1CC(C(C)(C1O)O)O)=O
Formose	G6	C(C1CC(C(C1(C)O)O)O)=O
Formose	G6	C(C1CC(C(C1(CO)O)O)O)=O
Formose	G6	C(C1CC(C(C1O)O)O)=O
Formose	G6	C(C1CC(C(CC1O)O)O)=O
Formose	G6	C(C1CC(C(CO)(C1O)O)O)=O
Formose	G6	C(C1CC(C(CO)C1O)O)=O
Formose	G6	C(C1CC(C)(C(C1O)O)O)=O
Formose	G6	C(C1CC(C=O)(C(C1O)O)O)=O
Formose	G6	C(C1CC(CC(C1O)O)O)=O
Formose	G6	C(C1CC(CC1(CO)O)O)=O
Formose	G6	C(C1CC(CO)(C(C1O)O)O)=O
Formose	G6	C(C1CC(CO)(CC1O)O)=O
Formose	G6	C(C1CC(CO)C(C1O)O)=O
Formose	G6	C(C1CC2(C(C1(CO2)O)O)O)=O
Formose	G6	C(C1CCC(C(C1O)O)O)=O
Formose	G6	C(C1CCC(C1(CO)O)O)=O
Formose	G6	C(C1CCOC(C1(CO)O)O)=O
Formose	G6	C(C1COC(C(C)(C1O)O)O)=O
Formose	G6	C(C1COC(C(C1CO)O)O)=O
Formose	G6	C(C1COC(C1C(CO)O)O)=O
Formose	G6	C(C1COC(CO)(C1CO)O)=O
Formose	G6	C(C=C1C(C(C(C1O)O)O)=O)=O
Formose	G6	C(CC(C(C(C=C)O)O)O)=O
Formose	G6	C(CC(C(C(CCO)O)O)O)O
Formose	G6	C(CC(C(C(CO)=C)O)O)=O
Formose	G6	C(CC(C(C(CO)O)=C)O)=O
Formose	G6	C(CC(C(C(CO)O)=O)O)(C)=O
Formose	G6	C(CC(C(C(CO)O)O)=C)=O
Formose	G6	C(CC(C(C)(C(C)O)O)O)=O
Formose	G6	C(CC(C(C)(CO)O)O)=O
Formose	G6	C(CC(C(C)O)O)(CCO)=O
Formose	G6	C(CC(C(C)O)O)(O)=O
Formose	G6	C(CC(C(CC(C)O)O)=O)(O)=O
Formose	G6	C(CC(C(CC(C)O)O)O)=O
Formose	G6	C(CC(C(CCCO)O)O)=O
Formose	G6	C(CC(C(CO)(C)O)=O)(O)=O
Formose	G6	C(CC(C(CO)(CO)CO)O)=O
Formose	G6	C(CC(C(CO)(CO)O)=C)=O
Formose	G6	C(CC(C(CO)=C)(CO)O)=O
Formose	G6	C(CC(C(CO)CCO)O)=O
Formose	G6	C(CC(C)(C(C)(CO)O)O)=O
Formose	G6	C(CC(C)(C(CO)CO)O)=O
Formose	G6	C(CC(C)(CC(O)=O)O)(O)=O
Formose	G6	C(CC(C)(CCO)O)(O)=O
Formose	G6	C(CC(C)(CO)O)(CCO)=O
Formose	G6	C(CC(C)O)(C(CO)(C)O)=O
Formose	G6	C(CC(C)O)(C(CO)CO)=O
Formose	G6	C(CC(C1C(C(CO1)O)O)O)=O
Formose	G6	C(CC(C=C)(C(CO)O)O)=O
Formose	G6	C(CC(C=O)O)(C(CO)(C)O)=O
Formose	G6	C(CC(C=O)O)(CC(CO)O)=O
Formose	G6	C(CC(CC(C(C)O)=O)O)(O)=O
Formose	G6	C(CC(CC(C(C)O)O)O)=O
Formose	G6	C(CC(CC(CCO)O)O)O
Formose	G6	C(CC(CC(CO)CO)O)=O
Formose	G6	C(CC(CCC(CO)O)O)=O
Formose	G6	C(CC(CCCCO)O)O
Formose	G6	C(CC(CCO)(C(C)O)O)=O
Formose	G6	C(CC(CCO)(CCO)O)=O
Formose	G6	C(CC(CCO)O)(CCO)=O
Formose	G6	C(CC(CCO)O)(OCCO)=O
Formose	G6	C(CC(CO)(CC(C)=O)O)(O)=O
Formose	G6	C(CC(CO)(CC(C)O)O)(O)=O
Formose	G6	C(CC(CO)(CCCO)O)=O
Formose	G6	C(CC(CO)(CO)O)(CCO)=O
Formose	G6	C(CC(CO)C(C(C)O)O)=O
Formose	G6	C(CC(CO)C(C)(CO)O)=O
Formose	G6	C(CC(CO)CC(CO)O)=O
Formose	G6	C(CC(CO)CO)(CCO)=O
Formose	G6	C(CC(CO)O)(C(C=C)O)=O
Formose	G6	C(CC(CO)O)(C(CO)(C)O)=O
Formose	G6	C(CC(CO)O)(C(CO)CO)=O
Formose	G6	C(CC(CO)O)(CC(C)O)=O
Formose	G6	C(CC(CO)O)(CC(CO)O)=O
Formose	G6	C(CC)(C(C(C(CO)O)=O)O)=O
Formose	G6	C(CC)(C(C(CO)=O)(CO)O)=O
Formose	G6	C(CC)(C(CO)(C(CO)O)O)=O
Formose	G6	C(CC)(C(CO)(CCO)O)=O
Formose	G6	C(CC)(C1(COC(C1O)O)O)=O
Formose	G6	C(CC1(C(C(C(C)O1)O)O)O)=O
Formose	G6	C(CC1(C(C(CO1)CO)O)O)=O
Formose	G6	C(CC1(C(C)(C(CO1)O)O)O)=O
Formose	G6	C(CC1(C(C)OC(C1O)O)O)=O
Formose	G6	C(CC1(C(O)OC(C)C1O)O)=O
Formose	G6	C(CC1C(C(C(CO)O1)O)O)=O
Formose	G6	C(CC1COC(C1(CO)O)O)=O
Formose	G6	C(CCC(C(C)(CO)O)O)=O
Formose	G6	C(CCC(C(CCO)O)O)O
Formose	G6	C(CCC(C(CO)CO)O)=O
Formose	G6	C(CCC(C)(CO)O)(O)=O
Formose	G6	C(CCC(CCO)O)O
Formose	G6	C(CCC(CO)(CO)CO)=O
Formose	G6	C(CCC(CO)O)O
Formose	G6	C(CCC)(C(CO)(CO)O)=O
Formose	G6	C(CCCO)(C(CO)(CO)O)=O
Formose	G6	C(CCCO)(C(CO)CO)=O
Formose	G6	C(CCO)(C(C(CO)=O)(C)O)=O
Formose	G6	C(CCO)(C(C)(C(C)O)O)=O
Formose	G6	C(CCO)(C(C)(C(CO)O)O)=O
Formose	G6	C(CCO)(C(C=C)(CO)O)=O
Formose	G6	C(CCO)(C(CO)(C)O)=O
Formose	G6	C(CCO)(C(CO)(CO)CO)=O
Formose	G6	C(CCO)(C(CO)C(C)O)=O
Formose	G6	C(CCO)(C(CO)CCO)=O
Formose	G6	C(CCO)(C1C(O)OCC1O)=O
Formose	G6	C(CCO)(C1COC(C1O)O)=O
Formose	G6	C(CCO)=C1C(O)OCC1O
Formose	G6	C(CO)(C(C(C(C)O)=C)O)=O
Formose	G6	C(CO)(C(C(C(CC)O)O)O)=O
Formose	G6	C(CO)(C(C(C(CO)=C)=O)O)=O
Formose	G6	C(CO)(C(C(C(CO)=C)O)O)=O
Formose	G6	C(CO)(C(C(C)(C(C)O)O)O)=O
Formose	G6	C(CO)(C(C(C)(CCO)O)O)=O
Formose	G6	C(CO)(C(C(C)CCO)O)=O
Formose	G6	C(CO)(C(C(C)O)(CCO)O)=O
Formose	G6	C(CO)(C(C(C)O)CCO)=O
Formose	G6	C(CO)(C(C(CC)O)O)=O
Formose	G6	C(CO)(C(C(CCCO)O)O)=O
Formose	G6	C(CO)(C(C(CO)(CC)O)O)=O
Formose	G6	C(CO)(C(C(CO)=C)(C)O)=O
Formose	G6	C(CO)(C(C(CO)=O)(C=C)O)=O
Formose	G6	C(CO)(C(C(CO)=O)(CC)O)=O
Formose	G6	C(CO)(C(C(CO)=O)CCO)=O
Formose	G6	C(CO)(C(C(CO)C)O)=O
Formose	G6	C(CO)(C(C(CO)CCO)O)=O
Formose	G6	C(CO)(C(C(CO)O)(CC)O)=O
Formose	G6	C(CO)(C(C(CO)O)CC)=O
Formose	G6	C(CO)(C(C(CO)O)CCO)=O
Formose	G6	C(CO)(C(C)(C(CC)O)O)=O
Formose	G6	C(CO)(C(C)(CC(CO)O)O)=O
Formose	G6	C(CO)(C(C)(CCCO)O)=O
Formose	G6	C(CO)(C(C)C(C(C)O)O)=O
Formose	G6	C(CO)(C(C)C(C(CO)O)O)=O
Formose	G6	C(CO)(C(C)C(CCO)O)=O
Formose	G6	C(CO)(C(C)C(CO)(C)O)=O
Formose	G6	C(CO)(C(C)C(CO)(CO)O)=O
Formose	G6	C(CO)(C(C)C(CO)CO)=O
Formose	G6	C(CO)(C(C)C(CO)O)=O
Formose	G6	C(CO)(C(C=C)(CO)CO)=O
Formose	G6	C(CO)(C(C=C)C(CO)O)=O
Formose	G6	C(CO)(C(CCCCO)O)=O
Formose	G6	C(CO)(C(CCCO)O)=O
Formose	G6	C(CO)(C(CCO)(CCO)O)=O
Formose	G6	C(CO)(C(CCO)C(C=O)O)=O
Formose	G6	C(CO)(C(CCO)CCO)=O
Formose	G6	C(CO)(C(CO)(C(CC)O)O)=O
Formose	G6	C(CO)(C(CO)(C(CO)C)O)=O
Formose	G6	C(CO)(C(CO)(C)C(C=O)O)=O
Formose	G6	C(CO)(C(CO)(CC(C)=O)O)=O
Formose	G6	C(CO)(C(CO)(CC(C)O)O)=O
Formose	G6	C(CO)(C(CO)(CC)O)=O
Formose	G6	C(CO)(C(CO)(CCCO)O)=O
Formose	G6	C(CO)(C(CO)(CO)CCO)=O
Formose	G6	C(CO)(C(CO)C(CC)O)=O
Formose	G6	C(CO)(C(CO)C(CO)C)=O
Formose	G6	C(CO)(C(CO)C(CO)CO)=O
Formose	G6	C(CO)(C(CO)CC(C)O)=O
Formose	G6	C(CO)(C(CO)CC(CO)O)=O
Formose	G6	C(CO)(C(CO)CCCO)=O
Formose	G6	C(CO)(C1(C(CC(C1)O)O)O)=O
Formose	G6	C(CO)(C1(C(CCC1)O)O)=O
Formose	G6	C(CO)(C1(C(CCC1O)O)O)=O
Formose	G6	C(CO)(C1(C=CC(C1O)=O)O)=O
Formose	G6	C(CO)(C1(COC(C1C)O)O)=O
Formose	G6	C(CO)(C1C(C(C(C1)O)O)O)=O
Formose	G6	C(CO)(C1C(C(C(O)O1)=C)O)=O
Formose	G6	C(CO)(C1C(C(CC1)O)O)=O
Formose	G6	C(CO)(C1C(C(CO1)(C)O)O)=O
Formose	G6	C(CO)(C1C(CC(C1)O)O)=O
Formose	G6	C(CO)(C1C(CCC1O)O)=O
Formose	G6	C(CO)(C1C(O)OCC1CO)=O
Formose	G6	C(CO)(C1C=CC(C1O)O)=O
Formose	G6	C(CO)(C1CC(C(C1O)=O)O)=O
Formose	G6	C(CO)(C1COC(C1CO)O)=O
Formose	G6	C(CO)(CC(C(CC)O)O)=O
Formose	G6	C(CO)(CC(C(CO)(C)O)O)=O
Formose	G6	C(CO)(CC(C(CO)=C)O)=O
Formose	G6	C(CO)(CC(C)(CCO)O)=O
Formose	G6	C(CO)(CC(CCCO)O)=O
Formose	G6	C(CO)(CC(CO)(CO)CO)=O
Formose	G6	C(CO)(CC(CO)C(C)O)=O
Formose	G6	C(CO)(CC(CO)C(CO)O)=O
Formose	G6	C(CO)(CC(CO)CCO)=O
Formose	G6	C(CO)(CC(CO)CO)=O
Formose	G6	C(CO)(CC1C(O)OCC1O)=O
Formose	G6	C(CO)(CC1COC(C1O)O)=O
Formose	G6	C(CO)(CCC(C(C)O)O)=O
Formose	G6	C(CO)(CCC(CO)(C)O)=O
Formose	G6	C(CO)(CCCC(CO)O)=O
Formose	G6	C(CO)(OCC(CCO)O)=O
Formose	G6	C(CO)=C1C(C(C(C1O)O)O)=O
Formose	G6	C(CO)=C1C(C(C(OC1)O)O)=O
Formose	G6	C(CO)=C1C(C(CC1O)O)=O
Formose	G6	C(CO)=C1C(C(CO)(OC1)O)=O
Formose	G6	C(CO)=C1C(C(CO)OC1O)=O
Formose	G6	C(CO)=C1C(C(COC1O)O)=O
Formose	G6	C(CO)=C1C(C(O)OCC1O)=O
Formose	G6	C(CO)=C1C(C(OC1CO)O)=O
Formose	G6	C(CO)=C1C(COC(C1O)O)=O
Formose	G6	C(CO)=C1C(O)OC(CO)C1O
Formose	G6	C(CO)=C1C(O)OCC(C1O)O
Formose	G6	C(CO)=C1C(O)OCC1(C)O
Formose	G6	C(CO)=C1C(O)OCC1(CO)O
Formose	G6	C(CO)=C1C(O)OCC1O
Formose	G6	C(CO)=C1C(OCC(C1O)O)=O
Formose	G6	C(CO)=C1C(OCC1(CO)O)=O
Formose	G6	C(CO)=C1COC(C)(C1O)O
Formose	G6	C(CO)=C1COC(C1(CO)O)O
Formose	G6	C(CO)=C1COC(C1CO)O
Formose	G6	C(CO)=C1COC(C1O)O
Formose	G6	C(CO)=C1COC(CO)(C1O)O
Formose	G6	C(CO)=CC(C(CO)CO)=O
Formose	G6	C(CO)=CC(CC(CO)O)=O
Formose	G6	C1(C(C(C(C(C)O)(C1)O)O)=O)=O
Formose	G6	C1(C(C(C(C(C)O)C1)O)O)=O
Formose	G6	C1(C(C(C(C(C1)=C)O)O)O)=O
Formose	G6	C1(C(C(C(C(C1)O)(C)O)O)O)=O
Formose	G6	C1(C(C(C(C(C1)O)CO)O)=O)=O
Formose	G6	C1(C(C(C(C(C1C)=O)O)O)O)=O
Formose	G6	C1(C(C(C(C(C1O)=C)=O)O)O)=O
Formose	G6	C1(C(C(C(C(C1O)O)=C)O)O)=O
Formose	G6	C1(C(C(C(C(CC1)O)O)O)O)=O
Formose	G6	C1(C(C(C(C(CO)C1)O)O)=O)=O
Formose	G6	C1(C(C(C(C(CO)C1)O)O)O)=O
Formose	G6	C1(C(C(C(C(CO)O)C1)O)=O)=O
Formose	G6	C1(C(C(C(C(CO)O)C1)O)O)=O
Formose	G6	C1(C(C(C(C(CO)O)O1)=C)O)=O
Formose	G6	C1(C(C(C(C(CO)O1)O)=C)O)=O
Formose	G6	C1(C(C(C(C(CO1)O)O)=C)O)=O
Formose	G6	C1(C(C(C(C)(C1C)O)O)O)=O
Formose	G6	C1(C(C(C(C)(C1CO)O)O)=O)=O
Formose	G6	C1(C(C(C(C)(CC1O)O)O)=O)=O
Formose	G6	C1(C(C(C(C)(CC1O)O)O)O)=O
Formose	G6	C1(C(C(C(C)(CO1)O)O)O)=O
Formose	G6	C1(C(C(C(C)C1(CO)O)O)O)=O
Formose	G6	C1(C(C(C(C)C1CO)O)O)=O
Formose	G6	C1(C(C(C(C)C1O)O)O)=O
Formose	G6	C1(C(C(C(C)O)(O)OCC1)O)=O
Formose	G6	C1(C(C(C(C)O)C(CO)O1)O)=O
Formose	G6	C1(C(C(C(C)O)OC(C1)O)O)=O
Formose	G6	C1(C(C(C(C)OC(C1)O)O)O)=O
Formose	G6	C1(C(C(C(C1(C)O)=C)O)O)=O
Formose	G6	C1(C(C(C(C1(C)O)=O)O)O)=O
Formose	G6	C1(C(C(C(C1(C=C)O)O)O)O)=O
Formose	G6	C1(C(C(C(C1(CC)O)O)O)O)=O
Formose	G6	C1(C(C(C(C1(CO)C)O)O)=O)=O
Formose	G6	C1(C(C(C(C1)=C)(CO)O)O)=O
Formose	G6	C1(C(C(C(C1)=CCO)O)O)=O
Formose	G6	C1(C(C(C(C1)O)(CC)O)O)=O
Formose	G6	C1(C(C(C(C1)O)(CO)CO)O)=O
Formose	G6	C1(C(C(C(C1)O)CCO)O)=O
Formose	G6	C1(C(C(C(C1)O)O)C(C=O)O)=O
Formose	G6	C1(C(C(C(C1C(C)=O)O)O)O)=O
Formose	G6	C1(C(C(C(C1C(C)O)=O)O)O)=O
Formose	G6	C1(C(C(C(C1C(C)O)O)O)=O)=O
Formose	G6	C1(C(C(C(C1C)O)O)O)=O
Formose	G6	C1(C(C(C(C1C=C)O)O)O)=O
Formose	G6	C1(C(C(C(C1CCO)=O)O)O)=O
Formose	G6	C1(C(C(C(C1CCO)O)O)O)=O
Formose	G6	C1(C(C(C(C1CO)=C)O)O)=O
Formose	G6	C1(C(C(C(C1CO)O)(C)O)=O)=O
Formose	G6	C1(C(C(C(C1CO)O)O)=O)=O
Formose	G6	C1(C(C(C(C1O)=C)(CO)O)O)=O
Formose	G6	C1(C(C(C(C1O)=CC)O)O)=O
Formose	G6	C1(C(C(C(C1O)=CC=O)O)O)=O
Formose	G6	C1(C(C(C(C1O)=O)O)O)=O
Formose	G6	C1(C(C(C(C1O)O)(CC)O)O)=O
Formose	G6	C1(C(C(C(C1O)O)CCO)O)=O
Formose	G6	C1(C(C(C(C1O)O)O)CC=O)=O
Formose	G6	C1(C(C(C(C=1)=O)(C)O)O)CO
Formose	G6	C1(C(C(C(C=1)=O)(CO)O)O)C
Formose	G6	C1(C(C(C(C=1)=O)(CO)O)O)CO
Formose	G6	C1(C(C(C(C=1)=O)CO)O)CO
Formose	G6	C1(C(C(C(C=1)=O)O)O)C(C)O
Formose	G6	C1(C(C(C(C=1)=O)O)O)CCO
Formose	G6	C1(C(C(C(C=CC1)O)O)O)=O
Formose	G6	C1(C(C(C(C=CC1O)=O)O)O)=O
Formose	G6	C1(C(C(C(CC(C)O)O1)O)O)=O
Formose	G6	C1(C(C(C(CC(C)O1)O)O)O)=O
Formose	G6	C1(C(C(C(CC)(C1)O)O)O)=O
Formose	G6	C1(C(C(C(CC1(C)O)O)O)O)=O
Formose	G6	C1(C(C(C(CC1)(C)O)O)O)=O
Formose	G6	C1(C(C(C(CC1)(CO)O)O)O)=O
Formose	G6	C1(C(C(C(CC1)CO)O)O)=O
Formose	G6	C1(C(C(C(CC1)O)O)O)=O
Formose	G6	C1(C(C(C(CCC1)O)O)O)=O
Formose	G6	C1(C(C(C(CCCO)O1)O)O)=O
Formose	G6	C1(C(C(C(CCO)C1)O)O)=O
Formose	G6	C1(C(C(C(CO)(C)O1)O)O)=O
Formose	G6	C1(C(C(C(CO)(C1)O)O)=O)=O
Formose	G6	C1(C(C(C(CO)(C1C)O)O)=O)=O
Formose	G6	C1(C(C(C(CO)(C1C)O)O)O)=O
Formose	G6	C1(C(C(C(CO)(CO)C1)O)O)=O
Formose	G6	C1(C(C(C(CO)(CO)O1)=C)O)=O
Formose	G6	C1(C(C(C(CO)(CO1)O)=C)O)=O
Formose	G6	C1(C(C(C(CO)=CC1)O)O)=O
Formose	G6	C1(C(C(C(CO)=CC1O)O)O)=O
Formose	G6	C1(C(C(C(CO)=O)=CC1O)O)=O
Formose	G6	C1(C(C(C(CO)C1)O)O)=O
Formose	G6	C1(C(C(C(CO)C1C)O)O)=O
Formose	G6	C1(C(C(C(CO)C1CO)O)=O)=O
Formose	G6	C1(C(C(C(CO)C1CO)O)O)=O
Formose	G6	C1(C(C(C(CO)CO1)O)O)=O
Formose	G6	C1(C(C(C(CO)O)=CC1)O)=O
Formose	G6	C1(C(C(C(CO)O)C(C)O1)O)=O
Formose	G6	C1(C(C(C(CO)OCC1)O)O)=O
Formose	G6	C1(C(C(C(CO1)O)C(C)O)O)=O
Formose	G6	C1(C(C(C(O)OCC1O)C)O)=O
Formose	G6	C1(C(C(C(OC1)=C)(CO)O)O)=O
Formose	G6	C1(C(C(C(OC1C=C)O)O)O)=O
Formose	G6	C1(C(C(C)(C(C)(C1)O)O)O)=O
Formose	G6	C1(C(C(C)(C(C)(C1O)O)O)O)=O
Formose	G6	C1(C(C(C)(C(C)(CO1)O)O)O)=O
Formose	G6	C1(C(C(C)(C(C1C)O)O)O)=O
Formose	G6	C1(C(C(C)(C(CC1)O)O)O)=O
Formose	G6	C1(C(C(C)(C(CC1O)O)O)O)=O
Formose	G6	C1(C(C(C)(C(CCO)O1)O)O)=O
Formose	G6	C1(C(C(C)(C(CCO1)O)O)O)=O
Formose	G6	C1(C(C(C)(C(CO)(C)O1)O)O)=O
Formose	G6	C1(C(C(C)(C(CO)C1O)O)O)=O
Formose	G6	C1(C(C(C)(CC(C1)O)O)O)=O
Formose	G6	C1(C(C(C)(CC(C1O)O)O)O)=O
Formose	G6	C1(C(C(C)(O)OC(CO)C1)O)=O
Formose	G6	C1(C(C(C)(O)OCC(C1)O)O)=O
Formose	G6	C1(C(C(C)(O)OCC1(C)O)O)=O
Formose	G6	C1(C(C(C)(O)OCC1CO)O)=O
Formose	G6	C1(C(C(C)(OC1(CO)C)O)O)=O
Formose	G6	C1(C(C(C)C(C1(CO)O)O)O)=O
Formose	G6	C1(C(C(C)C(C1CO)O)O)=O
Formose	G6	C1(C(C(C)C(CO)(C1)O)O)=O
Formose	G6	C1(C(C(C)CC(C1O)O)O)=O
Formose	G6	C1(C(C(C)O)(C(C(C1)=O)O)O)=O
Formose	G6	C1(C(C(C)O)(C(CO)CO1)O)=O
Formose	G6	C1(C(C(C)O)(CC(C1O)=O)O)=O
Formose	G6	C1(C(C(C)O)(CC(CO)O1)O)=O
Formose	G6	C1(C(C(C)O)(CC(CO1)O)O)=O
Formose	G6	C1(C(C(C)O)(O)OC(C)C1O)=O
Formose	G6	C1(C(C(C)O)(O)OCC1(C)O)=O
Formose	G6	C1(C(C(C)O)(O)OCCC1O)=O
Formose	G6	C1(C(C(C)O)C(C(C1O)=O)O)=O
Formose	G6	C1(C(C(C)O)C(CO1)(CO)O)=O
Formose	G6	C1(C(C(C)O)OC(C)(C1O)O)=O
Formose	G6	C1(C(C(C)O)OC(C1(C)O)O)=O
Formose	G6	C1(C(C(C)O)OC(C1O)O)=O
Formose	G6	C1(C(C(C)O)OC(CC1O)O)=O
Formose	G6	C1(C(C(C)O)OC(CO)(C1)O)=O
Formose	G6	C1(C(C(C)OC(C)(C1O)O)O)=O
Formose	G6	C1(C(C(C)OC(C1(C)O)O)O)=O
Formose	G6	C1(C(C(C)OC(C1O)O)O)=O
Formose	G6	C1(C(C(C)OC(CO)(C1)O)O)=O
Formose	G6	C1(C(C(C=C(C=O)C1O)O)O)=O
Formose	G6	C1(C(C(C=C(CO)C1)O)O)=O
Formose	G6	C1(C(C(C=C)(CO)OC1O)O)=O
Formose	G6	C1(C(C(C=C)(O)OCC1O)O)=O
Formose	G6	C1(C(C(C=C)(OC1CO)O)O)=O
Formose	G6	C1(C(C(C=C)C(C1O)O)O)=O
Formose	G6	C1(C(C(C=C)O)OC(C1O)O)=O
Formose	G6	C1(C(C(C=C)OC(C1O)O)O)=O
Formose	G6	C1(C(C(C=C)OC1(CO)O)O)=O
Formose	G6	C1(C(C(C=CC1)(CO)O)O)=O
Formose	G6	C1(C(C(C=CC1CO)O)O)=O
Formose	G6	C1(C(C(C=O)=C(CO)C1O)O)=O
Formose	G6	C1(C(C(C=O)=CC1(CO)O)O)=O
Formose	G6	C1(C(C(CC(C(C1)O)O)O)=O)=O
Formose	G6	C1(C(C(CC(C)(C1)O)O)O)=O
Formose	G6	C1(C(C(CC(C1(C)O)O)O)O)=O
Formose	G6	C1(C(C(CC(C1CO)O)O)=O)=O
Formose	G6	C1(C(C(CC(CC1)O)O)O)=O
Formose	G6	C1(C(C(CC(CC1O)O)O)O)=O
Formose	G6	C1(C(C(CC(CCO)O1)O)O)=O
Formose	G6	C1(C(C(CC(CO)(C1)O)O)=O)=O
Formose	G6	C1(C(C(CC(CO)C1)O)O)=O
Formose	G6	C1(C(C(CC)O)(O)OCC1O)=O
Formose	G6	C1(C(C(CC)O)OC(C1O)O)=O
Formose	G6	C1(C(C(CC1(C(C)=O)O)O)O)=O
Formose	G6	C1(C(C(CC1(C(C)O)O)O)O)=O
Formose	G6	C1(C(C(CC1(CCO)O)O)O)=O
Formose	G6	C1(C(C(CC1(CO)CO)O)O)=O
Formose	G6	C1(C(C(CC1)(C(C)O)O)O)=O
Formose	G6	C1(C(C(CC1)(C(CO)O)O)O)=O
Formose	G6	C1(C(C(CC1)(CCO)O)O)=O
Formose	G6	C1(C(C(CC1)(CO)CO)O)=O
Formose	G6	C1(C(C(CC1)(CO)O)O)=O
Formose	G6	C1(C(C(CC1)O)(C(C=O)O)O)=O
Formose	G6	C1(C(C(CC1C(C)O)O)O)=O
Formose	G6	C1(C(C(CC1C(CO)O)O)=O)=O
Formose	G6	C1(C(C(CC1C(CO)O)O)O)=O
Formose	G6	C1(C(C(CC1CCO)O)O)=O
Formose	G6	C1(C(C(CC1O)(C(C)O)O)O)=O
Formose	G6	C1(C(C(CC1O)(CCO)O)O)=O
Formose	G6	C1(C(C(CCC(C1)O)O)O)=O
Formose	G6	C1(C(C(CCC(C1O)O)O)=O)=O
Formose	G6	C1(C(C(CCC(C1O)O)O)O)=O
Formose	G6	C1(C(C(CCC1(C)O)O)O)=O
Formose	G6	C1(C(C(CCC1(CO)O)O)O)=O
Formose	G6	C1(C(C(CCC1CO)O)O)=O
Formose	G6	C1(C(C(CCC1O)O)O)=O
Formose	G6	C1(C(C(CCCC1O)O)O)=O
Formose	G6	C1(C(C(CCO)(O)OCC1)O)=O
Formose	G6	C1(C(C(CO)(C(C)C1)O)O)=O
Formose	G6	C1(C(C(CO)(C(C)C1O)O)O)=O
Formose	G6	C1(C(C(CO)(C(C)O1)O)O)=O
Formose	G6	C1(C(C(CO)(C(C1C)O)O)O)=O
Formose	G6	C1(C(C(CO)(C(CC1)O)O)O)=O
Formose	G6	C1(C(C(CO)(C(CO)C1)O)O)=O
Formose	G6	C1(C(C(CO)(CC1C)O)O)=O
Formose	G6	C1(C(C(CO)(CC1CO)O)O)=O
Formose	G6	C1(C(C(CO)(CCC1)O)O)=O
Formose	G6	C1(C(C(CO)(CCC1O)O)O)=O
Formose	G6	C1(C(C(CO)(CO)C(C)O1)O)=O
Formose	G6	C1(C(C(CO)(CO)CO1)O)=O
Formose	G6	C1(C(C(CO)(CO1)C(C)O)O)=O
Formose	G6	C1(C(C(CO)(O)OC(C)C1)O)=O
Formose	G6	C1(C(C(CO)(O)OCCC1)O)=O
Formose	G6	C1(C(C(CO)(OC1C=C)O)O)=O
Formose	G6	C1(C(C(CO)=C(CO)C1)O)=O
Formose	G6	C1(C(C(CO)=C(CO)C1O)O)=O
Formose	G6	C1(C(C(CO)=C(CO)CO1)O)=O
Formose	G6	C1(C(C(CO)=CC(CO)O1)O)=O
Formose	G6	C1(C(C(CO)=CC(CO1)O)O)=O
Formose	G6	C1(C(C(CO)=CC1(C)O)O)=O
Formose	G6	C1(C(C(CO)=CC1(CO)O)O)=O
Formose	G6	C1(C(C(CO)=CC1CO)O)=O
Formose	G6	C1(C(C(CO)C(C)(CO1)O)O)=O
Formose	G6	C1(C(C(CO)C(C1C)O)O)=O
Formose	G6	C1(C(C(CO)C(CC1)O)O)=O
Formose	G6	C1(C(C(CO)C(CC1O)O)O)=O
Formose	G6	C1(C(C(CO)C(CCO)O1)O)=O
Formose	G6	C1(C(C(CO)C(CCO)O1)O)O
Formose	G6	C1(C(C(CO)C(CCO1)O)O)=O
Formose	G6	C1(C(C(CO)C(CO)(C)O1)O)=O
Formose	G6	C1(C(C(CO)C(CO)C1O)O)=O
Formose	G6	C1(C(C(CO)C)(O)OCC1O)=O
Formose	G6	C1(C(C(CO)CC(C1)O)O)=O
Formose	G6	C1(C(C(CO)CC(C1O)O)O)=O
Formose	G6	C1(C(C(CO)CC1(CO)O)O)=O
Formose	G6	C1(C(C(CO)CO)(O)OCC1)=O
Formose	G6	C1(C(C(CO)CO)OC(C1)O)=O
Formose	G6	C1(C(C(CO)CO)OCC1O)=O
Formose	G6	C1(C(C(CO)O)(CC(C)O1)O)=O
Formose	G6	C1(C(C(CO)O)(O)OCC1C)=O
Formose	G6	C1(C(C(CO)O)OC(C)(C1)O)=O
Formose	G6	C1(C(C(CO)O)OC(C1O)=C)=O
Formose	G6	C1(C(C(CO)O)OCC1(C)O)=O
Formose	G6	C1(C(C(CO)OC(C)(C1)O)O)=O
Formose	G6	C1(C(C(CO)OC(C1O)=C)O)=O
Formose	G6	C1(C(C(CO1)(C(C)O)O)O)=O
Formose	G6	C1(C(C(CO1)(C(C=C)O)O)O)=O
Formose	G6	C1(C(C(CO1)(CCCO)O)O)=O
Formose	G6	C1(C(C(CO1)=C(CO)CO)O)=O
Formose	G6	C1(C(C(CO1)=C)(C(CO)O)O)=O
Formose	G6	C1(C(C(CO1)=CC(CO)O)O)=O
Formose	G6	C1(C(C(CO1)C(C(C)O)O)O)=O
Formose	G6	C1(C(C(CO1)O)(C(CC)O)O)=O
Formose	G6	C1(C(C(CO1)O)(C(CO)C)O)=O
Formose	G6	C1(C(C(CO1)O)(CCCO)O)=O
Formose	G6	C1(C(C(CO1)O)C(CO)CO)=O
Formose	G6	C1(C(C(COC(C)(C1)O)O)O)=O
Formose	G6	C1(C(C(COC(C1)O)CO)O)=O
Formose	G6	C1(C(C(COC(C1O)=C)O)O)=O
Formose	G6	C1(C(C(O)OC(C(C)O)C1)O)=O
Formose	G6	C1(C(C(O)OC(C(C1)O)C)O)=O
Formose	G6	C1(C(C(O)OC(CC1)CO)O)=O
Formose	G6	C1(C(C(O)OCC(CO)C1)O)=O
Formose	G6	C1(C(C(O)OCC1CO)CO)=O
Formose	G6	C1(C(C(O)OCC1O)O)=CC=O
Formose	G6	C1(C(C)(C(C(C1(C)O)=O)O)O)=O
Formose	G6	C1(C(C)(C(C(C1(C)O)O)O)O)=O
Formose	G6	C1(C(C)(C(C(C1CO)O)O)O)=O
Formose	G6	C1(C(C)(C(C(C1O)=C)O)O)=O
Formose	G6	C1(C(C)(C(C(C1O)=O)(C)O)O)=O
Formose	G6	C1(C(C)(C(C(C1O)=O)O)O)=O
Formose	G6	C1(C(C)(C(C=O)(C(C1)O)O)O)=O
Formose	G6	C1(C(C)(C(CC1CO)O)O)=O
Formose	G6	C1(C(C)(CC(C1(CO)O)=O)O)=O
Formose	G6	C1(C(C)(O)OC(C(C)O)C1O)=O
Formose	G6	C1(C(C)(O)OC(C(C1)O)CO)=O
Formose	G6	C1(C(C)(O)OC(C(C1O)O)C)=O
Formose	G6	C1(C(C)(O)OC(C(CO)O)C1)=O
Formose	G6	C1(C(C)(O)OC(C)C1(CO)O)=O
Formose	G6	C1(C(C)(O)OC(CO)(CO)C1)=O
Formose	G6	C1(C(C)(O)OC(CO)C1(C)O)=O
Formose	G6	C1(C(C)(O)OC(CO)C1CO)=O
Formose	G6	C1(C(C)(O)OC(CO)CC1O)=O
Formose	G6	C1(C(C)(O)OCC(C(C1)O)O)=O
Formose	G6	C1(C(C)(O)OCC(C1(C)O)O)=O
Formose	G6	C1(C(C)(O)OCC(C1CO)O)=O
Formose	G6	C1(C(C)(O)OCC(CC1O)O)=O
Formose	G6	C1(C(C)(O)OCC(CO)(C1)O)=O
Formose	G6	C1(C(C)(O)OCC1(C(C)O)O)=O
Formose	G6	C1(C(C)(O)OCC1(CCO)O)=O
Formose	G6	C1(C(C)(O)OCC1(CO)O)=O
Formose	G6	C1(C(C)(O)OCC1C(CO)O)=O
Formose	G6	C1(C(C)(O)OCCC1(CO)O)=O
Formose	G6	C1(C(C)C(C(C(C1O)=O)O)O)=O
Formose	G6	C1(C(C)C(C=O)(C(C1O)O)O)=O
Formose	G6	C1(C(C)C(CO)(C(CO)O1)O)=O
Formose	G6	C1(C(C)C(CO)(C(CO1)O)O)=O
Formose	G6	C1(C(C)C(CO1)(C(CO)O)O)=O
Formose	G6	C1(C(C)OC(C(C(C1)O)O)O)=O
Formose	G6	C1(C(C)OC(C(C)(C1O)O)O)=O
Formose	G6	C1(C(C)OC(C(C1(C)O)O)O)=O
Formose	G6	C1(C(C)OC(C(C1)O)(CO)O)=O
Formose	G6	C1(C(C)OC(C(C1CO)O)O)=O
Formose	G6	C1(C(C)OC(C(C1O)O)CO)=O
Formose	G6	C1(C(C)OC(C(CO)(C1)O)O)=O
Formose	G6	C1(C(C)OC(C(CO)O)(C1)O)=O
Formose	G6	C1(C(C)OC(C(CO)O)C1O)=O
Formose	G6	C1(C(C)OC(C)(C1(CO)O)O)=O
Formose	G6	C1(C(C)OC(C1C(CO)O)O)=O
Formose	G6	C1(C(C)OC(CC(C1O)O)O)=O
Formose	G6	C1(C(C)OC(CC1(CO)O)O)=O
Formose	G6	C1(C(C)OC(CCO)(C1O)O)=O
Formose	G6	C1(C(C)OC(CO)(C1(C)O)O)=O
Formose	G6	C1(C(C)OC(CO)(C1CO)O)=O
Formose	G6	C1(C(C)OC(CO)(CO)C1O)=O
Formose	G6	C1(C(C)OC(CO)C1(CO)O)=O
Formose	G6	C1(C(C)OCC(C(C1O)O)O)=O
Formose	G6	C1(C(C)OCC(C1(CO)O)O)=O
Formose	G6	C1(C(C)OCC(CO)(C1O)O)=O
Formose	G6	C1(C(C)OCC1(C(CO)O)O)=O
Formose	G6	C1(C(C2(C(C1(CC2)O)O)O)O)=O
Formose	G6	C1(C(C2(C(C1)(O)OCC2)O)O)=O
Formose	G6	C1(C(C=C(C(C)O)C1O)O)=O
Formose	G6	C1(C(C=C(C(CO)O)C1)O)=O
Formose	G6	C1(C(C=C(C(CO)O)C1O)O)=O
Formose	G6	C1(C(C=C(C=O)C1(CO)O)O)=O
Formose	G6	C1(C(C=C(CO)C(CO)O1)O)=O
Formose	G6	C1(C(C=C(CO)C(CO1)O)O)=O
Formose	G6	C1(C(C=C(CO)C1(C)O)O)=O
Formose	G6	C1(C(C=C(CO)C1(CO)O)O)=O
Formose	G6	C1(C(C=C(CO)C1CO)O)=O
Formose	G6	C1(C(C=C(CO)C1O)O)=O
Formose	G6	C1(C(C=C(CO1)C(CO)O)O)=O
Formose	G6	C1(C(C=CC(C(CO)O)O1)O)=O
Formose	G6	C1(C(C=CC(C(CO)O1)O)O)=O
Formose	G6	C1(C(C=CC(CO)(CO)O1)O)=O
Formose	G6	C1(C(C=CC(CO)(CO1)O)O)=O
Formose	G6	C1(C(C=CC1(C(CO)O)O)O)=O
Formose	G6	C1(C(C=CC1(CO)CO)O)=O
Formose	G6	C1(C(C=CC1(CO)O)(CO)O)=O
Formose	G6	C1(C(C=CC1(CO)O)O)=O
Formose	G6	C1(C(C=CC1C(CO)O)O)=O
Formose	G6	C1(C(C=CC1CO)(CO)O)=O
Formose	G6	C1(C(C=CCO1)(C(CO)O)O)=O
Formose	G6	C1(C(CC(C(C(C)O)O)O1)O)=O
Formose	G6	C1(C(CC(C(C(C)O)O1)O)O)=O
Formose	G6	C1(C(CC(C(C(C)O1)O)O)O)=O
Formose	G6	C1(C(CC(C(C(C1)O)O)O)=O)=O
Formose	G6	C1(C(CC(C(C)O)(C1)O)O)=O
Formose	G6	C1(C(CC(C(C1(C)O)O)O)=O)=O
Formose	G6	C1(C(CC(C(C1)O)O)O)=O
Formose	G6	C1(C(CC(C(C1CO)O)O)O)=O
Formose	G6	C1(C(CC(C(CCO)O)O1)O)=O
Formose	G6	C1(C(CC(C(CCO)O1)O)O)=O
Formose	G6	C1(C(CC(C(CO)(C1)O)O)O)=O
Formose	G6	C1(C(CC(C(CO)CO)O1)O)=O
Formose	G6	C1(C(CC(C(CO)CO1)O)O)=O
Formose	G6	C1(C(CC(C(CO)O)C1)O)=O
Formose	G6	C1(C(CC(C)(C(CO)O1)O)O)=O
Formose	G6	C1(C(CC(C)(C(CO1)O)O)O)=O
Formose	G6	C1(C(CC(C)(C1(CO)O)O)O)=O
Formose	G6	C1(C(CC(C)(C1O)O)O)=O
Formose	G6	C1(C(CC(C)O)(O)OCC1O)=O
Formose	G6	C1(C(CC(C1(C(C)O)O)O)=O)=O
Formose	G6	C1(C(CC(C1(C(C)O)O)O)O)=O
Formose	G6	C1(C(CC(C1(CCO)O)O)=O)=O
Formose	G6	C1(C(CC(C1(CCO)O)O)O)=O
Formose	G6	C1(C(CC(C1CCO)O)O)=O
Formose	G6	C1(C(CC(C1O)O)(CC=O)O)=O
Formose	G6	C1(C(CC(C1O)O)C(C=O)O)=O
Formose	G6	C1(C(CC(C=1)=O)O)C(CO)O
Formose	G6	C1(C(CC(CC(CO)O)O1)O)=O
Formose	G6	C1(C(CC(CC(CO)O1)O)O)=O
Formose	G6	C1(C(CC(CC1(CO)O)O)=O)=O
Formose	G6	C1(C(CC(CCO)(C1)O)O)=O
Formose	G6	C1(C(CC(CO)(C1(C)O)O)=O)=O
Formose	G6	C1(C(CC(CO)(C1C)O)O)=O
Formose	G6	C1(C(CC(CO)(CCO1)O)O)=O
Formose	G6	C1(C(CC(CO)C1(CO)O)O)=O
Formose	G6	C1(C(CC(CO)C1O)O)=O
Formose	G6	C1(C(CC(CO)O)(O)OCC1)=O
Formose	G6	C1(C(CC(CO)O)OC(C1)O)=O
Formose	G6	C1(C(CC(CO)OC(C1)O)O)=O
Formose	G6	C1(C(CC(CO1)(CCO)O)O)=O
Formose	G6	C1(C(CC(O)OC(C)C1O)O)=O
Formose	G6	C1(C(CC(O)OCC1(C)O)O)=O
Formose	G6	C1(C(CC(OC1(CO)C)O)O)=O
Formose	G6	C1(C(CC)(O)OC(CO)C1O)=O
Formose	G6	C1(C(CC)(O)OCC(C1O)O)=O
Formose	G6	C1(C(CC)(O)OCC1(CO)O)=O
Formose	G6	C1(C(CCC(C(CO)O)O1)O)=O
Formose	G6	C1(C(CCC(C(CO)O1)O)O)=O
Formose	G6	C1(C(CCC(C1(C)O)O)O)=O
Formose	G6	C1(C(CCC(C1(CO)O)O)O)=O
Formose	G6	C1(C(CCC(C1CO)O)O)=O
Formose	G6	C1(C(CCC(CO)(C1)O)O)=O
Formose	G6	C1(C(CCC(CO)(CO)O1)O)=O
Formose	G6	C1(C(CCC(CO)(CO1)O)O)=O
Formose	G6	C1(C(CCCO)(O)OCC1O)=O
Formose	G6	C1(C(CCO)(C(C(C)O1)O)O)=O
Formose	G6	C1(C(CCO)(C(CO)CO1)O)=O
Formose	G6	C1(C(CCO)(CC(C1O)=O)O)=O
Formose	G6	C1(C(CCO)(O)OC(C)C1O)=O
Formose	G6	C1(C(CCO)(O)OC(CO)C1)=O
Formose	G6	C1(C(CCO)(O)OCC(C1)O)=O
Formose	G6	C1(C(CCO)(O)OCC1(C)O)=O
Formose	G6	C1(C(CCO)(O)OCC1CO)=O
Formose	G6	C1(C(CCO)(O)OCCC1O)=O
Formose	G6	C1(C(CCO)C(C(CO)O1)O)=O
Formose	G6	C1(C(CCO)C(C(CO1)O)O)=O
Formose	G6	C1(C(CCO)C(CO1)(CO)O)=O
Formose	G6	C1(C(CCO)OC(C(C1)O)O)=O
Formose	G6	C1(C(CCO)OC(C)(C1O)O)=O
Formose	G6	C1(C(CCO)OC(C1(C)O)O)=O
Formose	G6	C1(C(CCO)OC(C1CO)O)=O
Formose	G6	C1(C(CCO)OC(CC1O)O)=O
Formose	G6	C1(C(CCO)OC(CO)(C1)O)=O
Formose	G6	C1(C(CCO)OC(CO)C1O)=O
Formose	G6	C1(C(CCO)OCC(C1O)O)=O
Formose	G6	C1(C(CCO)OCC1(CO)O)=O
Formose	G6	C1(C(CCO1)(C(CO)CO)O)=O
Formose	G6	C1(C(CCOC(C)(C1O)O)O)=O
Formose	G6	C1(C(CCOC(C1(C)O)O)O)=O
Formose	G6	C1(C(CCOC(C1CO)O)O)=O
Formose	G6	C1(C(CCOC(CO)(C1)O)O)=O
Formose	G6	C1(C(CO)(C(C(C1)=C)O)O)=O
Formose	G6	C1(C(CO)(C(C(C1C)=O)O)O)=O
Formose	G6	C1(C(CO)(C(C(C1C)O)O)O)=O
Formose	G6	C1(C(CO)(C(C=CC1)O)O)=O
Formose	G6	C1(C(CO)(C(CC1(C)O)O)O)=O
Formose	G6	C1(C(CO)(C(CC1CO)O)O)=O
Formose	G6	C1(C(CO)(C(CO)C(C)O1)O)=O
Formose	G6	C1(C(CO)(C(CO)CO1)O)=O
Formose	G6	C1(C(CO)(C(CO1)C(C)O)O)=O
Formose	G6	C1(C(CO)(C)C(C(C1O)=O)O)=O
Formose	G6	C1(C(CO)(CC(C(C1)=O)O)O)=O
Formose	G6	C1(C(CO)(CC(C1(C)O)=O)O)=O
Formose	G6	C1(C(CO)(CC(C1(C)O)O)O)=O
Formose	G6	C1(C(CO)(CC(C1C)O)O)=O
Formose	G6	C1(C(CO)(CC(C1CO)=O)O)=O
Formose	G6	C1(C(CO)(CC(CO)O1)O)=O
Formose	G6	C1(C(CO)(CC(CO1)O)O)=O
Formose	G6	C1(C(CO)(CCC(C1O)=O)O)=O
Formose	G6	C1(C(CO)(CO)CC(C1O)=O)=O
Formose	G6	C1(C(CO)(O)OC(C(C)O)C1)=O
Formose	G6	C1(C(CO)(O)OC(C(C1)O)C)=O
Formose	G6	C1(C(CO)(O)OC(C)C1(C)O)=O
Formose	G6	C1(C(CO)(O)OC(C)C1O)=O
Formose	G6	C1(C(CO)(O)OC(CO)C1C)=O
Formose	G6	C1(C(CO)(O)OC(CO)CC1)=O
Formose	G6	C1(C(CO)(O)OCC(C1C)O)=O
Formose	G6	C1(C(CO)(O)OCC(CC1)O)=O
Formose	G6	C1(C(CO)(O)OCC1(C)O)=O
Formose	G6	C1(C(CO)(O)OCC1CCO)=O
Formose	G6	C1(C(CO)(O)OCCC1CO)=O
Formose	G6	C1(C(CO)(O)OCCC1O)=O
Formose	G6	C1(C(CO)=CC(C(C1O)O)=O)=O
Formose	G6	C1(C(CO)C(C(C(C)O)O1)O)=O
Formose	G6	C1(C(CO)C(C(C(C)O1)O)O)=O
Formose	G6	C1(C(CO)C(C(C1(C)O)=O)O)=O
Formose	G6	C1(C(CO)C(C(C1CO)O)O)=O
Formose	G6	C1(C(CO)C(C(C1O)=C)O)=O
Formose	G6	C1(C(CO)C(C(C1O)=O)(C)O)=O
Formose	G6	C1(C(CO)C(C(CCO)O1)O)=O
Formose	G6	C1(C(CO)C(C)(C(CO)O1)O)=O
Formose	G6	C1(C(CO)C(C)(C(CO1)O)O)=O
Formose	G6	C1(C(CO)C(C=CC1O)O)=O
Formose	G6	C1(C(CO)C(C=O)(C(C1)O)O)=O
Formose	G6	C1(C(CO)C(CC1CO)O)=O
Formose	G6	C1(C(CO)C(CO)(CCO1)O)=O
Formose	G6	C1(C(CO)C(CO1)(CCO)O)=O
Formose	G6	C1(C(CO)CC(C(C1O)=O)O)=O
Formose	G6	C1(C(CO)CC(C1(CO)O)=O)=O
Formose	G6	C1(C(CO)OC(C(C)C1O)O)=O
Formose	G6	C1(C(CO)OC(C(C)O)(C1)O)=O
Formose	G6	C1(C(CO)OC(C(C)O)C1O)=O
Formose	G6	C1(C(CO)OC(C(C1O)O)C)=O
Formose	G6	C1(C(CO)OC(C(CO)C1)O)=O
Formose	G6	C1(C(CO)OC(C)(C1CO)O)=O
Formose	G6	C1(C(CO)OC(C1(C=C)O)O)=O
Formose	G6	C1(C(CO)OC(C1CCO)O)=O
Formose	G6	C1(C(CO)OC(C1O)O)=CC=O
Formose	G6	C1(C(CO)OC(CC1(C)O)O)=O
Formose	G6	C1(C(CO)OC(CC1CO)O)=O
Formose	G6	C1(C(CO)OC(CC1O)CO)=O
Formose	G6	C1(C(CO)OC(CCC1O)O)=O
Formose	G6	C1(C(CO)OC(CCO)(C1)O)=O
Formose	G6	C1(C(CO)OC(CCO)C1O)=O
Formose	G6	C1(C(CO)OC(CO)(CC1)O)=O
Formose	G6	C1(C(CO)OC(CO)C1(C)O)=O
Formose	G6	C1(C(CO)OCC(C1(C)O)O)=O
Formose	G6	C1(C(CO)OCC1(CCO)O)=O
Formose	G6	C1(C(COC(C(C)O)(C1)O)O)=O
Formose	G6	C1(C(COC(C(CO)C1)O)O)=O
Formose	G6	C1(C(COC(C)(C1CO)O)O)=O
Formose	G6	C1(C(COC(C1(C=C)O)O)O)=O
Formose	G6	C1(C(COC(C1CCO)O)O)=O
Formose	G6	C1(C(COC(CC1(C)O)O)O)=O
Formose	G6	C1(C(COC(CC1)(CO)O)O)=O
Formose	G6	C1(C(COC(CC1CO)O)O)=O
Formose	G6	C1(C(COC(CCO)(C1)O)O)=O
Formose	G6	C1(C(O)OC(C(C)O)C1(C)O)=O
Formose	G6	C1(C(O)OC(C(C)O)C1CO)=O
Formose	G6	C1(C(O)OC(C(C)O)C1O)=O
Formose	G6	C1(C(O)OC(C(C=C)O)C1O)=O
Formose	G6	C1(C(O)OC(C(CO)CO)C1)=O
Formose	G6	C1(C(O)OC(C(CO)O)C1C)=O
Formose	G6	C1(C(O)OC(C)C(C1(C)O)O)=O
Formose	G6	C1(C(O)OC(C)C(C1CO)O)=O
Formose	G6	C1(C(O)OC(C)C(C1O)O)=O
Formose	G6	C1(C(O)OC(C)C(CO)(C1)O)=O
Formose	G6	C1(C(O)OC(C)C(CO)C1O)=O
Formose	G6	C1(C(O)OC(C)C1(C(C)O)O)=O
Formose	G6	C1(C(O)OC(C)C1(CCO)O)=O
Formose	G6	C1(C(O)OC(C=CCO)C1O)=O
Formose	G6	C1(C(O)OC(CC1O)CCO)=O
Formose	G6	C1(C(O)OC(CCCO)C1O)=O
Formose	G6	C1(C(O)OC(CO)(CO)C1C)=O
Formose	G6	C1(C(O)OC(CO)C(C1C)O)=O
Formose	G6	C1(C(O)OC(CO)C(CO)C1)=O
Formose	G6	C1(C(O)OC(CO)C1CCO)=O
Formose	G6	C1(C(O)OC(CO)CC1CO)=O
Formose	G6	C1(C(O)OCC(C(C)O)(C1)O)=O
Formose	G6	C1(C(O)OCC(C(C)O)C1O)=O
Formose	G6	C1(C(O)OCC(C(C1C)O)O)=O
Formose	G6	C1(C(O)OCC(C(C1O)=C)O)=O
Formose	G6	C1(C(O)OCC(C(C=1)=O)O)CO
Formose	G6	C1(C(O)OCC(C(CO)C1)O)=O
Formose	G6	C1(C(O)OCC(C(CO)O)C1)=O
Formose	G6	C1(C(O)OCC(C1CCO)O)=O
Formose	G6	C1(C(O)OCC(C1O)=CCO)=O
Formose	G6	C1(C(O)OCC(C=1C=O)O)CO
Formose	G6	C1(C(O)OCC(C=1CO)=O)CO
Formose	G6	C1(C(O)OCC(C=C)(C1O)O)=O
Formose	G6	C1(C(O)OCC(CC1CO)O)=O
Formose	G6	C1(C(O)OCC(CO)(C1C)O)=O
Formose	G6	C1(C(O)OCC(CO)C(C1)O)=O
Formose	G6	C1(C(O)OCC(CO)C1CO)=O
Formose	G6	C1(C(O)OCC(CO)C1O)=O
Formose	G6	C1(C(O)OCC1(C(CC)O)O)=O
Formose	G6	C1(C(O)OCC1(C(CO)=C)O)=O
Formose	G6	C1(C(O)OCC1(CCCO)O)=O
Formose	G6	C1(C(O)OCC1(CCO)O)=O
Formose	G6	C1(C(O)OCC1C(CO)CO)=O
Formose	G6	C1(C(O)OCC1CC(CO)O)=O
Formose	G6	C1(C(O)OCC1O)=C(C=O)CO
Formose	G6	C1(C(O)OCC1O)=CC(CO)=O
Formose	G6	C1(C(O)OCC=1C(CO)=O)CO
Formose	G6	C1(C(O)OCC=1CO)CO
Formose	G6	C1(C(O)OCC=C(CO)C1O)=O
Formose	G6	C1(C(O)OCCC1(C(C)O)O)=O
Formose	G6	C1(C(O)OCCC1(CO)O)=O
Formose	G6	C1(C(O)OCCC1C(CO)O)=O
Formose	G6	C1(C(OC(C(C1O)=C)CO)O)=O
Formose	G6	C1(C(OC(C(C=1)=O)CO)O)CO
Formose	G6	C1(C(OC(C=1C=O)CO)O)CO
Formose	G6	C1(C(OC(C=C)C(C1O)O)O)=O
Formose	G6	C1(C(OC(C=C)C1(CO)O)O)=O
Formose	G6	C1(C(OC(C=CC1O)CO)O)=O
Formose	G6	C1(C(OCC(C1(CO)O)=C)O)=O
Formose	G6	C1(C(OCC(C=1)=O)O)C(CO)O
Formose	G6	C1(C(OCC=1C=O)O)C(CO)O
Formose	G6	C1(C(OCC=CC1(CO)O)O)=O
Formose	G6	C1(C)C(C(C(C(C=1)=O)O)O)O
Formose	G6	C1(C)C(C(C(C=1C=O)O)O)O
Formose	G6	C1(C)C(C(C(C=1CO)=O)O)O
Formose	G6	C1(C)C(CO)(C(C(C=1)=O)O)O
Formose	G6	C1(C)C(CO)OC(C=1CO)O
Formose	G6	C1(C)C(COC(C=1CO)O)O
Formose	G6	C1(C2(C(C(C(C)O2)(C1)O)O)O)=O
Formose	G6	C1(C2(C(C(CC1)(CO2)O)O)O)=O
Formose	G6	C1(C2(C(C(CO2)(C1)O)O)O)=O
Formose	G6	C1(C2(C(C(CO2)(C1C)O)O)O)=O
Formose	G6	C1(C2(C(C)(C(CO2)(C1)O)O)O)=O
Formose	G6	C1(C2(C(C)C(C1(CO2)O)O)O)=O
Formose	G6	C1(C2(C(CC1(C(C2)O)O)O)O)=O
Formose	G6	C1(C2(C(CC1(CO2)O)O)O)=O
Formose	G6	C1(C2(C(CCC1(CO2)O)O)O)=O
Formose	G6	C1(C2(C(CCC2(CO1)O)O)O)=O
Formose	G6	C1(C2(CC(C)(C1(CO2)O)O)O)=O
Formose	G6	C1(C2(CC(C1(CO2)O)O)O)=O
Formose	G6	C1(C2(CCC(C1(CO2)O)O)O)=O
Formose	G6	C1(C=C(C=O)C(C1(CO)O)O)=O
Formose	G6	C1(C=CC(C(C(C1O)O)O)=O)=O
Formose	G6	C1(C=CC(C(C1(CO)O)O)=O)=O
Formose	G6	C1(CC(C(C(C1(C)O)=O)O)O)=O
Formose	G6	C1(CC(C(C(C1(C)O)O)O)O)=O
Formose	G6	C1(CC(C(C(C1)O)=O)(CO)O)=O
Formose	G6	C1(CC(C(C(C1)O)O)O)=O
Formose	G6	C1(CC(C(C(C1CO)O)=O)O)=O
Formose	G6	C1(CC(C(C(C1CO)O)O)O)=O
Formose	G6	C1(CC(C(C(C1O)=C)O)O)=O
Formose	G6	C1(CC(C(C(C1O)O)=C)O)=O
Formose	G6	C1(CC(C(C(C=O)O)(C1)O)O)=O
Formose	G6	C1(CC(C(C(CO)O)C1)O)=O
Formose	G6	C1(CC(C(C(CO1)CO)O)O)=O
Formose	G6	C1(CC(C(C)(C(C1)O)O)O)=O
Formose	G6	C1(CC(C(C)(C1(C)O)O)O)=O
Formose	G6	C1(CC(C(C)(C1CO)O)O)=O
Formose	G6	C1(CC(C(C)C1(CO)O)O)=O
Formose	G6	C1(CC(C(C1(C(C)=O)O)O)O)=O
Formose	G6	C1(CC(C(C1(C(C)O)O)=O)O)=O
Formose	G6	C1(CC(C(C1(C)O)O)O)=O
Formose	G6	C1(CC(C(C1(C=C)O)O)O)=O
Formose	G6	C1(CC(C(C1(CCO)O)=O)O)=O
Formose	G6	C1(CC(C(C1(CCO)O)O)O)=O
Formose	G6	C1(CC(C(C1(CO)CO)=O)O)=O
Formose	G6	C1(CC(C(C1(CO)CO)O)O)=O
Formose	G6	C1(CC(C(C1(CO)O)=C)O)=O
Formose	G6	C1(CC(C(C1C(CO)O)=O)O)=O
Formose	G6	C1(CC(C(C1CO)O)O)=O
Formose	G6	C1(CC(C(C1O)=C)(CO)O)=O
Formose	G6	C1(CC(C(C1O)=CCO)O)=O
Formose	G6	C1(CC(C(C=1)=O)(CO)O)CO
Formose	G6	C1(CC(C(C=1)=O)O)C(CO)O
Formose	G6	C1(CC(C(C=CC1O)O)O)=O
Formose	G6	C1(CC(C(CC(C1O)=O)O)O)=O
Formose	G6	C1(CC(C(CC1(CO)O)O)O)=O
Formose	G6	C1(CC(C(CO)(C(C)O1)O)O)=O
Formose	G6	C1(CC(C(CO)(C(C1)O)O)O)=O
Formose	G6	C1(CC(C(CO)(C1(C)O)O)O)=O
Formose	G6	C1(CC(C(CO)(C1)O)O)=O
Formose	G6	C1(CC(C(CO)(C1CO)O)O)=O
Formose	G6	C1(CC(C(CO)(O)OCC1)O)=O
Formose	G6	C1(CC(C(CO)=CC1O)O)=O
Formose	G6	C1(CC(C(CO)C(C1)O)O)=O
Formose	G6	C1(CC(C(CO)C(CO1)O)O)=O
Formose	G6	C1(CC(C(CO)C1(C)O)O)=O
Formose	G6	C1(CC(C(CO)O)C(CO1)O)=O
Formose	G6	C1(CC(C(CO)O1)C(CO)O)=O
Formose	G6	C1(CC(C(CO1)(C(C)O)O)O)=O
Formose	G6	C1(CC(C(O)OCC1)(CO)O)=O
Formose	G6	C1(CC(C(O)OCC1CO)O)=O
Formose	G6	C1(CC(C)(C(C(C1)O)O)O)=O
Formose	G6	C1(CC(C)(C(C1(C)O)O)O)=O
Formose	G6	C1(CC(C)(C(CO1)(CO)O)O)=O
Formose	G6	C1(CC(C)(O)OCC1(CO)O)=O
Formose	G6	C1(CC(C)(OC1(CO)CO)O)=O
Formose	G6	C1(CC(C)C(C1(CO)O)O)=O
Formose	G6	C1(CC(C=C(CO)C1O)O)=O
Formose	G6	C1(CC(C=CC1(CO)O)O)=O
Formose	G6	C1(CC(C=CC1O)(CO)O)=O
Formose	G6	C1(CC(CC(C1(C)O)O)O)=O
Formose	G6	C1(CC(CC(C1(CO)O)=O)O)=O
Formose	G6	C1(CC(CC(C1CO)O)O)=O
Formose	G6	C1(CC(CC(CO)(C1)O)O)=O
Formose	G6	C1(CC(CC1(C(CO)=O)O)O)=O
Formose	G6	C1(CC(CC1C(CO)O)O)=O
Formose	G6	C1(CC(CCC1(CO)O)O)=O
Formose	G6	C1(CC(CCO)(C(CO)O1)O)=O
Formose	G6	C1(CC(CCO)(C(CO1)O)O)=O
Formose	G6	C1(CC(CO)(C(C(C)O)O1)O)=O
Formose	G6	C1(CC(CO)(C(C(C)O1)O)O)=O
Formose	G6	C1(CC(CO)(C(C(C1)O)O)O)=O
Formose	G6	C1(CC(CO)(C(C)(CO1)O)O)=O
Formose	G6	C1(CC(CO)(C(C1(C)O)O)O)=O
Formose	G6	C1(CC(CO)(C(C1CO)O)O)=O
Formose	G6	C1(CC(CO)(C(CCO)O1)O)=O
Formose	G6	C1(CC(CO)(C(CO)(C1)O)O)=O
Formose	G6	C1(CC(CO)(C(CO1)CO)O)=O
Formose	G6	C1(CC(CO)(CC1(C)O)O)=O
Formose	G6	C1(CC(CO)(CO)OC(C1)O)=O
Formose	G6	C1(CC(CO)(O)OC(CO)C1)=O
Formose	G6	C1(CC(CO)(O)OCC(C1)O)=O
Formose	G6	C1(CC(CO)(O)OCC1CO)=O
Formose	G6	C1(CC(CO)=CC1(CO)O)=O
Formose	G6	C1(CC(CO)C(C(CO)O)O1)=O
Formose	G6	C1(CC(CO)C(C(CO)O1)O)=O
Formose	G6	C1(CC(CO)C(C(CO1)O)O)=O
Formose	G6	C1(CC(CO)C(C1(C)O)O)=O
Formose	G6	C1(CC(CO)C(C1(CO)O)O)=O
Formose	G6	C1(CC(CO)C(C1CO)O)=O
Formose	G6	C1(CC(CO)C(CO)(CO)O1)=O
Formose	G6	C1(CC(CO)C(CO1)(CO)O)=O
Formose	G6	C1(CC(CO)OC(C1CO)O)=O
Formose	G6	C1(CC(CO1)(C(C(C)O)O)O)=O
Formose	G6	C1(CC(CO1)(C(C)(CO)O)O)=O
Formose	G6	C1(CC(CO1)(C(CCO)O)O)=O
Formose	G6	C1(CC(CO1)(C(CO)CO)O)=O
Formose	G6	C1(CC(COC(C1)O)(CO)O)=O
Formose	G6	C1(CC(COC(C1CO)O)O)=O
Formose	G6	C1(CC(O)OC(CO)C1(C)O)=O
Formose	G6	C1(CC(O)OCC(C1(C)O)O)=O
Formose	G6	C1(CC(O)OCC1(CCO)O)=O
Formose	G6	C1(CC(O)OCC1(CO)CO)=O
Formose	G6	C1(CC(O)OCCC1(CO)O)=O
Formose	G6	C1(CC(OC1(CO)CCO)O)=O
Formose	G6	C1(CC2(C(C)(C1(CO2)O)O)O)=O
Formose	G6	C1(CC2(C(C1(CC2)O)O)O)=O
Formose	G6	C1(CC2(C(C1(CC2O)O)O)O)=O
Formose	G6	C1(CC2(C(C1(CCO2)O)O)O)=O
Formose	G6	C1(CC2(C(C1(CO2)O)O)O)=O
Formose	G6	C1(CC2(C(C1)(O)OCC2O)O)=O
Formose	G6	C1(CC2(C=CC1(C2O)O)O)=O
Formose	G6	C1(CC2(COC(C2O)(C1)O)O)=O
Formose	G6	C1(CC=C(CO)C1(CO)O)=O
Formose	G6	C1(CC=CC1(C(CO)O)O)=O
Formose	G6	C1(CCC(C(C1(CO)O)=O)O)=O
Formose	G6	C1(CCC(C1(C(C)O)O)O)=O
Formose	G6	C1(CCC(C1(C(CO)O)O)=O)=O
Formose	G6	C1(CCC(CO)(C1(C)O)O)=O
Formose	G6	C1(CCC(CO)(C1(CO)O)O)=O
Formose	G6	C1(CCC(CO)(C1CO)O)=O
Formose	G6	C1(CCC(O)OCC1(CO)O)=O
Formose	G6	C1(CCC(OC1(CO)CO)O)=O
Formose	G6	C1(CCC2(C(C1(CO2)O)O)O)=O
Formose	G6	C1(CCCC(C1(CO)O)O)=O
Formose	G6	C1(CCCOC(C1(CO)O)O)=O
Formose	G6	C1(CCOC(C(C1CO)O)O)=O
Formose	G6	C1(CCOC(C)(C1(CO)O)O)=O
Formose	G6	C1(CCOC(C1(CCO)O)O)=O
Formose	G6	C1(CCOC(C1C(CO)O)O)=O
Formose	G6	C1(CCOC(CO)(C1CO)O)=O
Formose	G6	C1(CO)C(C(C(C(C=1)=O)=O)O)O
Formose	G6	C1(CO)C(C(C(C=1C)=O)O)O
Formose	G6	C1(CO)C(C(C(C=1C=O)=O)O)O
Formose	G6	C1(CO)C(C(C(C=1CO)O)O)O
Formose	G6	C1(CO)C(C(CC(C=1)=O)O)O
Formose	G6	C1(CO)C(C(CC=1C=O)O)O
Formose	G6	C1(CO)C(C(CO)(OCC=1)O)O
Formose	G6	C1(CO)C(C(CO)O)OC(C=1)=O
Formose	G6	C1(CO)C(C(CO)OC(C=1)=O)O
Formose	G6	C1(CO)C(C(COC(C=1)=O)O)O
Formose	G6	C1(CO)C(C(COC(C=1)O)O)O
Formose	G6	C1(CO)C(C(OCC=1)O)(CO)O
Formose	G6	C1(CO)C(C(OCC=1)O)CO
Formose	G6	C1(CO)C(C(OCC=1)O)O
Formose	G6	C1(CO)C(C(OCC=1C=O)O)O
Formose	G6	C1(CO)C(C(OCC=1CO)O)O
Formose	G6	C1(CO)C(C)(C(C(C=1)=O)O)O
Formose	G6	C1(CO)C(CC(C=1C=O)O)O
Formose	G6	C1(CO)C(CC(C=1CO)=O)O
Formose	G6	C1(CO)C(CO)(CC(C=1)=O)O
Formose	G6	C1(CO)C(CO)(CO)OC(C=1)=O
Formose	G6	C1(CO)C(CO)(CO)OC(C=1)O
Formose	G6	C1(CO)C(CO)(COC(C=1)=O)O
Formose	G6	C1(CO)C(CO)(COC(C=1)O)O
Formose	G6	C1(CO)C(CO)(OCC(C=1)=O)O
Formose	G6	C1(CO)C(CO)(OCC=1C=O)O
Formose	G6	C1(CO)C(CO)C(C(C=1)=O)O
Formose	G6	C1(CO)C(CO)OC(C=1CO)O
Formose	G6	C1(CO)C(COC(C=1CO)O)O
Formose	G6	C1(CO)CC(C(C(C=1)=O)O)O
Formose	G6	C1(CO)CC(C(C=1C=O)O)O
Formose	G6	C1(CO)CC(C(C=1CO)=O)O
Formose	G6	C1(CO)CCOC(C=1CO)O
Formose	G6	C1(CO)COC(C(C=1)=O)(CO)O
Formose	G6	C1(CO)COC(C=1C(C)O)O
Formose	G6	C1(CO)COC(C=1C(CO)O)O
Formose	G6	C1(CO)COC(C=1CO)(CO)O
Formose	G6	C1(COC(C(C(C)O)O)(C1)O)=O
Formose	G6	C1(COC(C(C(C1O)O)=C)O)=O
Formose	G6	C1(COC(C(C(CO)C1)O)O)=O
Formose	G6	C1(COC(C(C(CO)O)C1)O)=O
Formose	G6	C1(COC(C(C)(C(C1)O)O)O)=O
Formose	G6	C1(COC(C(C)(C1(C)O)O)O)=O
Formose	G6	C1(COC(C(C)(CC1O)O)O)=O
Formose	G6	C1(COC(C(C)C1(CO)O)O)=O
Formose	G6	C1(COC(C(C)O)(C1(C)O)O)=O
Formose	G6	C1(COC(C(C)O)(C1CO)O)=O
Formose	G6	C1(COC(C(C)O)C1(CO)O)=O
Formose	G6	C1(COC(C(C1(C=C)O)O)O)=O
Formose	G6	C1(COC(C(C1(CC)O)O)O)=O
Formose	G6	C1(COC(C(C1O)=C)(CO)O)=O
Formose	G6	C1(COC(C(C1O)O)(CC)O)=O
Formose	G6	C1(COC(C(C1O)O)O)=CC=O
Formose	G6	C1(COC(C(C=C)O)(C1O)O)=O
Formose	G6	C1(COC(C(CC)(C1O)O)O)=O
Formose	G6	C1(COC(C(CC1(C)O)O)O)=O
Formose	G6	C1(COC(C(CCO)C1O)O)=O
Formose	G6	C1(COC(C(CCO)O)(C1)O)=O
Formose	G6	C1(COC(C(CO)(C)O)(C1)O)=O
Formose	G6	C1(COC(C(CO)(C1C)O)O)=O
Formose	G6	C1(COC(C(CO)(CC1)O)O)=O
Formose	G6	C1(COC(C(CO)=CC1O)O)=O
Formose	G6	C1(COC(C(CO)C1CO)O)=O
Formose	G6	C1(COC(C(CO)CO)(C1)O)=O
Formose	G6	C1(COC(C)(C(C)(C1O)O)O)=O
Formose	G6	C1(COC(C)(C(CC1O)O)O)=O
Formose	G6	C1(COC(C)(C1(C(C)O)O)O)=O
Formose	G6	C1(COC(C)(C1(CO)CO)O)=O
Formose	G6	C1(COC(C)(C1C(CO)O)O)=O
Formose	G6	C1(COC(C)(CC(C1O)O)O)=O
Formose	G6	C1(COC(C)C(C1(CO)O)O)=O
Formose	G6	C1(COC(C)C(CO)(C1O)O)=O
Formose	G6	C1(COC(C1(C(C)O)O)O)=O
Formose	G6	C1(COC(C1(C(C=C)O)O)O)=O
Formose	G6	C1(COC(C1(C(CC)O)O)O)=O
Formose	G6	C1(COC(C1(CC(C)O)O)O)=O
Formose	G6	C1(COC(C1C(CO)CO)O)=O
Formose	G6	C1(COC(C1CC(CO)O)O)=O
Formose	G6	C1(COC(C1O)O)=C(C=O)CO
Formose	G6	C1(COC(C=1)=O)C(C(CO)O)O
Formose	G6	C1(COC(C=1)=O)C(CO)(CO)O
Formose	G6	C1(COC(C=1)O)C(C(CO)O)O
Formose	G6	C1(COC(C=1C(CO)O)=O)CO
Formose	G6	C1(COC(C=1C(CO)O)O)C
Formose	G6	C1(COC(C=1CO)(CO)O)C
Formose	G6	C1(COC(C=1CO)O)C(CO)O
Formose	G6	C1(COC(C=1CO)O)CCO
Formose	G6	C1(COC(C=C)(C1(CO)O)O)=O
Formose	G6	C1(COC(CC(C)(C1O)O)O)=O
Formose	G6	C1(COC(CC(C)O)(C1O)O)=O
Formose	G6	C1(COC(CC(C1(C)O)O)O)=O
Formose	G6	C1(COC(CC(CO)C1O)O)=O
Formose	G6	C1(COC(CC(CO)O)(C1)O)=O
Formose	G6	C1(COC(CC1(C(C)O)O)O)=O
Formose	G6	C1(COC(CC1(CCO)O)O)=O
Formose	G6	C1(COC(CC1(CO)CO)O)=O
Formose	G6	C1(COC(CC1C(CO)O)O)=O
Formose	G6	C1(COC(CC1O)(C(C)O)O)=O
Formose	G6	C1(COC(CC1O)(CCO)O)=O
Formose	G6	C1(COC(CCC1(CO)O)O)=O
Formose	G6	C1(COC(CCCO)(C1O)O)=O
Formose	G6	C1(COC(CCO)(C1CO)O)=O
Formose	G6	C1(COC(CO)(C(C)C1O)O)=O
Formose	G6	C1(COC(CO)(C(C1C)O)O)=O
Formose	G6	C1(COC(CO)(C(CC1)O)O)=O
Formose	G6	C1(COC(CO)(C(CO)C1)O)=O
Formose	G6	C1(COC(CO)(C1(C)O)O)=O
Formose	G6	C1(COC(CO)(C1C(C)O)O)=O
Formose	G6	C1(COC(CO)(CC1CO)O)=O
Formose	G6	C1(COC(CO)(CCC1O)O)=O
Formose	G6	C1(COC(CO)(CO)C(C1)O)=O
Formose	G6	C1(COC(CO)(CO)C1CO)=O
Formose	G6	C1(COC(CO)C(C(C1)O)O)=O
Formose	G6	C1(COC(CO)C(C1CO)O)=O
Formose	G6	C1(COC(CO)CC(C1O)O)=O
Formose	G6	C1(COC2(C(C1(CC2)O)O)O)=O
Formose	G6	C1(COC2(CCC(C12O)O)O)=O
Formose	G6	C1(COCC(C(C)O)(C1O)O)=O
Formose	G6	C1(COCC(C(C1CO)O)O)=O
Formose	G6	C1(COCC(CO)(C1(C)O)O)=O
Formose	G6	C1(COCC(CO)(C1CO)O)=O
Formose	G6	C1(COCC1(C(CO)CO)O)=O
Formose	G6	C1(COCC1C(C(CO)O)O)=O
Formose	G6	C1C(C(C(C(C(C=1)=O)O)O)O)O
Formose	G6	C1C(C(C(C(C=1)=O)(CO)O)O)O
Formose	G6	C1C(C(C(C(C=1C=O)O)O)O)O
Formose	G6	C1C(C(C(C(C=1CO)=O)O)O)O
Formose	G6	C1C(C(C(C(CO)O1)O)O)O
Formose	G6	C1C(C(C(C)O)(C(C)(O)O1)O)O
Formose	G6	C1C(C(C(C=1)=O)(C(C)O)O)O
Formose	G6	C1C(C(C(C=1)=O)(C(CO)O)O)O
Formose	G6	C1C(C(C(C=1)=O)(CO)CO)O
Formose	G6	C1C(C(C(C=1)=O)C(CO)O)O
Formose	G6	C1C(C(C(C=1C(C)=O)O)O)O
Formose	G6	C1C(C(C(C=1C(C)O)=O)O)O
Formose	G6	C1C(C(C(C=1C(C=O)=O)O)O)O
Formose	G6	C1C(C(C(C=1C(CO)=O)O)O)O
Formose	G6	C1C(C(C(C=1C(CO)O)=O)O)O
Formose	G6	C1C(C(C(C=1C=O)(C)O)O)O
Formose	G6	C1C(C(C(C=1C=O)=O)(CO)O)O
Formose	G6	C1C(C(C(C=1C=O)CO)O)O
Formose	G6	C1C(C(C(C=1CO)(CO)O)O)O
Formose	G6	C1C(C(C(C=1CO)=O)(CO)O)O
Formose	G6	C1C(C(C(C=1CO)=O)CO)O
Formose	G6	C1C(C(C(C=1CO)O)O)O
Formose	G6	C1C(C(C(CC(C=1)=O)O)O)O
Formose	G6	C1C(C(C(CCCO)(O)O1)O)O
Formose	G6	C1C(C(C(CO)C(C)(O)O1)O)O
Formose	G6	C1C(C(C(CO)O)O)OC(C=1)=O
Formose	G6	C1C(C(C(CO)O)OC(C=1)=O)O
Formose	G6	C1C(C(C(CO)O1)O)O
Formose	G6	C1C(C(C(CO)OC(C=1)=O)O)O
Formose	G6	C1C(C(C(O)O1)(CC(C)O)O)O
Formose	G6	C1C(C(C(O)O1)(CCCO)O)O
Formose	G6	C1C(C(C(O)O1)(CO)CO)O
Formose	G6	C1C(C(C(O)O1)O)C(CCO)O
Formose	G6	C1C(C(C(OCC=1C=O)O)O)O
Formose	G6	C1C(C(C)(C(C(C=1)=O)O)O)O
Formose	G6	C1C(C(C)(C(C=1C=O)O)O)O
Formose	G6	C1C(C(C)O)(C(C(C)(O)O1)O)O
Formose	G6	C1C(C(C)O)(C(C(C=1)=O)O)O
Formose	G6	C1C(C(C)O)(C(C(O)O1)CO)O
Formose	G6	C1C(C(C)O)(C(C)(C(O)O1)O)O
Formose	G6	C1C(C(C)O)C(C(O)O1)(CO)O
Formose	G6	C1C(C(C)O)OC(C=1CO)O
Formose	G6	C1C(C(C)OC(C=1CO)O)O
Formose	G6	C1C(C(C=O)=O)(C(C(C=1)O)O)O
Formose	G6	C1C(C(CC(C(C=1)=O)O)O)O
Formose	G6	C1C(C(CC(C=1C=O)O)O)O
Formose	G6	C1C(C(CCO)(C(C)(O)O1)O)O
Formose	G6	C1C(C(CO)(C(C=1)O)O)O
Formose	G6	C1C(C(CO)(C(C=1CO)O)O)O
Formose	G6	C1C(C(CO)(C(CO)O1)O)O
Formose	G6	C1C(C(CO)(CO)C(C=1)O)O
Formose	G6	C1C(C(CO)(CO)O)OC(C=1)=O
Formose	G6	C1C(C(CO)(CO)OC(C=1)=O)O
Formose	G6	C1C(C(CO)(COC(C=1)=O)O)O
Formose	G6	C1C(C(CO)(OCC=1C=O)O)O
Formose	G6	C1C(C(CO)C(C(C)(O)O1)O)O
Formose	G6	C1C(C(CO)C(C(C=1)=O)O)O
Formose	G6	C1C(C(CO)C(C)(O)O1)O
Formose	G6	C1C(C(CO)C(C=1)O)O
Formose	G6	C1C(C(CO)C(C=1C=O)O)O
Formose	G6	C1C(C(CO)C(CCO)(O)O1)O
Formose	G6	C1C(C(CO)O)(CC(C=1)=O)O
Formose	G6	C1C(C(CO)O)(OCC(C=1)=O)O
Formose	G6	C1C(C(CO)O)C(C(C=1)=O)O
Formose	G6	C1C(C(CO)OC(C=1CO)=O)O
Formose	G6	C1C(C(COC(C=1CO)=O)O)O
Formose	G6	C1C(C(COC(C=1CO)O)O)O
Formose	G6	C1C(C(O)OCC(C=1C=O)O)O
Formose	G6	C1C(C(OC(C(C=1)=O)CO)O)O
Formose	G6	C1C(C(OCC(C=1CO)=O)O)O
Formose	G6	C1C(C(OCC=1C=O)O)(CO)O
Formose	G6	C1C(C)(C(C(C(C)O)(O)O1)O)O
Formose	G6	C1C(C)(C(C(C(O)O1)O)O)O
Formose	G6	C1C(C)(C(C(C=1)=O)(CO)O)O
Formose	G6	C1C(C)(C(C(C=1C=O)O)O)O
Formose	G6	C1C(C)(C(C(C=1CO)=O)O)O
Formose	G6	C1C(C)(C(C(O)O1)(CO)CO)O
Formose	G6	C1C(C)(C(C)(C(O)O1)O)O
Formose	G6	C1C(C)(C(CO)(CC(O)O1)O)O
Formose	G6	C1C(C)(C(CO)C(C(O)O1)O)O
Formose	G6	C1C(CC(C(C(C=1)=O)O)O)O
Formose	G6	C1C(CC(C=1C(CO)=O)O)O
Formose	G6	C1C(CC(C=1C(CO)O)=O)O
Formose	G6	C1C(CC(C=1C=O)(CO)O)O
Formose	G6	C1C(CC(C=1CO)O)O
Formose	G6	C1C(CCCO)(C(C(O)O1)O)O
Formose	G6	C1C(CCO)(C(C(C=1)=O)O)O
Formose	G6	C1C(CCO)(C(C(CO)O1)O)O
Formose	G6	C1C(CCO)(C(C)(C(O)O1)O)O
Formose	G6	C1C(CCO)OC(C=1CO)O
Formose	G6	C1C(CO)(C(C(C(C=1)=O)=O)O)O
Formose	G6	C1C(CO)(C(C(C=1)(CO)O)O)O
Formose	G6	C1C(CO)(C(C(C=1)=O)(C)O)O
Formose	G6	C1C(CO)(C(C(C=1)=O)(CO)O)O
Formose	G6	C1C(CO)(C(C(C=1)=O)CO)O
Formose	G6	C1C(CO)(C(C(C=1)O)O)O
Formose	G6	C1C(CO)(C(C(C=1C)=O)O)O
Formose	G6	C1C(CO)(C(C(C=1C=O)=O)O)O
Formose	G6	C1C(CO)(C(C(C=1CO)O)O)O
Formose	G6	C1C(CO)(C(C(CO)O1)O)O
Formose	G6	C1C(CO)(C(C(O)O1)CCO)O
Formose	G6	C1C(CO)(C(CC=1)O)O
Formose	G6	C1C(CO)(C(CO)(C(C=1)O)O)O
Formose	G6	C1C(CO)(C(CO)CC(O)O1)O
Formose	G6	C1C(CO)(C(CO)OC(C=1)=O)O
Formose	G6	C1C(CO)(C(COC(C=1)=O)O)O
Formose	G6	C1C(CO)(CC(C=1)O)O
Formose	G6	C1C(CO)(CC(C=1C=O)O)O
Formose	G6	C1C(CO)(CC(C=1CO)=O)O
Formose	G6	C1C(CO)(CO)C(C(O)O1)O
Formose	G6	C1C(CO)(COC(C=1CO)O)O
Formose	G6	C1C(CO)(O)OCC(C(C=1)=O)O
Formose	G6	C1C(CO)(O)OCC(C=1C=O)O
Formose	G6	C1C(CO)(OC(C(C=1)=O)CO)O
Formose	G6	C1C(CO)(OCC(C=1CO)=O)O
Formose	G6	C1C(CO)(OCC=1CO)O
Formose	G6	C1C(CO)C(C(C(C)(O)O1)O)O
Formose	G6	C1C(CO)C(C(C(C=1)=O)O)O
Formose	G6	C1C(CO)C(C(C(O)O1)CO)O
Formose	G6	C1C(CO)C(C(C(O)O1)O)O
Formose	G6	C1C(CO)C(C(C)(O)O1)O
Formose	G6	C1C(CO)C(C(C=1)=O)(CO)O
Formose	G6	C1C(CO)C(C(C=1)O)O
Formose	G6	C1C(CO)C(C(C=1C=O)O)O
Formose	G6	C1C(CO)C(C(C=1CO)=O)O
Formose	G6	C1C(CO)C(C(CCO)(O)O1)O
Formose	G6	C1C(CO)C(C(CO)(O)O1)O
Formose	G6	C1C(CO)C(C(O)O1)(C(C)O)O
Formose	G6	C1C(CO)C(C(O)O1)(CCO)O
Formose	G6	C1C(CO)C(C(O)O1)(CO)O
Formose	G6	C1C(CO)C(CO)(C(C)(O)O1)O
Formose	G6	C1C(CO)C(CO)(CC(O)O1)O
Formose	G6	C1C(CO)OC(C(C=1)=O)(CO)O
Formose	G6	C1C(CO)OC(C=1CO)O
Formose	G6	C1C(COC(C(C=1)=O)(CO)O)O
Formose	G6	C1C(COC(C(C=1CO)O)O)O
Formose	G6	C1C(COC(C=1)=O)(C(CO)O)O
Formose	G6	C1C(COC(C=1C(CO)O)=O)O
Formose	G6	C1C(COC(C=1CO)(CO)O)O
Formose	G6	C1C(COC(C=1CO)O)O
Formose	G6	C1C(O)OC(CO)C(C(C=1)=O)O
Formose	G6	C1C(O)OCC(C(C=1)=O)(CO)O
Formose	G6	C1C(O)OCC(C(C=1CO)=O)O
Formose	G6	C1C(OC(C(C=1)=O)(CO)CO)O
Formose	G6	C1C(OC(C(C=1)=O)C(CO)O)O
Formose	G6	C1C(OC(C(C=1CO)=O)CO)O
Formose	G6	C1C(OCC(C=1C(CO)O)=O)O
Formose	G6	C1C(OCC=1C(C(CO)O)=O)O
Formose	G6	C1CC(C(C(C(C=1)=O)O)O)O
Formose	G6	C1CC(C(C(C=1)=O)(CO)O)O
Formose	G6	C1CC(C(C(C=1C=O)O)O)O
Formose	G6	C1CC(C(C(C=1CO)=O)O)O
Formose	G6	C1CC(C(C=1)=O)(C(CO)O)O
Formose	G6	C1CC(C(C=1C(CO)=O)O)O
Formose	G6	C1CC(C(C=1C(CO)O)=O)O
Formose	G6	C1CC(C(C=1C=O)(CO)O)O
Formose	G6	C1CC(C(C=1CO)=O)(CO)O
Formose	G6	C1CC(C(C=1CO)O)O
Formose	G6	C1CC(CO)(C(C(C=1)=O)O)O
Formose	G6	C1CC(CO)(C(C=1)O)O
Formose	G6	C1CC(CO)(C(C=1C=O)O)O
Formose	G6	C1COC(C(C(C=1)=O)(CO)O)O
Formose	G6	C1COC(C(C(C=1C=O)O)O)O
Formose	G6	C1COC(C(C(C=1CO)=O)O)O
Formose	G6	C1COC(C(C=1)=O)(C(CO)O)O
Formose	G6	C1COC(C(C=1C(CO)O)=O)O
Formose	G6	C1COC(C(C=1CO)=O)(CO)O
Formose	G6	C1COC(C=1C(C(CO)O)=O)O
Formose	G6	C1COC(C=1C(C(CO)O)O)O
Formose	G6	C1COC(C=1C(CCO)O)O
Formose	G6	C1COC(C=1CO)(CO)O
Formose	G6	C1COC(CO)(C(C(C=1)=O)O)O
Formose	G6	C=C(C(C(C(C)O)O)=O)CO
Formose	G6	C=C(C(C(C(CO)O)=O)=O)CO
Formose	G6	C=C(C(C(C(CO)O)O)=O)CO
Formose	G6	C=C(C(C(CCO)O)=O)CO
Formose	G6	C=C(C(C(CO)(CO)O)=O)CO
Formose	G6	C=C(C(C(CO)=O)=O)C(CO)O
Formose	G6	C=C(C(C(CO)O)=O)C(C)O
Formose	G6	C=C(C(C(CO)O)=O)C(CO)=O
Formose	G6	C=C(C(C(CO)O)=O)C(CO)O
Formose	G6	C=C(C(C(CO)O)O)C(C)O
Formose	G6	C=C(C(C(CO)O)O)C(CO)O
Formose	G6	C=C(C(C)=O)C(C(CO)O)O
Formose	G6	C=C(C(C)O)C(CO)(C)O
Formose	G6	C=C(C(C)O)C(CO)(CO)O
Formose	G6	C=C(C(CCO)=O)C(CO)O
Formose	G6	C=C(C(CCO)O)C(C)O
Formose	G6	C=C(C(CCO)O)C(CO)O
Formose	G6	C=C(C(CO)=O)C(C(C)O)O
Formose	G6	C=C(C(CO)=O)C(CO)CO
Formose	G6	C=C(C(CO)O)C(C)O
Formose	G6	C=C(C(CO)O)C(CO)(C)O
Formose	G6	C=C(C(CO)O)C(CO)(CO)O
Formose	G6	C=C(C(CO)O)C(CO)CO
Formose	G6	C=C(C(CO)O)C(CO)O
Formose	G6	C=C(C(CO)O)CCO
Formose	G6	C=C(C=O)C(C(CO)(C)O)O
Formose	G6	C=C(C=O)C(C(CO)CO)O
Formose	G6	C=C(C=O)C(CO)(C(C)O)O
Formose	G6	C=C(C=O)C(CO)C(CO)O
Formose	G6	C=C(C=O)C1(C(C(CO1)O)O)O
Formose	G6	C=C(C=O)C1(COC(C1O)O)O
Formose	G6	C=C(C=O)CC(C(CO)O)O
Formose	G6	C=C(CO)C(C(C(C)O)O)O
Formose	G6	C=C(CO)C(C(C(C=O)=O)O)O
Formose	G6	C=C(CO)C(C(C(CO)O)O)O
Formose	G6	C=C(CO)C(C(CCO)O)O
Formose	G6	C=C(CO)C(C(CO)(CO)O)O
Formose	G6	C=C(CO)C(C(CO)O)O
Formose	G6	C=C(CO)C(C)(C(CO)O)O
Formose	G6	C=C(CO)C(CC(C)O)O
Formose	G6	C=C(CO)C(CC(CO)O)O
Formose	G6	C=C(CO)C(CCO)O
Formose	G6	C=C(CO)C(CO)(C(C)O)O
Formose	G6	C=C(CO)C(CO)(C(CO)O)O
Formose	G6	C=C(CO)C(CO)(C)O
Formose	G6	C=C(CO)C(CO)(CCO)O
Formose	G6	C=C(CO)C(CO)(CO)O
Formose	G6	C=C(CO)C(CO)C(C)O
Formose	G6	C=C(CO)C(CO)C(CO)O
Formose	G6	C=C(CO)C(CO)CO
Formose	G6	C=C(CO)C(CO)O
Formose	G6	C=C(CO)C1(C(O)OCC1O)O
Formose	G6	C=C1C(C(C(C(C)O)O1)O)O
Formose	G6	C=C1C(C(C(C(C)O1)O)O)O
Formose	G6	C=C1C(C(C(C(C1O)O)O)O)=O
Formose	G6	C=C1C(C(C(C(CO)O)O1)O)=O
Formose	G6	C=C1C(C(C(C(CO)O)O1)O)O
Formose	G6	C=C1C(C(C(C(CO)O1)O)O)=O
Formose	G6	C=C1C(C(C(C(CO)O1)O)O)O
Formose	G6	C=C1C(C(C(C(CO1)O)O)O)=O
Formose	G6	C=C1C(C(C(C(CO1)O)O)O)O
Formose	G6	C=C1C(C(C(C(OC1)O)O)O)=O
Formose	G6	C=C1C(C(C(C)(C1O)O)O)=O
Formose	G6	C=C1C(C(C(C1(C)O)O)O)=O
Formose	G6	C=C1C(C(C(C1(CO)O)O)O)O
Formose	G6	C=C1C(C(C(C1CO)O)O)=O
Formose	G6	C=C1C(C(C(C1O)O)O)O
Formose	G6	C=C1C(C(C(CC1O)O)O)=O
Formose	G6	C=C1C(C(C(CCO)O1)O)O
Formose	G6	C=C1C(C(C(CO)(C1)O)O)=O
Formose	G6	C=C1C(C(C(CO)(C1O)O)O)O
Formose	G6	C=C1C(C(C(CO)(CO)O1)O)=O
Formose	G6	C=C1C(C(C(CO)(CO)O1)O)O
Formose	G6	C=C1C(C(C(CO)(CO1)O)O)=O
Formose	G6	C=C1C(C(C(CO)(CO1)O)O)O
Formose	G6	C=C1C(C(C(CO)C1O)O)=O
Formose	G6	C=C1C(C(C(CO)O)(OC1)O)=O
Formose	G6	C=C1C(C(C(CO)O)OC1O)=O
Formose	G6	C=C1C(C(C(CO)O1)O)O
Formose	G6	C=C1C(C(C(CO)OC1O)O)=O
Formose	G6	C=C1C(C(C(CO1)O)O)O
Formose	G6	C=C1C(C(C(COC1O)O)O)=O
Formose	G6	C=C1C(C(C(O)OCC1O)O)=O
Formose	G6	C=C1C(C(C(OC1)O)(CO)O)=O
Formose	G6	C=C1C(C(C(OC1CO)O)O)=O
Formose	G6	C=C1C(C(C)(C(CO)O1)O)O
Formose	G6	C=C1C(C(C)(C(CO1)O)O)O
Formose	G6	C=C1C(C(C)(O)OCC1O)O
Formose	G6	C=C1C(C(CC1(CO)O)O)=O
Formose	G6	C=C1C(C(CC1O)O)O
Formose	G6	C=C1C(C(CO)(C(C1O)O)O)=O
Formose	G6	C=C1C(C(CO)(C(CO)O1)O)O
Formose	G6	C=C1C(C(CO)(C(CO1)O)O)O
Formose	G6	C=C1C(C(CO)(CC1O)O)=O
Formose	G6	C=C1C(C(CO)(CO)OC1O)=O
Formose	G6	C=C1C(C(CO)(CO1)O)O
Formose	G6	C=C1C(C(CO)(COC1O)O)=O
Formose	G6	C=C1C(C(CO)(O)OCC1O)=O
Formose	G6	C=C1C(C(CO)(O)OCC1O)O
Formose	G6	C=C1C(C(CO)(OC1CO)O)=O
Formose	G6	C=C1C(C(CO)O)OC(C1O)O
Formose	G6	C=C1C(C(CO)OC(C1O)O)=O
Formose	G6	C=C1C(C(CO)OC(C1O)O)O
Formose	G6	C=C1C(C(CO1)(C(CO)O)O)O
Formose	G6	C=C1C(C(CO1)(CCO)O)O
Formose	G6	C=C1C(C(COC(C1O)O)O)=O
Formose	G6	C=C1C(C(COC(C1O)O)O)O
Formose	G6	C=C1C(C(O)OCC1(CO)O)O
Formose	G6	C=C1C(C(O)OCC1O)O
Formose	G6	C=C1C(C(OC1(CO)CO)O)O
Formose	G6	C=C1C(CO)(C(C(CO)O1)O)O
Formose	G6	C=C1C(CO)(C(C(CO1)O)O)O
Formose	G6	C=C1C(CO)(C(C)(CO1)O)O
Formose	G6	C=C1C(CO)(C(CO)(CO1)O)O
Formose	G6	C=C1C(CO)(C(CO1)O)O
Formose	G6	C=C1C(CO)(O)OC(CO)C1O
Formose	G6	C=C1C(CO)(O)OCC(C1O)O
Formose	G6	C=C1C(CO)(O)OCC1(C)O
Formose	G6	C=C1C(CO)(O)OCC1(CO)O
Formose	G6	C=C1C(CO)(O)OCC1O
Formose	G6	C=C1C(CO)(O)OCCC1O
Formose	G6	C=C1C(CO)OC(C)(C1O)O
Formose	G6	C=C1C(CO)OC(C1(CO)O)O
Formose	G6	C=C1C(CO)OC(C1CO)O
Formose	G6	C=C1C(CO)OC(C1O)O
Formose	G6	C=C1C(CO)OC(CO)(C1)O
Formose	G6	C=C1C(CO)OC(CO)(C1O)O
Formose	G6	C=C1C(COC(C(C1O)O)O)=O
Formose	G6	C=C1C(COC(C1(CO)O)O)=O
Formose	G6	C=C1C(COC(C1(CO)O)O)O
Formose	G6	C=C1C(COC(C1CO)O)O
Formose	G6	C=C1C(COC(CO)(C1)O)O
Formose	G6	C=C1C(COC(CO)(C1O)O)=O
Formose	G6	C=C1C(O)OC(C(C)O)C1O
Formose	G6	C=C1C(O)OC(C(CO)O)C1O
Formose	G6	C=C1C(O)OC(C)C(C1O)O
Formose	G6	C=C1C(O)OC(CCO)C1O
Formose	G6	C=C1C(O)OC(CO)(CO)C1O
Formose	G6	C=C1C(O)OC(CO)C(C1O)O
Formose	G6	C=C1C(O)OC(CO)C1(C)O
Formose	G6	C=C1C(O)OC(CO)C1(CO)O
Formose	G6	C=C1C(O)OC(CO)C1O
Formose	G6	C=C1C(O)OC(CO)CC1O
Formose	G6	C=C1C(O)OCC(C(C1O)O)O
Formose	G6	C=C1C(O)OCC(C1(C)O)O
Formose	G6	C=C1C(O)OCC(C1(CO)O)O
Formose	G6	C=C1C(O)OCC(C1O)O
Formose	G6	C=C1C(O)OCC(CC1O)O
Formose	G6	C=C1C(O)OCC(CO)(C1O)O
Formose	G6	C=C1C(O)OCC1(C(CO)O)O
Formose	G6	C=C1C(O)OCC1(CCO)O
Formose	G6	C=C1C(O)OCC1(CO)O
Formose	G6	C=C1C(O)OCCC(C1O)O
Formose	G6	C=C1C(O)OCCC1(CO)O
Formose	G6	C=C1C(OC(CO)C(C1O)O)=O
Formose	G6	C=C1C(OCC(C(C1O)O)O)=O
Formose	G6	C=C1COC(C(CO)O)(C1)O
Formose	G6	C=C1COC(C(CO)O)(C1O)O
Formose	G6	C=C1COC(C)(C1(CO)O)O
Formose	G6	C=C1COC(C1(C(C)O)O)O
Formose	G6	C=C1COC(C1(C(CO)O)O)O
Formose	G6	C=C1COC(C1(CCO)O)O
Formose	G6	C=C1COC(C1(CO)O)O
Formose	G6	C=C1COC(C1C(CO)O)O
Formose	G6	C=C1COC(CCO)(C1O)O
Formose	G6	C=C1COC(CO)(C1(CO)O)O
Formose	G6	C=C1COC(CO)(C1CO)O
Formose	G6	C=C1COC(CO)(C1O)O
Formose	G6	C=CC(C(C(C(CO)O)O)=O)=O
Formose	G6	C=CC(C(C(CO)(C)O)O)O
Formose	G6	C=CC(C(C(CO)(CO)O)=O)=O
Formose	G6	C=CC(C(C(CO)(CO)O)O)O
Formose	G6	C=CC(C(C(CO)CO)O)O
Formose	G6	C=CC(C(CCO)O)O
Formose	G6	C=CC(C(CO)(C(C)O)O)=O
Formose	G6	C=CC(C(CO)(C(C)O)O)O
Formose	G6	C=CC(C(CO)(C(CO)O)O)=O
Formose	G6	C=CC(C(CO)(C)O)O
Formose	G6	C=CC(C(CO)(CCO)O)=O
Formose	G6	C=CC(C(CO)(CCO)O)O
Formose	G6	C=CC(C(CO)(CO)CO)O
Formose	G6	C=CC(C(CO)C(C)O)O
Formose	G6	C=CC(C(CO)C(CO)O)=O
Formose	G6	C=CC(C(CO)C(CO)O)O
Formose	G6	C=CC(C(CO)CO)O
Formose	G6	C=CC(C1(C(C(CO1)O)O)O)O
Formose	G6	C=CC(C1(C(O)OCC1O)O)=O
Formose	G6	C=CC(C1(C(O)OCC1O)O)O
Formose	G6	C=CC(C1(COC(C1O)O)O)=O
Formose	G6	C=CC(C1(COC(C1O)O)O)O
Formose	G6	C=CC(CO)(C(C(C)O)O)O
Formose	G6	C=CC(CO)(C(C)O)O
Formose	G6	C=CC(CO)(C(CCO)O)O
Formose	G6	C=CC(CO)(C(CO)(C)O)O
Formose	G6	C=CC(CO)(C(CO)(CO)O)O
Formose	G6	C=CC(CO)(C(CO)CO)O
Formose	G6	C=CC(CO)(CCO)O
Formose	G6	C=CC(CO)C(C(C)O)O
Formose	G6	C=CC(CO)C(C(CO)O)O
Formose	G6	C=CC(CO)C(C)(CO)O
Formose	G6	C=CC(CO)C(CCO)O
Formose	G6	C=CC(CO)C(CO)(CO)O
Formose	G6	C=CC(CO)C(CO)O
Formose	G6	C=CC1(C(C(C(C)O1)O)O)O
Formose	G6	C=CC1(C(C(C(CO)O1)O)O)O
Formose	G6	C=CC1(C(C(C(CO1)O)O)O)O
Formose	G6	C=CC1(C(C(CO)(CO1)O)O)O
Formose	G6	C=CC1(C(C(CO1)(C)O)O)O
Formose	G6	C=CC1(C(C(CO1)O)O)O
Formose	G6	C=CC1(C(CO)(O)OCC1O)O
Formose	G6	C=CC1(C(O)OC(C)C1O)O
Formose	G6	C=CC1(C(O)OCC1(C)O)O
Formose	G6	C=CC1(C(O)OCC1(CO)O)O
Formose	G6	C=CC1(C(O)OCC1CO)O
Formose	G6	C=CC1(COC(C(C1O)O)O)O
Formose	G6	C=CC1(COC(C)(C1O)O)O
Formose	G6	C=CC1(COC(C1(C)O)O)O
Formose	G6	C=CC1(COC(C1(CO)O)O)O
Formose	G6	C=CC1(COC(C1CO)O)O
Formose	G6	C=CC1(COC(C1O)O)O
Formose	G6	C=CC1(COC(CO)(C1O)O)O
Formose	G6	C=CC1C(C(C(C)(O1)O)O)O
Formose	G6	C=CC1C(C(C(CO)(O1)O)O)O
Formose	G6	C=CC1C(C(C)(C(O1)O)O)O
Formose	G6	C=CC1C(C(CO)(C(O1)O)O)O
Formose	G6	C=CC1C(CO)(C(C(O1)O)O)O
Formose	G6	C=CC1C(O)OCC1(CO)O
Formose	G6	C=CCC(C(C)(CO)O)O
Formose	G6	C=CCC(C(CO)(CO)O)O
Formose	G6	C=CCC(C(CO)CO)O
Formose	G6	C=CCC(C(CO)O)O
Formose	G6	CC(C(C(C(CCO)O)O)O)O
Formose	G6	CC(C(C(CCCO)O)O)O
Formose	G6	CC(C(C(CO)(C(C)O)O)O)O
Formose	G6	CC(C(C(CO)(CO)CO)O)O
Formose	G6	CC(C(C(CO)(CO)O)O)O
Formose	G6	CC(C(C(CO)C(C)O)O)O
Formose	G6	CC(C(C(CO)C(CO)O)O)O
Formose	G6	CC(C(C(CO)CO)O)O
Formose	G6	CC(C(CCO)(C(CO)O)O)O
Formose	G6	CC(C(CCO)O)O
Formose	G6	CC(C(CO)(C(CO)CO)O)O
Formose	G6	CC(C(CO)(CCCO)O)O
Formose	G6	CC(C(CO)(CO)C(C)O)O
Formose	G6	CC(C(CO)(CO)C(CO)O)O
Formose	G6	CC(C(CO)(CO)CCO)O
Formose	G6	CC(C(CO)(CO)CO)O
Formose	G6	CC(C(CO)CCCO)O
Formose	G6	CC(C(CO)CCO)O
Formose	G6	CC(C(CO)O)(C(C(C)O)O)O
Formose	G6	CC(C(CO)O)(C(C)(CO)O)O
Formose	G6	CC(C(CO)O)(C(CCO)O)O
Formose	G6	CC(C1(C(C(C(C)O1)O)O)O)O
Formose	G6	CC(C1(C(O)OC(C)C1O)O)O
Formose	G6	CC(C1C(C(C)(C(O)O1)O)O)O
Formose	G6	CC(C1C(C)(C(C(O)O1)O)O)O
Formose	G6	CC(CC(C(C)(CO)O)O)O
Formose	G6	CC(CC(CCCO)O)O
Formose	G6	CC(CC(CO)(C(CO)O)O)O
Formose	G6	CC(CC(CO)(CCO)O)O
Formose	G6	CC(CC(CO)O)(C(CO)O)O
Formose	G6	CC(CC(CO)O)O
Formose	G6	CC(CC1(C(C(CO1)O)O)O)O
Formose	G6	CC(CC1(COC(C1O)O)O)O
Formose	G6	CC(CCCO)(C(CO)O)O
Formose	G6	CC(CCO)(C(C(CO)O)O)O
Formose	G6	CC(CCO)(C(CCO)O)O
Formose	G6	CC(CCO)(C(CO)(CO)O)O
Formose	G6	CC(CCO)(CCCO)O
Formose	G6	CC(CCO)C(C(CO)O)O
Formose	G6	CC(CCO)C(CCO)O
Formose	G6	CC(CCO)C(CO)(CO)O
Formose	G6	CC(CCO)C(CO)CO
Formose	G6	CC(CCO)C(CO)O
Formose	G6	CC(CO)(C(C(C(C)O)O)O)O
Formose	G6	CC(CO)(C(C(C)O)O)O
Formose	G6	CC(CO)(C(C(CCO)O)O)O
Formose	G6	CC(CO)(C(C(CO)CO)O)O
Formose	G6	CC(CO)(C(C)(CO)O)O
Formose	G6	CC(CO)(C(C)O)O
Formose	G6	CC(CO)(C(CC(CO)O)O)O
Formose	G6	CC(CO)(C(CCO)O)O
Formose	G6	CC(CO)(C(CO)(CO)CO)O
Formose	G6	CC(CO)(CC(C(CO)O)O)O
Formose	G6	CC(CO)(CC(CCO)O)O
Formose	G6	CC(CO)(CO)O
Formose	G6	CC1(C(C(C(C)O1)O)O)O
Formose	G6	CC1(C(C(C(C1CO)O)O)O)O
Formose	G6	CC1(C(C(C(CO)C1O)O)O)O
Formose	G6	CC1(C(C(CC1(CO)O)O)O)O
Formose	G6	CC1(C(C(CO)(C(C)O1)O)O)O
Formose	G6	CC1(C(C(CO)C(CO)O1)O)O
Formose	G6	CC1(C(C(O)OC(C)C1O)O)O
Formose	G6	CC1(C(C(O)OCC1CO)O)O
Formose	G6	CC1(C(CC(C1(CO)O)O)O)O
Formose	G6	CC1(C(CC(C1CO)O)O)O
Formose	G6	CC1(C(CCO)OC(C1O)O)O
Formose	G6	CC1(C(CO)(C(C(C)O1)O)O)O
Formose	G6	CC1(C(CO)(O)OC(C)C1O)O
Formose	G6	CC1(C(CO)(O)OCC1(C)O)O
Formose	G6	CC1(C(CO)(O)OCC1CO)O
Formose	G6	CC1(C(CO)C(C(CO)O1)O)O
Formose	G6	CC1(C(CO)OC(C1(C)O)O)O
Formose	G6	CC1(C(COC(C1(C)O)O)O)O
Formose	G6	CC1(C(COC1(C(C)O)O)O)O
Formose	G6	CC1(C(COC1(CO)O)O)O
Formose	G6	CC1(C(O)OC(C)C(C1O)O)O
Formose	G6	CC1(C(O)OC(C)C1(CO)O)O
Formose	G6	CC1(C(O)OC(C)C1CO)O
Formose	G6	CC1(C(O)OC(C)C1O)O
Formose	G6	CC1(C(O)OC(CCO)C1O)O
Formose	G6	CC1(C(O)OC(CO)C1CO)O
Formose	G6	CC1(C(O)OC(CO)C1O)O
Formose	G6	CC1(C(O)OCC(C1CO)O)O
Formose	G6	CC1(C(O)OCC(C1O)O)O
Formose	G6	CC1(C(O)OCC(CO)C1O)O
Formose	G6	CC1(C(O)OCC1C(C)O)O
Formose	G6	CC1(C(O)OCC1C(CO)O)O
Formose	G6	CC1(C(O)OCC1CO)O
Formose	G6	CC1(C(O)OCCC1(CO)O)O
Formose	G6	CC1(CC(C(CO)(C1O)O)O)O
Formose	G6	CC1(CC(C(CO)C1O)O)O
Formose	G6	CC1(CC(O)OCC1(CO)O)O
Formose	G6	CC1(CCOC(C1(CO)O)O)O
Formose	G6	CC1C(C(C(CCO)(O)O1)O)O
Formose	G6	CC1C(C(C(O)O1)(CCO)O)O
Formose	G6	CC1C(C(C(O)O1)(CO)O)O
Formose	G6	CC1C(CO)(C(C(O)O1)CO)O
Formose	G6	CC1C(CO)(CO)C(C(O)O1)O
Formose	G6	CC1C(CO)C(C(C(O)O1)O)O
Formose	G6	CC1C(CO)C(C(O)O1)(CO)O
