Smiles	Generation	Network
C(C(C(C(C(C)=O)N)N)O)=O	G3	GlucoseAmm
C(C(C(C(C(C)=O)O)O)CN)=O	G4	FormoseAmm
C(C(C(C(C(C)N)N)=O)N)=O	G4	GlucoseAmm
C(C(C(C(C(C)N)N)=O)O)=O	G3	GlucoseAmm
C(C(C(C(C(C)N)N)N)=O)=O	G4	GlucoseAmm
C(C(C(C(C(C)N)O)=O)N)=O	G4	GlucoseAmm
C(C(C(C(C(C)N)O)=O)O)=O	G3	GlucoseAmm
C(C(C(C(C(C)N)O)N)=O)=O	G4	GlucoseAmm
C(C(C(C(C(C)N)O)O)N)=O	G4	FormoseAmm
C(C(C(C(C(C)N)O)O)O)=O	G4	FormoseAmm
C(C(C(C(C(C)O)=C)O)O)=O	G6	Formose
C(C(C(C(C(C)O)=O)O)N)(C)=O	G4	GlucoseAmm
C(C(C(C(C(C)O)=O)O)N)=O	G3	GlucoseAmm
C(C(C(C(C(C)O)N)=O)CO)=O	G4	FormoseAmm
C(C(C(C(C(C)O)N)=O)N)=O	G4	GlucoseAmm
C(C(C(C(C(C)O)N)=O)O)=O	G3	GlucoseAmm
C(C(C(C(C(C)O)N)N)=O)=O	G4	GlucoseAmm
C(C(C(C(C(C)O)O)=O)N)=O	G4	GlucoseAmm
C(C(C(C(C(C)O)O)N)=O)=O	G4	GlucoseAmm
C(C(C(C(C(C=O)=C)N)O)O)=O	G4	GlucoseAmm
C(C(C(C(C(C=O)=C)O)N)O)=O	G4	GlucoseAmm
C(C(C(C(C(C=O)O)N)=O)O)=O	G4	GlucoseAmm
C(C(C(C(C(C=O)O)O)N)N)=O	G4	GlucoseAmm
C(C(C(C(C(CC)O)O)=O)O)=O	G6	Formose
C(C(C(C(C(CC)O)O)O)=O)=O	G6	Formose
C(C(C(C(C(CN)=C)=O)O)O)=O	G4	GlucoseAmm
C(C(C(C(C(CN)=O)N)O)O)=O	G4	GlucoseAmm
C(C(C(C(C(CN)=O)O)N)O)=O	G4	GlucoseAmm
C(C(C(C(C(CN)=O)O)O)N)=O	G4	GlucoseAmm
C(C(C(C(C(CN)=O)O)O)O)=O	G3	GlucoseAmm
C(C(C(C(C(CN)N)N)O)O)=O	G4	FormoseAmm
C(C(C(C(C(CN)N)O)O)N)=O	G4	FormoseAmm
C(C(C(C(C(CN)N)O)O)O)N	G4	FormoseAmm
C(C(C(C(C(CN)O)N)=O)O)=O	G4	GlucoseAmm
C(C(C(C(C(CN)O)N)N)O)=O	G4	FormoseAmm
C(C(C(C(C(CN)O)N)O)N)O	G4	FormoseAmm
C(C(C(C(C(CN)O)N)O)O)N	G4	FormoseAmm
C(C(C(C(C(CN)O)O)=O)O)=O	G4	GlucoseAmm
C(C(C(C(C(CN)O)O)N)N)=O	G4	FormoseAmm
C(C(C(C(C(CN)O)O)N)N)O	G4	FormoseAmm
C(C(C(C(C(CO)=C)=O)N)O)=O	G4	GlucoseAmm
C(C(C(C(C(CO)=C)=O)O)N)=O	G4	GlucoseAmm
C(C(C(C(C(CO)=C)O)=O)O)=O	G6	Formose
C(C(C(C(C(CO)=C)O)O)O)=O	G6	Formose
C(C(C(C(C(CO)=O)=C)N)O)=O	G4	GlucoseAmm
C(C(C(C(C(CO)=O)O)N)O)=O	G4	GlucoseAmm
C(C(C(C(C(CO)=O)O)O)N)=O	G4	GlucoseAmm
C(C(C(C(C(CO)C)O)=O)O)=O	G6	Formose
C(C(C(C(C(CO)N)N)O)N)=O	G4	FormoseAmm
C(C(C(C(C(CO)N)N)O)O)=O	G4	FormoseAmm
C(C(C(C(C(CO)N)O)=O)N)=O	G4	GlucoseAmm
C(C(C(C(C(CO)N)O)=O)O)=O	G4	GlucoseAmm
C(C(C(C(C(CO)N)O)N)N)O	G4	FormoseAmm
C(C(C(C(C(CO)N)O)O)N)O	G4	FormoseAmm
C(C(C(C(C(CO)N)O)O)O)O	G3	FormoseAmm
C(C(C(C(C(CO)O)=C)O)O)=O	G6	Formose
C(C(C(C(C(CO)O)N)=O)N)=O	G4	GlucoseAmm
C(C(C(C(C(CO)O)N)N)=O)=O	G4	GlucoseAmm
C(C(C(C(C(CO)O)N)N)O)O	G4	FormoseAmm
C(C(C(C(C(CO)O)N)O)N)O	G4	FormoseAmm
C(C(C(C(C(CO)O)N)O)O)O	G4	FormoseAmm
C(C(C(C(C(CO)O)O)=C)O)=O	G5	Formose
C(C(C(C(C(CO)O)O)=O)N)=O	G3	GlucoseAmm
C(C(C(C(C(CO)O)O)N)=O)=O	G3	GlucoseAmm
C(C(C(C(C(CO)O)O)N)N)O	G4	FormoseAmm
C(C(C(C(C(CO)O)O)N)O)(N)=O	G4	GlucoseAmm
C(C(C(C(C(N)=C)=O)O)O)=O	G4	GlucoseAmm
C(C(C(C(C(N)=C)O)=O)CO)=O	G4	GlucoseAmm
C(C(C(C(C)(C(C)O)O)O)=O)=O	G6	Formose
C(C(C(C(C)(CCO)O)O)=O)=O	G6	Formose
C(C(C(C(C)(CCO)O)O)O)=O	G5	Formose
C(C(C(C(C)(CO)O)N)N)=O	G4	GlucoseAmm
C(C(C(C(C)(CO)O)O)N)=O	G4	GlucoseAmm
C(C(C(C(C)=O)O)N)(CCO)=O	G4	GlucoseAmm
C(C(C(C(C)CCO)O)O)=O	G6	Formose
C(C(C(C(C)N)=O)(C(C)O)O)=O	G4	GlucoseAmm
C(C(C(C(C)N)=O)(CCO)O)=O	G4	GlucoseAmm
C(C(C(C(C)N)=O)(CN)O)=O	G4	FormoseAmm
C(C(C(C(C)N)=O)(CO)N)=O	G4	FormoseAmm
C(C(C(C(C)N)=O)(CO)O)=O	G4	FormoseAmm
C(C(C(C(C)N)O)O)(C(C)O)=O	G4	GlucoseAmm
C(C(C(C(C)O)(CCO)O)=O)=O	G5	Formose
C(C(C(C(C)O)(CCO)O)O)=O	G6	Formose
C(C(C(C(C)O)=C)(CO)O)=O	G6	Formose
C(C(C(C(C)O)=O)(CO)CO)=O	G6	Formose
C(C(C(C(C)O)C(C=O)O)N)=O	G4	GlucoseAmm
C(C(C(C(C)O)N)NC)=O	G4	FormoseAmm
C(C(C(C(C)O)O)NC)=O	G4	FormoseAmm
C(C(C(C(C)O)O)O)(CC)=O	G6	Formose
C(C(C(C(C=C)CO)O)O)=O	G6	Formose
C(C(C(C(C=O)=O)CO)O)=CN	G4	FormoseAmm
C(C(C(C(C=O)=O)O)O)=CCO	G5	Formose
C(C(C(C(C=O)N)O)C(C)O)=O	G4	FormoseAmm
C(C(C(C(C=O)O)=C)(CO)O)=O	G4	Formose
C(C(C(C(C=O)O)N)NC)=O	G4	FormoseAmm
C(C(C(C(C=O)O)O)CCO)=O	G5	Formose
C(C(C(C(C=O)O)O)NC)=O	G4	FormoseAmm
C(C(C(C(CC(C)O)N)=O)O)=O	G4	GlucoseAmm
C(C(C(C(CC(C)O)O)O)O)=O	G5	Formose
C(C(C(C(CC)O)O)O)=O	G6	Formose
C(C(C(C(CCCO)O)=O)O)=O	G6	Formose
C(C(C(C(CCCO)O)O)=O)=O	G6	Formose
C(C(C(C(CCCO)O)O)O)=O	G6	Formose
C(C(C(C(CCCO)O)O)O)O	G6	Formose
C(C(C(C(CCN)N)=O)N)=O	G4	GlucoseAmm
C(C(C(C(CCN)N)=O)O)=O	G3	GlucoseAmm
C(C(C(C(CCN)N)N)=O)=O	G4	GlucoseAmm
C(C(C(C(CCN)N)N)O)=O	G4	GlucoseAmm
C(C(C(C(CCN)N)O)O)=O	G4	GlucoseAmm
C(C(C(C(CCN)N)O)O)O	G4	GlucoseAmm
C(C(C(C(CCN)O)=O)CO)=O	G4	GlucoseAmm
C(C(C(C(CCN)O)=O)N)=O	G4	GlucoseAmm
C(C(C(C(CCN)O)=O)O)=O	G3	GlucoseAmm
C(C(C(C(CCN)O)N)=O)=O	G4	GlucoseAmm
C(C(C(C(CCN)O)N)O)=O	G4	GlucoseAmm
C(C(C(C(CCN)O)N)O)N	G4	FormoseAmm
C(C(C(C(CCN)O)O)O)N	G4	FormoseAmm
C(C(C(C(CCO)=C)O)O)=O	G6	Formose
C(C(C(C(CCO)N)=O)(C)O)=O	G4	GlucoseAmm
C(C(C(C(CCO)N)N)=O)=O	G3	GlucoseAmm
C(C(C(C(CCO)N)N)O)=O	G4	GlucoseAmm
C(C(C(C(CCO)O)=C)O)=O	G6	Formose
C(C(C(C(CCO)O)=O)(C)O)=O	G5	Formose
C(C(C(C(CCO)O)=O)O)=O	G4	Formose
C(C(C(C(CCO)O)N)O)O	G4	FormoseAmm
C(C(C(C(CN)(CN)O)O)N)O	G4	FormoseAmm
C(C(C(C(CN)(CN)O)O)O)O	G4	FormoseAmm
C(C(C(C(CN)=O)NC)O)=O	G4	FormoseAmm
C(C(C(C(CN)N)N)O)O	G4	FormoseAmm
C(C(C(C(CN)N)O)N)O	G4	FormoseAmm
C(C(C(C(CN)N)O)O)N	G4	FormoseAmm
C(C(C(C(CN)NC)=O)O)=O	G4	FormoseAmm
C(C(C(C(CN)O)=O)CN)=O	G4	FormoseAmm
C(C(C(C(CN)O)=O)CO)=O	G4	FormoseAmm
C(C(C(C(CN)O)N)N)O	G4	FormoseAmm
C(C(C(C(CN)O)N)NC)=O	G4	FormoseAmm
C(C(C(C(CN)O)N)O)=O	G4	FormoseAmm
C(C(C(C(CN)O)N)O)O	G4	FormoseAmm
C(C(C(C(CN)O)NC)N)=O	G4	FormoseAmm
C(C(C(C(CN)O)NC)O)=O	G4	FormoseAmm
C(C(C(C(CN)O)O)N)O	G4	FormoseAmm
C(C(C(C(CN)O)O)NC)=O	G4	FormoseAmm
C(C(C(C(CN)O)O)O)=O	G3	FormoseAmm
C(C(C(C(CN)O)O)O)N	G4	FormoseAmm
C(C(C(C(CN)O)O)O)O	G3	FormoseAmm
C(C(C(C(CO)(C)O)=C)O)=O	G6	Formose
C(C(C(C(CO)(C)O)=O)CO)=O	G6	Formose
C(C(C(C(CO)(CC)O)O)=O)=O	G6	Formose
C(C(C(C(CO)(CN)N)O)N)O	G4	FormoseAmm
C(C(C(C(CO)(CN)O)O)N)O	G4	FormoseAmm
C(C(C(C(CO)(CN)O)O)O)=O	G4	FormoseAmm
C(C(C(C(CO)(CO)N)O)N)=O	G4	FormoseAmm
C(C(C(C(CO)(CO)N)O)N)O	G4	FormoseAmm
C(C(C(C(CO)(CO)N)O)O)=O	G4	FormoseAmm
C(C(C(C(CO)(CO)O)=C)O)=O	G5	Formose
C(C(C(C(CO)(CO)O)N)N)=O	G4	FormoseAmm
C(C(C(C(CO)(CO)O)N)O)=O	G4	FormoseAmm
C(C(C(C(CO)(CO)O)O)N)=O	G3	FormoseAmm
C(C(C(C(CO)(CO)O)O)N)O	G4	FormoseAmm
C(C(C(C(CO)=C)(C)O)O)=O	G6	Formose
C(C(C(C(CO)=C)=O)(CO)O)=O	G5	Formose
C(C(C(C(CO)=C)CO)O)=O	G6	Formose
C(C(C(C(CO)=C)O)O)=O	G6	Formose
C(C(C(C(CO)=O)O)NC)=O	G4	FormoseAmm
C(C(C(C(CO)C(C)O)=O)N)=O	G4	FormoseAmm
C(C(C(C(CO)C(C)O)O)=O)=O	G5	Formose
C(C(C(C(CO)CCO)O)=O)=O	G6	Formose
C(C(C(C(CO)CCO)O)O)=O	G6	Formose
C(C(C(C(CO)CCO)O)O)O	G6	Formose
C(C(C(C(CO)CO)=C)O)=O	G6	Formose
C(C(C(C(CO)CO)=O)N)=O	G4	FormoseAmm
C(C(C(C(CO)CO)O)=O)=O	G5	Formose
C(C(C(C(CO)N)=O)CN)=O	G4	FormoseAmm
C(C(C(C(CO)N)=O)CO)=O	G4	FormoseAmm
C(C(C(C(CO)N)N)N)=O	G4	FormoseAmm
C(C(C(C(CO)N)N)O)=O	G4	FormoseAmm
C(C(C(C(CO)N)NC)N)=O	G4	FormoseAmm
C(C(C(C(CO)N)NC)O)=O	G4	FormoseAmm
C(C(C(C(CO)N)O)N)O	G4	FormoseAmm
C(C(C(C(CO)N)O)O)O	G3	FormoseAmm
C(C(C(C(CO)NC)=O)O)=O	G4	FormoseAmm
C(C(C(C(CO)O)=C)(C)O)=O	G6	Formose
C(C(C(C(CO)O)=C)(CO)O)=O	G5	Formose
C(C(C(C(CO)O)=C)CO)=O	G5	Formose
C(C(C(C(CO)O)=C)O)=O	G5	Formose
C(C(C(C(CO)O)=O)(C=C)O)=O	G5	Formose
C(C(C(C(CO)O)=O)(CC)O)=O	G6	Formose
C(C(C(C(CO)O)=O)CN)=O	G4	FormoseAmm
C(C(C(C(CO)O)N)N)O	G4	FormoseAmm
C(C(C(C(CO)O)N)NC)=O	G4	FormoseAmm
C(C(C(C(CO)O)N)O)=O	G3	FormoseAmm
C(C(C(C(CO)O)N)O)O	G4	FormoseAmm
C(C(C(C(CO)O)NC)N)=O	G4	FormoseAmm
C(C(C(C(CO)O)NC)O)=O	G4	FormoseAmm
C(C(C(C(CO)O)O)NC)=O	G4	FormoseAmm
C(C(C(C(CO)O)O)O)(CC)=O	G6	Formose
C(C(C(C(N)=C)(CO)O)N)=O	G4	GlucoseAmm
C(C(C(C(N)=C)(CO)O)O)(C)=O	G4	GlucoseAmm
C(C(C(C(N)=C)(CO)O)O)=O	G4	GlucoseAmm
C(C(C(C(N)=C)O)O)(C(C)O)=O	G4	GlucoseAmm
C(C(C(C(N)=O)O)O)(CCO)=O	G4	GlucoseAmm
C(C(C(C)(C(C(C)N)O)O)=O)=O	G4	GlucoseAmm
C(C(C(C)(C(C(C)O)O)O)N)=O	G4	GlucoseAmm
C(C(C(C)(C(C)(CN)O)O)=O)=O	G4	GlucoseAmm
C(C(C(C)(C(C)O)O)O)=O	G6	Formose
C(C(C(C)(C(C=C)O)O)O)=O	G6	Formose
C(C(C(C)(C(CCO)O)O)O)=O	G5	Formose
C(C(C(C)(C(CN)O)O)=O)=O	G4	GlucoseAmm
C(C(C(C)(C(CO)(C)O)O)O)=O	G6	Formose
C(C(C(C)(C(CO)CO)O)=O)=O	G6	Formose
C(C(C(C)(C(CO)CO)O)O)=O	G5	Formose
C(C(C(C)(C(CO)N)O)N)=O	G4	GlucoseAmm
C(C(C(C)(CC(CN)=O)O)O)=O	G4	GlucoseAmm
C(C(C(C)(CC(CO)O)O)O)=O	G6	Formose
C(C(C(C)(CCCO)O)O)=O	G6	Formose
C(C(C(C)(CCN)O)O)=O	G4	GlucoseAmm
C(C(C(C)(CCO)O)O)=O	G4	Formose
C(C(C(C)(CN)O)O)(C(C)O)=O	G4	GlucoseAmm
C(C(C(C)(CO)O)C(C=O)N)=O	G4	GlucoseAmm
C(C(C(C)(CO)O)N)(CCO)=O	G4	GlucoseAmm
C(C(C(C)=O)(C(C(C)N)O)O)=O	G4	FormoseAmm
C(C(C(C)=O)(C(CCN)O)O)=O	G4	FormoseAmm
C(C(C(C)=O)(C(CO)CO)O)=O	G5	Formose
C(C(C(C)=O)(C(CO)O)N)=O	G4	FormoseAmm
C(C(C(C)=O)(CC(CO)O)O)=O	G6	Formose
C(C(C(C)=O)C(CO)(CN)O)=O	G4	GlucoseAmm
C(C(C(C)N)(C(C=O)(C)O)O)=O	G4	FormoseAmm
C(C(C(C)N)(C(CO)(C)O)O)=O	G4	FormoseAmm
C(C(C(C)N)=O)(C(CN)N)=O	G4	GlucoseAmm
C(C(C(C)N)NCCO)=O	G4	FormoseAmm
C(C(C(C)N)O)(C(CN)O)=O	G4	GlucoseAmm
C(C(C(C)N)O)(CCO)=O	G4	GlucoseAmm
C(C(C(C)O)(C(C(C)=O)N)O)=O	G4	GlucoseAmm
C(C(C(C)O)(C(C)N)O)=O	G4	FormoseAmm
C(C(C(C)O)(C(C=CN)O)O)=O	G4	FormoseAmm
C(C(C(C)O)(C(CC)O)O)=O	G6	Formose
C(C(C(C)O)(C(CCN)O)O)=O	G4	FormoseAmm
C(C(C(C)O)(C(CN)N)O)=O	G4	FormoseAmm
C(C(C(C)O)(C(CO)C)O)=O	G6	Formose
C(C(C(C)O)(C(CO)CO)O)=O	G5	Formose
C(C(C(C)O)(CC(C)O)O)=O	G6	Formose
C(C(C(C)O)(CC(CN)=O)O)=O	G4	GlucoseAmm
C(C(C(C)O)(CCCO)O)=O	G6	Formose
C(C(C(C)O)=O)(C(CN)N)=O	G4	GlucoseAmm
C(C(C(C)O)=O)(C(CO)N)=O	G4	GlucoseAmm
C(C(C(C)O)C(C(CN)O)O)=O	G4	FormoseAmm
C(C(C(C)O)C(C(CO)=O)N)=O	G4	GlucoseAmm
C(C(C(C)O)C(C=CN)O)=O	G4	FormoseAmm
C(C(C(C)O)C(CCN)O)=O	G4	FormoseAmm
C(C(C(C)O)C(CO)(CN)O)=O	G4	FormoseAmm
C(C(C(C)O)C(CO)CO)=O	G6	Formose
C(C(C(C)O)C(CO)N)=O	G4	FormoseAmm
C(C(C(C)O)N)(C(C(C)=O)O)=O	G4	GlucoseAmm
C(C(C(C)O)N)(CC(CO)=O)=O	G4	GlucoseAmm
C(C(C(C)O)NCCN)=O	G4	FormoseAmm
C(C(C(C)O)NCCO)=O	G4	FormoseAmm
C(C(C(C)O)O)(C(C)N)=O	G4	GlucoseAmm
C(C(C(C)O)O)(CC(CN)=O)=O	G4	GlucoseAmm
C(C(C(C)O)O)(CC(CN)O)=O	G4	GlucoseAmm
C(C(C(C1C(O)OCC=1)O)O)=O	G6	Formose
C(C(C(C1COC(C=1)O)O)O)=O	G6	Formose
C(C(C(C=C)(CCO)O)O)=O	G6	Formose
C(C(C(C=C)(CO)CO)O)=O	G6	Formose
C(C(C(C=C)CO)O)(CO)=O	G6	Formose
C(C(C(C=CCO)(C)O)O)=O	G6	Formose
C(C(C(C=CCO)O)O)=O	G5	Formose
C(C(C(C=CN)O)N)=O	G4	FormoseAmm
C(C(C(C=CN)O)O)(CCO)=O	G4	FormoseAmm
C(C(C(C=CN)O)O)=O	G4	FormoseAmm
C(C(C(C=O)C(C=CN)O)O)=O	G4	FormoseAmm
C(C(C(C=O)N)N)(C(C)N)=O	G4	GlucoseAmm
C(C(C(C=O)N)N)(C(C)O)=O	G4	GlucoseAmm
C(C(C(C=O)N)N)(CCN)=O	G4	GlucoseAmm
C(C(C(C=O)NC)N)(CO)=O	G4	FormoseAmm
C(C(C(C=O)NC)O)(CN)=O	G4	FormoseAmm
C(C(C(C=O)NCCN)N)=O	G4	FormoseAmm
C(C(C(C=O)NCCO)N)=O	G4	FormoseAmm
C(C(C(C=O)O)N)(C(C)N)=O	G3	GlucoseAmm
C(C(C(C=O)O)N)(C(C)O)=O	G3	GlucoseAmm
C(C(C(C=O)O)N)(CC(C)O)=O	G4	GlucoseAmm
C(C(C(C=O)O)N)(CCN)=O	G3	GlucoseAmm
C(C(C(C=O)O)NC)(CO)=O	G4	FormoseAmm
C(C(C(C=O)O)NCCO)=O	G4	FormoseAmm
C(C(C(C=O)O)O)(CC(C)N)=O	G4	GlucoseAmm
C(C(C(CC(C=C)O)O)O)=O	G6	Formose
C(C(C(CC(CCO)O)=O)O)=O	G4	Formose
C(C(C(CC(CCO)O)O)=O)=O	G5	Formose
C(C(C(CC(CCO)O)O)O)O	G5	Formose
C(C(C(CC(CN)=O)N)N)=O	G4	GlucoseAmm
C(C(C(CC(CN)=O)N)O)=O	G4	GlucoseAmm
C(C(C(CC(CN)N)N)O)=O	G4	GlucoseAmm
C(C(C(CC(CN)N)O)O)=O	G4	GlucoseAmm
C(C(C(CC(CN)N)O)O)O	G4	GlucoseAmm
C(C(C(CC(CN)O)=O)CO)=O	G4	GlucoseAmm
C(C(C(CC(CN)O)N)N)=O	G4	GlucoseAmm
C(C(C(CC(CO)=C)O)O)=O	G6	Formose
C(C(C(CC(CO)=O)O)CN)=O	G4	FormoseAmm
C(C(C(CC(CO)C)O)O)=O	G6	Formose
C(C(C(CC(CO)CN)=O)O)=O	G4	GlucoseAmm
C(C(C(CC(CO)CO)=O)O)=O	G5	Formose
C(C(C(CC(CO)CO)O)=O)=O	G6	Formose
C(C(C(CC(CO)CO)O)O)=O	G6	Formose
C(C(C(CC(CO)N)N)=O)=O	G3	GlucoseAmm
C(C(C(CC(CO)N)O)N)=O	G4	FormoseAmm
C(C(C(CC(CO)N)O)O)=O	G4	FormoseAmm
C(C(C(CC(CO)O)O)O)O	G5	Formose
C(C(C(CC)(C(C=O)O)O)O)=O	G6	Formose
C(C(C(CC)O)(C(C=O)O)O)=O	G6	Formose
C(C(C(CC)O)O)(C(C)O)=O	G6	Formose
C(C(C(CC)O)O)(C(CO)O)=O	G6	Formose
C(C(C(CC)O)O)(CCO)=O	G6	Formose
C(C(C(CC=O)N)(C(C)O)O)=O	G4	FormoseAmm
C(C(C(CC=O)N)(CCO)O)=O	G4	FormoseAmm
C(C(C(CC=O)N)(CO)N)=O	G4	FormoseAmm
C(C(C(CC=O)N)C(CO)O)=O	G4	FormoseAmm
C(C(C(CC=O)O)(C(C)N)O)=O	G4	FormoseAmm
C(C(C(CC=O)O)(CCN)O)=O	G4	FormoseAmm
C(C(C(CC=O)O)(CN)O)=O	G3	FormoseAmm
C(C(C(CC=O)O)C(CO)N)=O	G4	FormoseAmm
C(C(C(CCC(C)O)=O)O)(O)=O	G5	Formose
C(C(C(CCC(C)O)O)O)=O	G6	Formose
C(C(C(CCC(C=O)O)O)O)=O	G6	Formose
C(C(C(CCC(CO)O)=O)O)=O	G5	Formose
C(C(C(CCC(CO)O)O)O)=O	G6	Formose
C(C(C(CCCCO)O)O)=O	G6	Formose
C(C(C(CCCCO)O)O)O	G6	Formose
C(C(C(CCCO)O)O)=O	G5	Formose
C(C(C(CCCO)O)O)O	G6	Formose
C(C(C(CCN)=O)(CN)O)=O	G4	FormoseAmm
C(C(C(CCN)=O)(CO)N)=O	G4	FormoseAmm
C(C(C(CCN)=O)(CO)O)=O	G4	FormoseAmm
C(C(C(CCN)O)(CC=O)O)=O	G4	FormoseAmm
C(C(C(CCN)O)C(C=O)O)=O	G4	FormoseAmm
C(C(C(CCN)O)N)=O	G4	FormoseAmm
C(C(C(CCN)O)N)O	G4	FormoseAmm
C(C(C(CCN)O)O)(CCO)=O	G4	FormoseAmm
C(C(C(CCN)O)O)N	G4	FormoseAmm
C(C(C(CCN)O)O)O	G4	FormoseAmm
C(C(C(CCO)(CCO)O)=O)=O	G6	Formose
C(C(C(CCO)(CCO)O)O)=O	G5	Formose
C(C(C(CCO)(CCO)O)O)O	G6	Formose
C(C(C(CCO)=C)(CO)O)=O	G6	Formose
C(C(C(CCO)=O)(CCO)O)=O	G5	Formose
C(C(C(CCO)=O)(CN)O)=O	G4	FormoseAmm
C(C(C(CCO)=O)(CO)CO)=O	G6	Formose
C(C(C(CCO)=O)(CO)N)=O	G4	FormoseAmm
C(C(C(CCO)N)N)=O	G4	FormoseAmm
C(C(C(CCO)N)O)=O	G4	FormoseAmm
C(C(C(CCO)O)(C(C)N)O)=O	G4	FormoseAmm
C(C(C(CCO)O)C(CO)N)=O	G4	FormoseAmm
C(C(C(CCO)O)O)(C(C)N)=O	G4	GlucoseAmm
C(C(C(CCO)O)O)(CC)=O	G6	Formose
C(C(C(CN)(C(C)O)O)O)=O	G4	GlucoseAmm
C(C(C(CN)(C(C=O)O)O)N)=O	G4	GlucoseAmm
C(C(C(CN)(C(C=O)O)O)O)=O	G4	GlucoseAmm
C(C(C(CN)(C(CN)O)N)O)=O	G4	FormoseAmm
C(C(C(CN)(C(CN)O)N)O)O	G4	FormoseAmm
C(C(C(CN)(CCO)O)O)O	G4	FormoseAmm
C(C(C(CN)(CN)O)N)=O	G4	FormoseAmm
C(C(C(CN)(CN)O)O)=O	G4	FormoseAmm
C(C(C(CN)(CN)O)O)O	G4	FormoseAmm
C(C(C(CN)=O)(C(C)O)O)=O	G4	GlucoseAmm
C(C(C(CN)=O)(C(C=O)O)O)=O	G4	GlucoseAmm
C(C(C(CN)=O)(C(CN)O)N)=O	G4	FormoseAmm
C(C(C(CN)=O)(CN)O)=O	G4	FormoseAmm
C(C(C(CN)=O)(CO)CO)=O	G4	FormoseAmm
C(C(C(CN)=O)(CO)N)=O	G4	FormoseAmm
C(C(C(CN)=O)(CO)O)=O	G4	FormoseAmm
C(C(C(CN)=O)C(C)(CO)O)=O	G4	GlucoseAmm
C(C(C(CN)N)(C(C=O)O)O)=O	G4	FormoseAmm
C(C(C(CN)N)=O)(CCN)=O	G4	GlucoseAmm
C(C(C(CN)N)=O)(CCO)=O	G3	GlucoseAmm
C(C(C(CN)N)N)(CCO)=O	G4	GlucoseAmm
C(C(C(CN)N)N)O	G4	FormoseAmm
C(C(C(CN)N)NC)=O	G4	FormoseAmm
C(C(C(CN)N)NCCO)=O	G4	FormoseAmm
C(C(C(CN)N)O)(C(C)N)=O	G4	GlucoseAmm
C(C(C(CN)N)O)(C(C)O)=O	G4	GlucoseAmm
C(C(C(CN)N)O)(C(CN)O)=O	G4	GlucoseAmm
C(C(C(CN)N)O)(C(CO)N)=O	G4	GlucoseAmm
C(C(C(CN)N)O)(CCN)=O	G4	GlucoseAmm
C(C(C(CN)NC)N)=O	G4	FormoseAmm
C(C(C(CN)NC)O)=O	G4	FormoseAmm
C(C(C(CN)NCCN)O)=O	G4	FormoseAmm
C(C(C(CN)NCCO)N)=O	G3	FormoseAmm
C(C(C(CN)NCCO)O)=O	G3	FormoseAmm
C(C(C(CN)O)(C(C)N)O)=O	G4	FormoseAmm
C(C(C(CN)O)(C(CN)N)O)=O	G4	FormoseAmm
C(C(C(CN)O)(C(CN)N)O)O	G4	FormoseAmm
C(C(C(CN)O)(C(CN)O)N)O	G4	FormoseAmm
C(C(C(CN)O)(C(CN)O)O)N	G4	FormoseAmm
C(C(C(CN)O)(C(CN)O)O)O	G4	FormoseAmm
C(C(C(CN)O)=O)(C(C)N)=O	G4	GlucoseAmm
C(C(C(CN)O)=O)(CCN)=O	G4	GlucoseAmm
C(C(C(CN)O)=O)(CCO)=O	G3	GlucoseAmm
C(C(C(CN)O)C(CO)N)=O	G4	FormoseAmm
C(C(C(CN)O)N)(C(C)N)=O	G4	GlucoseAmm
C(C(C(CN)O)N)(CCN)=O	G4	GlucoseAmm
C(C(C(CN)O)NC)=O	G4	FormoseAmm
C(C(C(CN)O)NCCN)=O	G4	FormoseAmm
C(C(C(CN)O)NCCO)=O	G4	FormoseAmm
C(C(C(CN)O)O)(C(C)N)=O	G4	GlucoseAmm
C(C(C(CN)O)O)(C(C)O)=O	G4	GlucoseAmm
C(C(C(CN)O)O)(CC(C)O)=O	G4	GlucoseAmm
C(C(C(CNC)=O)(CN)O)=O	G4	FormoseAmm
C(C(C(CNC)=O)(CO)N)=O	G4	FormoseAmm
C(C(C(CNC)=O)(CO)O)=O	G4	FormoseAmm
C(C(C(CNC)N)O)=O	G4	FormoseAmm
C(C(C(CNCC=O)N)N)=O	G4	FormoseAmm
C(C(C(CNCCN)=O)N)=O	G4	FormoseAmm
C(C(C(CNCCN)N)O)=O	G4	FormoseAmm
C(C(C(CNCCN)O)N)=O	G4	FormoseAmm
C(C(C(CNCCN)O)O)=O	G4	FormoseAmm
C(C(C(CNCCO)=O)N)=O	G4	FormoseAmm
C(C(C(CNCCO)=O)O)=O	G4	FormoseAmm
C(C(C(CNCCO)N)O)=O	G4	FormoseAmm
C(C(C(CNCCO)O)N)=O	G4	FormoseAmm
C(C(C(CNCCO)O)O)=O	G4	FormoseAmm
C(C(C(CO)(C(C)N)O)N)=O	G4	GlucoseAmm
C(C(C(CO)(C(C)N)O)O)=O	G4	GlucoseAmm
C(C(C(CO)(C(CC)O)O)=O)=O	G6	Formose
C(C(C(CO)(C(CN)O)N)O)=O	G4	FormoseAmm
C(C(C(CO)(C(CN)O)O)N)O	G4	FormoseAmm
C(C(C(CO)(C(CO)C)O)=O)=O	G6	Formose
C(C(C(CO)(C(CO)O)O)N)O	G4	FormoseAmm
C(C(C(CO)(C)O)O)(C(C)N)=O	G4	GlucoseAmm
C(C(C(CO)(C)O)O)(CC)=O	G6	Formose
C(C(C(CO)(C)O)O)=CC	G6	Formose
C(C(C(CO)(C)O)O)=CC=O	G6	Formose
C(C(C(CO)(C)O)O)=CCO	G6	Formose
C(C(C(CO)(CC(C)O)O)N)=O	G4	GlucoseAmm
C(C(C(CO)(CC)O)O)=O	G6	Formose
C(C(C(CO)(CC=C)O)O)=O	G6	Formose
C(C(C(CO)(CCCO)O)=O)=O	G6	Formose
C(C(C(CO)(CCCO)O)O)O	G6	Formose
C(C(C(CO)(CCN)O)O)O	G4	FormoseAmm
C(C(C(CO)(CCO)O)=O)=O	G5	Formose
C(C(C(CO)(CN)N)O)=O	G4	FormoseAmm
C(C(C(CO)(CO)C(C)O)O)=O	G5	Formose
C(C(C(CO)(CO)CCO)O)=O	G6	Formose
C(C(C(CO)(CO)CCO)O)O	G6	Formose
C(C(C(CO)(CO)CO)O)=O	G5	Formose
C(C(C(CO)(CO)N)O)=O	G4	FormoseAmm
C(C(C(CO)(CO)O)CC=O)=O	G4	Formose
C(C(C(CO)(CO)O)NC)=O	G4	FormoseAmm
C(C(C(CO)(CO)O)O)(CC)=O	G6	Formose
C(C(C(CO)(CO)O)O)=CC	G6	Formose
C(C(C(CO)(CO)O)O)=CC=O	G5	Formose
C(C(C(CO)(CO)O)O)=CCO	G6	Formose
C(C(C(CO)=C)(C(C)O)O)=O	G5	Formose
C(C(C(CO)=C)(C(CO)O)O)=O	G5	Formose
C(C(C(CO)=C)(CCO)O)=O	G5	Formose
C(C(C(CO)=C)(CO)CO)=O	G6	Formose
C(C(C(CO)=C)(CO)O)=O	G5	Formose
C(C(C(CO)=C)C(CO)O)=O	G5	Formose
C(C(C(CO)=O)(C(CC)O)O)=O	G6	Formose
C(C(C(CO)=O)(C(CN)O)N)=O	G4	FormoseAmm
C(C(C(CO)=O)(C(CO)C)O)=O	G6	Formose
C(C(C(CO)=O)(CCCO)O)=O	G6	Formose
C(C(C(CO)=O)(CN)O)=O	G4	FormoseAmm
C(C(C(CO)=O)(CO)CCO)=O	G6	Formose
C(C(C(CO)=O)(CO)N)=O	G4	FormoseAmm
C(C(C(CO)=O)C(C=CN)O)=O	G4	FormoseAmm
C(C(C(CO)=O)C(CCN)O)=O	G4	FormoseAmm
C(C(C(CO)=O)C(CO)CO)=O	G5	Formose
C(C(C(CO)=O)O)(C(C=C)O)=O	G5	Formose
C(C(C(CO)C(C(C)O)O)O)=O	G6	Formose
C(C(C(CO)C(C=C)O)O)=O	G6	Formose
C(C(C(CO)C(CCO)O)O)=O	G5	Formose
C(C(C(CO)C(CCO)O)O)O	G5	Formose
C(C(C(CO)C(CN)O)O)=O	G4	FormoseAmm
C(C(C(CO)C(CO)(C)O)O)=O	G5	Formose
C(C(C(CO)C(CO)C)O)=O	G6	Formose
C(C(C(CO)C(CO)CO)O)=O	G6	Formose
C(C(C(CO)C)O)(C(CO)O)=O	G6	Formose
C(C(C(CO)C)O)(CCO)=O	G6	Formose
C(C(C(CO)CC(C)O)O)=O	G6	Formose
C(C(C(CO)CC(CO)=O)O)=O	G5	Formose
C(C(C(CO)CC(CO)O)O)=O	G6	Formose
C(C(C(CO)CCCO)O)=O	G6	Formose
C(C(C(CO)CCCO)O)O	G6	Formose
C(C(C(CO)CCO)O)=O	G6	Formose
C(C(C(CO)CCO)O)O	G6	Formose
C(C(C(CO)CO)(CC=O)O)=O	G4	Formose
C(C(C(CO)CO)N)=O	G4	FormoseAmm
C(C(C(CO)CO)O)(C(C)O)=O	G5	Formose
C(C(C(CO)CO)O)(CC)=O	G6	Formose
C(C(C(CO)CO)O)(CCO)=O	G5	Formose
C(C(C(CO)CO)O)=CC	G6	Formose
C(C(C(CO)CO)O)=CC=O	G5	Formose
C(C(C(CO)CO)O)=CCO	G6	Formose
C(C(C(CO)N)(C(CN)O)N)=O	G4	FormoseAmm
C(C(C(CO)N)=O)(C(C)N)=O	G4	GlucoseAmm
C(C(C(CO)N)=O)(CCN)=O	G4	GlucoseAmm
C(C(C(CO)N)=O)(CCO)=O	G3	GlucoseAmm
C(C(C(CO)N)C(C(C)=O)O)=O	G4	FormoseAmm
C(C(C(CO)N)C(C=O)(C)O)=O	G4	FormoseAmm
C(C(C(CO)N)N)(C(CO)N)=O	G4	GlucoseAmm
C(C(C(CO)N)N)(CCN)=O	G4	GlucoseAmm
C(C(C(CO)N)N)(CCO)=O	G4	GlucoseAmm
C(C(C(CO)N)N)O	G4	FormoseAmm
C(C(C(CO)N)NC)=O	G4	FormoseAmm
C(C(C(CO)N)NCCN)=O	G4	FormoseAmm
C(C(C(CO)N)NCCO)=O	G4	FormoseAmm
C(C(C(CO)N)O)(C(C)N)=O	G4	GlucoseAmm
C(C(C(CO)N)O)(C(C)O)=O	G4	GlucoseAmm
C(C(C(CO)N)O)(C(CN)O)=O	G3	GlucoseAmm
C(C(C(CO)N)O)(CC(C)=O)=O	G4	GlucoseAmm
C(C(C(CO)N)O)(CCN)=O	G4	GlucoseAmm
C(C(C(CO)NC)N)=O	G4	FormoseAmm
C(C(C(CO)NC)O)=O	G4	FormoseAmm
C(C(C(CO)NCCN)N)=O	G4	FormoseAmm
C(C(C(CO)NCCO)N)=O	G3	FormoseAmm
C(C(C(CO)NCCO)O)=O	G3	FormoseAmm
C(C(C(CO)O)(C(C)N)O)=O	G4	FormoseAmm
C(C(C(CO)O)(C(CC)O)O)=O	G6	Formose
C(C(C(CO)O)(C(CN)N)O)=O	G4	FormoseAmm
C(C(C(CO)O)(C(CN)O)N)O	G4	FormoseAmm
C(C(C(CO)O)(C(CO)C)O)=O	G6	Formose
C(C(C(CO)O)(CC(C)O)O)=O	G5	Formose
C(C(C(CO)O)(CC)O)=O	G6	Formose
C(C(C(CO)O)(CC=C)O)=O	G6	Formose
C(C(C(CO)O)(CCCO)O)=O	G6	Formose
C(C(C(CO)O)=O)(C(C)N)=O	G4	GlucoseAmm
C(C(C(CO)O)=O)(C(CN)N)=O	G4	GlucoseAmm
C(C(C(CO)O)=O)(C(CO)N)=O	G4	GlucoseAmm
C(C(C(CO)O)C(C)CO)=O	G6	Formose
C(C(C(CO)O)C(C=CN)O)=O	G4	FormoseAmm
C(C(C(CO)O)C(CC)O)=O	G6	Formose
C(C(C(CO)O)C(CCN)O)=O	G4	FormoseAmm
C(C(C(CO)O)C(CN)N)=O	G4	FormoseAmm
C(C(C(CO)O)C(CO)CO)=O	G6	Formose
C(C(C(CO)O)C(CO)N)=O	G4	FormoseAmm
C(C(C(CO)O)C(CO)O)O	G5	Formose
C(C(C(CO)O)N)(C(C)N)=O	G4	GlucoseAmm
C(C(C(CO)O)N)(C(CN)N)=O	G3	GlucoseAmm
C(C(C(CO)O)N)(CCN)=O	G4	GlucoseAmm
C(C(C(CO)O)N)NCCN	G4	FormoseAmm
C(C(C(CO)O)N)O	G3	FormoseAmm
C(C(C(CO)O)NC)=O	G4	FormoseAmm
C(C(C(CO)O)NCCO)=O	G3	FormoseAmm
C(C(C(CO)O)NCCO)O	G4	FormoseAmm
C(C(C(CO)O)O)(C(C)N)=O	G3	GlucoseAmm
C(C(C(CO)O)O)(C(CO)C)=O	G6	Formose
C(C(C(CO)O)O)(CC(N)=O)=O	G4	GlucoseAmm
C(C(C(CO)O)O)(CC)=O	G6	Formose
C(C(C(CO)O)O)(CC=C)=O	G6	Formose
C(C(C(CO)O)O)(CCC)=O	G6	Formose
C(C(C(CO)O)O)(N)=O	G4	GlucoseAmm
C(C(C(CO)O)O)=CC	G6	Formose
C(C(C(CO)O)O)=CC(C)=O	G6	Formose
C(C(C(CO)O)O)=CC=O	G4	Formose
C(C(C(CO)O)O)=CCO	G5	Formose
C(C(C(N)=C)(CO)O)=O	G4	FormoseAmm
C(C(C)(C(C(C(C)N)=O)O)O)=O	G4	GlucoseAmm
C(C(C)(C(C(C(N)=C)=O)O)O)=O	G4	GlucoseAmm
C(C(C)(C(C(C=O)(C)O)O)O)=O	G6	Formose
C(C(C)(C(C(C=O)O)O)O)=O	G4	Formose
C(C(C)(C(C(CC)O)O)O)=O	G6	Formose
C(C(C)(C(C(CC=O)N)O)O)=O	G4	FormoseAmm
C(C(C)(C(C(CCO)=O)N)O)=O	G4	GlucoseAmm
C(C(C)(C(C(CCO)O)O)O)=O	G5	Formose
C(C(C)(C(C(CN)N)O)O)=O	G4	FormoseAmm
C(C(C)(C(C(CN)O)O)N)=O	G4	FormoseAmm
C(C(C)(C(C(CO)=C)O)O)=O	G6	Formose
C(C(C)(C(C)(C(C)O)O)O)=O	G6	Formose
C(C(C)(C(C)(C(C=O)O)O)O)=O	G5	Formose
C(C(C)(C(C)(CCO)O)O)=O	G6	Formose
C(C(C)(C(C=CCO)O)O)=O	G5	Formose
C(C(C)(C(C=O)(CN)O)O)=O	G3	FormoseAmm
C(C(C)(C(CCCO)O)O)=O	G6	Formose
C(C(C)(C(CCN)O)N)=O	G4	FormoseAmm
C(C(C)(C(CN)(CN)O)O)=O	G4	FormoseAmm
C(C(C)(C(CO)(CC)O)O)=O	G6	Formose
C(C(C)(C(CO)(CN)N)O)=O	G4	FormoseAmm
C(C(C)(C(CO)(CN)O)O)=O	G4	FormoseAmm
C(C(C)(C(CO)(CO)CO)O)=O	G6	Formose
C(C(C)(C(CO)(CO)N)O)=O	G4	FormoseAmm
C(C(C)(C(CO)C(C)O)O)=O	G5	Formose
C(C(C)(C(CO)C(C=O)O)O)=O	G4	Formose
C(C(C)(C(CO)C(CO)O)O)=O	G5	Formose
C(C(C)(C(CO)CCO)O)=O	G6	Formose
C(C(C)(C(CO)CO)O)=O	G5	Formose
C(C(C)(C(CO)N)O)=O	G4	FormoseAmm
C(C(C)(C(CO)O)O)=CC=O	G6	Formose
C(C(C)(CC(C(CO)O)O)O)=O	G5	Formose
C(C(C)(CC(CCO)O)O)=O	G5	Formose
C(C(C)=O)(C(C(C)(CO)O)N)=O	G4	GlucoseAmm
C(C(C)=O)(C(C(CCN)O)O)=O	G4	FormoseAmm
C(C(C)=O)(C(C(CN)N)N)=O	G4	GlucoseAmm
C(C(C)=O)(C(C(CN)N)O)=O	G4	GlucoseAmm
C(C(C)=O)(C(C(CO)CO)O)=O	G6	Formose
C(C(C)=O)(C(C(CO)N)N)=O	G4	GlucoseAmm
C(C(C)=O)(C(C(CO)N)O)=O	G4	GlucoseAmm
C(C(C)=O)(C(CN)C(CO)O)=O	G4	GlucoseAmm
C(C(C)=O)(CC(C(CO)N)O)=O	G4	GlucoseAmm
C(C(C)C(C(C(C)O)O)O)=O	G6	Formose
C(C(C)C(C(C(CO)O)=O)N)=O	G4	GlucoseAmm
C(C(C)C(C(C(CO)O)O)O)=O	G6	Formose
C(C(C)C(C(C)(CO)O)O)=O	G6	Formose
C(C(C)C(C(C=O)(CO)O)O)=O	G6	Formose
C(C(C)C(C(CCO)O)O)=O	G6	Formose
C(C(C)C(C(CN)=O)(CO)O)=O	G4	GlucoseAmm
C(C(C)C(C(CO)(CO)O)O)=O	G6	Formose
C(C(C)C(C(CO)CO)O)=O	G6	Formose
C(C(C)C(C(CO)O)O)=O	G6	Formose
C(C(C)C(C=O)(C(CO)N)O)=O	G4	GlucoseAmm
C(C(C)C(CC(CO)O)O)=O	G6	Formose
C(C(C)C(CO)(C(C)O)O)=O	G6	Formose
C(C(C)C(CO)(C(CO)O)O)=O	G6	Formose
C(C(C)C(CO)(CCO)O)=O	G6	Formose
C(C(C)C(CO)(CO)O)=O	G6	Formose
C(C(C)C(CO)C(CO)O)=O	G6	Formose
C(C(C)C1(C(C(CO1)O)O)O)=O	G6	Formose
C(C(C)C1(COC(C1O)O)O)=O	G6	Formose
C(C(C)N)(C(C(C)=O)(CO)O)=O	G4	GlucoseAmm
C(C(C)N)(C(C(CN)=O)N)=O	G4	GlucoseAmm
C(C(C)N)(C(C(CO)=O)CO)=O	G4	GlucoseAmm
C(C(C)N)(C(C)(C(CO)O)O)=O	G4	GlucoseAmm
C(C(C)N)(C(CO)(C)O)=O	G4	GlucoseAmm
C(C(C)N)(C(CO)(CCO)O)=O	G4	GlucoseAmm
C(C(C)N)(C(CO)(CN)O)=O	G4	GlucoseAmm
C(C(C)N)(C(CO)(CO)O)=O	G4	GlucoseAmm
C(C(C)N)(CC(C(CO)O)=O)=O	G4	GlucoseAmm
C(C(C)O)(C(C(CN)=O)N)=O	G4	GlucoseAmm
C(C(C)O)(C(C(CN)=O)O)=O	G3	GlucoseAmm
C(C(C)O)(C(C(CN)O)N)=O	G4	GlucoseAmm
C(C(C)O)(C(C(CO)=C)O)=O	G6	Formose
C(C(C)O)(C(C(CO)=O)N)=O	G4	GlucoseAmm
C(C(C)O)(C(C)(C(CO)O)O)=O	G5	Formose
C(C(C)O)(C(CC(C=O)O)N)=O	G4	GlucoseAmm
C(C(C)O)(C(CCO)N)=O	G4	GlucoseAmm
C(C(C)O)(C(CN)NC)=O	G4	FormoseAmm
C(C(C)O)(C(CO)(CCO)O)=O	G5	Formose
C(C(C)O)(C(CO)C(C)O)=O	G6	Formose
C(C(C)O)(C(CO)C(CO)O)=O	G6	Formose
C(C(C)O)(C(CO)CCO)=O	G6	Formose
C(C(C)O)(C(CO)CO)=O	G6	Formose
C(C(C)O)(C(CO)NC)=O	G4	FormoseAmm
C(C(C)O)(C1COC(C1O)O)=O	G6	Formose
C(C(C)O)(CC(C(C)O)O)=O	G6	Formose
C(C(C)O)(CC(C(CO)O)O)=O	G6	Formose
C(C(C)O)(CC(CCO)O)=O	G6	Formose
C(C(C)O)(CC(CO)(CO)O)=O	G6	Formose
C(C(C)O)(CC(CO)CO)=O	G6	Formose
C(C(C)O)(CC(CO)O)=O	G6	Formose
C(C(C1(C(C(CO1)O)O)O)N)=O	G4	GlucoseAmm
C(C(C1(C(C(O)OC1)=C)O)O)=O	G6	Formose
C(C(C1(C(CC(C1)O)O)O)=O)=O	G5	Formose
C(C(C1(C(CCC1O)O)O)=O)=O	G6	Formose
C(C(C1(COC(C1O)=C)O)O)=O	G6	Formose
C(C(C1C(C(C(C=1)O)=O)O)O)=O	G6	Formose
C(C(C1C(C(CN1)=O)O)O)=O	G4	GlucoseAmm
C(C(C1C(C(CN1)O)N)N)=O	G4	FormoseAmm
C(C(C1C(C(CN1)O)N)O)=O	G4	FormoseAmm
C(C(C1C(C(CN1)O)O)N)=O	G4	FormoseAmm
C(C(C1C(O)OCC1CO)O)=O	G6	Formose
C(C(C1C(O)OCC=1CO)O)=O	G5	Formose
C(C(C1COC(C1(C)O)O)O)=O	G5	Formose
C(C(C1COC(C=1CO)O)O)=O	G6	Formose
C(C(C=C)(C(C(C=O)O)O)O)=O	G5	Formose
C(C(C=C)(C(C=O)(CN)O)O)=O	G4	FormoseAmm
C(C(C=C)(C(CO)(CO)O)O)=O	G5	Formose
C(C(C=C)(C(CO)CO)O)=O	G5	Formose
C(C(C=C)(CO)C(CO)O)=O	G6	Formose
C(C(C=C)C(C(CO)O)O)=O	G5	Formose
C(C(C=C)C(CO)(CO)O)=O	G5	Formose
C(C(C=C1C(O)OCC1O)O)=O	G6	Formose
C(C(C=O)(C(C(CO)O)=C)O)=O	G6	Formose
C(C(C=O)(C(C)(CCO)O)O)=O	G6	Formose
C(C(C=O)(C(C)O)C(CN)O)=O	G4	FormoseAmm
C(C(C=O)(C(C=C)(CO)O)O)=O	G5	Formose
C(C(C=O)(C(CCCO)O)O)=O	G6	Formose
C(C(C=O)(C(CO)(C)O)O)=O	G5	Formose
C(C(C=O)(C(CO)(CC)O)O)=O	G6	Formose
C(C(C=O)(C(CO)C(C)O)O)=O	G6	Formose
C(C(C=O)(C(CO)CCO)O)=O	G6	Formose
C(C(C=O)(C(CO)CO)O)=O	G5	Formose
C(C(C=O)(C(CO)O)O)=O	G4	Formose
C(C(C=O)(CC(C)O)O)(O)=O	G6	Formose
C(C(C=O)(CC(CCO)O)O)=O	G6	Formose
C(C(C=O)(CO)C(C)(CN)O)=O	G4	FormoseAmm
C(C(C=O)(CO)C(CCN)O)=O	G4	FormoseAmm
C(C(C=O)(CO)C(CN)O)=O	G4	FormoseAmm
C(C(C=O)(CO)C(CO)CO)=O	G6	Formose
C(C(C=O)(CO)CC(CO)O)=O	G6	Formose
C(C(C=O)C(C(C(C)N)O)O)=O	G4	FormoseAmm
C(C(C=O)C(C(CCN)O)O)=O	G4	FormoseAmm
C(C(C=O)C(C(CN)O)N)=O	G4	FormoseAmm
C(C(C=O)C(C(CN)O)O)=O	G3	FormoseAmm
C(C(C=O)C(C(CO)N)N)=O	G4	FormoseAmm
C(C(C=O)C(C(CO)O)N)=O	G4	FormoseAmm
C(C(C=O)C(C)(C(CN)O)O)=O	G4	FormoseAmm
C(C(C=O)C(CC(CO)N)O)=O	G4	FormoseAmm
C(C(C=O)C(CN)(CCO)O)=O	G4	FormoseAmm
C(C(C=O)C(CO)(CCN)O)=O	G4	FormoseAmm
C(C(C=O)C(CO)(CN)O)=O	G3	FormoseAmm
C(C(C=O)C(CO)(CO)CO)=O	G5	Formose
C(C(C=O)C(CO)C(CO)O)=O	G5	Formose
C(C(C=O)CC(C(CO)O)O)=O	G5	Formose
C(C(C=O)CC(CO)(CO)O)=O	G5	Formose
C(C(CC(C(C(C)=O)O)N)O)=O	G4	GlucoseAmm
C(C(CC(C(C(C)N)O)O)=O)=O	G4	FormoseAmm
C(C(CC(C(C(C)O)=O)O)N)=O	G4	GlucoseAmm
C(C(CC(C(C)=O)(CO)O)O)=O	G5	Formose
C(C(CC(C(CN)=O)N)O)=O	G3	GlucoseAmm
C(C(CC(C(CN)N)N)O)=O	G4	GlucoseAmm
C(C(CC(C(CN)N)O)N)=O	G4	FormoseAmm
C(C(CC(C(CN)O)N)=O)=O	G4	FormoseAmm
C(C(CC(C(CN)O)N)O)=O	G4	GlucoseAmm
C(C(CC(C(CN)O)O)O)O	G4	GlucoseAmm
C(C(CC(C(CO)(C)O)O)O)=O	G6	Formose
C(C(CC(C(CO)=C)O)O)=O	G6	Formose
C(C(CC(C(CO)=O)(C)O)N)=O	G4	GlucoseAmm
C(C(CC(C(CO)CN)O)=O)=O	G4	GlucoseAmm
C(C(CC(C(CO)CO)O)O)=O	G5	Formose
C(C(CC(C(CO)CO)O)O)O	G5	Formose
C(C(CC(C(CO)N)N)=O)=O	G4	FormoseAmm
C(C(CC(C(CO)N)N)N)=O	G4	FormoseAmm
C(C(CC(C(CO)N)O)N)=O	G4	FormoseAmm
C(C(CC(C(CO)N)O)O)=O	G4	FormoseAmm
C(C(CC(C(CO)O)N)O)=O	G4	FormoseAmm
C(C(CC(C(CO)O)O)N)(N)=O	G4	GlucoseAmm
C(C(CC(C(CO)O)O)O)(N)=O	G4	GlucoseAmm
C(C(CC(C)(C(CN)O)O)=O)=O	G4	GlucoseAmm
C(C(CC(C)(C(CO)O)O)O)=O	G5	Formose
C(C(CC(C)O)(CC(O)=O)O)=O	G5	Formose
C(C(CC(C)O)C(CO)O)=O	G6	Formose
C(C(CC(C)O)O)(CCO)=O	G6	Formose
C(C(CC(C=O)N)(CCO)O)=O	G4	FormoseAmm
C(C(CC(C=O)O)(CCO)O)=O	G5	Formose
C(C(CC(C=O)O)C(CO)O)=O	G6	Formose
C(C(CC(C=O)O)O)(C(C)N)=O	G4	GlucoseAmm
C(C(CC(C=O)O)O)(CCO)=O	G5	Formose
C(C(CC(CC(CO)=O)N)O)=O	G4	GlucoseAmm
C(C(CC(CC(CO)N)O)=O)=O	G4	FormoseAmm
C(C(CC(CCCO)O)O)=O	G6	Formose
C(C(CC(CCCO)O)O)O	G6	Formose
C(C(CC(CCO)O)O)O	G5	Formose
C(C(CC(CN)(CN)O)N)=O	G4	FormoseAmm
C(C(CC(CN)(CO)N)N)=O	G4	FormoseAmm
C(C(CC(CN)(CO)O)N)=O	G4	FormoseAmm
C(C(CC(CN)N)N)=O	G4	FormoseAmm
C(C(CC(CN)N)O)=O	G4	GlucoseAmm
C(C(CC(CO)(CCO)O)=O)=O	G4	Formose
C(C(CC(CO)(CCO)O)O)=O	G5	Formose
C(C(CC(CO)(CCO)O)O)O	G6	Formose
C(C(CC(CO)(CO)CO)=O)=O	G5	Formose
C(C(CC(CO)(CO)N)N)=O	G4	FormoseAmm
C(C(CC(CO)(CO)O)N)=O	G4	FormoseAmm
C(C(CC(CO)C(C=O)O)N)=O	G4	FormoseAmm
C(C(CC(CO)C(C=O)O)O)=O	G6	Formose
C(C(CC(CO)C(CO)O)=O)=O	G5	Formose
C(C(CC(CO)CCO)O)=O	G6	Formose
C(C(CC(CO)N)N)=O	G4	FormoseAmm
C(C(CC(CO)N)O)=O	G4	FormoseAmm
C(C(CC(CO)O)(CC=O)O)=O	G4	Formose
C(C(CC(CO)O)C(C)O)=O	G6	Formose
C(C(CC(CO)O)C(CO)O)=O	G6	Formose
C(C(CC(CO)O)O)(CCO)=O	G6	Formose
C(C(CC(N)=O)O)(CCO)=O	G4	GlucoseAmm
C(C(CC)(C(C(C)O)O)O)=O	G6	Formose
C(C(CC)(C(C(CO)O)O)O)=O	G6	Formose
C(C(CC)(C(CCO)O)O)=O	G6	Formose
C(C(CC)(C(CO)(C)O)O)=O	G6	Formose
C(C(CC)(C(CO)(CO)O)O)=O	G6	Formose
C(C(CC)(C(CO)CO)O)=O	G6	Formose
C(C(CC)C(C(CO)O)O)=O	G6	Formose
C(C(CC)C(CO)(CO)O)=O	G6	Formose
C(C(CCC(C(CN)O)O)=O)=O	G4	FormoseAmm
C(C(CCC(C(CO)=O)O)N)=O	G4	GlucoseAmm
C(C(CCC(C(CO)N)O)=O)=O	G4	FormoseAmm
C(C(CCC(C(CO)O)N)=O)=O	G4	FormoseAmm
C(C(CCC(CO)(CN)O)=O)=O	G4	FormoseAmm
C(C(CCC(CO)(CO)N)=O)=O	G4	FormoseAmm
C(C(CCCO)C(CO)O)=O	G6	Formose
C(C(CCCO)O)(C(C)O)=O	G6	Formose
C(C(CCCO)O)(C(CO)O)=O	G6	Formose
C(C(CCCO)O)(CCO)=O	G6	Formose
C(C(CCN)(C(CCO)O)O)=O	G4	FormoseAmm
C(C(CCN)=O)(C(CO)CO)=O	G4	GlucoseAmm
C(C(CCN)N)(C(CO)N)=O	G4	GlucoseAmm
C(C(CCN)N)O	G4	FormoseAmm
C(C(CCN)NCCN)=O	G4	FormoseAmm
C(C(CCN)NCCO)=O	G4	FormoseAmm
C(C(CCN)O)(C(CN)N)=O	G4	GlucoseAmm
C(C(CCN)O)(C(CN)O)=O	G4	GlucoseAmm
C(C(CCN)O)(C(CO)N)=O	G4	GlucoseAmm
C(C(CCN)O)(C(CO)O)=O	G4	GlucoseAmm
C(C(CCNCCN)O)=O	G4	FormoseAmm
C(C(CCNCCO)N)=O	G4	FormoseAmm
C(C(CCO)(C(C(C)N)O)O)=O	G4	FormoseAmm
C(C(CCO)(C(C(C)O)O)O)=O	G5	Formose
C(C(CCO)(C(C(N)=C)O)O)=O	G4	FormoseAmm
C(C(CCO)(C(C)(CN)O)O)=O	G4	FormoseAmm
C(C(CCO)(C(C=C)O)O)=O	G5	Formose
C(C(CCO)(C(C=CN)O)O)=O	G4	FormoseAmm
C(C(CCO)(C(CC)O)O)=O	G6	Formose
C(C(CCO)(C(CCN)O)O)=O	G4	FormoseAmm
C(C(CCO)(C(CCO)O)O)O	G5	Formose
C(C(CCO)(C(CN)N)O)O	G4	GlucoseAmm
C(C(CCO)(C(CN)O)O)O	G4	GlucoseAmm
C(C(CCO)(C(CO)C)O)=O	G6	Formose
C(C(CCO)(C(CO)CO)O)=O	G5	Formose
C(C(CCO)(C(CO)CO)O)O	G5	Formose
C(C(CCO)(C(CO)N)O)=O	G4	FormoseAmm
C(C(CCO)(CC(C)O)O)=O	G5	Formose
C(C(CCO)(CC(CO)=O)O)=O	G4	Formose
C(C(CCO)(CC(CO)O)O)=O	G5	Formose
C(C(CCO)(CCCO)O)=O	G6	Formose
C(C(CCO)(CCCO)O)O	G6	Formose
C(C(CCO)(CCO)O)=O	G4	Formose
C(C(CCO)(CCO)O)O	G5	Formose
C(C(CCO)=O)(C(CO)CN)=O	G4	GlucoseAmm
C(C(CCO)=O)(CC(CN)O)=O	G4	GlucoseAmm
C(C(CCO)C(C(C)O)O)=O	G6	Formose
C(C(CCO)C(C(CN)=O)O)=O	G4	GlucoseAmm
C(C(CCO)C(C(CO)=O)N)=O	G4	GlucoseAmm
C(C(CCO)C(C(CO)O)O)=O	G5	Formose
C(C(CCO)C(C)(CO)O)=O	G6	Formose
C(C(CCO)C(CCO)O)=O	G6	Formose
C(C(CCO)C(CCO)O)O	G6	Formose
C(C(CCO)C(CO)(CO)O)=O	G5	Formose
C(C(CCO)C(CO)CO)=O	G6	Formose
C(C(CCO)C(CO)CO)O	G6	Formose
C(C(CCO)C(CO)O)=O	G5	Formose
C(C(CCO)CC(CO)O)=O	G6	Formose
C(C(CCO)CCO)O	G6	Formose
C(C(CCO)N)(C(C(C)=O)O)=O	G4	GlucoseAmm
C(C(CCO)N)(C(CN)N)=O	G4	GlucoseAmm
C(C(CCO)N)(C(CO)(C)O)=O	G4	GlucoseAmm
C(C(CCO)N)(C(CO)N)=O	G4	GlucoseAmm
C(C(CCO)N)(CC(CO)=O)=O	G4	GlucoseAmm
C(C(CCO)N)O	G4	FormoseAmm
C(C(CCO)NCCO)=O	G4	FormoseAmm
C(C(CCO)O)(C(C)O)=O	G5	Formose
C(C(CCO)O)(C(CCO)O)=O	G5	Formose
C(C(CCO)O)(C(CN)N)=O	G4	GlucoseAmm
C(C(CCO)O)(C(CO)(C)O)=O	G5	Formose
C(C(CCO)O)(C(CO)CO)=O	G5	Formose
C(C(CCO)O)(C(CO)N)=O	G4	GlucoseAmm
C(C(CCO)O)(CC(C)O)=O	G5	Formose
C(C(CCO)O)(CC(CO)O)=O	G5	Formose
C(C(CCO)O)(CCCO)=O	G6	Formose
C(C(CCO)O)=CCO	G6	Formose
C(C(CN)(C(C(C)=O)N)O)=O	G4	FormoseAmm
C(C(CN)(C(C(C)=O)O)O)=O	G3	FormoseAmm
C(C(CN)(C(C(C)N)O)O)=O	G4	FormoseAmm
C(C(CN)(C(C(C=C)=O)O)O)=O	G4	FormoseAmm
C(C(CN)(C(C(CN)N)O)O)=O	G4	FormoseAmm
C(C(CN)(C(C(CN)N)O)O)O	G4	FormoseAmm
C(C(CN)(C(C(CN)O)O)N)=O	G4	FormoseAmm
C(C(CN)(C(C(CN)O)O)N)O	G4	FormoseAmm
C(C(CN)(C(C(CN)O)O)O)=O	G3	FormoseAmm
C(C(CN)(C(C(CN)O)O)O)N	G4	FormoseAmm
C(C(CN)(C(C(CN)O)O)O)O	G4	FormoseAmm
C(C(CN)(C(C(CO)N)N)O)O	G4	FormoseAmm
C(C(CN)(C(C(CO)N)O)O)=O	G3	FormoseAmm
C(C(CN)(C(C(CO)O)O)N)O	G4	FormoseAmm
C(C(CN)(C(C(CO)O)O)O)=O	G3	FormoseAmm
C(C(CN)(C(C(CO)O)O)O)O	G3	FormoseAmm
C(C(CN)(C(C(N)=C)O)O)=O	G4	FormoseAmm
C(C(CN)(C(C)(CN)O)O)=O	G4	FormoseAmm
C(C(CN)(C(C)O)O)=O	G3	FormoseAmm
C(C(CN)(C(C=CN)O)O)=O	G4	FormoseAmm
C(C(CN)(C(C=O)O)O)=O	G3	FormoseAmm
C(C(CN)(C(CC(C)O)O)O)=O	G4	FormoseAmm
C(C(CN)(C(CC=O)N)N)=O	G4	FormoseAmm
C(C(CN)(C(CC=O)N)O)=O	G4	FormoseAmm
C(C(CN)(C(CCN)O)N)=O	G4	FormoseAmm
C(C(CN)(C(CCN)O)O)=O	G4	FormoseAmm
C(C(CN)(C(CCO)O)O)=O	G4	FormoseAmm
C(C(CN)(C(CN)(CN)O)O)=O	G4	FormoseAmm
C(C(CN)(C(CN)(CN)O)O)O	G4	FormoseAmm
C(C(CN)(C(CN)O)N)O	G4	FormoseAmm
C(C(CN)(C(CN)O)O)=O	G3	FormoseAmm
C(C(CN)(C(CN)O)O)N	G4	FormoseAmm
C(C(CN)(C(CO)(C)O)O)=O	G4	FormoseAmm
C(C(CN)(C(CO)(CN)O)N)O	G4	FormoseAmm
C(C(CN)(C(CO)(CN)O)O)=O	G3	FormoseAmm
C(C(CN)(C(CO)(CN)O)O)O	G4	FormoseAmm
C(C(CN)(C(CO)(CO)O)N)O	G4	FormoseAmm
C(C(CN)(C(CO)(CO)O)O)=O	G3	FormoseAmm
C(C(CN)(C(CO)N)O)O	G4	FormoseAmm
C(C(CN)(C(CO)O)N)O	G4	FormoseAmm
C(C(CN)(C(CO)O)O)=O	G3	FormoseAmm
C(C(CN)(C(CO)O)O)O	G3	FormoseAmm
C(C(CN)(CC(C=O)N)O)=O	G4	FormoseAmm
C(C(CN)(CC(CN)=O)O)=O	G4	FormoseAmm
C(C(CN)(CC(CO)=O)O)=O	G4	FormoseAmm
C(C(CN)(CCN)O)O	G4	FormoseAmm
C(C(CN)(CCO)O)O	G4	FormoseAmm
C(C(CN)(CN)O)O	G4	FormoseAmm
C(C(CN)(CO)N)=O	G4	FormoseAmm
C(C(CN)(CO)NCC=O)=O	G4	FormoseAmm
C(C(CN)(CO)NCCO)=O	G4	FormoseAmm
C(C(CN)=O)(C(C(C)N)N)=O	G4	GlucoseAmm
C(C(CN)=O)(C(C(C)N)O)=O	G4	GlucoseAmm
C(C(CN)=O)(C(C(C)O)N)=O	G4	GlucoseAmm
C(C(CN)=O)(C(C(C)O)O)=O	G4	GlucoseAmm
C(C(CN)=O)(C(C(CO)N)O)=O	G4	GlucoseAmm
C(C(CN)=O)(C(C(CO)O)N)=O	G4	GlucoseAmm
C(C(CN)=O)(C(C(CO)O)O)=O	G3	GlucoseAmm
C(C(CN)=O)(C(C)C(CO)O)=O	G4	GlucoseAmm
C(C(CN)=O)(C(CCN)N)=O	G4	GlucoseAmm
C(C(CN)=O)(C(CCN)O)=O	G4	GlucoseAmm
C(C(CN)=O)(C(CCO)N)=O	G3	GlucoseAmm
C(C(CN)=O)(C(CO)CCO)=O	G4	GlucoseAmm
C(C(CN)C(C(C(C)O)O)O)=O	G4	FormoseAmm
C(C(CN)C(C(C)N)O)=O	G4	FormoseAmm
C(C(CN)C(C(CC=O)O)O)=O	G4	FormoseAmm
C(C(CN)C(C(CCO)O)O)=O	G4	FormoseAmm
C(C(CN)C(C(CN)N)O)=O	G4	FormoseAmm
C(C(CN)C(C(CN)O)O)=O	G4	FormoseAmm
C(C(CN)C(C(CO)=O)(C)O)=O	G4	FormoseAmm
C(C(CN)C(C(CO)N)O)=O	G4	FormoseAmm
C(C(CN)C(C(CO)O)O)=O	G4	FormoseAmm
C(C(CN)C(C(N)=C)O)=O	G4	FormoseAmm
C(C(CN)C(C)(C(C=O)O)O)=O	G4	FormoseAmm
C(C(CN)C(C)(C(CO)O)O)=O	G4	FormoseAmm
C(C(CN)C(C)(CN)O)=O	G4	FormoseAmm
C(C(CN)C(C)(CO)O)=O	G4	FormoseAmm
C(C(CN)C(C=CN)O)=O	G4	FormoseAmm
C(C(CN)C(C=O)(CCO)O)=O	G4	FormoseAmm
C(C(CN)C(C=O)(CN)O)=O	G4	FormoseAmm
C(C(CN)C(C=O)(CO)N)=O	G4	FormoseAmm
C(C(CN)C(C=O)(CO)O)=O	G4	FormoseAmm
C(C(CN)C(CC(C)O)O)=O	G4	FormoseAmm
C(C(CN)C(CC(C=O)O)O)=O	G4	FormoseAmm
C(C(CN)C(CC(CO)O)O)=O	G4	FormoseAmm
C(C(CN)C(CCN)O)=O	G4	FormoseAmm
C(C(CN)C(CCO)O)=O	G4	FormoseAmm
C(C(CN)C(CN)(CN)O)=O	G4	FormoseAmm
C(C(CN)C(CN)O)=O	G4	FormoseAmm
C(C(CN)C(CO)(CC=O)O)=O	G4	FormoseAmm
C(C(CN)C(CO)(CCO)O)=O	G4	FormoseAmm
C(C(CN)C(CO)(CN)O)=O	G4	FormoseAmm
C(C(CN)C(CO)(CO)O)=O	G4	FormoseAmm
C(C(CN)C(CO)O)=O	G4	FormoseAmm
C(C(CN)N)(C(C(C)=O)N)=O	G4	GlucoseAmm
C(C(CN)N)(C(C(N)=C)O)=O	G4	GlucoseAmm
C(C(CN)N)(C(CO)(C)O)=O	G4	GlucoseAmm
C(C(CN)N)(CC(CN)=O)=O	G4	GlucoseAmm
C(C(CN)N)(CC(CN)O)=O	G4	GlucoseAmm
C(C(CN)N)(CC(CO)=O)=O	G3	GlucoseAmm
C(C(CN)N)(CC(CO)N)=O	G4	GlucoseAmm
C(C(CN)N)(CCO)=O	G4	FormoseAmm
C(C(CN)NC(CN)CO)=O	G4	FormoseAmm
C(C(CN)NC(CO)CO)=O	G4	FormoseAmm
C(C(CN)NCC(C=O)O)=O	G3	FormoseAmm
C(C(CN)NCC(CN)=O)=O	G4	FormoseAmm
C(C(CN)NCC(CN)O)=O	G4	FormoseAmm
C(C(CN)NCC(CO)N)=O	G4	FormoseAmm
C(C(CN)NCC(CO)O)=O	G4	FormoseAmm
C(C(CN)NCCO)=O	G3	FormoseAmm
C(C(CN)O)(C(C(C)=O)N)=O	G4	GlucoseAmm
C(C(CN)O)(C(C(C)=O)O)=O	G3	GlucoseAmm
C(C(CN)O)(C(C(C)N)N)=O	G4	GlucoseAmm
C(C(CN)O)(C(C(CN)=O)O)=O	G4	GlucoseAmm
C(C(CN)O)(C(C(CO)=O)O)=O	G4	GlucoseAmm
C(C(CN)O)(C(C(CO)N)N)=O	G4	GlucoseAmm
C(C(CN)O)(C(C(N)=C)O)=O	G4	GlucoseAmm
C(C(CN)O)(C(C)N)=O	G4	GlucoseAmm
C(C(CN)O)(C(C=C)N)=O	G4	GlucoseAmm
C(C(CN)O)(C(CCN)N)=O	G4	GlucoseAmm
C(C(CN)O)(C(CCO)N)=O	G4	GlucoseAmm
C(C(CN)O)(C(CN)NC)=O	G4	FormoseAmm
C(C(CN)O)(C(CO)NC)=O	G4	FormoseAmm
C(C(CN)O)(CC(CN)N)=O	G4	GlucoseAmm
C(C(CN)O)(CC(CO)N)=O	G4	GlucoseAmm
C(C(CN)O)(CC(N)=C)=O	G4	GlucoseAmm
C(C(CN)O)(CCCO)=O	G4	GlucoseAmm
C(C(CN)O)(CCO)=O	G4	FormoseAmm
C(C(CN)O)(O)=O	G3	FormoseAmm
C(C(CN)O)N	G3	FormoseAmm
C(C(CN)O)O	G3	FormoseAmm
C(C(CNC(CN)CN)O)=O	G4	FormoseAmm
C(C(CNC(CN)CO)N)=O	G4	FormoseAmm
C(C(CNC(CO)CN)O)=O	G4	FormoseAmm
C(C(CNC(CO)CO)N)=O	G4	FormoseAmm
C(C(CNC(CO)CO)O)=O	G4	FormoseAmm
C(C(CNC)NCCO)=O	G4	FormoseAmm
C(C(CNC)O)(C(CO)N)=O	G4	FormoseAmm
C(C(CNC)O)(C(CO)O)=O	G4	FormoseAmm
C(C(CNCC(C=O)O)N)=O	G3	FormoseAmm
C(C(CNCC(C=O)O)O)=O	G3	FormoseAmm
C(C(CNCC(CN)=O)N)=O	G4	FormoseAmm
C(C(CNCC(CN)=O)O)=O	G3	FormoseAmm
C(C(CNCC(CN)N)O)=O	G4	FormoseAmm
C(C(CNCC(CN)O)N)=O	G4	FormoseAmm
C(C(CNCC(CN)O)O)=O	G4	FormoseAmm
C(C(CNCC(CO)=O)O)=O	G3	FormoseAmm
C(C(CNCC(CO)N)N)=O	G4	FormoseAmm
C(C(CNCC(CO)N)O)=O	G4	FormoseAmm
C(C(CNCC(CO)O)N)=O	G4	FormoseAmm
C(C(CNCC(CO)O)O)=O	G4	FormoseAmm
C(C(CNCC=O)(CO)N)=O	G4	FormoseAmm
C(C(CNCCN)N)=O	G4	FormoseAmm
C(C(CNCCN)NC)=O	G4	FormoseAmm
C(C(CNCCN)O)=O	G3	FormoseAmm
C(C(CNCCO)(CO)N)=O	G4	FormoseAmm
C(C(CNCCO)N)=O	G3	FormoseAmm
C(C(CNCCO)NC)=O	G4	FormoseAmm
C(C(CNCCO)O)=O	G3	FormoseAmm
C(C(CO)(C(C(C)=O)N)N)=O	G4	FormoseAmm
C(C(CO)(C(C(C)=O)N)O)=O	G4	FormoseAmm
C(C(CO)(C(C(C)=O)O)N)=O	G3	FormoseAmm
C(C(CO)(C(C(C)N)O)N)=O	G4	FormoseAmm
C(C(CO)(C(C(C)N)O)O)=O	G4	FormoseAmm
C(C(CO)(C(C(CC)O)O)O)=O	G6	Formose
C(C(CO)(C(C(CN)=O)O)O)=O	G4	FormoseAmm
C(C(CO)(C(C(CN)N)O)O)=O	G4	FormoseAmm
C(C(CO)(C(C(CN)N)O)O)O	G4	FormoseAmm
C(C(CO)(C(C(CN)O)O)N)=O	G3	FormoseAmm
C(C(CO)(C(C(CN)O)O)N)O	G4	FormoseAmm
C(C(CO)(C(C(CN)O)O)O)=O	G3	FormoseAmm
C(C(CO)(C(C(CN)O)O)O)O	G4	FormoseAmm
C(C(CO)(C(C(CO)=C)O)O)=O	G6	Formose
C(C(CO)(C(C(CO)=O)N)O)=O	G4	FormoseAmm
C(C(CO)(C(C(CO)N)N)O)O	G4	FormoseAmm
C(C(CO)(C(C(CO)N)O)N)=O	G3	FormoseAmm
C(C(CO)(C(C(CO)N)O)O)=O	G3	FormoseAmm
C(C(CO)(C(C(CO)O)N)N)=O	G4	FormoseAmm
C(C(CO)(C(C(CO)O)N)O)=O	G4	FormoseAmm
C(C(CO)(C(C(CO)O)O)N)=O	G3	FormoseAmm
C(C(CO)(C(C(CO)O)O)N)O	G4	FormoseAmm
C(C(CO)(C(C(N)=C)O)N)=O	G4	FormoseAmm
C(C(CO)(C(C(N)=C)O)O)=O	G4	FormoseAmm
C(C(CO)(C(C)(C(C)O)O)O)=O	G6	Formose
C(C(CO)(C(C)(CCO)O)O)=O	G5	Formose
C(C(CO)(C(C)(CN)O)O)=O	G4	FormoseAmm
C(C(CO)(C(C)(CO)O)N)=O	G4	FormoseAmm
C(C(CO)(C(C)CCO)O)=O	G6	Formose
C(C(CO)(C(C)N)O)=O	G4	FormoseAmm
C(C(CO)(C(C)O)N)=O	G3	FormoseAmm
C(C(CO)(C(C=C)CO)O)=O	G6	Formose
C(C(CO)(C(C=C)O)O)=C	G6	Formose
C(C(CO)(C(C=CC)O)O)=O	G5	Formose
C(C(CO)(C(C=CC=O)O)O)=O	G4	Formose
C(C(CO)(C(C=CCO)O)O)=O	G5	Formose
C(C(CO)(C(C=CN)O)O)=O	G4	FormoseAmm
C(C(CO)(C(C=O)(C)O)N)=O	G3	FormoseAmm
C(C(CO)(C(C=O)(CN)O)O)=O	G4	FormoseAmm
C(C(CO)(C(C=O)(CO)O)N)=O	G4	FormoseAmm
C(C(CO)(C(C=O)N)O)=O	G4	FormoseAmm
C(C(CO)(C(C=O)O)N)=O	G3	FormoseAmm
C(C(CO)(C(CC)O)O)=O	G6	Formose
C(C(CO)(C(CC=C)O)O)=O	G5	Formose
C(C(CO)(C(CC=O)N)O)=O	G4	FormoseAmm
C(C(CO)(C(CC=O)O)N)=O	G3	FormoseAmm
C(C(CO)(C(CCCO)O)O)=O	G6	Formose
C(C(CO)(C(CCCO)O)O)O	G6	Formose
C(C(CO)(C(CCN)O)N)=O	G4	FormoseAmm
C(C(CO)(C(CCN)O)O)=O	G4	FormoseAmm
C(C(CO)(C(CCN)O)O)O	G4	FormoseAmm
C(C(CO)(C(CCO)N)O)=O	G4	FormoseAmm
C(C(CO)(C(CCO)O)N)=O	G4	FormoseAmm
C(C(CO)(C(CN)(CN)O)O)=O	G4	FormoseAmm
C(C(CO)(C(CN)(CN)O)O)O	G4	FormoseAmm
C(C(CO)(C(CN)(CO)O)N)=O	G3	FormoseAmm
C(C(CO)(C(CN)N)N)=O	G4	FormoseAmm
C(C(CO)(C(CN)N)O)=O	G4	FormoseAmm
C(C(CO)(C(CN)O)N)O	G4	FormoseAmm
C(C(CO)(C(CN)O)O)=O	G2	FormoseAmm
C(C(CO)(C(CO)(CC)O)O)=O	G6	Formose
C(C(CO)(C(CO)(CN)O)N)O	G4	FormoseAmm
C(C(CO)(C(CO)(CN)O)O)=O	G3	FormoseAmm
C(C(CO)(C(CO)(CN)O)O)O	G4	FormoseAmm
C(C(CO)(C(CO)(CO)O)N)=O	G3	FormoseAmm
C(C(CO)(C(CO)(CO)O)N)O	G4	FormoseAmm
C(C(CO)(C(CO)C(C)O)O)=O	G5	Formose
C(C(CO)(C(CO)C)O)=O	G6	Formose
C(C(CO)(C(CO)CC=O)O)=O	G5	Formose
C(C(CO)(C(CO)CCO)O)=O	G6	Formose
C(C(CO)(C(CO)CCO)O)O	G6	Formose
C(C(CO)(C(CO)CO)O)=O	G5	Formose
C(C(CO)(C(CO)CO)O)O	G5	Formose
C(C(CO)(C(CO)N)N)=O	G4	FormoseAmm
C(C(CO)(C(CO)N)O)=O	G3	FormoseAmm
C(C(CO)(C(CO)N)O)O	G4	FormoseAmm
C(C(CO)(C(CO)O)N)=O	G3	FormoseAmm
C(C(CO)(C(CO)O)N)O	G4	FormoseAmm
C(C(CO)(CC(C(C)=O)O)O)=O	G6	Formose
C(C(CO)(CC(C)O)O)=O	G6	Formose
C(C(CO)(CC(C=O)N)O)=O	G4	FormoseAmm
C(C(CO)(CC(CCO)O)O)=O	G5	Formose
C(C(CO)(CC(CCO)O)O)O	G5	Formose
C(C(CO)(CC(CN)=O)N)=O	G4	FormoseAmm
C(C(CO)(CC(CN)=O)O)=O	G4	FormoseAmm
C(C(CO)(CC(CO)=O)N)=O	G4	FormoseAmm
C(C(CO)(CC(CO)N)O)=O	G4	FormoseAmm
C(C(CO)(CC=O)O)(C(C)N)=O	G4	GlucoseAmm
C(C(CO)(CC=O)O)(CCN)=O	G4	GlucoseAmm
C(C(CO)(CCCO)O)=O	G6	Formose
C(C(CO)(CCCO)O)O	G6	Formose
C(C(CO)(CCN)O)=O	G4	FormoseAmm
C(C(CO)(CCN)O)O	G4	FormoseAmm
C(C(CO)(CCO)C(C)O)=O	G6	Formose
C(C(CO)(CCO)C(CO)O)=O	G6	Formose
C(C(CO)(CCO)CCO)=O	G6	Formose
C(C(CO)(CCO)CCO)O	G6	Formose
C(C(CO)(CCO)N)=O	G4	FormoseAmm
C(C(CO)(CN)N)O	G4	FormoseAmm
C(C(CO)(CN)O)=O	G3	FormoseAmm
C(C(CO)(CN)O)O	G3	FormoseAmm
C(C(CO)(CNCC=O)O)=O	G3	FormoseAmm
C(C(CO)(CNCCN)O)=O	G4	FormoseAmm
C(C(CO)(CNCCO)O)=O	G4	FormoseAmm
C(C(CO)(CO)C(C=C)O)=O	G5	Formose
C(C(CO)(CO)C(C=O)CO)=O	G6	Formose
C(C(CO)(CO)C(CCO)O)O	G6	Formose
C(C(CO)(CO)C(CO)O)O	G6	Formose
C(C(CO)(CO)CCCO)=O	G6	Formose
C(C(CO)(CO)CCO)=O	G6	Formose
C(C(CO)(CO)CCO)O	G6	Formose
C(C(CO)(CO)CO)O	G6	Formose
C(C(CO)(CO)N)(O)=O	G4	FormoseAmm
C(C(CO)(CO)N)=O	G3	FormoseAmm
C(C(CO)(CO)N)O	G4	FormoseAmm
C(C(CO)(CO)NCC=O)=O	G4	FormoseAmm
C(C(CO)(CO)NCCN)=O	G4	FormoseAmm
C(C(CO)(CO)NCCO)=O	G4	FormoseAmm
C(C(CO)(CO)O)(CC=C)=O	G6	Formose
C(C(CO)=O)(C(C(C)N)N)=O	G4	GlucoseAmm
C(C(CO)=O)(C(C(C)N)O)=O	G4	GlucoseAmm
C(C(CO)=O)(C(C(C)O)N)=O	G4	GlucoseAmm
C(C(CO)=O)(C(C(CC)O)O)=O	G6	Formose
C(C(CO)=O)(C(C(CO)N)O)=O	G4	GlucoseAmm
C(C(CO)=O)(C(C(CO)O)N)=O	G4	GlucoseAmm
C(C(CO)=O)(C(CCCO)O)=O	G6	Formose
C(C(CO)=O)(C(CCN)N)=O	G4	GlucoseAmm
C(C(CO)=O)(C(CCN)O)=O	G4	GlucoseAmm
C(C(CO)=O)(C(CCO)N)=O	G3	GlucoseAmm
C(C(CO)=O)(C(CCO)O)=O	G5	Formose
C(C(CO)=O)(CC(CCN)O)=O	G4	FormoseAmm
C(C(CO)C(C(C(C)N)O)O)=O	G4	FormoseAmm
C(C(CO)C(C(C=O)CN)O)=O	G4	FormoseAmm
C(C(CO)C(C(C=O)N)O)=O	G4	FormoseAmm
C(C(CO)C(C(CC)O)O)=O	G6	Formose
C(C(CO)C(C(CCN)O)O)=O	G4	FormoseAmm
C(C(CO)C(C(CCO)O)O)O	G5	Formose
C(C(CO)C(C(CN)O)O)=O	G4	FormoseAmm
C(C(CO)C(C(CO)=C)O)=O	G6	Formose
C(C(CO)C(C(CO)=O)N)=O	G4	FormoseAmm
C(C(CO)C(C(CO)CO)O)O	G6	Formose
C(C(CO)C(C(CO)O)N)=O	G4	FormoseAmm
C(C(CO)C(C(CO)O)O)O	G5	Formose
C(C(CO)C(C)(C(CO)O)O)=O	G4	Formose
C(C(CO)C(C)(CCO)O)=O	G6	Formose
C(C(CO)C(C)C(CO)O)=O	G6	Formose
C(C(CO)C(C=C)(CO)O)=O	G5	Formose
C(C(CO)C(C=CCO)O)=O	G5	Formose
C(C(CO)C(C=CN)O)=O	G4	FormoseAmm
C(C(CO)C(C=O)(CN)O)=O	G4	FormoseAmm
C(C(CO)C(C=O)(CO)N)=O	G4	FormoseAmm
C(C(CO)C(CC(CO)N)O)=O	G4	FormoseAmm
C(C(CO)C(CCCO)O)=O	G6	Formose
C(C(CO)C(CCN)O)=O	G4	FormoseAmm
C(C(CO)C(CCO)O)O	G5	Formose
C(C(CO)C(CN)N)=O	G4	FormoseAmm
C(C(CO)C(CO)(C(C)O)O)=O	G5	Formose
C(C(CO)C(CO)(CC)O)=O	G6	Formose
C(C(CO)C(CO)(CCO)O)=O	G4	Formose
C(C(CO)C(CO)(CN)O)=O	G4	FormoseAmm
C(C(CO)C(CO)(CO)CO)=O	G6	Formose
C(C(CO)C(CO)C(C)O)=O	G6	Formose
C(C(CO)C(CO)C(C=O)O)=O	G5	Formose
C(C(CO)C(CO)C(CO)O)=O	G6	Formose
C(C(CO)C(CO)CCO)=O	G6	Formose
C(C(CO)C(CO)CO)=O	G6	Formose
C(C(CO)C(CO)N)=O	G4	FormoseAmm
C(C(CO)C(CO)O)O	G5	Formose
C(C(CO)CC(C(C)O)O)=O	G6	Formose
C(C(CO)CC(C(CN)O)=O)=O	G4	GlucoseAmm
C(C(CO)CC(C(CO)=O)N)=O	G4	GlucoseAmm
C(C(CO)CC(C(CO)O)O)=O	G6	Formose
C(C(CO)CC(C)(CO)O)=O	G6	Formose
C(C(CO)CC(C=O)(CO)O)=O	G6	Formose
C(C(CO)CC(CCO)O)=O	G6	Formose
C(C(CO)CC(CO)(CO)O)=O	G6	Formose
C(C(CO)CC(CO)CO)=O	G6	Formose
C(C(CO)CC(CO)O)=O	G6	Formose
C(C(CO)CCC(CO)O)=O	G6	Formose
C(C(CO)CCCO)O	G6	Formose
C(C(CO)CCO)O	G6	Formose
C(C(CO)CN)(C(C(C)=O)O)=O	G4	GlucoseAmm
C(C(CO)CN)(CC(CO)=O)=O	G4	GlucoseAmm
C(C(CO)CO)(C(C=C)O)=O	G6	Formose
C(C(CO)CO)(C(CO)CO)=O	G6	Formose
C(C(CO)CO)(CC(CN)=O)=O	G4	GlucoseAmm
C(C(CO)CO)O	G5	Formose
C(C(CO)N)(C(C(C)=O)N)=O	G4	GlucoseAmm
C(C(CO)N)(C(C(CN)=O)O)=O	G4	GlucoseAmm
C(C(CO)N)(C(C(CO)=O)O)=O	G4	GlucoseAmm
C(C(CO)N)(C(C(N)=C)O)=O	G4	GlucoseAmm
C(C(CO)N)(C(CO)(C)O)=O	G4	GlucoseAmm
C(C(CO)N)(C(CO)(CO)O)=O	G4	FormoseAmm
C(C(CO)N)(CC(C)O)=O	G4	GlucoseAmm
C(C(CO)N)(CC(CCO)O)=O	G4	GlucoseAmm
C(C(CO)N)(CC(CN)N)=O	G4	GlucoseAmm
C(C(CO)N)(CC(CN)O)=O	G4	GlucoseAmm
C(C(CO)N)(CC(CO)N)=O	G4	GlucoseAmm
C(C(CO)N)(CCO)=O	G4	FormoseAmm
C(C(CO)N)O	G3	FormoseAmm
C(C(CO)NC(CN)CN)=O	G4	FormoseAmm
C(C(CO)NC(CN)CO)=O	G4	FormoseAmm
C(C(CO)NC(CO)CO)=O	G4	FormoseAmm
C(C(CO)NC)(C(CO)N)=O	G4	FormoseAmm
C(C(CO)NCC(C=O)O)=O	G3	FormoseAmm
C(C(CO)NCC(CN)=O)=O	G3	FormoseAmm
C(C(CO)NCC(CN)N)=O	G4	FormoseAmm
C(C(CO)NCC(CN)O)=O	G4	FormoseAmm
C(C(CO)NCC(CO)N)=O	G4	FormoseAmm
C(C(CO)NCC(CO)O)=O	G4	FormoseAmm
C(C(CO)NCCO)=O	G3	FormoseAmm
C(C(CO)O)(C(C(C=O)=C)N)=O	G4	GlucoseAmm
C(C(CO)O)(C(C(CO)=C)O)=O	G5	Formose
C(C(CO)O)(C(C(N)=C)N)=O	G4	GlucoseAmm
C(C(CO)O)(C(C(N)=C)O)=O	G4	GlucoseAmm
C(C(CO)O)(C(C)(CCO)O)=O	G6	Formose
C(C(CO)O)(C(C)C(CO)O)=O	G6	Formose
C(C(CO)O)(C(C)N)=O	G4	GlucoseAmm
C(C(CO)O)(C(C=C)CO)=O	G6	Formose
C(C(CO)O)(C(C=CC=O)O)=O	G4	Formose
C(C(CO)O)(C(C=CCO)O)=O	G5	Formose
C(C(CO)O)(C(CCN)N)=O	G4	GlucoseAmm
C(C(CO)O)(C(CCO)N)=O	G3	GlucoseAmm
C(C(CO)O)(C(CN)NC)=O	G4	FormoseAmm
C(C(CO)O)(C(CN)O)=O	G4	FormoseAmm
C(C(CO)O)(C(CNC)N)=O	G4	FormoseAmm
C(C(CO)O)(C(CO)(CO)N)=O	G4	FormoseAmm
C(C(CO)O)(C(CO)C)=O	G6	Formose
C(C(CO)O)(C(CO)CC)=O	G6	Formose
C(C(CO)O)(C(CO)CN)=O	G4	FormoseAmm
C(C(CO)O)(C(CO)NC)=O	G4	FormoseAmm
C(C(CO)O)(CC(C(N)=C)=O)=O	G4	GlucoseAmm
C(C(CO)O)(CC(C)N)=O	G4	GlucoseAmm
C(C(CO)O)(CC(CC)O)=O	G6	Formose
C(C(CO)O)(CC(CCN)O)=O	G4	FormoseAmm
C(C(CO)O)(CC(CO)=C)=O	G5	Formose
C(C(CO)O)(CC(CO)C)=O	G6	Formose
C(C(CO)O)(CC(CO)CO)=O	G6	Formose
C(C(CO)O)(CC(N)=C)=O	G4	GlucoseAmm
C(C(CO)O)(CC=CCO)=O	G5	Formose
C(C(CO)O)(CCC(CO)O)=O	G6	Formose
C(C(CO)O)(CCCN)=O	G4	GlucoseAmm
C(C(CO)O)=C1C(O)OCC1O	G6	Formose
C(C(CO)O)=C1C(OCC1O)=O	G5	Formose
C(C(CO)O)=C1COC(C1O)O	G6	Formose
C(C(N)=O)(CC(C(CO)O)O)=O	G4	GlucoseAmm
C(C)(C(C(C(C(C)=O)O)N)O)=O	G4	GlucoseAmm
C(C)(C(C(C(C(C)N)O)O)O)=O	G4	FormoseAmm
C(C)(C(C(C(C(N)=C)=O)O)O)=O	G4	GlucoseAmm
C(C)(C(C(C(C(N)=O)O)O)O)=O	G4	GlucoseAmm
C(C)(C(C(C(CC)O)O)O)=O	G6	Formose
C(C)(C(C(C(CCO)O)O)N)=O	G4	FormoseAmm
C(C)(C(C(C(CN)=O)N)N)=O	G4	GlucoseAmm
C(C)(C(C(C(CN)O)N)N)=O	G4	GlucoseAmm
C(C)(C(C(C(CN)O)N)O)=O	G4	GlucoseAmm
C(C)(C(C(C(CO)=C)O)O)=O	G6	Formose
C(C)(C(C(C(CO)N)N)O)=O	G4	FormoseAmm
C(C)(C(C(C(CO)O)=C)O)=O	G5	Formose
C(C)(C(C(C(CO)O)N)N)=O	G4	GlucoseAmm
C(C)(C(C(C(CO)O)N)O)=O	G3	GlucoseAmm
C(C)(C(C(C)(C(C)O)O)O)=O	G6	Formose
C(C)(C(C(C)(C(CO)N)O)O)=O	G4	GlucoseAmm
C(C)(C(C(C)(CCO)O)O)=O	G6	Formose
C(C)(C(C(C)O)(C(CN)O)O)=O	G4	GlucoseAmm
C(C)(C(C(C)O)(CCO)O)=O	G5	Formose
C(C)(C(C(C=CCO)O)O)=O	G5	Formose
C(C)(C(C(C=CN)O)N)=O	G4	FormoseAmm
C(C)(C(C(C=CN)O)O)=O	G4	FormoseAmm
C(C)(C(C(CC(CO)=O)N)O)=O	G4	GlucoseAmm
C(C)(C(C(CC(CO)N)O)O)=O	G4	FormoseAmm
C(C)(C(C(CC(N)=O)O)O)=O	G4	GlucoseAmm
C(C)(C(C(CCCO)O)O)=O	G6	Formose
C(C)(C(C(CCN)O)N)=O	G4	FormoseAmm
C(C)(C(C(CN)(C(C)O)O)O)=O	G4	GlucoseAmm
C(C)(C(C(CN)(CN)O)N)=O	G4	FormoseAmm
C(C)(C(C(CN)(CN)O)O)=O	G4	FormoseAmm
C(C)(C(C(CN)=O)(C(C)O)O)=O	G4	GlucoseAmm
C(C)(C(C(CO)(C(C)N)O)O)=O	G4	GlucoseAmm
C(C)(C(C(CO)(C(C)O)O)N)=O	G4	GlucoseAmm
C(C)(C(C(CO)(CC)O)O)=O	G6	Formose
C(C)(C(C(CO)(CN)N)O)=O	G4	FormoseAmm
C(C)(C(C(CO)(CO)CO)O)=O	G6	Formose
C(C)(C(C(CO)(CO)N)O)=O	G4	FormoseAmm
C(C)(C(C(CO)=C)(CO)O)=O	G5	Formose
C(C)(C(C(CO)=O)(CCO)O)=O	G6	Formose
C(C)(C(C(CO)C(C)O)O)=O	G5	Formose
C(C)(C(C(CO)C(CO)O)O)=O	G5	Formose
C(C)(C(C(CO)CCO)O)=O	G6	Formose
C(C)(C(C(CO)CO)O)=O	G5	Formose
C(C)(C(C(CO)O)(CCO)O)=O	G5	Formose
C(C)(C(C(CO)O)C(C)O)=O	G6	Formose
C(C)(C(C(CO)O)C(CO)O)=O	G6	Formose
C(C)(C(C)(C(C(C)O)O)O)=O	G6	Formose
C(C)(C(C)(C(C(CN)=O)O)O)=O	G4	GlucoseAmm
C(C)(C(C)(C(C(CO)=O)N)O)=O	G4	GlucoseAmm
C(C)(C(C)(C(C(CO)O)O)O)=O	G6	Formose
C(C)(C(C)(C(CCO)O)O)=O	G6	Formose
C(C)(C(C)(C(CO)(C)O)O)=O	G6	Formose
C(C)(C(C)(C(CO)(CO)O)O)=O	G6	Formose
C(C)(C(C)(C(CO)CO)O)=O	G6	Formose
C(C)(C(C)(C(CO)O)O)=O	G6	Formose
C(C)(C(C1C(O)OCC1O)O)=O	G5	Formose
C(C)(C(C1COC(C1O)O)O)=O	G5	Formose
C(C)(C(C=C)(C(CO)O)O)=O	G6	Formose
C(C)(C(C=CCO)(CO)O)=O	G5	Formose
C(C)(C(CC(C(CO)=O)N)O)=O	G4	GlucoseAmm
C(C)(C(CC(C(CO)O)O)O)=O	G5	Formose
C(C)(C(CC(CCO)O)O)=O	G5	Formose
C(C)(C(CC(CO)(CO)O)O)=O	G6	Formose
C(C)(C(CC(CO)O)O)=O	G6	Formose
C(C)(C(CCO)C(CO)O)=O	G6	Formose
C(C)(C(CN)(CC(CO)=O)O)=O	G4	GlucoseAmm
C(C)(C(CN)NCCN)=O	G4	FormoseAmm
C(C)(C(CN)NCCO)=O	G4	FormoseAmm
C(C)(C(CNCCO)N)=O	G4	FormoseAmm
C(C)(C(CNCCO)O)=O	G4	FormoseAmm
C(C)(C(CO)(C(C=CN)O)O)=O	G4	FormoseAmm
C(C)(C(CO)(C(CC)O)O)=O	G6	Formose
C(C)(C(CO)(C(CCN)O)O)=O	G4	FormoseAmm
C(C)(C(CO)(C(CN)O)N)=O	G4	GlucoseAmm
C(C)(C(CO)(C(CO)C)O)=O	G6	Formose
C(C)(C(CO)(C(CO)CO)O)=O	G5	Formose
C(C)(C(CO)(CC(C)O)O)=O	G6	Formose
C(C)(C(CO)(CC(CO)O)O)=O	G6	Formose
C(C)(C(CO)(CCCO)O)=O	G6	Formose
C(C)(C(CO)(CCO)O)=O	G5	Formose
C(C)(C(CO)(CN)O)=O	G4	FormoseAmm
C(C)(C(CO)(CO)C(C)O)=O	G6	Formose
C(C)(C(CO)(CO)C(C=O)O)=O	G6	Formose
C(C)(C(CO)(CO)C(CO)O)=O	G6	Formose
C(C)(C(CO)(CO)CO)=O	G6	Formose
C(C)(C(CO)C(C(C)O)O)=O	G6	Formose
C(C)(C(CO)C(C(CO)O)O)=O	G5	Formose
C(C)(C(CO)C(C)(CO)O)=O	G6	Formose
C(C)(C(CO)C(CCO)O)=O	G6	Formose
C(C)(C(CO)C(CO)(CO)O)=O	G6	Formose
C(C)(C(CO)C(CO)O)=O	G5	Formose
C(C)(C(CO)NCCO)=O	G4	FormoseAmm
C(C)(C1(C(C)(C(CO1)O)O)O)=O	G6	Formose
C(C)(C1(C(CCC1O)O)O)=O	G6	Formose
C(C)(C1(C(O)OCC1CO)O)=O	G6	Formose
C(C)(C1(C(O)OCC1O)CO)=O	G6	Formose
C(C)(C1(CNCC1O)O)=O	G4	GlucoseAmm
C(C)(C1C(C(C(CO)O1)O)O)=O	G6	Formose
C(C)(C1C(C(CO)C(O1)O)O)=O	G5	Formose
C(C)(C1C(CO)(O)OCC1O)=O	G6	Formose
C(C)(C1C(CO)C(C(O1)O)O)=O	G5	Formose
C(C)(C1C(O)OC(CO)C1O)=O	G5	Formose
C(C)(C1C(O)OCC(C1O)O)=O	G5	Formose
C(C)(C1COC(C(C1O)O)O)=O	G6	Formose
C(C)(CC(C(C(CO)O)O)O)=O	G6	Formose
C(C)(CC(C(C)(CO)O)O)=O	G6	Formose
C(C)(CC(C(CO)(CO)O)O)=O	G6	Formose
C(C)(CC(C(CO)CO)O)=O	G6	Formose
C(C)(CC(C(CO)O)O)=O	G6	Formose
C(C)(CC(CO)(C(CO)O)O)=O	G6	Formose
C(C)(CC(CO)(CCO)O)=O	G6	Formose
C(C)(CC(CO)C(CO)O)=O	G6	Formose
C(C)(CC1(COC(C1O)O)O)=O	G6	Formose
C(C)(OCC(C(CO)O)O)=O	G6	Formose
C(C)=C1C(O)OCC1(CO)O	G6	Formose
C(C1(C(C(C(C)(C1)O)O)=O)O)=O	G6	Formose
C(C1(C(C(C(C)C1O)O)=O)O)=O	G6	Formose
C(C1(C(C(C(C1)N)N)O)O)=O	G4	GlucoseAmm
C(C1(C(C(C(C1C)O)O)=O)O)=O	G6	Formose
C(C1(C(C(C(C1O)=O)O)=C)O)=O	G6	Formose
C(C1(C(C(C(C1O)O)=C)=O)O)=O	G6	Formose
C(C1(C(C(C(C1O)O)=O)=C)O)=O	G6	Formose
C(C1(C(C(C(C1O)O)N)O)O)=O	G4	GlucoseAmm
C(C1(C(C(C(C1O)O)O)O)N)=O	G4	GlucoseAmm
C(C1(C(C(C(C=C)O1)O)O)O)=O	G6	Formose
C(C1(C(C(C(CC1)O)O)=O)O)=O	G6	Formose
C(C1(C(C(C(CN)O1)O)O)O)N	G4	FormoseAmm
C(C1(C(C(C(CN)O1)O)O)O)O	G4	FormoseAmm
C(C1(C(C(C(CO)O1)=C)O)O)=O	G6	Formose
C(C1(C(C(C(CO1)O)=C)O)O)=O	G6	Formose
C(C1(C(C(C(CO1)O)O)N)O)=O	G4	GlucoseAmm
C(C1(C(C(C(O1)O)O)=C)CO)=O	G5	Formose
C(C1(C(C(C)CC1O)O)O)=O	G6	Formose
C(C1(C(C(C=CC1O)O)O)O)=O	G6	Formose
C(C1(C(C(CC1(C)O)O)=O)O)=O	G5	Formose
C(C1(C(C(CC1CO)O)O)O)=O	G6	Formose
C(C1(C(C(CC1N)N)O)O)=O	G4	GlucoseAmm
C(C1(C(C(CC1N)O)O)O)=O	G4	GlucoseAmm
C(C1(C(C(CC1O)N)O)O)=O	G3	GlucoseAmm
C(C1(C(C(CC1O)O)=C)O)=O	G6	Formose
C(C1(C(C(CC1O)O)O)O)N	G4	GlucoseAmm
C(C1(C(C(CC1O)O)O)O)O	G5	Formose
C(C1(C(C(CCC1O)O)=O)O)=O	G6	Formose
C(C1(C(C(CCC1O)O)O)O)=O	G6	Formose
C(C1(C(C(CO)(O)OC1)=C)O)=O	G6	Formose
C(C1(C(C(CO)=CC1O)=O)O)=O	G6	Formose
C(C1(C(C(CO1)=C)(CO)O)O)=O	G6	Formose
C(C1(C(C(CO1)=CCO)O)O)=O	G6	Formose
C(C1(C(C(CO1)O)O)O)(CC)=O	G6	Formose
C(C1(C(C(OC1C=C)O)O)O)=O	G6	Formose
C(C1(C(C)(O)OCC1CO)O)=O	G6	Formose
C(C1(C(C)C(C(CO1)O)O)O)=O	G6	Formose
C(C1(C(C)C(CO)(CO1)O)O)=O	G6	Formose
C(C1(C(C=C(CO)C1O)=O)O)=O	G6	Formose
C(C1(C(C=CC(C1O)O)=O)O)=O	G5	Glucose
C(C1(C(C=CC1(C)O)O)O)=O	G6	Formose
C(C1(C(C=CC1(CO)O)=O)O)=O	G6	Formose
C(C1(C(C=CC1CO)O)O)=O	G6	Formose
C(C1(C(C=CC1N)O)O)=O	G4	GlucoseAmm
C(C1(C(CC(C(C1)O)O)=O)O)=O	G6	Formose
C(C1(C(CC(C1CO)O)O)O)O	G6	Formose
C(C1(C(CC(C1N)N)O)O)=O	G4	GlucoseAmm
C(C1(C(CC(C1N)O)O)O)=O	G3	GlucoseAmm
C(C1(C(CC(C1N)O)O)O)N	G4	GlucoseAmm
C(C1(C(CC(C1O)N)O)O)N	G4	GlucoseAmm
C(C1(C(CC(C1O)O)N)N)=O	G4	GlucoseAmm
C(C1(C(CC(CC1O)O)O)O)O	G6	Formose
C(C1(C(CC=CC1O)O)O)=O	G6	Formose
C(C1(C(CCC(C1)O)O)O)=O	G6	Formose
C(C1(C(CCC(C1O)O)=O)O)=O	G6	Formose
C(C1(C(CCC1(C)O)O)O)=O	G6	Formose
C(C1(C(CCC1CO)O)O)=O	G6	Formose
C(C1(C(CCCC1O)O)O)=O	G6	Formose
C(C1(C(CN)NCC1O)N)=O	G4	FormoseAmm
C(C1(C(CNC1CN)O)O)=O	G4	FormoseAmm
C(C1(C(CNCC1O)=O)N)=O	G4	FormoseAmm
C(C1(C(CNCC1O)O)N)=O	G4	FormoseAmm
C(C1(C(CNCC1O)O)O)=O	G4	FormoseAmm
C(C1(C(CO)=CC(C1O)=O)O)=O	G6	Formose
C(C1(C(CO)=CC(O1)O)CO)=O	G5	Formose
C(C1(C(CO)=CCC1O)O)=O	G6	Formose
C(C1(C(CO)C(CO)CO1)O)=O	G6	Formose
C(C1(C(CO)C(CO1)O)O)=O	G4	Formose
C(C1(C(CO)NCC1O)N)=O	G4	FormoseAmm
C(C1(C(COC1(C=C)O)O)O)=O	G6	Formose
C(C1(C(N)=CCC1O)O)=O	G4	GlucoseAmm
C(C1(C(O)OCC1(C)O)CO)=O	G5	Formose
C(C1(C(O)OCC1(C)O)O)=O	G6	Formose
C(C1(C(O)OCC1(C=C)O)O)=O	G6	Formose
C(C1(C(O)OCC1CO)O)=O	G6	Formose
C(C1(C(O)OCC1O)CO)=O	G5	Formose
C(C1(C(O)OCC1O)O)=O	G5	Formose
C(C1(C(OC(CO)C1O)=C)O)=O	G5	Formose
C(C1(C(OCC(C1O)O)=C)O)=O	G5	Formose
C(C1(C(OCC1(CO)O)=C)O)=O	G5	Formose
C(C1(C)C(C(C(C1O)=O)O)O)=O	G6	Formose
C(C1(C=C(C(O)OC1)CO)O)=O	G6	Formose
C(C1(C=C(CC1O)N)O)=O	G4	GlucoseAmm
C(C1(C=C(CO)C(C1)O)O)=O	G6	Formose
C(C1(C=C(CO)CC1O)O)=O	G6	Formose
C(C1(C=CC(C(C1O)=O)O)O)=O	G6	Formose
C(C1(C=CC(C(C1O)O)=O)O)=O	G5	Glucose
C(C1(C=CC(C(C1O)O)O)O)=O	G6	Formose
C(C1(C=CC(C1(CO)O)=O)O)=O	G6	Formose
C(C1(C=CC(C1CO)O)O)=O	G6	Formose
C(C1(C=CC(C1N)O)O)=O	G4	GlucoseAmm
C(C1(C=CC(C1O)N)O)=O	G4	GlucoseAmm
C(C1(C=CC(C1O)O)CO)=O	G6	Formose
C(C1(C=CC(C1O)O)N)=O	G4	GlucoseAmm
C(C1(C=CC(CC1O)O)O)=O	G6	Formose
C(C1(C=CC(CO)(C1)O)O)=O	G6	Formose
C(C1(C=CC(CO)C1O)O)=O	G6	Formose
C(C1(CC(C(C1CO)O)O)O)=O	G5	Formose
C(C1(CC(C(C1CO)O)O)O)O	G6	Formose
C(C1(CC(C(C1O)=C)O)O)=O	G6	Formose
C(C1(CC(C(C1O)O)N)N)=O	G4	GlucoseAmm
C(C1(CC(C(C1O)O)N)O)=O	G4	GlucoseAmm
C(C1(CC(C(C1O)O)O)N)=O	G3	GlucoseAmm
C(C1(CC(C(C1O)O)O)N)N	G4	GlucoseAmm
C(C1(CC(C(C1O)O)O)O)N	G4	GlucoseAmm
C(C1(CC(C(C1O)O)O)O)O	G5	Formose
C(C1(CC(C(CO)(C1)O)O)O)O	G6	Formose
C(C1(CC(C(CO)C1O)O)O)O	G6	Formose
C(C1(CC(C=O)(CC1O)O)O)=O	G5	Formose
C(C1(CC(CC1(CO)O)O)O)O	G6	Formose
C(C1(CC(CC1O)O)O)O	G5	Formose
C(C1(CC(CO)(C(C1)O)O)O)=O	G6	Formose
C(C1(CC(CO)(CC1O)O)O)=O	G5	Formose
C(C1(CC(CO)=CC1O)O)=O	G6	Formose
C(C1(CC(CO)CC1O)O)=O	G6	Formose
C(C1(CC(O)OCC1CO)O)=O	G5	Formose
C(C1(CC=C(CO)C1O)O)=O	G6	Formose
C(C1(CCC(C1(CO)O)O)O)=O	G6	Formose
C(C1(CCC(C1CO)O)O)=O	G6	Formose
C(C1(CCOC(C1CO)O)O)=O	G5	Formose
C(C1(CN)C(C(CN1)O)O)=O	G4	FormoseAmm
C(C1(CNC(C1O)CN)O)=O	G4	FormoseAmm
C(C1(CNC(CO)C1O)N)=O	G4	FormoseAmm
C(C1(CNC(CO)C1O)O)=O	G4	FormoseAmm
C(C1(CNCC(C1O)N)O)=O	G4	FormoseAmm
C(C1(CNCC(C1O)O)N)=O	G4	FormoseAmm
C(C1(CNCC(C1O)O)O)=O	G4	FormoseAmm
C(C1(CNCC1(CN)O)O)=O	G4	FormoseAmm
C(C1(CNCC1(CO)O)N)=O	G4	FormoseAmm
C(C1(CNCC1(CO)O)O)=O	G4	FormoseAmm
C(C1(CNCC1O)N)=O	G4	FormoseAmm
C(C1(CNCC1O)O)=O	G3	FormoseAmm
C(C1(CNCC1O)O)O	G4	FormoseAmm
C(C1(CO)C(C(C(O1)O)=C)O)=O	G6	Formose
C(C1(CO)C(C(CC1O)O)O)O	G6	Formose
C(C1(CO)C(C(CN1)N)O)=O	G4	FormoseAmm
C(C1(CO)C(C(CN1)O)O)=O	G4	FormoseAmm
C(C1(CO)C(C(CO1)O)O)=O	G6	Formose
C(C1(CO)C(C)(O)OCC1O)=O	G6	Formose
C(C1(CO)C(C)OC(C1O)O)=O	G5	Formose
C(C1(CO)C(C=CC1O)O)=O	G5	Formose
C(C1(CO)C(CCC1O)O)=O	G6	Formose
C(C1(CO)CC(C(C1O)O)O)=O	G6	Formose
C(C1(CO)CC(CC1O)O)=O	G6	Formose
C(C1(COC(C(C1O)=C)O)O)=O	G6	Formose
C(C1(COC(C)(C1O)O)CO)=O	G6	Formose
C(C1(COC(C1(C)O)O)CO)=O	G6	Formose
C(C1(COC(C1(CC)O)O)O)=O	G6	Formose
C(C1(COC(C1(CO)O)=C)O)=O	G6	Formose
C(C1(COC(C1O)(CC)O)O)=O	G6	Formose
C(C1(COC(CC1CO)O)O)=O	G6	Formose
C(C1C(C(C(C(C)O)O1)O)O)=O	G6	Formose
C(C1C(C(C(C(C)O1)O)O)O)=O	G6	Formose
C(C1C(C(C(C)(O1)O)O)N)=O	G3	GlucoseAmm
C(C1C(C(C(C1C)O)O)O)=O	G6	Formose
C(C1C(C(C(C1N)N)O)O)=O	G4	GlucoseAmm
C(C1C(C(C(C1N)O)N)O)=O	G4	GlucoseAmm
C(C1C(C(C(C1N)O)O)N)=O	G4	GlucoseAmm
C(C1C(C(C(C1N)O)O)O)=O	G3	GlucoseAmm
C(C1C(C(C(C1N)O)O)O)N	G4	GlucoseAmm
C(C1C(C(C(C1O)=C)O)O)=O	G6	Formose
C(C1C(C(C(C1O)N)O)O)N	G4	GlucoseAmm
C(C1C(C(C(C1O)O)O)O)N	G4	GlucoseAmm
C(C1C(C(C(C1O)O)O)O)O	G5	Formose
C(C1C(C(C(C=1)=O)O)O)(CO)=O	G6	Formose
C(C1C(C(C(C=1CO)=O)O)O)=O	G6	Formose
C(C1C(C(C(CC1O)O)O)O)O	G6	Formose
C(C1C(C(C(CCO)O1)O)O)=O	G6	Formose
C(C1C(C(C(CN)(O1)O)O)O)=O	G4	GlucoseAmm
C(C1C(C(C(CN)N1)N)O)=O	G4	FormoseAmm
C(C1C(C(C(CN)N1)O)O)=O	G4	FormoseAmm
C(C1C(C(C(CN)N1)O)O)O	G4	FormoseAmm
C(C1C(C(C(CN)O1)O)O)O	G4	GlucoseAmm
C(C1C(C(C(CN1)=O)O)O)=O	G4	GlucoseAmm
C(C1C(C(C(CN1)O)N)O)=O	G4	FormoseAmm
C(C1C(C(C(CN1)O)O)N)=O	G4	FormoseAmm
C(C1C(C(C(CN1)O)O)O)=O	G4	FormoseAmm
C(C1C(C(C(CO)C1O)O)O)O	G6	Formose
C(C1C(C(C(CO)N1)N)O)=O	G4	FormoseAmm
C(C1C(C(C(CO)N1)O)N)=O	G4	FormoseAmm
C(C1C(C(C(CO)N1)O)O)O	G4	FormoseAmm
C(C1C(C(C(CO)O1)O)N)=O	G4	GlucoseAmm
C(C1C(C(C(CO)O1)O)O)O	G6	Formose
C(C1C(C(C(CO1)O)N)O)=O	G4	GlucoseAmm
C(C1C(C(C(CO1)O)O)N)=O	G4	GlucoseAmm
C(C1C(C(C(O)O1)=CCO)O)=O	G6	Formose
C(C1C(C(C(O1)O)=C)(CO)O)=O	G6	Formose
C(C1C(C(C(O1)O)O)=CCO)=O	G6	Formose
C(C1C(C(C)(C(O1)O)O)O)=O	G5	Formose
C(C1C(C(C)O)OC(C1O)O)=O	G6	Formose
C(C1C(C(C=C)(C(O1)O)O)O)=O	G6	Formose
C(C1C(C(C=CC1O)O)O)=O	G6	Formose
C(C1C(C(CC1CO)O)O)=O	G6	Formose
C(C1C(C(CC1O)O)O)O	G5	Formose
C(C1C(C(CN1)N)O)=O	G4	FormoseAmm
C(C1C(C(CN1)O)NC)=O	G4	FormoseAmm
C(C1C(C(CN1)O)O)O	G4	FormoseAmm
C(C1C(C(CO)CC1O)O)=O	G6	Formose
C(C1C(C(CO1)O)(C(C)O)O)=O	G6	Formose
C(C1C(C(CO1)O)O)(C(C)O)=O	G6	Formose
C(C1C(C(CO1)O)O)(CCO)=O	G6	Formose
C(C1C(C(O)OC(C)C1O)O)=O	G6	Formose
C(C1C(C(O)OCC1CO)O)=O	G6	Formose
C(C1C(C)(C(C(CO)O1)O)O)=O	G6	Formose
C(C1C(C)(C(C)(C(O1)O)O)O)=O	G6	Formose
C(C1C(C)(C(CN1)O)O)=O	G4	GlucoseAmm
C(C1C(C)OC(C(C1O)O)O)=O	G5	Formose
C(C1C(C=C(C1O)N)O)=O	G4	GlucoseAmm
C(C1C(C=C(CO)C1O)O)=O	G6	Formose
C(C1C(C=C)(C(C(O1)O)O)O)=O	G6	Formose
C(C1C(CC(C(C1O)=O)O)O)=O	G5	Formose
C(C1C(CC(C1CO)O)O)=O	G6	Formose
C(C1C(CC(CC1O)O)O)=O	G5	Formose
C(C1C(CC(CC1O)O)O)O	G6	Formose
C(C1C(CC(CN1)O)O)=O	G4	FormoseAmm
C(C1C(CCC(C1O)O)O)=O	G6	Formose
C(C1C(CCO)OC(C1O)O)=O	G5	Formose
C(C1C(CNCC1O)O)=O	G4	FormoseAmm
C(C1C(CO)(C(C(C=1)=O)O)O)=O	G6	Formose
C(C1C(CO)(C(C(O1)=C)O)O)=O	G6	Formose
C(C1C(CO)(C(CN1)N)O)=O	G4	FormoseAmm
C(C1C(CO)(C(CN1)O)O)O	G4	FormoseAmm
C(C1C(CO)(CCN1)O)=O	G4	GlucoseAmm
C(C1C(CO)(O)OCC1CO)=O	G6	Formose
C(C1C(CO)=C(CO)C(O1)O)=O	G6	Formose
C(C1C(CO)C(C(C)(O1)O)O)=O	G5	Formose
C(C1C(CO)C(C(O1)O)O)=O	G5	Formose
C(C1C(CO)C(C)(C(O1)O)O)=O	G5	Formose
C(C1C(CO)C(CN1)O)=O	G4	GlucoseAmm
C(C1C(CO)C(CO)(CO1)O)=O	G6	Formose
C(C1C(CO)C(CO)C(O1)O)=O	G6	Formose
C(C1C(CO)OC(C1CO)O)=O	G6	Formose
C(C1C(CO)OCC(C1O)O)=O	G6	Formose
C(C1C(CO)OCC1(CO)O)=O	G6	Formose
C(C1C(COC(C1CO)O)O)=O	G6	Formose
C(C1C(N)=CC(C1O)O)=O	G4	GlucoseAmm
C(C1C(O)OC(C)C(C1O)O)=O	G5	Formose
C(C1C(O)OC(C1O)C(C)O)=O	G5	Formose
C(C1C(O)OC(C1O)CCO)=O	G5	Formose
C(C1C(O)OC(CO)C1CO)=O	G6	Formose
C(C1C(O)OCC(C1CO)O)=O	G6	Formose
C(C1C(O)OCC(CO)C1O)=O	G6	Formose
C(C1C(O)OCC1(CN)O)=O	G4	FormoseAmm
C(C1C=C(C(C1O)O)N)=O	G4	GlucoseAmm
C(C1C=C(CO)C(C1O)O)=O	G6	Formose
C(C1C=CC(C(C1O)O)O)=O	G6	Formose
C(C1C=CC(C1(CO)O)O)=O	G6	Formose
C(C1C=CC(CO)(C1O)O)=O	G6	Formose
C(C1CC(C(C)(C1O)O)O)=O	G6	Formose
C(C1CC(C(C1(C)O)O)O)=O	G6	Formose
C(C1CC(C(C1(CO)O)O)O)=O	G6	Formose
C(C1CC(C(CC1O)O)O)=O	G6	Formose
C(C1CC(C(CO)(C1O)O)O)=O	G6	Formose
C(C1CC(C(CO)C1O)O)=O	G6	Formose
C(C1CC(C)(C(C1O)O)O)=O	G6	Formose
C(C1CC(CC(C1O)O)O)=O	G6	Formose
C(C1CC(CC1(CO)O)O)=O	G6	Formose
C(C1CC(CO)(CC1O)O)=O	G6	Formose
C(C1CC(CO)C(C1O)O)=O	G6	Formose
C(C1CC(O)OCC1(CO)O)=O	G5	Formose
C(C1CC2(C(C1(CO2)O)O)O)=O	G6	Formose
C(C1CC2(COC1(C2O)O)O)=O	G5	Glucose
C(C1CCC(C(C1O)O)O)=O	G6	Formose
C(C1CCC(C1(CO)O)O)=O	G6	Formose
C(C1COC(C(C)(C1O)O)O)=O	G6	Formose
C(C1COC(C(C1CO)O)O)=O	G6	Formose
C(C1COC(C(C1O)O)O)=O	G5	Formose
C(C1COC(C(CO)C1O)O)=O	G5	Formose
C(C1COC(C1(CCO)O)O)=O	G5	Formose
C(C1COC(C1C(CO)O)O)=O	G6	Formose
C(C1COC(CC1(CO)O)O)=O	G5	Formose
C(C1COC(CO)(C1CO)O)=O	G6	Formose
C(CC(C(C(C(C)N)=O)O)O)=O	G4	GlucoseAmm
C(CC(C(C(C(C)O)O)=O)N)=O	G4	GlucoseAmm
C(CC(C(C(C(N)=C)=O)O)O)=O	G4	GlucoseAmm
C(CC(C(C(C(N)=O)O)O)O)=O	G4	GlucoseAmm
C(CC(C(C(C)(CO)O)N)=O)=O	G4	GlucoseAmm
C(CC(C(C(C)(CO)O)N)O)=O	G4	GlucoseAmm
C(CC(C(C(C)=O)(CO)O)N)=O	G4	FormoseAmm
C(CC(C(C(C)N)O)O)=O	G4	FormoseAmm
C(CC(C(C(C)O)=O)O)(CN)=O	G4	GlucoseAmm
C(CC(C(C(C)O)O)N)=O	G4	FormoseAmm
C(CC(C(C(C=CN)O)O)=O)=O	G4	FormoseAmm
C(CC(C(C(CC=O)N)O)O)=O	G4	FormoseAmm
C(CC(C(C(CC=O)O)N)O)=O	G4	FormoseAmm
C(CC(C(C(CCN)O)O)=O)=O	G4	FormoseAmm
C(CC(C(C(CCO)=O)O)N)=O	G4	FormoseAmm
C(CC(C(C(CCO)O)O)O)O	G6	Formose
C(CC(C(C(CN)N)=O)N)=O	G4	GlucoseAmm
C(CC(C(C(CN)N)N)=O)=O	G4	GlucoseAmm
C(CC(C(C(CN)N)N)O)=O	G4	FormoseAmm
C(CC(C(C(CN)N)O)N)=O	G4	FormoseAmm
C(CC(C(C(CN)O)=O)O)=O	G3	GlucoseAmm
C(CC(C(C(CN)O)N)O)O	G4	FormoseAmm
C(CC(C(C(CN)O)O)N)O	G4	GlucoseAmm
C(CC(C(C(CN)O)O)O)O	G4	FormoseAmm
C(CC(C(C(CO)(C)O)=O)N)=O	G4	GlucoseAmm
C(CC(C(C(CO)=C)O)O)=O	G6	Formose
C(CC(C(C(CO)=O)CO)N)=O	G4	FormoseAmm
C(CC(C(C(CO)CN)=O)O)=O	G4	GlucoseAmm
C(CC(C(C(CO)CN)O)=O)=O	G4	GlucoseAmm
C(CC(C(C(CO)CO)O)=O)=O	G5	Formose
C(CC(C(C(CO)CO)O)O)=O	G5	Formose
C(CC(C(C(CO)N)=O)N)=O	G3	GlucoseAmm
C(CC(C(C(CO)N)N)=O)=O	G3	GlucoseAmm
C(CC(C(C(CO)N)N)N)=O	G4	FormoseAmm
C(CC(C(C(CO)N)N)O)=O	G4	FormoseAmm
C(CC(C(C(CO)N)O)O)O	G4	FormoseAmm
C(CC(C(C(CO)O)=C)O)=O	G6	Formose
C(CC(C(C(CO)O)O)=C)=O	G6	Formose
C(CC(C(C(CO)O)O)N)(N)=O	G4	GlucoseAmm
C(CC(C(C(CO)O)O)O)(N)=O	G3	GlucoseAmm
C(CC(C(C)(C(C=O)O)O)N)=O	G4	FormoseAmm
C(CC(C(C)(CCO)O)O)=O	G5	Formose
C(CC(C(C)=O)N)(C(CO)O)=O	G4	GlucoseAmm
C(CC(C(C)=O)O)(C(CO)N)=O	G4	GlucoseAmm
C(CC(C(C)O)O)(CCO)=O	G6	Formose
C(CC(C(CC(C)O)O)=O)(O)=O	G6	Formose
C(CC(C(CC(C)O)O)O)=O	G6	Formose
C(CC(C(CC(C=O)O)N)O)=O	G4	GlucoseAmm
C(CC(C(CC(C=O)O)O)N)=O	G4	FormoseAmm
C(CC(C(CC(N)=O)O)O)=O	G4	GlucoseAmm
C(CC(C(CCCO)O)O)=O	G6	Formose
C(CC(C(CCO)=O)N)(CO)=O	G4	GlucoseAmm
C(CC(C(CCO)O)O)O	G5	Formose
C(CC(C(CN)(C(C)O)O)O)=O	G4	FormoseAmm
C(CC(C(CN)(CC=O)O)O)=O	G4	FormoseAmm
C(CC(C(CN)(CN)O)N)=O	G4	FormoseAmm
C(CC(C(CN)(CN)O)O)=O	G4	FormoseAmm
C(CC(C(CN)C(C=O)O)O)=O	G4	FormoseAmm
C(CC(C(CN)N)N)=O	G4	FormoseAmm
C(CC(C(CN)O)N)=O	G4	FormoseAmm
C(CC(C(CN)O)NC)=O	G4	FormoseAmm
C(CC(C(CN)O)O)O	G4	FormoseAmm
C(CC(C(CO)(C(C)O)N)O)=O	G4	FormoseAmm
C(CC(C(CO)(C)O)=O)(O)=O	G6	Formose
C(CC(C(CO)(CC=O)O)N)=O	G4	FormoseAmm
C(CC(C(CO)(CCN)O)=O)=O	G4	GlucoseAmm
C(CC(C(CO)(CCO)O)O)=O	G5	Formose
C(CC(C(CO)(CN)N)N)=O	G4	FormoseAmm
C(CC(C(CO)(CN)N)O)=O	G4	FormoseAmm
C(CC(C(CO)(CN)O)N)=O	G4	FormoseAmm
C(CC(C(CO)(CN)O)O)=O	G4	FormoseAmm
C(CC(C(CO)(CO)CO)=O)=O	G5	Formose
C(CC(C(CO)(CO)CO)O)=O	G6	Formose
C(CC(C(CO)(CO)N)N)=O	G4	FormoseAmm
C(CC(C(CO)(CO)N)O)=O	G4	FormoseAmm
C(CC(C(CO)(CO)O)=C)=O	G6	Formose
C(CC(C(CO)(CO)O)N)=O	G4	FormoseAmm
C(CC(C(CO)=C)(CO)O)=O	G6	Formose
C(CC(C(CO)C(C=O)N)O)=O	G4	FormoseAmm
C(CC(C(CO)C(C=O)O)N)=O	G4	FormoseAmm
C(CC(C(CO)C(CN)O)=O)=O	G4	FormoseAmm
C(CC(C(CO)CCO)O)=O	G6	Formose
C(CC(C(CO)N)N)=O	G4	FormoseAmm
C(CC(C(CO)N)NC)=O	G4	FormoseAmm
C(CC(C(CO)N)O)O	G4	FormoseAmm
C(CC(C(CO)O)(C(C)O)O)=O	G5	Formose
C(CC(C(CO)O)(CC=O)O)=O	G4	Formose
C(CC(C(CO)O)N)=O	G4	FormoseAmm
C(CC(C(CO)O)NC)=O	G4	FormoseAmm
C(CC(C(CO)O)O)(CCO)=O	G5	Formose
C(CC(C(N)=O)O)(C(CO)O)=O	G4	GlucoseAmm
C(CC(C)(C(C(CN)=O)O)O)=O	G4	GlucoseAmm
C(CC(C)(C(C(CO)=O)N)O)=O	G4	GlucoseAmm
C(CC(C)(C(C(CO)O)O)O)=O	G5	Formose
C(CC(C)(C(C)(CO)O)O)=O	G6	Formose
C(CC(C)(C(CCO)O)O)=O	G5	Formose
C(CC(C)(C(CN)O)O)=O	G4	GlucoseAmm
C(CC(C)(C(CO)(CO)O)O)=O	G5	Formose
C(CC(C)(C(CO)CO)O)=O	G6	Formose
C(CC(C)(C(CO)O)O)=O	G4	Formose
C(CC(C)(CC(CO)=O)O)(O)=O	G5	Formose
C(CC(C)(CC(O)=O)O)(O)=O	G6	Formose
C(CC(C)(CCO)O)(O)=O	G6	Formose
C(CC(C)(CO)O)(CCO)=O	G6	Formose
C(CC(C)C(C(CO)O)O)=O	G5	Formose
C(CC(C)C(CO)(CO)O)=O	G5	Formose
C(CC(C)O)(C(C(CN)=O)O)=O	G4	GlucoseAmm
C(CC(C)O)(C(CO)(C)O)=O	G6	Formose
C(CC(C)O)(C(CO)CO)=O	G6	Formose
C(CC(C1C(C(CO1)O)O)O)=O	G6	Formose
C(CC(C1C(O)OCC1O)O)=O	G5	Formose
C(CC(C=C)(C(CO)O)O)=O	G6	Formose
C(CC(C=C)(CO)O)(CO)=O	G5	Formose
C(CC(C=CN)O)(C(CO)O)=O	G4	FormoseAmm
C(CC(C=O)(C(C=CN)O)O)=O	G4	FormoseAmm
C(CC(C=O)N)(C(CN)N)=O	G4	GlucoseAmm
C(CC(C=O)O)(C(C(C)N)O)=O	G4	GlucoseAmm
C(CC(C=O)O)(C(C(C)O)N)=O	G4	GlucoseAmm
C(CC(C=O)O)(C(CCO)O)=O	G5	Formose
C(CC(C=O)O)(C(CN)N)=O	G3	GlucoseAmm
C(CC(C=O)O)(C(CO)CN)=O	G4	GlucoseAmm
C(CC(CC(C(C)O)=O)O)(O)=O	G6	Formose
C(CC(CC(C(C=O)N)O)O)=O	G4	FormoseAmm
C(CC(CC(C(C=O)O)O)N)=O	G4	FormoseAmm
C(CC(CC(C(CN)O)O)O)=O	G4	FormoseAmm
C(CC(CC(C(CO)=O)N)O)=O	G4	GlucoseAmm
C(CC(CC(C(CO)N)=O)O)=O	G4	GlucoseAmm
C(CC(CC(C(CO)N)O)O)=O	G4	FormoseAmm
C(CC(CC(C(CO)O)=O)N)=O	G4	FormoseAmm
C(CC(CC(CCO)O)O)O	G6	Formose
C(CC(CC(CO)(CN)O)O)=O	G4	FormoseAmm
C(CC(CC(CO)CO)O)=O	G6	Formose
C(CC(CC(CO)N)O)=O	G4	FormoseAmm
C(CC(CCC(CO)O)O)=O	G6	Formose
C(CC(CCCCO)O)O	G6	Formose
C(CC(CCO)(C(C)O)O)=O	G6	Formose
C(CC(CCO)(C(CO)O)O)=O	G5	Formose
C(CC(CCO)(CCO)O)=O	G6	Formose
C(CC(CCO)O)(CCO)=O	G6	Formose
C(CC(CCO)O)(OCCO)=O	G6	Formose
C(CC(CCO)O)O	G5	Formose
C(CC(CN)(C(C)(CO)O)O)=O	G4	GlucoseAmm
C(CC(CN)(CC(CO)=O)O)=O	G4	GlucoseAmm
C(CC(CN)NCCN)=O	G4	FormoseAmm
C(CC(CN)NCCO)=O	G4	FormoseAmm
C(CC(CN)O)O	G4	FormoseAmm
C(CC(CNCCN)O)=O	G4	FormoseAmm
C(CC(CNCCO)N)=O	G4	FormoseAmm
C(CC(CNCCO)O)=O	G4	FormoseAmm
C(CC(CO)(C(C(C)O)O)O)=O	G4	Formose
C(CC(CO)(C(C)(CO)O)O)=O	G5	Formose
C(CC(CO)(C(C=C)O)O)=O	G5	Formose
C(CC(CO)(C(CCO)O)O)=O	G5	Formose
C(CC(CO)(C(CO)CO)O)=O	G5	Formose
C(CC(CO)(C(CO)N)O)=O	G4	FormoseAmm
C(CC(CO)(CC(C)=O)O)(O)=O	G6	Formose
C(CC(CO)(CC(C)O)O)(O)=O	G6	Formose
C(CC(CO)(CC(C)O)O)=O	G5	Formose
C(CC(CO)(CC(C=O)O)O)=O	G4	Formose
C(CC(CO)(CC(CO)=O)O)=O	G4	Formose
C(CC(CO)(CC(CO)O)O)=O	G5	Formose
C(CC(CO)(CCCO)O)=O	G6	Formose
C(CC(CO)(CCN)O)=O	G4	FormoseAmm
C(CC(CO)(CN)O)=O	G3	FormoseAmm
C(CC(CO)(CO)C(C)O)=O	G5	Formose
C(CC(CO)(CO)C(C=O)O)=O	G5	Formose
C(CC(CO)(CO)C(CO)O)=O	G5	Formose
C(CC(CO)(CO)CCO)=O	G5	Formose
C(CC(CO)(CO)CO)=O	G5	Formose
C(CC(CO)(CO)O)(CCO)=O	G6	Formose
C(CC(CO)C(C(C)O)O)=O	G6	Formose
C(CC(CO)C(C(CO)O)O)=O	G5	Formose
C(CC(CO)C(C)(CO)O)=O	G6	Formose
C(CC(CO)C(CCO)O)=O	G5	Formose
C(CC(CO)C(CO)(CO)O)=O	G5	Formose
C(CC(CO)C(CO)CO)=O	G5	Formose
C(CC(CO)C(CO)O)=O	G5	Formose
C(CC(CO)CC(CO)O)=O	G6	Formose
C(CC(CO)CO)(CCO)=O	G6	Formose
C(CC(CO)N)(C(C(C)=O)O)=O	G4	GlucoseAmm
C(CC(CO)N)(CC(CO)=O)=O	G4	GlucoseAmm
C(CC(CO)NCCN)=O	G4	FormoseAmm
C(CC(CO)NCCO)=O	G4	FormoseAmm
C(CC(CO)O)(C(C(N)=O)O)=O	G4	GlucoseAmm
C(CC(CO)O)(C(C=C)O)=O	G6	Formose
C(CC(CO)O)(C(CO)(C)O)=O	G6	Formose
C(CC(CO)O)(C(CO)CO)=O	G6	Formose
C(CC(CO)O)(CC(C)O)=O	G6	Formose
C(CC(CO)O)(CC(CO)O)=O	G6	Formose
C(CC(CO)O)(CC(N)=O)=O	G4	GlucoseAmm
C(CC(CO)O)(CCN)=O	G4	GlucoseAmm
C(CC(CO)O)(CCO)=O	G5	Formose
C(CC)(C(CO)(C(CO)O)O)=O	G6	Formose
C(CC)(C(CO)(CCO)O)=O	G6	Formose
C(CC)(C1(COC(C1O)O)O)=O	G6	Formose
C(CC1(C(C(CO1)CO)O)O)=O	G6	Formose
C(CC1(C(C)(C(CO1)O)O)O)=O	G6	Formose
C(CC1(C(CO)C(CO1)O)O)=O	G5	Formose
C(CC1(C(O)OCC1CO)O)=O	G5	Formose
C(CC1(COC(C1CO)O)O)=O	G5	Formose
C(CC1(COC(CO)C1O)O)=O	G5	Formose
C(CC1C(C(C(CO)O1)O)O)=O	G6	Formose
C(CC1C(C(C(O)O1)CO)O)=O	G5	Formose
C(CC1C(C(CN1)O)N)=O	G4	FormoseAmm
C(CC1C(C(CN1)O)O)=O	G4	FormoseAmm
C(CC1C(CO)C(C(O)O1)O)=O	G5	Formose
C(CC1C(O)OCC1(CO)O)=O	G5	Formose
C(CC1COC(C1(CO)O)O)=O	G6	Formose
C(CCC(C(C(C)O)O)O)=O	G5	Formose
C(CCC(C(C(CO)O)O)O)=O	G5	Formose
C(CCC(C(C)(CO)O)O)=O	G6	Formose
C(CCC(C(CCO)O)O)=O	G5	Formose
C(CCC(C(CCO)O)O)O	G6	Formose
C(CCC(C(CO)(CO)O)O)=O	G5	Formose
C(CCC(C(CO)CO)O)=O	G6	Formose
C(CCC(C(CO)N)=O)(CO)=O	G4	GlucoseAmm
C(CCC(C(CO)O)=O)(CN)=O	G4	GlucoseAmm
C(CCC(C(CO)O)O)=O	G5	Formose
C(CCC(C)(C(CO)O)O)=O	G5	Formose
C(CCC(C)(CO)O)(O)=O	G6	Formose
C(CCC(CC(CO)O)O)=O	G5	Formose
C(CCC(CCO)O)O	G6	Formose
C(CCC(CO)(C(C)O)O)=O	G5	Formose
C(CCC(CO)(C(CO)O)O)=O	G5	Formose
C(CCC(CO)(CCO)O)=O	G5	Formose
C(CCC(CO)(CO)CO)=O	G6	Formose
C(CCC(CO)(CO)O)=O	G5	Formose
C(CCC(CO)C(CO)O)=O	G5	Formose
C(CCC(CO)O)O	G6	Formose
C(CCC(N)=O)(C(CO)O)=O	G4	GlucoseAmm
C(CCC)(C(CO)(CO)O)=O	G6	Formose
C(CCC1(C(C(CO1)O)O)O)=O	G5	Formose
C(CCC1(C(O)OCC1O)O)=O	G5	Formose
C(CCC1(COC(C1O)O)O)=O	G5	Formose
C(CCCC(C(CO)O)O)=O	G5	Formose
C(CCCO)(C(CO)CO)=O	G6	Formose
C(CCN)(C(C(C)=O)(CO)O)=O	G4	GlucoseAmm
C(CCN)(C(C(CN)=O)N)=O	G4	GlucoseAmm
C(CCN)(C(C(CO)=O)CO)=O	G4	GlucoseAmm
C(CCN)(C(C(N)=C)O)=O	G4	GlucoseAmm
C(CCN)(CC(C(CO)O)=O)=O	G4	GlucoseAmm
C(CCNC(CO)CN)=O	G4	FormoseAmm
C(CCNC(CO)CO)=O	G4	FormoseAmm
C(CCNCC(CN)O)=O	G4	FormoseAmm
C(CCNCC(CO)N)=O	G4	FormoseAmm
C(CCNCC(CO)O)=O	G4	FormoseAmm
C(CCO)(C(C(C(C)N)=O)O)=O	G4	GlucoseAmm
C(CCO)(C(C(C(N)=C)=O)O)=O	G4	GlucoseAmm
C(CCO)(C(C(CCN)=O)O)=O	G4	GlucoseAmm
C(CCO)(C(C(CN)=O)N)=O	G3	GlucoseAmm
C(CCO)(C(C(CO)=C)O)=O	G5	Formose
C(CCO)(C(C(N)=C)O)=O	G4	GlucoseAmm
C(CCO)(C(C)(C(C)O)O)=O	G6	Formose
C(CCO)(C(C)(C(CO)O)O)=O	G6	Formose
C(CCO)(C(C=C)(CO)O)=O	G6	Formose
C(CCO)(C(C=CCO)O)=O	G5	Formose
C(CCO)(C(CO)(C)O)=O	G6	Formose
C(CCO)(C(CO)(CCO)O)=O	G5	Formose
C(CCO)(C(CO)(CN)O)=O	G4	FormoseAmm
C(CCO)(C(CO)(CO)CO)=O	G6	Formose
C(CCO)(C(CO)C(C)O)=O	G6	Formose
C(CCO)(C(CO)C(CO)O)=O	G5	Formose
C(CCO)(C(CO)CCO)=O	G6	Formose
C(CCO)(C(CO)CO)=O	G5	Formose
C(CCO)(C1C(O)OCC1O)=O	G6	Formose
C(CCO)(C1COC(C1O)O)=O	G6	Formose
C(CCO)=C1C(O)OCC1O	G6	Formose
C(CN)(C(C(C(C)N)O)N)=O	G4	FormoseAmm
C(CN)(C(C(C(C=O)=C)O)O)=O	G4	GlucoseAmm
C(CN)(C(C(C(CN)=O)O)O)=O	G4	GlucoseAmm
C(CN)(C(C(C(CN)O)N)O)=O	G4	FormoseAmm
C(CN)(C(C(C(CN)O)O)N)=O	G4	FormoseAmm
C(CN)(C(C(C(CO)=C)=O)O)=O	G4	GlucoseAmm
C(CN)(C(C(C(CO)=O)=C)O)=O	G4	GlucoseAmm
C(CN)(C(C(C(CO)N)N)O)=O	G4	FormoseAmm
C(CN)(C(C(C(CO)O)N)N)=O	G3	GlucoseAmm
C(CN)(C(C(C(N)=C)O)N)=O	G4	FormoseAmm
C(CN)(C(C(C)(CO)O)N)=O	G4	GlucoseAmm
C(CN)(C(C(C)O)C(C=O)O)=O	G4	GlucoseAmm
C(CN)(C(C(C)O)NC)=O	G4	FormoseAmm
C(CN)(C(C(C=CN)O)N)=O	G4	FormoseAmm
C(CN)(C(C(C=CN)O)O)=O	G4	FormoseAmm
C(CN)(C(C(CCN)N)O)=O	G4	GlucoseAmm
C(CN)(C(C(CCO)N)N)=O	G4	GlucoseAmm
C(CN)(C(C(CCO)N)O)=O	G4	GlucoseAmm
C(CN)(C(C(CN)(C)O)N)=O	G4	FormoseAmm
C(CN)(C(C(CN)(CN)O)O)=O	G4	FormoseAmm
C(CN)(C(C(CN)NC)O)=O	G4	FormoseAmm
C(CN)(C(C(CN)O)NC)=O	G4	FormoseAmm
C(CN)(C(C(CNC)=O)O)=O	G4	FormoseAmm
C(CN)(C(C(CO)=O)C(C)O)=O	G4	GlucoseAmm
C(CN)(C(C(CO)NC)O)=O	G4	FormoseAmm
C(CN)(C(C(CO)O)NC)=O	G4	FormoseAmm
C(CN)(C(C)(C(CO)O)O)=O	G4	GlucoseAmm
C(CN)(C(CC(CN)=O)N)=O	G4	GlucoseAmm
C(CN)(C(CC(CN)N)O)=O	G4	GlucoseAmm
C(CN)(C(CC(CN)O)N)=O	G4	GlucoseAmm
C(CN)(C(CC(CN)O)O)=O	G4	GlucoseAmm
C(CN)(C(CC(CO)=O)N)=O	G3	GlucoseAmm
C(CN)(C(CC(CO)N)N)=O	G4	GlucoseAmm
C(CN)(C(CC(CO)O)N)=O	G4	GlucoseAmm
C(CN)(C(CC(CO)O)O)=O	G4	GlucoseAmm
C(CN)(C(CN)C(CO)O)=O	G4	FormoseAmm
C(CN)(C(CN)CO)=O	G4	FormoseAmm
C(CN)(C(CN)NC)=O	G4	FormoseAmm
C(CN)(C(CN)NCCO)=O	G4	FormoseAmm
C(CN)(C(CNC)N)=O	G4	FormoseAmm
C(CN)(C(CNC)O)=O	G4	FormoseAmm
C(CN)(C(CNCCO)N)=O	G4	FormoseAmm
C(CN)(C(CNCCO)O)=O	G3	FormoseAmm
C(CN)(C(CO)(C)O)=O	G4	GlucoseAmm
C(CN)(C(CO)(CCO)O)=O	G4	GlucoseAmm
C(CN)(C(CO)(CO)N)=O	G4	FormoseAmm
C(CN)(C(CO)C(C(C)=O)O)=O	G4	FormoseAmm
C(CN)(C(CO)NC)=O	G4	FormoseAmm
C(CN)(C(CO)NCCO)=O	G3	FormoseAmm
C(CN)(C1(C(C(CO1)O)O)O)=O	G4	GlucoseAmm
C(CN)(C1C(C(CN1)O)O)=O	G4	FormoseAmm
C(CN)(C1C(C(CO1)O)O)=O	G4	GlucoseAmm
C(CN)(C1C(O)OCC1O)=O	G4	FormoseAmm
C(CN)(CC(C(CCO)O)O)=O	G4	FormoseAmm
C(CN)(CC(C(CO)O)N)=O	G4	GlucoseAmm
C(CN)(CC(C=CN)O)=O	G4	FormoseAmm
C(CN)(CC(CCN)O)=O	G4	FormoseAmm
C(CN)(CC(CN)(CN)O)=O	G4	FormoseAmm
C(CN)(CC(CO)(C(C)O)O)=O	G4	GlucoseAmm
C(CN)(CCNCCN)=O	G4	FormoseAmm
C(CN)(CCNCCO)=O	G4	FormoseAmm
C(CN)NC(CN)C(CO)O	G4	FormoseAmm
C(CN)NC(CO)C(CN)O	G4	FormoseAmm
C(CN)NC(CO)C(CO)O	G4	FormoseAmm
C(CN)NC(CO)CN	G4	FormoseAmm
C(CN)NC(CO)CO	G4	FormoseAmm
C(CN)NCC(C(CN)O)O	G4	FormoseAmm
C(CN)NCC(C(CO)N)O	G4	FormoseAmm
C(CN)NCC(C(CO)O)O	G4	FormoseAmm
C(CN)NCC(CN)O	G4	FormoseAmm
C(CN)NCC(CO)(CO)O	G4	FormoseAmm
C(CN)NCC(CO)N	G4	FormoseAmm
C(CN)NCC(CO)O	G4	FormoseAmm
C(CN)NCCN	G4	FormoseAmm
C(CNC(C(C(CO)O)O)=O)=O	G4	GlucoseAmm
C(CNC(CN)C(C)O)=O	G4	FormoseAmm
C(CNC(CN)C(CN)O)=O	G4	FormoseAmm
C(CNC(CN)C(CO)N)=O	G4	FormoseAmm
C(CNC(CN)CCO)=O	G4	GlucoseAmm
C(CNC(CN)CO)(CN)=O	G4	FormoseAmm
C(CNC(CO)C(C)O)=O	G4	FormoseAmm
C(CNC(CO)C(CN)N)=O	G4	FormoseAmm
C(CNC(CO)C(CO)N)=O	G4	FormoseAmm
C(CNC(CO)C(CO)O)=O	G3	FormoseAmm
C(CNC(CO)CO)(CN)=O	G4	FormoseAmm
C(CNC(CO)CO)=O	G4	FormoseAmm
C(CNC(CO)CO)O	G4	FormoseAmm
C(CNC)(C(C(CN)O)O)=O	G4	FormoseAmm
C(CNC)(C(C(CO)=O)O)=O	G4	FormoseAmm
C(CNC)(C(C(CO)N)O)=O	G4	FormoseAmm
C(CNC)(C(C(CO)O)N)=O	G4	FormoseAmm
C(CNC)(C(C(CO)O)O)=O	G4	FormoseAmm
C(CNC)(C(CN)(CO)O)=O	G4	FormoseAmm
C(CNC)(C(CN)N)=O	G4	FormoseAmm
C(CNC)(C(CN)O)=O	G4	FormoseAmm
C(CNC)(C(CO)(CO)O)=O	G4	FormoseAmm
C(CNC)(C(CO)N)=O	G4	FormoseAmm
C(CNC)(C(CO)O)=O	G4	FormoseAmm
C(CNCC(C(CN)N)O)=O	G4	FormoseAmm
C(CNCC(C(CN)O)N)=O	G4	FormoseAmm
C(CNCC(C(CN)O)O)=O	G4	FormoseAmm
C(CNCC(C(CO)N)N)=O	G4	FormoseAmm
C(CNCC(C(CO)N)O)=O	G4	FormoseAmm
C(CNCC(C(CO)O)N)=O	G3	FormoseAmm
C(CNCC(C(CO)O)O)=O	G4	FormoseAmm
C(CNCC(CCN)O)=O	G4	FormoseAmm
C(CNCC(CCO)O)=O	G4	FormoseAmm
C(CNCC(CN)(CO)O)=O	G4	FormoseAmm
C(CNCC(CN)=O)(CN)=O	G4	FormoseAmm
C(CNCC(CN)=O)(CO)=O	G3	FormoseAmm
C(CNCC(CN)N)=O	G4	FormoseAmm
C(CNCC(CN)O)(CN)=O	G4	FormoseAmm
C(CNCC(CN)O)=O	G3	FormoseAmm
C(CNCC(CO)(CO)O)=O	G4	FormoseAmm
C(CNCC(CO)N)(CN)=O	G4	FormoseAmm
C(CNCC(CO)N)=O	G3	FormoseAmm
C(CNCC(CO)O)(CN)=O	G4	FormoseAmm
C(CNCC(CO)O)=O	G3	FormoseAmm
C(CNCC(CO)O)O	G4	FormoseAmm
C(CNCCN)(C(C)N)=O	G4	FormoseAmm
C(CNCCN)(C(C)O)=O	G4	FormoseAmm
C(CNCCN)(C(CN)O)=O	G4	FormoseAmm
C(CNCCN)(CCN)=O	G4	FormoseAmm
C(CNCCN)(CCO)=O	G4	FormoseAmm
C(CNCCN)(CN)=O	G4	FormoseAmm
C(CNCCN)(CNC)=O	G4	FormoseAmm
C(CNCCNCCN)=O	G4	FormoseAmm
C(CNCCO)(C(C)N)=O	G4	FormoseAmm
C(CNCCO)(C(C)O)=O	G4	FormoseAmm
C(CNCCO)(C(CN)N)=O	G4	FormoseAmm
C(CNCCO)(C(CN)O)=O	G3	FormoseAmm
C(CNCCO)(C(CO)N)=O	G3	FormoseAmm
C(CNCCO)(C(CO)O)=O	G3	FormoseAmm
C(CNCCO)(CCN)=O	G4	FormoseAmm
C(CNCCO)(CCO)=O	G4	FormoseAmm
C(CNCCO)(CN)=O	G3	FormoseAmm
C(CNCCO)(CNC)=O	G4	FormoseAmm
C(CNCCO)O	G4	FormoseAmm
C(CO)(C(C(C(C)O)=C)O)=O	G6	Formose
C(CO)(C(C(C(CC)O)O)O)=O	G6	Formose
C(CO)(C(C(C(CN)=O)O)N)=O	G4	GlucoseAmm
C(CO)(C(C(C(CN)=O)O)O)=O	G4	GlucoseAmm
C(CO)(C(C(C(CN)O)N)O)=O	G4	FormoseAmm
C(CO)(C(C(C(CO)=O)O)N)=O	G4	GlucoseAmm
C(CO)(C(C(C(CO)N)N)O)=O	G4	FormoseAmm
C(CO)(C(C(C(CO)O)=C)O)=O	G5	Formose
C(CO)(C(C(C)(C(C)O)O)O)=O	G6	Formose
C(CO)(C(C(C)(CCO)O)O)=O	G6	Formose
C(CO)(C(C(C)CCO)O)=O	G6	Formose
C(CO)(C(C(C)N)C(C=O)O)=O	G4	GlucoseAmm
C(CO)(C(C(C)O)C(CN)O)=O	G4	GlucoseAmm
C(CO)(C(C(C)O)NC)=O	G4	FormoseAmm
C(CO)(C(C(C=CC)O)O)=O	G5	Formose
C(CO)(C(C(C=CC=O)O)O)=O	G4	Formose
C(CO)(C(C(C=CCO)O)O)=O	G5	Formose
C(CO)(C(C(C=CN)O)N)=O	G4	FormoseAmm
C(CO)(C(C(C=CN)O)O)=O	G4	FormoseAmm
C(CO)(C(C(CC)O)O)=O	G6	Formose
C(CO)(C(C(CC=C)O)O)=O	G5	Formose
C(CO)(C(C(CCCO)O)O)=O	G6	Formose
C(CO)(C(C(CCN)N)N)=O	G4	GlucoseAmm
C(CO)(C(C(CCN)N)O)=O	G4	GlucoseAmm
C(CO)(C(C(CCO)N)N)=O	G4	GlucoseAmm
C(CO)(C(C(CCO)N)O)=O	G4	GlucoseAmm
C(CO)(C(C(CN)(CN)O)O)=O	G4	FormoseAmm
C(CO)(C(C(CN)NC)N)=O	G4	FormoseAmm
C(CO)(C(C(CN)NC)O)=O	G4	FormoseAmm
C(CO)(C(C(CN)O)NC)=O	G4	FormoseAmm
C(CO)(C(C(CNC)=O)N)=O	G4	FormoseAmm
C(CO)(C(C(CO)(C)O)N)=O	G3	GlucoseAmm
C(CO)(C(C(CO)(CC)O)O)=O	G6	Formose
C(CO)(C(C(CO)(CO)O)N)=O	G3	FormoseAmm
C(CO)(C(C(CO)=C)(C)O)=O	G6	Formose
C(CO)(C(C(CO)=C)(CO)O)=O	G5	Formose
C(CO)(C(C(CO)=C)CO)=O	G5	Formose
C(CO)(C(C(CO)=C)O)=O	G5	Formose
C(CO)(C(C(CO)=O)(C=C)O)=O	G6	Formose
C(CO)(C(C(CO)=O)(CC)O)=O	G6	Formose
C(CO)(C(C(CO)=O)CCO)=O	G6	Formose
C(CO)(C(C(CO)C(C)O)O)=O	G5	Formose
C(CO)(C(C(CO)C)O)=O	G6	Formose
C(CO)(C(C(CO)CCO)O)=O	G6	Formose
C(CO)(C(C(CO)CO)O)=O	G5	Formose
C(CO)(C(C(CO)N)NC)=O	G4	FormoseAmm
C(CO)(C(C(CO)NC)N)=O	G4	FormoseAmm
C(CO)(C(C(CO)NC)O)=O	G4	FormoseAmm
C(CO)(C(C(CO)O)(CC)O)=O	G6	Formose
C(CO)(C(C(CO)O)CC)=O	G6	Formose
C(CO)(C(C(CO)O)NC)=O	G4	FormoseAmm
C(CO)(C(C)(C(C(C)N)O)O)=O	G4	GlucoseAmm
C(CO)(C(C)(C(C(N)=C)O)O)=O	G4	GlucoseAmm
C(CO)(C(C)(C(C)(CN)O)O)=O	G4	GlucoseAmm
C(CO)(C(C)(C(CC)O)O)=O	G6	Formose
C(CO)(C(C)(C(CN)O)N)=O	G4	GlucoseAmm
C(CO)(C(C)(C(CN)O)O)=O	G4	GlucoseAmm
C(CO)(C(C)(C(CO)CO)O)=O	G5	Formose
C(CO)(C(C)(CC(CO)O)O)=O	G6	Formose
C(CO)(C(C)(CCCO)O)=O	G6	Formose
C(CO)(C(C)(CCO)O)=O	G5	Formose
C(CO)(C(C)C(C(C)O)O)=O	G6	Formose
C(CO)(C(C)C(C(CN)=O)O)=O	G4	GlucoseAmm
C(CO)(C(C)C(C(CO)=O)N)=O	G4	GlucoseAmm
C(CO)(C(C)C(C(CO)O)O)=O	G6	Formose
C(CO)(C(C)C(CCO)O)=O	G6	Formose
C(CO)(C(C)C(CO)(C)O)=O	G6	Formose
C(CO)(C(C)C(CO)(CO)O)=O	G6	Formose
C(CO)(C(C)C(CO)CO)=O	G6	Formose
C(CO)(C(C)C(CO)O)=O	G6	Formose
C(CO)(C(C1C(O)OCC=1)O)=O	G5	Formose
C(CO)(C(C=C)(CO)CO)=O	G6	Formose
C(CO)(C(C=C)C(CO)O)=O	G6	Formose
C(CO)(C(C=CC=O)(CO)O)=O	G4	Formose
C(CO)(C(C=CCO)(CO)O)=O	G5	Formose
C(CO)(C(C=CCO)CO)=O	G5	Formose
C(CO)(C(C=CCO)O)=O	G5	Formose
C(CO)(C(CC(C)O)N)=O	G4	GlucoseAmm
C(CO)(C(CC(CCO)O)O)=O	G5	Formose
C(CO)(C(CC(CN)N)N)=O	G4	GlucoseAmm
C(CO)(C(CC(CN)N)O)=O	G4	GlucoseAmm
C(CO)(C(CC(CN)O)N)=O	G4	GlucoseAmm
C(CO)(C(CC(CN)O)O)=O	G4	GlucoseAmm
C(CO)(C(CC(CO)N)N)=O	G4	GlucoseAmm
C(CO)(C(CC(CO)O)N)=O	G3	GlucoseAmm
C(CO)(C(CCCCO)O)=O	G6	Formose
C(CO)(C(CCCO)O)=O	G6	Formose
C(CO)(C(CCN)N)=O	G4	GlucoseAmm
C(CO)(C(CCN)O)=O	G4	GlucoseAmm
C(CO)(C(CCO)(CCO)O)=O	G6	Formose
C(CO)(C(CCO)CCO)=O	G6	Formose
C(CO)(C(CN)C(CO)(C)O)=O	G4	GlucoseAmm
C(CO)(C(CN)CC(CO)=O)=O	G4	GlucoseAmm
C(CO)(C(CN)NC)=O	G4	FormoseAmm
C(CO)(C(CN)NCCO)=O	G3	FormoseAmm
C(CO)(C(CNC)N)=O	G4	FormoseAmm
C(CO)(C(CNC)O)=O	G4	FormoseAmm
C(CO)(C(CNCCN)N)=O	G4	FormoseAmm
C(CO)(C(CNCCO)N)=O	G4	FormoseAmm
C(CO)(C(CNCCO)O)=O	G3	FormoseAmm
C(CO)(C(CO)(C(C)O)N)=O	G4	FormoseAmm
C(CO)(C(CO)(C(C=O)O)N)=O	G4	FormoseAmm
C(CO)(C(CO)(C(CC)O)O)=O	G6	Formose
C(CO)(C(CO)(C(CO)C)O)=O	G6	Formose
C(CO)(C(CO)(C(CO)O)N)=O	G4	FormoseAmm
C(CO)(C(CO)(CC)O)=O	G6	Formose
C(CO)(C(CO)(CCCO)O)=O	G6	Formose
C(CO)(C(CO)(CN)N)=O	G4	FormoseAmm
C(CO)(C(CO)(CO)CCO)=O	G6	Formose
C(CO)(C(CO)(CO)N)=O	G4	FormoseAmm
C(CO)(C(CO)C(C(C)=O)N)=O	G4	GlucoseAmm
C(CO)(C(CO)C(C)N)=O	G4	GlucoseAmm
C(CO)(C(CO)C(C=CN)O)=O	G4	FormoseAmm
C(CO)(C(CO)C(CC)O)=O	G6	Formose
C(CO)(C(CO)C(CCN)O)=O	G4	FormoseAmm
C(CO)(C(CO)C(CN)N)=O	G4	GlucoseAmm
C(CO)(C(CO)C(CO)C)=O	G6	Formose
C(CO)(C(CO)C(CO)CO)=O	G6	Formose
C(CO)(C(CO)C(CO)N)=O	G4	GlucoseAmm
C(CO)(C(CO)CC(CN)=O)=O	G4	GlucoseAmm
C(CO)(C(CO)CC(CO)O)=O	G6	Formose
C(CO)(C(CO)NC)=O	G4	FormoseAmm
C(CO)(C(CO)NCCO)=O	G3	FormoseAmm
C(CO)(C1(C(C(CO1)O)=C)O)=O	G5	Glucose
C(CO)(C1(C(CCC1)O)O)=O	G6	Formose
C(CO)(C1(C(CCC1O)O)O)=O	G6	Formose
C(CO)(C1(C=CC(C1O)=O)O)=O	G6	Formose
C(CO)(C1(CNCC1O)N)=O	G4	FormoseAmm
C(CO)(C1C(C(CN1)=O)O)=O	G4	GlucoseAmm
C(CO)(C1C(C(CN1)N)N)=O	G4	GlucoseAmm
C(CO)(C1C(CCC1O)O)=O	G6	Formose
C(CO)(C1C(O)OCC1CO)=O	G6	Formose
C(CO)(C1CC(CN1)O)=O	G4	GlucoseAmm
C(CO)(C1CNCC1O)=O	G4	GlucoseAmm
C(CO)(C1CNCCN1)=O	G4	FormoseAmm
C(CO)(C1COC(C1CO)O)=O	G6	Formose
C(CO)(CC(C(C(C)N)O)O)=O	G4	FormoseAmm
C(CO)(CC(C(C(N)=C)=O)O)=O	G4	GlucoseAmm
C(CO)(CC(C(C(N)=O)O)O)=O	G4	GlucoseAmm
C(CO)(CC(C(CC)O)O)=O	G6	Formose
C(CO)(CC(C(CN)O)N)=O	G4	GlucoseAmm
C(CO)(CC(C(CO)=C)O)=O	G6	Formose
C(CO)(CC(C(CO)O)=C)=O	G5	Formose
C(CO)(CC(C(CO)O)N)=O	G3	GlucoseAmm
C(CO)(CC(C)(C(CO)O)O)=O	G4	Formose
C(CO)(CC(C)(CCO)O)=O	G6	Formose
C(CO)(CC(C=CCO)O)=O	G5	Formose
C(CO)(CC(C=CN)O)=O	G4	FormoseAmm
C(CO)(CC(CC(CO)=O)N)=O	G4	GlucoseAmm
C(CO)(CC(CC(CO)N)O)=O	G4	FormoseAmm
C(CO)(CC(CC(N)=O)O)=O	G4	GlucoseAmm
C(CO)(CC(CCCO)O)=O	G6	Formose
C(CO)(CC(CN)(C(C)O)O)=O	G4	GlucoseAmm
C(CO)(CC(CO)(C(C)O)O)=O	G5	Formose
C(CO)(CC(CO)(CCO)O)=O	G4	Formose
C(CO)(CC(CO)(CN)O)=O	G4	FormoseAmm
C(CO)(CC(CO)(CO)CO)=O	G6	Formose
C(CO)(CC(CO)C(C)O)=O	G6	Formose
C(CO)(CC(CO)C(CO)O)=O	G6	Formose
C(CO)(CC(CO)CCO)=O	G6	Formose
C(CO)(CC(CO)CO)=O	G6	Formose
C(CO)(CC1C(O)OCC1O)=O	G6	Formose
C(CO)(CC1COC(C1O)O)=O	G6	Formose
C(CO)(CCC(C(C)O)O)=O	G6	Formose
C(CO)(CCC(C(CO)=O)N)=O	G4	GlucoseAmm
C(CO)(CCC(C(CO)O)O)=O	G5	Formose
C(CO)(CCC(CCO)O)=O	G5	Formose
C(CO)(CCC(CO)(C)O)=O	G6	Formose
C(CO)(CCC(CO)(CO)O)=O	G5	Formose
C(CO)(CCC(CO)CO)=O	G5	Formose
C(CO)(CCC(CO)O)=O	G5	Formose
C(CO)(CCCC(CO)O)=O	G6	Formose
C(CO)(CCNCCO)=O	G4	FormoseAmm
C(CO)(CNC(CO)CO)=O	G4	FormoseAmm
C(CO)(CNCC(CN)N)=O	G4	FormoseAmm
C(CO)(CNCC(CN)O)=O	G4	FormoseAmm
C(CO)(CNCC(CO)=O)=O	G3	FormoseAmm
C(CO)(CNCC(CO)N)=O	G4	FormoseAmm
C(CO)(CNCC(CO)O)=O	G4	FormoseAmm
C(CO)(CNCCO)=O	G3	FormoseAmm
C(CO)(CO)=C1C(OCC1O)=O	G5	Formose
C(CO)(OCC(CCO)O)=O	G6	Formose
C(CO)=C1C(C(CC1O)O)=O	G6	Formose
C(CO)=C1C(C(CO)OC1O)=O	G6	Formose
C(CO)=C1C(C(COC1O)O)=O	G6	Formose
C(CO)=C1C(C(O)OCC1O)=O	G6	Formose
C(CO)=C1C(C(OC1CO)O)=O	G6	Formose
C(CO)=C1C(O)OC(CO)C1O	G6	Formose
C(CO)=C1C(O)OCC(C1O)O	G6	Formose
C(CO)=C1C(O)OCC1(C)O	G6	Formose
C(CO)=C1C(O)OCC1(CO)O	G6	Formose
C(CO)=C1C(O)OCC1O	G6	Formose
C(CO)=C1C(OCC(C1O)O)=O	G6	Formose
C(CO)=C1C(OCC1(CO)O)=O	G6	Formose
C(CO)=C1COC(C1CO)O	G6	Formose
C(CO)=CC(C(CO)CO)=O	G6	Formose
C(CO)=CC(CC(CO)O)=O	G6	Formose
C(CO)NC(CN)C(CN)O	G4	FormoseAmm
C(CO)NC(CN)C(CO)N	G4	FormoseAmm
C(CO)NC(CN)C(CO)O	G4	FormoseAmm
C(CO)NC(CN)CN	G4	FormoseAmm
C(CO)NC(CO)C(CN)N	G4	FormoseAmm
C(CO)NC(CO)C(CN)O	G4	FormoseAmm
C(CO)NC(CO)C(CO)N	G4	FormoseAmm
C(CO)NC(CO)CN	G4	FormoseAmm
C(CO)NCC(C(CN)N)O	G4	FormoseAmm
C(CO)NCC(C(CN)O)N	G4	FormoseAmm
C(CO)NCC(C(CO)N)N	G4	FormoseAmm
C(CO)NCC(C(CO)N)O	G4	FormoseAmm
C(CO)NCC(C(CO)O)N	G4	FormoseAmm
C(CO)NCC(CN)N	G4	FormoseAmm
C(CO)NCC(CN)O	G4	FormoseAmm
C(CO)NCC(CO)N	G4	FormoseAmm
C(CO)NCCN	G4	FormoseAmm
C(N)=C1C(C(C(CO1)O)N)O	G4	GlucoseAmm
C(N)=C1C(C(C(CO1)O)O)N	G4	GlucoseAmm
C(N)=C1C(CC(C1O)O)=O	G4	GlucoseAmm
C(N)=CC(C(C(C(C)=O)=O)O)O	G4	FormoseAmm
C(N)=CC(CC(C(CO)=O)=O)O	G4	FormoseAmm
C1(C(C(C(C(C)O)(C1)O)O)=O)=O	G6	Formose
C1(C(C(C(C(C1)N)O)N)O)=O	G4	GlucoseAmm
C1(C(C(C(C(C1)N)O)O)N)=O	G4	GlucoseAmm
C1(C(C(C(C(C1)N)O)O)O)=O	G3	GlucoseAmm
C1(C(C(C(C(C1)O)O)N)N)=O	G4	GlucoseAmm
C1(C(C(C(C(C1)O)O)N)O)=O	G3	GlucoseAmm
C1(C(C(C(C(C1)O)O)O)N)=O	G3	GlucoseAmm
C1(C(C(C(C(C1C)=O)O)O)O)=O	G6	Formose
C1(C(C(C(C(C1N)O)O)O)O)=O	G4	GlucoseAmm
C1(C(C(C(C(C1O)=C)=O)O)O)=O	G6	Formose
C1(C(C(C(C(CO)O)C1)O)=O)=O	G6	Formose
C1(C(C(C(C(CO)O)O1)N)O)=O	G3	GlucoseAmm
C1(C(C(C(C(CO)O)O1)O)N)=O	G4	GlucoseAmm
C1(C(C(C(C(CO)O1)O)N)O)=O	G3	GlucoseAmm
C1(C(C(C(C(CO)O1)O)O)N)=O	G4	GlucoseAmm
C1(C(C(C(C(CO1)O)O)N)O)=O	G3	GlucoseAmm
C1(C(C(C(C(CO1)O)O)O)N)=O	G4	GlucoseAmm
C1(C(C(C(C)(C1C)O)O)O)=O	G6	Formose
C1(C(C(C(C)(C1N)N)O)O)=O	G4	GlucoseAmm
C1(C(C(C(C)(C1N)O)N)O)=O	G4	GlucoseAmm
C1(C(C(C(C)(C1N)O)O)N)=O	G4	GlucoseAmm
C1(C(C(C(C)(C1O)O)N)O)=O	G4	GlucoseAmm
C1(C(C(C(C)(C1O)O)O)=O)=O	G5	Formose
C1(C(C(C(C)(CC1O)O)O)=O)=O	G6	Formose
C1(C(C(C(C)(CO1)O)O)O)=O	G6	Formose
C1(C(C(C(C)O)C(CO)O1)O)=O	G6	Formose
C1(C(C(C(C)O)O)OCC1O)=O	G5	Formose
C1(C(C(C(C1(C)N)O)N)O)=O	G4	GlucoseAmm
C1(C(C(C(C1(C)N)O)O)N)=O	G4	GlucoseAmm
C1(C(C(C(C1(C)N)O)O)O)=O	G3	GlucoseAmm
C1(C(C(C(C1(C)O)=C)O)O)=O	G6	Formose
C1(C(C(C(C1(C)O)=O)O)O)=O	G6	Formose
C1(C(C(C(C1(C)O)O)N)O)=O	G4	GlucoseAmm
C1(C(C(C(C1(C)O)O)O)=O)=O	G4	GlucoseAmm
C1(C(C(C(C1(C)O)O)O)N)=O	G4	GlucoseAmm
C1(C(C(C(C1(C=C)O)O)O)O)=O	G6	Formose
C1(C(C(C(C1(CC)O)O)O)O)=O	G6	Formose
C1(C(C(C(C1(CO)C)=O)O)O)=O	G5	Glucose
C1(C(C(C(C1)=CN)O)O)=O	G4	GlucoseAmm
C1(C(C(C(C1)N)(CN)O)O)=O	G4	GlucoseAmm
C1(C(C(C(C1)N)(CO)O)N)=O	G4	GlucoseAmm
C1(C(C(C(C1)O)(CC)O)O)=O	G6	Formose
C1(C(C(C(C1)O)(CO)CO)O)=O	G6	Formose
C1(C(C(C(C1)O)(CO)N)O)=O	G4	FormoseAmm
C1(C(C(C(C1)O)(CO)O)N)=O	G4	GlucoseAmm
C1(C(C(C(C1)O)CN)O)=O	G4	GlucoseAmm
C1(C(C(C(C1)O)O)C(C=O)O)=O	G6	Formose
C1(C(C(C(C1)O)O)N)=O	G4	GlucoseAmm
C1(C(C(C(C1C(C)O)=O)O)O)=O	G6	Formose
C1(C(C(C(C1C(C)O)O)O)=O)=O	G6	Formose
C1(C(C(C(C1CCO)=O)O)O)=O	G6	Formose
C1(C(C(C(C1CN)N)O)O)=O	G4	GlucoseAmm
C1(C(C(C(C1CN)O)N)O)=O	G4	GlucoseAmm
C1(C(C(C(C1CN)O)O)N)=O	G4	GlucoseAmm
C1(C(C(C(C1CN)O)O)O)=O	G3	GlucoseAmm
C1(C(C(C(C1CO)N)N)O)=O	G4	GlucoseAmm
C1(C(C(C(C1CO)N)O)N)=O	G4	GlucoseAmm
C1(C(C(C(C1CO)N)O)O)=O	G3	GlucoseAmm
C1(C(C(C(C1CO)O)N)N)=O	G4	GlucoseAmm
C1(C(C(C(C1CO)O)O)N)=O	G3	GlucoseAmm
C1(C(C(C(C1N)=C)O)O)=O	G4	GlucoseAmm
C1(C(C(C(C1N)N)(C)O)O)=O	G4	GlucoseAmm
C1(C(C(C(C1N)N)CO)O)=O	G4	GlucoseAmm
C1(C(C(C(C1O)=CC)O)O)=O	G6	Formose
C1(C(C(C(C1O)=CC=O)O)O)=O	G6	Formose
C1(C(C(C(C1O)=O)O)O)=O	G6	Formose
C1(C(C(C(C1O)O)(CC)O)O)=O	G6	Formose
C1(C(C(C(C=1)=O)(C)O)O)CO	G6	Formose
C1(C(C(C(C=1)=O)CO)O)CO	G6	Formose
C1(C(C(C(C=1)=O)CO)O)N	G4	GlucoseAmm
C1(C(C(C(C=CC1O)=O)O)O)=O	G6	Formose
C1(C(C(C(CC(C)O)O1)O)O)=O	G6	Formose
C1(C(C(C(CC(C)O1)O)O)O)=O	G6	Formose
C1(C(C(C(CC)(C1)O)O)O)=O	G6	Formose
C1(C(C(C(CC1(C)O)O)O)O)=O	G6	Formose
C1(C(C(C(CC1CO)O)O)O)=O	G5	Glucose
C1(C(C(C(CC1N)N)O)O)=O	G4	GlucoseAmm
C1(C(C(C(CC1N)O)N)O)=O	G4	GlucoseAmm
C1(C(C(C(CC1N)O)O)O)=O	G3	GlucoseAmm
C1(C(C(C(CC1O)N)O)O)=O	G4	GlucoseAmm
C1(C(C(C(CCCO)O1)O)O)=O	G6	Formose
C1(C(C(C(CCN)O1)O)O)=O	G4	GlucoseAmm
C1(C(C(C(CN)(C1)O)N)O)=O	G4	GlucoseAmm
C1(C(C(C(CN)(C1)O)O)N)=O	G4	GlucoseAmm
C1(C(C(C(CN)C1)O)O)=O	G4	GlucoseAmm
C1(C(C(C(CN)C1N)O)O)=O	G4	GlucoseAmm
C1(C(C(C(CO)(C)O1)O)O)=O	G6	Formose
C1(C(C(C(CO)(C1)O)N)N)=O	G4	GlucoseAmm
C1(C(C(C(CO)(C1)O)O)=O)=O	G6	Formose
C1(C(C(C(CO)(C1)O)O)N)=O	G4	GlucoseAmm
C1(C(C(C(CO)(CO)C1)O)O)=O	G6	Formose
C1(C(C(C(CO)(CO)O1)=C)O)=O	G6	Formose
C1(C(C(C(CO)(CO1)O)=C)O)=O	G6	Formose
C1(C(C(C(CO)=CC1)O)O)=O	G6	Formose
C1(C(C(C(CO)=O)=CC1O)O)=O	G6	Formose
C1(C(C(C(CO)C1C)O)O)=O	G6	Formose
C1(C(C(C(CO)C1N)N)O)=O	G4	GlucoseAmm
C1(C(C(C(CO)C1N)O)N)=O	G4	GlucoseAmm
C1(C(C(C(CO)C1N)O)O)=O	G3	GlucoseAmm
C1(C(C(C(CO)CO1)O)O)=O	G6	Formose
C1(C(C(C(CO)O)=CC1)O)=O	G6	Formose
C1(C(C(C(CO)O)C(C)O1)O)=O	G6	Formose
C1(C(C(C(CO)O1)O)O)=CN	G3	GlucoseAmm
C1(C(C(C(CO)OCC1)O)O)=O	G6	Formose
C1(C(C(C(CO1)O)C(C)O)O)=O	G6	Formose
C1(C(C(C(CO1)O)O)O)=CN	G3	GlucoseAmm
C1(C(C(C(O)OCC1)N)N)=O	G4	GlucoseAmm
C1(C(C(C(O)OCC1)O)N)=O	G3	GlucoseAmm
C1(C(C(C(OC1C=C)O)O)O)=O	G6	Formose
C1(C(C(C)(C(C)(CO1)O)O)O)=O	G6	Formose
C1(C(C(C)(C(CCO)O1)O)O)=O	G6	Formose
C1(C(C(C)(C(CCO1)O)O)O)=O	G6	Formose
C1(C(C(C)(C(CO)(C)O1)O)O)=O	G6	Formose
C1(C(C(C)(C(CO)C1O)O)O)=O	G6	Formose
C1(C(C(C)(O)OCC1(C)O)O)=O	G6	Formose
C1(C(C(C)(O)OCC1N)O)=O	G4	GlucoseAmm
C1(C(C(C)(OC1(CO)C)O)O)=O	G6	Formose
C1(C(C(C)CC(C1O)O)O)=O	G6	Formose
C1(C(C(C)N)OC(C1O)O)=O	G4	GlucoseAmm
C1(C(C(C)O)(C(C(C1)=O)O)O)=O	G6	Formose
C1(C(C(C)O)(C(CCO1)O)O)=O	G5	Formose
C1(C(C(C)O)(C(CO)CO1)O)=O	G6	Formose
C1(C(C(C)O)(CC(C1O)=O)O)=O	G6	Formose
C1(C(C(C)O)(CC(CO)O1)O)=O	G6	Formose
C1(C(C(C)O)(CC(CO1)O)O)=O	G6	Formose
C1(C(C(C)O)(O)OC(C)C1O)=O	G6	Formose
C1(C(C(C)O)(O)OCC1(C)O)=O	G6	Formose
C1(C(C(C)O)(O)OCCC1O)=O	G6	Formose
C1(C(C(C)O)C(C(C1O)=O)O)=O	G6	Formose
C1(C(C(C)O)C(C(CO)O1)O)=O	G5	Formose
C1(C(C(C)O)C(C(CO1)O)O)=O	G5	Formose
C1(C(C(C)O)C(CO1)(CO)O)=O	G6	Formose
C1(C(C(C)O)OC(C1(C)O)O)=O	G6	Formose
C1(C(C(C)O)OC(CO)C1O)=O	G5	Formose
C1(C(C(C)OC(C1(C)O)O)O)=O	G6	Formose
C1(C(C(C=C(C1)N)O)O)=O	G4	GlucoseAmm
C1(C(C(C=C(C=O)C1O)O)O)=O	G6	Formose
C1(C(C(C=C)C(C1O)O)O)=O	G6	Formose
C1(C(C(C=C)OC(C1O)O)O)=O	G6	Formose
C1(C(C(C=C)OC1(CO)O)O)=O	G6	Formose
C1(C(C(C=CC1CO)O)O)=O	G6	Formose
C1(C(C(C=CC1N)O)O)=O	G4	GlucoseAmm
C1(C(C(C=CC1O)O)N)=O	G4	GlucoseAmm
C1(C(C(C=CN)O)OC(C1)O)=O	G4	FormoseAmm
C1(C(C(C=O)=C(CO)C1O)O)=O	G6	Formose
C1(C(C(C=O)=CC1(CO)O)O)=O	G6	Formose
C1(C(C(C=O)O)NCC1O)=O	G4	FormoseAmm
C1(C(C(CC(C1N)N)O)O)=O	G4	GlucoseAmm
C1(C(C(CC(C1N)O)N)O)=O	G4	GlucoseAmm
C1(C(C(CC(C1N)O)O)N)=O	G4	GlucoseAmm
C1(C(C(CC(C1O)N)O)O)=O	G4	GlucoseAmm
C1(C(C(CC(C=1)=O)O)O)N	G4	GlucoseAmm
C1(C(C(CC(CCO)O1)O)O)=O	G6	Formose
C1(C(C(CC(CO)C1)O)O)=O	G6	Formose
C1(C(C(CC(CO)O1)N)N)=O	G4	GlucoseAmm
C1(C(C(CC(CO)O1)N)O)=O	G4	GlucoseAmm
C1(C(C(CC(CO1)O)N)N)=O	G4	GlucoseAmm
C1(C(C(CC(CO1)O)N)O)=O	G4	GlucoseAmm
C1(C(C(CC)O)(O)OCC1O)=O	G6	Formose
C1(C(C(CC)O)OC(C1O)O)=O	G6	Formose
C1(C(C(CC1(C(C)=O)O)O)O)=O	G6	Formose
C1(C(C(CC1(CCO)O)O)O)=O	G6	Formose
C1(C(C(CC1(CO)CO)O)=O)=O	G5	Glucose
C1(C(C(CC1(CO)CO)O)O)=O	G6	Formose
C1(C(C(CC1(CO)O)O)=O)=O	G4	GlucoseAmm
C1(C(C(CC1(CO)O)O)N)=O	G4	GlucoseAmm
C1(C(C(CC1)(CN)O)O)=O	G4	GlucoseAmm
C1(C(C(CC1)(CO)CO)O)=O	G6	Formose
C1(C(C(CC1C(CO)=O)O)O)=O	G5	Glucose
C1(C(C(CC1CCO)O)O)=O	G6	Formose
C1(C(C(CC1CO)(CO)O)=O)=O	G5	Glucose
C1(C(C(CC1N)(CN)O)O)=O	G4	GlucoseAmm
C1(C(C(CC1N)(CO)O)O)=O	G4	GlucoseAmm
C1(C(C(CC1N)O)O)=O	G4	GlucoseAmm
C1(C(C(CC1O)(C(C)O)O)O)=O	G6	Formose
C1(C(C(CC1O)(CCO)O)O)=O	G6	Formose
C1(C(C(CC1O)O)(CC=O)O)=O	G5	Formose
C1(C(C(CCC(C1)O)O)O)=O	G6	Formose
C1(C(C(CCC(C1O)O)O)=O)=O	G6	Formose
C1(C(C(CCC(C1O)O)O)O)=O	G6	Formose
C1(C(C(CCC1(C)O)O)O)=O	G6	Formose
C1(C(C(CCC1(CO)O)O)O)=O	G6	Formose
C1(C(C(CCC1CO)O)O)=O	G6	Formose
C1(C(C(CCCC1O)O)O)=O	G6	Formose
C1(C(C(CCN)O)OC(C1)O)=O	G4	FormoseAmm
C1(C(C(CCO)O)OCC1O)=O	G4	Formose
C1(C(C(CN)(C(C1)O)O)N)=O	G4	GlucoseAmm
C1(C(C(CN)(O)OCC1)N)=O	G4	GlucoseAmm
C1(C(C(CN)(O)OCC1)O)=O	G3	GlucoseAmm
C1(C(C(CN)(O)OCC1O)O)=O	G4	GlucoseAmm
C1(C(C(CN)N)(O)OCC1)=O	G4	GlucoseAmm
C1(C(C(CN)N)OCC1O)=O	G4	GlucoseAmm
C1(C(C(CN)NC1CO)O)=O	G4	GlucoseAmm
C1(C(C(CN)NCC1)O)=O	G4	GlucoseAmm
C1(C(C(CN)NCC1O)O)=O	G4	GlucoseAmm
C1(C(C(CN)O)NCC1)=O	G4	GlucoseAmm
C1(C(C(CN)O)OCC1O)=O	G4	GlucoseAmm
C1(C(C(CNC1CO)N)O)=O	G4	GlucoseAmm
C1(C(C(CNCC1)O)O)=O	G4	GlucoseAmm
C1(C(C(CNCC1N)O)O)=O	G4	FormoseAmm
C1(C(C(CNCC1O)N)O)=O	G4	GlucoseAmm
C1(C(C(CO)(C(C)C1)O)O)=O	G6	Formose
C1(C(C(CO)(C(C)O1)O)O)=O	G6	Formose
C1(C(C(CO)(C(C1)N)O)O)=O	G4	GlucoseAmm
C1(C(C(CO)(C)O)OCC1O)=O	G4	Formose
C1(C(C(CO)(CC1C)O)O)=O	G6	Formose
C1(C(C(CO)(CCO1)O)O)=O	G5	Formose
C1(C(C(CO)(CO)C(C)O1)O)=O	G6	Formose
C1(C(C(CO)(CO)CO1)O)=O	G6	Formose
C1(C(C(CO)(CO1)C(C)O)O)=O	G6	Formose
C1(C(C(CO)(O)OCC1)N)=O	G4	GlucoseAmm
C1(C(C(CO)(OC1C=C)O)O)=O	G6	Formose
C1(C(C(CO)=C(CO)CO1)O)=O	G6	Formose
C1(C(C(CO)=CC1(C)O)O)=O	G6	Formose
C1(C(C(CO)=CC1CO)O)=O	G6	Formose
C1(C(C(CO)C(C(C1)=O)O)O)=O	G5	Glucose
C1(C(C(CO)C(C(C1)O)O)O)=O	G5	Formose
C1(C(C(CO)C(C1C)O)O)=O	G6	Formose
C1(C(C(CO)C(CC1)O)O)=O	G6	Formose
C1(C(C(CO)C(CC1O)O)O)=O	G6	Formose
C1(C(C(CO)C(CCO)O1)O)=O	G6	Formose
C1(C(C(CO)C(CCO)O1)O)O	G6	Formose
C1(C(C(CO)C(CCO1)O)O)=O	G6	Formose
C1(C(C(CO)C(CO)C1O)O)=O	G6	Formose
C1(C(C(CO)C(CO)O1)O)O	G5	Formose
C1(C(C(CO)CC(C1)O)O)=O	G6	Formose
C1(C(C(CO)CC1(CO)O)O)=O	G6	Formose
C1(C(C(CO)CO)OC(C1)O)=O	G6	Formose
C1(C(C(CO)N)(O)OCC1)=O	G4	GlucoseAmm
C1(C(C(CO)N)NCC1N)=O	G4	GlucoseAmm
C1(C(C(CO)N)OC(C1)N)=O	G4	GlucoseAmm
C1(C(C(CO)N)OC(C1)O)=O	G3	GlucoseAmm
C1(C(C(CO)N)OC(C1O)O)=O	G4	GlucoseAmm
C1(C(C(CO)N)OCC1N)=O	G4	GlucoseAmm
C1(C(C(CO)N)OCC1O)=O	G4	GlucoseAmm
C1(C(C(CO)NCC1)O)=O	G4	GlucoseAmm
C1(C(C(CO)NCC1N)N)=O	G4	GlucoseAmm
C1(C(C(CO)NCC1N)O)=O	G3	GlucoseAmm
C1(C(C(CO)NCC1O)O)=O	G3	GlucoseAmm
C1(C(C(CO)O)(CC(C)O1)O)=O	G6	Formose
C1(C(C(CO)O)NCC1)=O	G4	GlucoseAmm
C1(C(C(CO)O)NCC1N)=O	G3	GlucoseAmm
C1(C(C(CO)O)OC(C1)N)=O	G3	GlucoseAmm
C1(C(C(CO)O)OC(C1N)O)=O	G4	GlucoseAmm
C1(C(C(CO)O)OC(C1O)=C)=O	G6	Formose
C1(C(C(CO)O)OC(C=1)=O)N	G4	GlucoseAmm
C1(C(C(CO)O)OC(CC1)O)=O	G5	Formose
C1(C(C(CO)O)OCC1N)=O	G3	GlucoseAmm
C1(C(C(CO)OC(C1)N)N)=O	G4	GlucoseAmm
C1(C(C(CO)OC(C1)N)O)=O	G3	GlucoseAmm
C1(C(C(CO)OC(C1)O)N)=O	G3	GlucoseAmm
C1(C(C(CO)OC(C1N)O)O)=O	G4	GlucoseAmm
C1(C(C(CO)OC(C1O)=C)O)=O	G6	Formose
C1(C(C(CO)OC(C=1)=O)O)N	G4	GlucoseAmm
C1(C(C(CO)OC(CC1)O)O)=O	G5	Formose
C1(C(C(CO)OC1(CO)C)O)=O	G5	Glucose
C1(C(C(CO)OCC1N)N)=O	G4	GlucoseAmm
C1(C(C(CO)OCC1N)O)=O	G3	GlucoseAmm
C1(C(C(CO1)(C(C)O)O)O)=O	G6	Formose
C1(C(C(CO1)(C(C=C)O)O)O)=O	G6	Formose
C1(C(C(CO1)(CCCO)O)O)=O	G6	Formose
C1(C(C(CO1)(CCO)O)O)=O	G5	Formose
C1(C(C(CO1)=C(CO)CO)O)=O	G6	Formose
C1(C(C(CO1)=C)(C(CO)O)O)=O	G6	Formose
C1(C(C(CO1)=CC(CO)O)O)=O	G6	Formose
C1(C(C(CO1)O)(C(CC)O)O)=O	G6	Formose
C1(C(C(CO1)O)(C(CN)O)O)=O	G4	GlucoseAmm
C1(C(C(CO1)O)(C(CO)C)O)=O	G6	Formose
C1(C(C(CO1)O)(CCCO)O)=O	G6	Formose
C1(C(C(CO1)O)(CCO)O)=O	G5	Formose
C1(C(C(CO1)O)C(C(C)O)O)=O	G5	Formose
C1(C(C(CO1)O)C(CCO)O)=O	G4	Formose
C1(C(C(CO1)O)C(CN)O)=O	G4	FormoseAmm
C1(C(C(CO1)O)C(CO)CO)=O	G6	Formose
C1(C(C(COC(C1)N)N)O)=O	G4	GlucoseAmm
C1(C(C(COC(C1)N)O)N)=O	G4	GlucoseAmm
C1(C(C(COC(C1)N)O)O)=O	G3	GlucoseAmm
C1(C(C(COC(C1)O)CO)O)=O	G6	Formose
C1(C(C(COC(C1)O)N)N)=O	G4	GlucoseAmm
C1(C(C(COC(C1)O)N)O)=O	G3	GlucoseAmm
C1(C(C(COC(C1)O)O)N)=O	G3	GlucoseAmm
C1(C(C(COC(C1N)O)O)O)=O	G4	GlucoseAmm
C1(C(C(COC(C1O)=C)O)O)=O	G6	Formose
C1(C(C(COC(C1O)O)N)O)=O	G4	GlucoseAmm
C1(C(C(COC(C=1)=O)O)O)N	G4	GlucoseAmm
C1(C(C(COC1(CO)C)O)O)=O	G5	Glucose
C1(C(C(COCC1N)N)O)=O	G4	GlucoseAmm
C1(C(C(COCC1N)O)N)=O	G4	GlucoseAmm
C1(C(C(COCC1N)O)O)=O	G3	GlucoseAmm
C1(C(C(N)=CC(CO)O1)O)=O	G4	GlucoseAmm
C1(C(C(N)=CC(CO1)O)O)=O	G4	GlucoseAmm
C1(C(C(N)=CC1CO)O)=O	G4	GlucoseAmm
C1(C(C(N)OC(CO)C1)N)=O	G4	GlucoseAmm
C1(C(C(N)OC(CO)C1)O)=O	G3	GlucoseAmm
C1(C(C(N)OCC(C1)N)O)=O	G4	GlucoseAmm
C1(C(C(N)OCC(C1)O)N)=O	G4	GlucoseAmm
C1(C(C(N)OCC(C1)O)O)=O	G3	GlucoseAmm
C1(C(C(N)OCCC1N)O)=O	G4	GlucoseAmm
C1(C(C(O)OC(C)C1N)O)=O	G4	GlucoseAmm
C1(C(C(O)OC(CC1)CO)O)=O	G6	Formose
C1(C(C(O)OC(CCO)C1)O)=O	G5	Formose
C1(C(C(O)OC(CO)C1N)O)=O	G4	GlucoseAmm
C1(C(C(O)OCC(C1)N)N)=O	G4	GlucoseAmm
C1(C(C(O)OCC(C1)N)O)=O	G3	GlucoseAmm
C1(C(C(O)OCC(C1N)O)O)=O	G4	GlucoseAmm
C1(C(C(O)OCC1CCO)O)=O	G5	Glucose
C1(C(C(O)OCC1CO)CO)=O	G6	Formose
C1(C(C(O)OCC1O)O)=CC=O	G6	Formose
C1(C(C(O)OCCC1CO)O)=O	G5	Glucose
C1(C(C(O)OCCC1N)O)=O	G3	GlucoseAmm
C1(C(C)(C(C(C1(C)O)=O)O)O)=O	G6	Formose
C1(C(C)(C(C(C1CO)O)O)O)=O	G6	Formose
C1(C(C)(C(C(C1O)=C)O)O)=O	G6	Formose
C1(C(C)(C(C(C1O)=O)(C)O)O)=O	G6	Formose
C1(C(C)(C(C(C1O)=O)O)O)=O	G6	Formose
C1(C(C)(C(CC1CO)O)O)=O	G6	Formose
C1(C(C)(O)OC(C)C1(CO)O)=O	G6	Formose
C1(C(C)(O)OC(CO)C1(C)O)=O	G6	Formose
C1(C(C)(O)OC(CO)CC1O)=O	G6	Formose
C1(C(C)(O)OCC(C1(C)O)O)=O	G6	Formose
C1(C(C)(O)OCC(CC1O)O)=O	G6	Formose
C1(C(C)(O)OCC1(C(C)O)O)=O	G6	Formose
C1(C(C)(O)OCC1(CCO)O)=O	G6	Formose
C1(C(C)(O)OCC1(CO)O)=O	G6	Formose
C1(C(C)(O)OCCC1(CO)O)=O	G6	Formose
C1(C(C)C(C(C(C1O)=O)O)O)=O	G6	Formose
C1(C(C)C(CO)(C(CO)O1)O)=O	G6	Formose
C1(C(C)C(CO)(C(CO1)O)O)=O	G6	Formose
C1(C(C)C(CO1)(C(CO)O)O)=O	G6	Formose
C1(C(C)OC(C(C(C1)O)O)O)=O	G6	Formose
C1(C(C)OC(C(C1)O)(CO)O)=O	G6	Formose
C1(C(C)OC(C(C1CO)O)O)=O	G6	Formose
C1(C(C)OC(C(C1N)O)O)=O	G4	GlucoseAmm
C1(C(C)OC(C(C1O)N)O)=O	G4	GlucoseAmm
C1(C(C)OC(C(CO)(C1)O)O)=O	G6	Formose
C1(C(C)OC(C1C(CO)O)O)=O	G6	Formose
C1(C(C)OC(CN)(C1O)O)=O	G4	GlucoseAmm
C1(C(C)OC(CO)(C1(C)O)O)=O	G6	Formose
C1(C(C)OC(CO)(CO)C1O)=O	G6	Formose
C1(C(C)OCC(CO)(C1O)O)=O	G6	Formose
C1(C(C2(C(C1(CC2)O)O)O)O)=O	G6	Formose
C1(C(C2(C(C1)(O)OCC2)O)O)=O	G6	Formose
C1(C(C2(COCC2(C1)O)O)O)=O	G5	Formose
C1(C(C=C(C(C)O)C1O)O)=O	G6	Formose
C1(C(C=C(C1CO)N)O)=O	G4	GlucoseAmm
C1(C(C=C(C=O)C1(CO)O)O)=O	G6	Formose
C1(C(C=C(CO)C(CO)O1)O)=O	G6	Formose
C1(C(C=C(CO)C(CO1)O)O)=O	G6	Formose
C1(C(C=C(CO)C1(C)O)O)=O	G6	Formose
C1(C(C=C(CO)C1N)O)=O	G4	GlucoseAmm
C1(C(C=C(CO1)C(CO)O)O)=O	G6	Formose
C1(C(C=CC(C(CO)O)O1)O)=O	G6	Formose
C1(C(C=CC(C(CO)O1)O)O)=O	G6	Formose
C1(C(C=CC(CO)(CO)O1)O)=O	G6	Formose
C1(C(C=CC(CO)(CO1)O)O)=O	G6	Formose
C1(C(C=CC(CO)O1)(CO)O)=O	G5	Glucose
C1(C(C=CC(CO1)O)(CO)O)=O	G5	Glucose
C1(C(C=CC1(C(CO)O)O)O)=O	G6	Formose
C1(C(C=CC1(CO)CO)O)=O	G6	Formose
C1(C(C=CC1(CO)O)N)=O	G4	GlucoseAmm
C1(C(C=CC1C(CO)O)O)=O	G6	Formose
C1(C(C=CC1CO)(CO)O)=O	G6	Formose
C1(C(C=CCO1)(C(CO)O)O)=O	G6	Formose
C1(C(CC(C(C(C)O)O)O1)O)=O	G6	Formose
C1(C(CC(C(C(C)O)O1)O)O)=O	G6	Formose
C1(C(CC(C(C(C)O1)O)O)O)=O	G6	Formose
C1(C(CC(C(C)O)(C1)O)O)=O	G6	Formose
C1(C(CC(C(C1(C)O)O)O)=O)=O	G6	Formose
C1(C(CC(C(C1)O)O)O)=O	G6	Formose
C1(C(CC(C(C1CO)O)O)O)=O	G6	Formose
C1(C(CC(C(C1N)N)O)O)=O	G4	GlucoseAmm
C1(C(CC(C(C1N)O)N)O)=O	G4	GlucoseAmm
C1(C(CC(C(C1N)O)O)N)=O	G4	GlucoseAmm
C1(C(CC(C(C1N)O)O)O)=O	G4	GlucoseAmm
C1(C(CC(C(C1O)N)O)O)=O	G4	GlucoseAmm
C1(C(CC(C(CCO)O)O1)O)=O	G6	Formose
C1(C(CC(C(CCO)O1)O)O)=O	G6	Formose
C1(C(CC(C(CO)CO)O1)O)=O	G6	Formose
C1(C(CC(C(CO)CO1)O)O)=O	G6	Formose
C1(C(CC(C(CO)O)C1)O)=O	G6	Formose
C1(C(CC(C(CO)O)O1)N)=O	G3	GlucoseAmm
C1(C(CC(C(CO)O1)N)N)=O	G4	GlucoseAmm
C1(C(CC(C(CO)O1)N)O)=O	G4	GlucoseAmm
C1(C(CC(C(CO)O1)O)N)=O	G3	GlucoseAmm
C1(C(CC(C(CO1)O)N)N)=O	G4	GlucoseAmm
C1(C(CC(C(CO1)O)N)O)=O	G4	GlucoseAmm
C1(C(CC(C(CO1)O)O)N)=O	G3	GlucoseAmm
C1(C(CC(C)(C1(CO)O)O)O)=O	G6	Formose
C1(C(CC(C)O)(O)OCC1O)=O	G6	Formose
C1(C(CC(C1(C(C)O)O)O)=O)=O	G6	Formose
C1(C(CC(C1(CCO)O)O)O)=O	G6	Formose
C1(C(CC(C1(CN)N)O)O)=O	G4	GlucoseAmm
C1(C(CC(C1(CN)O)O)N)=O	G4	GlucoseAmm
C1(C(CC(C1(CN)O)O)O)=O	G4	GlucoseAmm
C1(C(CC(C1(CO)N)O)N)=O	G4	GlucoseAmm
C1(C(CC(C1(CO)N)O)O)=O	G4	GlucoseAmm
C1(C(CC(C1(CO)O)O)N)=O	G3	GlucoseAmm
C1(C(CC(C1CCO)O)O)=O	G6	Formose
C1(C(CC(C1CN)O)O)=O	G4	GlucoseAmm
C1(C(CC(C1O)O)(CC=O)O)=O	G6	Formose
C1(C(CC(C=1)=O)O)C(CO)O	G6	Formose
C1(C(CC(C=1C=O)O)O)N	G4	GlucoseAmm
C1(C(CC(CC(CO)O)O1)O)=O	G6	Formose
C1(C(CC(CC(CO)O1)O)O)=O	G6	Formose
C1(C(CC(CCO)(C1)O)O)=O	G6	Formose
C1(C(CC(CN)(C1)O)O)=O	G4	GlucoseAmm
C1(C(CC(CN)(C1O)O)O)=O	G4	GlucoseAmm
C1(C(CC(CO)(C1(C)O)O)=O)=O	G6	Formose
C1(C(CC(CO)(C1C)O)O)=O	G6	Formose
C1(C(CC(CO)(C1N)O)N)=O	G4	GlucoseAmm
C1(C(CC(CO)(C1N)O)O)=O	G3	GlucoseAmm
C1(C(CC(CO)(CCO1)O)O)=O	G6	Formose
C1(C(CC(CO)(CO)O1)O)=O	G5	Formose
C1(C(CC(CO)C(CO)O1)O)=O	G5	Glucose
C1(C(CC(CO)C(CO1)O)O)=O	G5	Glucose
C1(C(CC(CO)C1(CO)O)=O)=O	G5	Glucose
C1(C(CC(CO)C1(CO)O)O)=O	G6	Formose
C1(C(CC(CO)C1O)O)=O	G6	Formose
C1(C(CC(CO)O)OC(C1)O)=O	G6	Formose
C1(C(CC(CO)OC(C1)O)O)=O	G6	Formose
C1(C(CC(CO1)(CCO)O)O)=O	G6	Formose
C1(C(CC(O)OCC1N)N)=O	G4	GlucoseAmm
C1(C(CC(O)OCC1N)O)=O	G4	GlucoseAmm
C1(C(CC)(O)OC(CO)C1O)=O	G6	Formose
C1(C(CC)(O)OCC(C1O)O)=O	G6	Formose
C1(C(CC)(O)OCC1(CO)O)=O	G6	Formose
C1(C(CCC(C(CO)O)O1)O)=O	G6	Formose
C1(C(CCC(C(CO)O1)O)O)=O	G6	Formose
C1(C(CCC(C1(C)O)O)O)=O	G6	Formose
C1(C(CCC(C1(CO)O)O)O)=O	G6	Formose
C1(C(CCC(C1CO)O)O)=O	G6	Formose
C1(C(CCC(CO)(CO)O1)O)=O	G6	Formose
C1(C(CCC(CO)(CO1)O)O)=O	G6	Formose
C1(C(CCCO)(O)OCC1O)=O	G6	Formose
C1(C(CCN)OC(C1O)O)=O	G4	GlucoseAmm
C1(C(CCO)(C(C(C)O1)O)O)=O	G6	Formose
C1(C(CCO)(C(C)(CO1)O)O)=O	G5	Formose
C1(C(CCO)(C(CCO1)O)O)=O	G5	Formose
C1(C(CCO)(C(CO)CO1)O)=O	G6	Formose
C1(C(CCO)(CC(C1O)=O)O)=O	G6	Formose
C1(C(CCO)(O)OC(C)C1O)=O	G6	Formose
C1(C(CCO)(O)OCC1(C)O)=O	G6	Formose
C1(C(CCO)(O)OCC1N)=O	G4	GlucoseAmm
C1(C(CCO)(O)OCCC1O)=O	G6	Formose
C1(C(CCO)C(C(CO)O1)O)=O	G6	Formose
C1(C(CCO)C(C(CO1)O)O)=O	G6	Formose
C1(C(CCO)C(CO1)(CO)O)=O	G6	Formose
C1(C(CCO)OC(C(C1)O)O)=O	G6	Formose
C1(C(CCO)OC(C1(C)O)O)=O	G6	Formose
C1(C(CCO)OC(C1O)O)=O	G5	Formose
C1(C(CCO)OC(CC1O)O)=O	G6	Formose
C1(C(CCO1)(C(CO)CO)O)=O	G6	Formose
C1(C(CCOC(C1(C)O)O)O)=O	G6	Formose
C1(C(CCOC(C1N)O)N)=O	G4	GlucoseAmm
C1(C(CCOC(C1O)O)O)=O	G5	Formose
C1(C(CN)(C(C(CN)O1)O)O)O	G4	FormoseAmm
C1(C(CN)(C(C(CO)O1)O)O)O	G4	FormoseAmm
C1(C(CN)(O)OC(CO)C1)=O	G3	GlucoseAmm
C1(C(CN)(O)OC(CO)C1O)=O	G4	GlucoseAmm
C1(C(CN)(O)OCC(C1)N)=O	G4	GlucoseAmm
C1(C(CN)(O)OCC(C1)O)=O	G3	GlucoseAmm
C1(C(CN)(O)OCC(C1O)O)=O	G4	GlucoseAmm
C1(C(CN)(O)OCCC1N)=O	G4	GlucoseAmm
C1(C(CN)NC(CO)C1)=O	G4	GlucoseAmm
C1(C(CN)OC(C(C1)N)O)=O	G4	GlucoseAmm
C1(C(CN)OC(C(C1)O)O)=O	G3	GlucoseAmm
C1(C(CN)OC(C)(C1O)O)=O	G4	GlucoseAmm
C1(C(CN)OC(CC1N)O)=O	G4	GlucoseAmm
C1(C(CN)OC(CC1O)O)=O	G4	GlucoseAmm
C1(C(CN)OC(CN)(C1)O)=O	G4	GlucoseAmm
C1(C(CN)OC(CO)(C1)O)=O	G4	GlucoseAmm
C1(C(CN)OC(CO)C1N)=O	G4	GlucoseAmm
C1(C(CN)OC(CO)C1O)=O	G3	GlucoseAmm
C1(C(CN)OCC(C1N)O)=O	G4	GlucoseAmm
C1(C(CN)OCC(C1O)N)=O	G4	GlucoseAmm
C1(C(CN)OCC(C1O)O)=O	G3	GlucoseAmm
C1(C(CNC(CN)C1)O)=O	G4	GlucoseAmm
C1(C(CNC(CN)C1N)O)=O	G4	GlucoseAmm
C1(C(CNC(CO)C1)O)=O	G4	GlucoseAmm
C1(C(CNC(CO)C1N)O)=O	G4	GlucoseAmm
C1(C(CNC(CO)C1O)=O)=O	G4	GlucoseAmm
C1(C(CNC1C(C)O)O)=O	G4	FormoseAmm
C1(C(CNC1C(CN)O)O)=O	G4	FormoseAmm
C1(C(CNC1C(CO)N)O)=O	G4	GlucoseAmm
C1(C(CNC1C(CO)O)=O)=O	G4	GlucoseAmm
C1(C(CNC1CCO)O)=O	G4	GlucoseAmm
C1(C(CNCC(C1)O)O)=O	G4	GlucoseAmm
C1(C(CNCC(C1N)N)O)=O	G4	GlucoseAmm
C1(C(CNCC(C1O)=O)O)=O	G4	GlucoseAmm
C1(C(CNCC1N)O)=O	G4	FormoseAmm
C1(C(CNCC1NC)O)=O	G4	FormoseAmm
C1(C(CO)(C(C(C1C)O)O)O)=O	G6	Formose
C1(C(CO)(C(C(CN)O1)O)O)O	G4	FormoseAmm
C1(C(CO)(C(C=CC1)O)O)=O	G6	Formose
C1(C(CO)(C(CC1(C)O)O)O)=O	G6	Formose
C1(C(CO)(C(CCO1)O)O)=O	G5	Formose
C1(C(CO)(C(CO)C(C)O1)O)=O	G6	Formose
C1(C(CO)(C(CO)CO1)O)=O	G6	Formose
C1(C(CO)(C(CO1)C(C)O)O)=O	G6	Formose
C1(C(CO)(CC(C1C)O)O)=O	G6	Formose
C1(C(CO)(CC(CO)O1)O)=O	G6	Formose
C1(C(CO)(CC(CO1)O)O)=O	G6	Formose
C1(C(CO)(O)OC(C)C1(C)O)=O	G6	Formose
C1(C(CO)(O)OC(CO)CC1)=O	G6	Formose
C1(C(CO)(O)OCC(C1)N)=O	G4	GlucoseAmm
C1(C(CO)(O)OCC(CC1)O)=O	G6	Formose
C1(C(CO)(O)OCC(CO)C1)=O	G5	Glucose
C1(C(CO)(O)OCC1(C)O)=O	G6	Formose
C1(C(CO)(O)OCCC1N)=O	G4	GlucoseAmm
C1(C(CO)(O)OCCC1O)=O	G6	Formose
C1(C(CO)(OCC=CC1O)O)=O	G5	Glucose
C1(C(CO)=CC(C(C1O)O)=O)=O	G6	Formose
C1(C(CO)C(C(C(C)O)O1)O)=O	G6	Formose
C1(C(CO)C(C(C(C)O1)O)O)=O	G6	Formose
C1(C(CO)C(C(CCO)O1)O)=O	G6	Formose
C1(C(CO)C(C(CCO)O1)O)O	G5	Formose
C1(C(CO)C(C(CO)O1)O)O	G5	Formose
C1(C(CO)C(C=CC1O)O)=O	G6	Formose
C1(C(CO)C(CC1CO)O)=O	G6	Formose
C1(C(CO)NC(CN)C1)=O	G4	GlucoseAmm
C1(C(CO)NC(CN)C1N)=O	G4	GlucoseAmm
C1(C(CO)NC(CO)C1)=O	G4	GlucoseAmm
C1(C(CO)NC(CO)C1N)=O	G4	GlucoseAmm
C1(C(CO)NCC(C1)O)=O	G4	GlucoseAmm
C1(C(CO)NCC(C1N)N)=O	G4	GlucoseAmm
C1(C(CO)NCC(C1O)=O)=O	G4	GlucoseAmm
C1(C(CO)OC(C(C)O)C1O)=O	G6	Formose
C1(C(CO)OC(C(C1O)O)C)=O	G6	Formose
C1(C(CO)OC(C1(C=C)O)O)=O	G6	Formose
C1(C(CO)OC(C1CCO)O)=O	G6	Formose
C1(C(CO)OC(C1O)O)=CC=O	G6	Formose
C1(C(CO)OC(CC1(C)O)O)=O	G6	Formose
C1(C(CO)OC(CC1N)N)=O	G4	GlucoseAmm
C1(C(CO)OC(CC1N)O)=O	G3	GlucoseAmm
C1(C(CO)OC(CC1O)CO)=O	G6	Formose
C1(C(CO)OC(CCC1O)O)=O	G6	Formose
C1(C(CO)OC(CCO)C1O)=O	G6	Formose
C1(C(CO)OC(CN)(C1)O)=O	G3	GlucoseAmm
C1(C(CO)OC(CN)(C1O)O)=O	G4	GlucoseAmm
C1(C(CO)OC(CN)C1N)=O	G4	GlucoseAmm
C1(C(CO)OC(CO)C1N)=O	G4	GlucoseAmm
C1(C(CO)OCC(C1N)N)=O	G4	GlucoseAmm
C1(C(CO)OCC(C1N)O)=O	G4	GlucoseAmm
C1(C(CO)OCC(C1O)N)=O	G4	GlucoseAmm
C1(C(COC(C(C1)N)O)N)=O	G4	GlucoseAmm
C1(C(COC(C(C1)O)O)N)=O	G3	GlucoseAmm
C1(C(COC(C1(C=C)O)O)O)=O	G6	Formose
C1(C(COC(C1CCO)O)O)=O	G6	Formose
C1(C(COC(CC1(C)O)O)O)=O	G6	Formose
C1(C(COC(CC1N)N)O)=O	G4	GlucoseAmm
C1(C(COC(CC1N)O)O)=O	G3	GlucoseAmm
C1(C(COC(CN)(C1)O)N)=O	G4	GlucoseAmm
C1(C(COC(CN)(C1)O)O)=O	G3	GlucoseAmm
C1(C(COC(CN)C1N)O)=O	G4	GlucoseAmm
C1(C(COC(CO)(C1)O)N)=O	G4	GlucoseAmm
C1(C(COC(CO)C1N)O)=O	G4	GlucoseAmm
C1(C(COC1(CO)CCO)O)=O	G5	Glucose
C1(C(COCC(C1N)N)O)=O	G4	GlucoseAmm
C1(C(N)OC(CO)CC1N)=O	G4	GlucoseAmm
C1(C(N)OCC(CC1N)O)=O	G4	GlucoseAmm
C1(C(O)OC(C(C1)O)CCO)=O	G5	Formose
C1(C(O)OC(C(C1)O)CN)=O	G4	FormoseAmm
C1(C(O)OC(C(C=C)O)C1O)=O	G6	Formose
C1(C(O)OC(C(CCO)O)C1)=O	G5	Formose
C1(C(O)OC(C(CN)O)C1)=O	G4	FormoseAmm
C1(C(O)OC(C(CO)N)C1)=O	G4	FormoseAmm
C1(C(O)OC(C(CO)O)C1C)=O	G6	Formose
C1(C(O)OC(C(CO)O)C1N)=O	G4	GlucoseAmm
C1(C(O)OC(C)C(CO)C1O)=O	G6	Formose
C1(C(O)OC(C)C1(C(C)O)O)=O	G6	Formose
C1(C(O)OC(C)C1(CCO)O)=O	G6	Formose
C1(C(O)OC(C=CCO)C1O)=O	G6	Formose
C1(C(O)OC(CC1O)CCO)=O	G6	Formose
C1(C(O)OC(CCCO)C1O)=O	G6	Formose
C1(C(O)OC(CO)(CO)C1)=O	G4	Formose
C1(C(O)OC(CO)(CO)C1C)=O	G6	Formose
C1(C(O)OC(CO)(CO)CC1)=O	G5	Formose
C1(C(O)OC(CO)C(C1)N)=O	G3	GlucoseAmm
C1(C(O)OC(CO)C(C1C)O)=O	G6	Formose
C1(C(O)OC(CO)C(C1N)O)=O	G4	GlucoseAmm
C1(C(O)OC(CO)C(C1O)N)=O	G4	GlucoseAmm
C1(C(O)OC(CO)C1CCO)=O	G6	Formose
C1(C(O)OC(CO)CC1CO)=O	G6	Formose
C1(C(O)OC(CO)CC1N)=O	G3	GlucoseAmm
C1(C(O)OCC(C(C)O)C1O)=O	G6	Formose
C1(C(O)OCC(C(C1)N)O)=O	G3	GlucoseAmm
C1(C(O)OCC(C(C1)O)N)=O	G4	FormoseAmm
C1(C(O)OCC(C(C1C)O)O)=O	G6	Formose
C1(C(O)OCC(C(C1N)O)O)=O	G4	GlucoseAmm
C1(C(O)OCC(C(C1O)=C)O)=O	G6	Formose
C1(C(O)OCC(C(C1O)N)O)=O	G4	GlucoseAmm
C1(C(O)OCC(C(CO)O)C1)=O	G6	Formose
C1(C(O)OCC(C1CCO)O)=O	G6	Formose
C1(C(O)OCC(C1O)=CCO)=O	G6	Formose
C1(C(O)OCC(C=1C=O)O)CO	G6	Formose
C1(C(O)OCC(C=1CO)=O)CO	G6	Formose
C1(C(O)OCC(CC1CO)O)=O	G6	Formose
C1(C(O)OCC(CC1N)N)=O	G4	GlucoseAmm
C1(C(O)OCC(CC1N)O)=O	G3	GlucoseAmm
C1(C(O)OCC(CCO)(C1)O)=O	G5	Formose
C1(C(O)OCC(CO)(C1C)O)=O	G6	Formose
C1(C(O)OCC(CO)(CC1)O)=O	G5	Formose
C1(C(O)OCC(CO)C1CO)=O	G6	Formose
C1(C(O)OCC(CO)C1O)=O	G6	Formose
C1(C(O)OCC1(C(CC)O)O)=O	G6	Formose
C1(C(O)OCC1(C(CO)=C)O)=O	G6	Formose
C1(C(O)OCC1(CCCO)O)=O	G6	Formose
C1(C(O)OCC1(CCO)O)=O	G6	Formose
C1(C(O)OCC1(CO)O)=CC=O	G5	Formose
C1(C(O)OCC1C(C=CN)O)=O	G4	FormoseAmm
C1(C(O)OCC1C(CCN)O)=O	G4	FormoseAmm
C1(C(O)OCC1C(CO)CO)=O	G6	Formose
C1(C(O)OCC1CC(CO)O)=O	G6	Formose
C1(C(O)OCC1O)=C(C=O)CO	G6	Formose
C1(C(O)OCC=1C(CO)=O)CO	G6	Formose
C1(C(O)OCC=1CO)CO	G6	Formose
C1(C(O)OCC=C(CO)C1O)=O	G6	Formose
C1(C(O)OCCC(C1N)N)=O	G4	GlucoseAmm
C1(C(O)OCCC(CO)(C1)O)=O	G5	Formose
C1(C(O)OCCC1(C(C)O)O)=O	G6	Formose
C1(C(O)OCCC1(CO)O)=O	G6	Formose
C1(C(O)OCCC1C(CO)O)=O	G6	Formose
C1(C(OC(C(C1O)=C)CO)O)=O	G6	Formose
C1(C(OC(C=1C=O)CO)O)CO	G6	Formose
C1(C(OC(C=C)C(C1O)O)O)=O	G6	Formose
C1(C(OC(C=C)C1(CO)O)O)=O	G6	Formose
C1(C(OC(C=CC1O)CO)O)=O	G6	Formose
C1(C(OCC(C1(CO)O)=C)O)=O	G6	Formose
C1(C(OCC=1C=O)O)C(CO)O	G6	Formose
C1(C)C(C(C(C=1N)=O)O)O	G4	GlucoseAmm
C1(C)C(CO)OC(C=1CO)O	G6	Formose
C1(C)C(COC(C=1CO)O)O	G6	Formose
C1(C2(C(C(C(C)O2)(C1)O)O)O)=O	G6	Formose
C1(C2(C(C(CC1)(CO2)O)O)O)=O	G6	Formose
C1(C2(C(C(CCO2)(C1)O)O)O)=O	G5	Formose
C1(C2(C(C(CO2)(C1)O)O)O)=O	G6	Formose
C1(C2(C(C(CO2)(C1C)O)O)O)=O	G6	Formose
C1(C2(C(C)C(C1(CO2)O)O)O)=O	G6	Formose
C1(C2(C(CC1(C(C2)O)O)O)O)=O	G6	Formose
C1(C2(C(CC1(CO2)O)O)O)=O	G6	Formose
C1(C2(C(CCC1(CO2)O)O)O)=O	G6	Formose
C1(C2(C(CCC2(CO1)O)O)O)=O	G6	Formose
C1(C2(CC(C)(C1(CO2)O)O)O)=O	G6	Formose
C1(C2(CC(C1(CO2)O)O)O)=O	G6	Formose
C1(C2(CCC(C1(CO2)O)O)O)=O	G6	Formose
C1(C=C(C=O)C(C1(CO)O)O)=O	G6	Formose
C1(C=CC(C(C(C1O)O)O)=O)=O	G6	Formose
C1(C=CC(C(C1(CO)O)O)=O)=O	G6	Formose
C1(CC(C(C(C1(C)O)=O)O)O)=O	G6	Formose
C1(CC(C(C(C1(C)O)O)O)O)=O	G6	Formose
C1(CC(C(C(C1CO)O)O)O)=O	G6	Formose
C1(CC(C(C(C1O)O)=C)O)=O	G6	Formose
C1(CC(C(C(CC1O)O)=O)O)=O	G5	Formose
C1(CC(C(C(CO)O)C1)O)=O	G6	Formose
C1(CC(C(C(CO)O1)O)N)=O	G3	GlucoseAmm
C1(CC(C(C(CO1)CO)O)O)=O	G6	Formose
C1(CC(C(C(CO1)O)O)N)=O	G3	GlucoseAmm
C1(CC(C(C)(C1CO)O)O)=O	G6	Formose
C1(CC(C(C1(C(C)O)O)=O)O)=O	G6	Formose
C1(CC(C(C1(C=C)O)O)O)=O	G6	Formose
C1(CC(C(C1(CCO)O)=O)O)=O	G6	Formose
C1(CC(C(C1(CCO)O)O)O)=O	G6	Formose
C1(CC(C(C1(CN)N)O)O)=O	G4	GlucoseAmm
C1(CC(C(C1(CN)O)O)N)=O	G4	GlucoseAmm
C1(CC(C(C1(CN)O)O)O)=O	G3	GlucoseAmm
C1(CC(C(C1(CO)N)O)N)=O	G4	GlucoseAmm
C1(CC(C(C1(CO)N)O)O)=O	G3	GlucoseAmm
C1(CC(C(C1CN)O)O)=O	G4	GlucoseAmm
C1(CC(C(C1O)=CN)O)=O	G4	GlucoseAmm
C1(CC(C(C=1)=O)(CO)O)CO	G6	Formose
C1(CC(C(CC1(CO)O)O)O)=O	G6	Formose
C1(CC(C(CN)(C1)O)O)=O	G4	GlucoseAmm
C1(CC(C(CO)(C(C)O1)O)O)=O	G6	Formose
C1(CC(C(CO)(O)OCC1)O)=O	G6	Formose
C1(CC(C(CO)=CC1O)O)=O	G6	Formose
C1(CC(C(CO)C(CO1)O)O)=O	G6	Formose
C1(CC(C(CO)C1(C)O)O)=O	G6	Formose
C1(CC(C(CO)O)C(CO1)O)=O	G6	Formose
C1(CC(C(CO)O1)C(CO)O)=O	G6	Formose
C1(CC(C(CO1)(C(C)O)O)O)=O	G6	Formose
C1(CC(C(CO1)(CO)O)O)=O	G5	Formose
C1(CC(C)(C(CO1)(CO)O)O)=O	G6	Formose
C1(CC(C=C(C1O)N)O)=O	G4	GlucoseAmm
C1(CC(C=CC1(CO)O)O)=O	G6	Formose
C1(CC(CC(C1(C)O)O)O)=O	G6	Formose
C1(CC(CC(C1CO)O)O)=O	G6	Formose
C1(CC(CC1(C(CO)=O)O)O)=O	G6	Formose
C1(CC(CC1C(CO)O)O)=O	G6	Formose
C1(CC(CCC1(CO)O)O)=O	G6	Formose
C1(CC(CCO)(C(CO)O1)O)=O	G6	Formose
C1(CC(CCO)(C(CO1)O)O)=O	G6	Formose
C1(CC(CO)(C(C(C)O)O1)O)=O	G6	Formose
C1(CC(CO)(C(C(C)O1)O)O)=O	G6	Formose
C1(CC(CO)(C(C)(CO1)O)O)=O	G6	Formose
C1(CC(CO)(C(CCO)O1)O)=O	G6	Formose
C1(CC(CO)(C(CO)(C1)O)O)=O	G6	Formose
C1(CC(CO)(C(CO1)CO)O)=O	G6	Formose
C1(CC(CO)(CC1(C)O)O)=O	G6	Formose
C1(CC(CO)(CO)OC(C1)O)=O	G6	Formose
C1(CC(CO)C(C(C1O)=O)O)=O	G5	Glucose
C1(CC(CO)C(C1(C)O)O)=O	G6	Formose
C1(CC(CO)C(C1CO)O)=O	G6	Formose
C1(CC(CO)C(CO)(CO)O1)=O	G6	Formose
C1(CC(CO)C(CO1)(CO)O)=O	G6	Formose
C1(CC(CO1)(C(C(C)O)O)O)=O	G6	Formose
C1(CC(CO1)(C(C)(CO)O)O)=O	G6	Formose
C1(CC(CO1)(C(CCO)O)O)=O	G6	Formose
C1(CC(CO1)(C(CO)CO)O)=O	G6	Formose
C1(CC(CO1)C(C(CO)O)O)=O	G5	Formose
C1(CC(CO1)C(CO)(CO)O)=O	G5	Formose
C1(CC(N)=CC1(CO)O)=O	G4	GlucoseAmm
C1(CC(O)OC(CO)C1(C)O)=O	G6	Formose
C1(CC(O)OCC(C1(C)O)O)=O	G6	Formose
C1(CC(O)OCC1(CO)CO)=O	G6	Formose
C1(CC2(C(C)(C1(CO2)O)O)O)=O	G6	Formose
C1(CC2(C(C1(CC2)O)O)O)=O	G6	Formose
C1(CC2(C(C1(CC2O)O)O)O)=O	G6	Formose
C1(CC2(C(C1(CCO2)O)O)O)=O	G6	Formose
C1(CC2(C(C1)(O)OCC2O)O)=O	G6	Formose
C1(CC2(C=CC1(C2O)O)O)=O	G6	Formose
C1(CC2(COC(C2O)(C1)O)O)=O	G6	Formose
C1(CC=C(CO)C1(CO)O)=O	G6	Formose
C1(CC=CC1(C(CO)O)O)=O	G6	Formose
C1(CCC(C(C1(CO)O)O)O)=O	G5	Glucose
C1(CCC(C1(C(C)O)O)O)=O	G6	Formose
C1(CCC(C1(CN)O)O)=O	G4	GlucoseAmm
C1(CCC(CO)(C1(C)O)O)=O	G6	Formose
C1(CCC(CO)(C1CO)O)=O	G6	Formose
C1(CCC2(C(O)OCC12O)O)=O	G5	Glucose
C1(CCCC(C1(CO)O)O)=O	G6	Formose
C1(CCOC(C1(CCO)O)O)=O	G6	Formose
C1(CN)C(C(C(C=1)=O)O)O	G4	GlucoseAmm
C1(CNC(C(CN)O)C1O)=O	G4	FormoseAmm
C1(CNC(C(CO)O)C1N)=O	G4	GlucoseAmm
C1(CNC(CCN)C1O)=O	G4	GlucoseAmm
C1(CNC(CCO)C1O)=O	G4	GlucoseAmm
C1(CNC(CN)CC1O)=O	G4	GlucoseAmm
C1(CNC(CO)C1O)=O	G4	FormoseAmm
C1(CNCC(C(C1N)O)O)=O	G4	FormoseAmm
C1(CNCC(C(C1O)N)O)=O	G4	FormoseAmm
C1(CNCC(C(C1O)O)=O)=O	G4	GlucoseAmm
C1(CNCC(C(C1O)O)N)=O	G4	FormoseAmm
C1(CNCC(C1(CN)O)O)=O	G4	FormoseAmm
C1(CNCC(C1N)O)=O	G4	FormoseAmm
C1(CNCC(C1NC)O)=O	G4	FormoseAmm
C1(CNCC(C1O)N)=O	G4	FormoseAmm
C1(CNCC(C1O)NC)=O	G4	FormoseAmm
C1(CNCC(CN)(C1O)O)=O	G4	FormoseAmm
C1(CNCC(CO)(C1N)O)=O	G4	FormoseAmm
C1(CNCC(CO)(C1O)O)=O	G4	FormoseAmm
C1(CNCC1(C(C)O)O)=O	G4	FormoseAmm
C1(CNCC1(C(C=O)O)O)=O	G4	FormoseAmm
C1(CNCC1(C(CN)O)O)=O	G4	FormoseAmm
C1(CNCC1NCCN)=O	G4	FormoseAmm
C1(CNCC1NCCO)=O	G4	FormoseAmm
C1(CNCCNC1CO)=O	G4	FormoseAmm
C1(CNCCNCC1O)=O	G4	FormoseAmm
C1(CO)C(C(C(C(C=1)=O)=O)O)O	G6	Formose
C1(CO)C(C(C(C=1C)=O)O)O	G6	Formose
C1(CO)C(C(C(C=1C=O)=O)O)O	G6	Formose
C1(CO)C(C(C(C=1CO)O)O)O	G6	Formose
C1(CO)C(C(CC(C=1)=O)O)O	G6	Formose
C1(CO)C(C(CC=1C=O)O)O	G6	Formose
C1(CO)C(C(CO)(OCC=1)O)O	G6	Formose
C1(CO)C(C(COC(C=1)O)O)O	G6	Formose
C1(CO)C(C(OCC(C=1)=O)O)O	G5	Glucose
C1(CO)C(C(OCC=1)O)CO	G6	Formose
C1(CO)C(C(OCC=1)O)O	G6	Formose
C1(CO)C(C(OCC=1C=O)O)O	G6	Formose
C1(CO)C(C(OCC=1CO)O)O	G6	Formose
C1(CO)C(C)(C(C(C=1)=O)O)O	G6	Formose
C1(CO)C(CC(C=1C=O)O)O	G6	Formose
C1(CO)C(CC(C=1CO)=O)O	G6	Formose
C1(CO)C(CO)(CO)OC(C=1)=O	G6	Formose
C1(CO)C(CO)(CO)OC(C=1)O	G6	Formose
C1(CO)C(CO)(COC(C=1)=O)O	G6	Formose
C1(CO)C(CO)(COC(C=1)O)O	G6	Formose
C1(CO)C(CO)(OCC=1C=O)O	G6	Formose
C1(CO)C(CO)OC(C(C=1)=O)O	G5	Formose
C1(CO)C(CO)OC(C=1)O	G5	Formose
C1(CO)C(CO)OC(C=1C=O)O	G5	Formose
C1(CO)C(CO)OC(C=1CO)O	G6	Formose
C1(CO)C(COC(C(C=1)=O)O)O	G5	Formose
C1(CO)C(COC(C=1)O)O	G5	Formose
C1(CO)C(COC(C=1C=O)O)O	G5	Formose
C1(CO)C(COC(C=1CO)O)O	G6	Formose
C1(CO)CC(C(C=1N)=O)O	G4	GlucoseAmm
C1(CO)CCOC(C=1CO)O	G6	Formose
C1(CO)COC(C(C=1)=O)(CO)O	G6	Formose
C1(CO)COC(C=1C(C)O)O	G6	Formose
C1(CO)COC(C=1C(CO)O)O	G6	Formose
C1(CO)COC(C=1C=O)(CO)O	G5	Formose
C1(CO)COC(C=1CO)(CO)O	G6	Formose
C1(COC(C(C(C1)N)O)O)=O	G3	GlucoseAmm
C1(COC(C(C(C1N)O)O)O)=O	G4	GlucoseAmm
C1(COC(C(C(C=1)=O)O)O)CO	G5	Formose
C1(COC(C(C)O)(C1(C)O)O)=O	G6	Formose
C1(COC(C(C)O)C1(CO)O)=O	G6	Formose
C1(COC(C(C1(C=C)O)O)O)=O	G6	Formose
C1(COC(C(C1(CC)O)O)O)=O	G6	Formose
C1(COC(C(C1)O)(CN)O)=O	G3	GlucoseAmm
C1(COC(C(C1O)O)(CC)O)=O	G6	Formose
C1(COC(C(C1O)O)O)=CC=O	G6	Formose
C1(COC(C(C=1)=O)O)C(CO)O	G5	Formose
C1(COC(C(C=1C=O)O)O)CO	G5	Formose
C1(COC(C(C=C)O)(C1O)O)=O	G6	Formose
C1(COC(C(CC)(C1O)O)O)=O	G6	Formose
C1(COC(C(CC1(C)O)O)O)=O	G6	Formose
C1(COC(C(CC1N)N)O)=O	G4	GlucoseAmm
C1(COC(C(CC1N)O)O)=O	G3	GlucoseAmm
C1(COC(C(CC1O)N)O)=O	G4	GlucoseAmm
C1(COC(C(CCO)(C1)O)O)=O	G5	Formose
C1(COC(C(CN)N)(C1)O)=O	G4	GlucoseAmm
C1(COC(C(CN)O)(C1)O)=O	G4	GlucoseAmm
C1(COC(C(CO)(C)O)(C1)O)=O	G6	Formose
C1(COC(C(CO)=C)(C1O)O)=O	G5	Glucose
C1(COC(C(CO)N)(C1)O)=O	G4	GlucoseAmm
C1(COC(C(CO)O)C1N)=O	G3	GlucoseAmm
C1(COC(C)(C(C1O)N)O)=O	G4	GlucoseAmm
C1(COC(C)(C1(CO)CO)O)=O	G6	Formose
C1(COC(C)(C1C(CO)O)O)=O	G6	Formose
C1(COC(C)C(C1(CO)O)O)=O	G6	Formose
C1(COC(C)C(CO)(C1O)O)=O	G6	Formose
C1(COC(C1(C(CC)O)O)O)=O	G6	Formose
C1(COC(C1(CC(C)O)O)O)=O	G6	Formose
C1(COC(C1C(C=CN)O)O)=O	G4	FormoseAmm
C1(COC(C1C(CCN)O)O)=O	G4	FormoseAmm
C1(COC(C1C(CO)CO)O)=O	G6	Formose
C1(COC(C1CC(CO)O)O)=O	G6	Formose
C1(COC(C1O)O)=C(C=O)CO	G6	Formose
C1(COC(C=1)=O)C(C(CO)O)O	G6	Formose
C1(COC(C=1)=O)C(CO)(CO)O	G6	Formose
C1(COC(C=1)O)C(C(CO)O)O	G6	Formose
C1(COC(C=1C(CO)=O)O)CO	G5	Formose
C1(COC(C=1C(CO)O)=O)CO	G6	Formose
C1(COC(C=1C(CO)O)O)C	G6	Formose
C1(COC(C=1C=O)O)C(CO)O	G5	Formose
C1(COC(C=1CO)O)C(CO)O	G6	Formose
C1(COC(C=1CO)O)CCO	G6	Formose
C1(COC(CC(C1N)N)O)=O	G4	GlucoseAmm
C1(COC(CC(C1O)N)O)=O	G4	GlucoseAmm
C1(COC(CC(CO)(C1)O)O)=O	G5	Formose
C1(COC(CC1(CCO)O)O)=O	G6	Formose
C1(COC(CC1(CO)CO)O)=O	G6	Formose
C1(COC(CC1O)(C(C)O)O)=O	G6	Formose
C1(COC(CC1O)(CCO)O)=O	G6	Formose
C1(COC(CC1O)(CN)O)=O	G4	GlucoseAmm
C1(COC(CCC1(CO)O)O)=O	G6	Formose
C1(COC(CCN)(C1O)O)=O	G4	GlucoseAmm
C1(COC(CCO)(C1N)O)=O	G4	GlucoseAmm
C1(COC(CN)(C(C1)N)O)=O	G4	GlucoseAmm
C1(COC(CN)(CC1N)O)=O	G4	GlucoseAmm
C1(COC(CO)(C(C1)N)O)=O	G4	GlucoseAmm
C1(COC(CO)(C1(C)O)O)=O	G6	Formose
C1(COC(CO)(CC1N)O)=O	G4	GlucoseAmm
C1(COC(CO)(CO)C(C1)O)=O	G6	Formose
C1(COC(CO)(CO)C1CO)=O	G6	Formose
C1(COC(CO)C(C(C1)O)O)=O	G6	Formose
C1(COC(CO)C(C1CO)O)=O	G6	Formose
C1(COC(CO)C(C1N)N)=O	G4	GlucoseAmm
C1(COC(CO)C(C1N)O)=O	G3	GlucoseAmm
C1(COC(CO)C(C1O)N)=O	G3	GlucoseAmm
C1(COC(CO)C1(C(C)O)O)=O	G5	Formose
C1(COC(CO)CC(C1O)O)=O	G6	Formose
C1(COC2(C(C1(CC2)O)O)O)=O	G6	Formose
C1(COC2(CCC(C12O)O)O)=O	G6	Formose
C1(COCC(C(C)O)(C1O)O)=O	G6	Formose
C1(COCC(C(C1CO)O)O)=O	G6	Formose
C1(COCC(C(C1N)N)O)=O	G4	GlucoseAmm
C1(COCC(C(C1N)O)O)=O	G3	GlucoseAmm
C1(COCC(C(C1O)N)O)=O	G3	GlucoseAmm
C1(COCC(CO)(C1(C)O)O)=O	G6	Formose
C1(COCC(CO)(C1CO)O)=O	G6	Formose
C1(COCC(CO)(C1O)O)=O	G5	Formose
C1(COCC1(C(C(C)O)O)O)=O	G5	Formose
C1(COCC1(C(CCO)O)O)=O	G4	Formose
C1(COCC1(C(CO)(C)O)O)=O	G4	Formose
C1(COCC1(C(CO)CO)O)=O	G6	Formose
C1(COCC1C(C(CO)O)O)=O	G6	Formose
C1C(C(C(C(C=1)=O)N)O)O	G4	GlucoseAmm
C1C(C(C(C(C=1)=O)O)N)O	G4	GlucoseAmm
C1C(C(C(C(C=1C=O)=O)O)O)O	G5	Glucose
C1C(C(C(C(C=1C=O)O)O)O)O	G6	Formose
C1C(C(C(C(CN)(O)O1)N)O)O	G3	GlucoseAmm
C1C(C(C(C(CN)(O)O1)O)N)O	G3	GlucoseAmm
C1C(C(C(C(CN)(O)O1)O)O)N	G4	FormoseAmm
C1C(C(C(C(CN)N)(O)O1)O)O	G3	GlucoseAmm
C1C(C(C(C(CN)O)(O)O1)O)O	G3	GlucoseAmm
C1C(C(C(C(CN)O1)O)O)O	G4	GlucoseAmm
C1C(C(C(C(CO)(O)O1)O)N)O	G3	GlucoseAmm
C1C(C(C(C(CO)(O)O1)O)O)N	G4	FormoseAmm
C1C(C(C(C(CO)N)(O)O1)O)O	G3	GlucoseAmm
C1C(C(C(C(CO)O1)O)O)O	G6	Formose
C1C(C(C(C(O)O1)(CN)O)O)N	G4	FormoseAmm
C1C(C(C(C(O)O1)(CN)O)O)O	G4	FormoseAmm
C1C(C(C(C(O)O1)(CO)O)O)N	G4	FormoseAmm
C1C(C(C(C(O)O1)CO)O)O	G5	Formose
C1C(C(C(C=1)=O)(CN)O)O	G4	GlucoseAmm
C1C(C(C(C=1)=O)(CO)CO)O	G6	Formose
C1C(C(C(C=1)=O)(CO)N)O	G4	GlucoseAmm
C1C(C(C(C=1)=O)C(CO)O)O	G6	Formose
C1C(C(C(C=1)O)O)(CN)O	G4	GlucoseAmm
C1C(C(C(C=1C(C)=O)O)O)O	G6	Formose
C1C(C(C(C=1C=O)=O)(CO)O)O	G6	Formose
C1C(C(C(C=1C=O)N)O)O	G4	GlucoseAmm
C1C(C(C(C=1C=O)O)N)O	G4	GlucoseAmm
C1C(C(C(C=1C=O)O)O)N	G4	GlucoseAmm
C1C(C(C(C=1CCO)=O)O)O	G5	Glucose
C1C(C(C(C=1CN)=O)O)O	G4	GlucoseAmm
C1C(C(C(C=1CN)O)O)O	G4	GlucoseAmm
C1C(C(C(C=1CO)(CO)O)O)O	G6	Formose
C1C(C(C(C=1CO)=O)CO)O	G6	Formose
C1C(C(C(C=1CO)=O)N)O	G4	GlucoseAmm
C1C(C(C(C=1CO)=O)O)N	G4	GlucoseAmm
C1C(C(C(C=1CO)O)O)O	G6	Formose
C1C(C(C(C=1N)=O)CO)O	G4	GlucoseAmm
C1C(C(C(C=O)=O)(C(C=1)O)O)O	G5	Formose
C1C(C(C(CC(C=1)=O)O)O)O	G6	Formose
C1C(C(C(CCN)(O)O1)O)O	G4	GlucoseAmm
C1C(C(C(CN)N1)O)O	G4	FormoseAmm
C1C(C(C(CO)C(C)(O)O1)O)O	G6	Formose
C1C(C(C(CO)O)O)OC(C=1)=O	G6	Formose
C1C(C(C(CO)O)OC(C=1)=O)O	G6	Formose
C1C(C(C(CO)O1)O)O	G6	Formose
C1C(C(C(CO)OC(C=1)=O)O)O	G6	Formose
C1C(C(C(O)O1)(CC(C)O)O)O	G6	Formose
C1C(C(C(O)O1)(CCCO)O)O	G6	Formose
C1C(C(C(O)O1)(CCO)O)O	G5	Formose
C1C(C(C(O)O1)(CN)O)O	G4	FormoseAmm
C1C(C(C(O)O1)(CO)CO)O	G6	Formose
C1C(C(C(O)O1)(CO)O)N	G4	FormoseAmm
C1C(C(C(O)O1)C(CCO)O)O	G5	Formose
C1C(C(C(O)O1)CO)O	G5	Formose
C1C(C(C(O)O1)O)C(CCO)O	G6	Formose
C1C(C(C)(C(C=1C=O)O)O)O	G6	Formose
C1C(C(C)O)(C(C(O)O1)CO)O	G6	Formose
C1C(C(C)O)C(C(O)O1)(CO)O	G6	Formose
C1C(C(C)O)OC(C=1CO)O	G6	Formose
C1C(C(C)OC(C=1CO)O)O	G6	Formose
C1C(C(C=O)=O)(C(C(C=1)O)O)O	G6	Formose
C1C(C(CC(C(C=1)=O)O)O)O	G6	Formose
C1C(C(CC(C=1C=O)O)O)O	G6	Formose
C1C(C(CC(C=1N)=O)O)O	G4	GlucoseAmm
C1C(C(CCO)(C(C)(O)O1)O)O	G6	Formose
C1C(C(CN)(C(C=1)O)O)O	G4	GlucoseAmm
C1C(C(CN)(C(CO)N1)O)O	G4	FormoseAmm
C1C(C(CO)(C(C=1)O)O)O	G6	Formose
C1C(C(CO)(C(C=1CO)O)O)O	G6	Formose
C1C(C(CO)(C(CO)O1)O)O	G6	Formose
C1C(C(CO)(CO)C(C=1)O)O	G6	Formose
C1C(C(CO)(CO)O)OC(C=1)=O	G6	Formose
C1C(C(CO)(CO)OC(C=1)=O)O	G6	Formose
C1C(C(CO)(COC(C=1)=O)O)O	G6	Formose
C1C(C(CO)C(C(C)(O)O1)O)O	G6	Formose
C1C(C(CO)C(C(C=1)=O)O)O	G6	Formose
C1C(C(CO)C(C(O)O1)O)O	G5	Formose
C1C(C(CO)C(C)(O)O1)O	G6	Formose
C1C(C(CO)C(C=1)O)O	G6	Formose
C1C(C(CO)C(C=1C=O)O)O	G6	Formose
C1C(C(CO)C(CCO)(O)O1)O	G6	Formose
C1C(C(CO)C(CO)(O)O1)O	G5	Formose
C1C(C(CO)O)C(C(C=1)=O)O	G6	Formose
C1C(C(CO)O)OC(C=1CO)=O	G4	Glucose
C1C(C(COC(C=1C=O)O)O)O	G5	Formose
C1C(C(O)OCC(C=1C=O)O)O	G6	Formose
C1C(C(OCC=1C=O)O)(CO)O	G6	Formose
C1C(C)(C(C(C=1C=O)O)O)O	G6	Formose
C1C(C)(C(C(CN)(O)O1)O)O	G4	GlucoseAmm
C1C(C)(C(C(CO)(O)O1)N)O	G4	GlucoseAmm
C1C(C)(C(C(O)O1)(CCO)O)O	G5	Formose
C1C(C)(C(C(O)O1)(CO)CO)O	G6	Formose
C1C(C)(C(C(O)O1)N)O	G4	GlucoseAmm
C1C(C)(C(CO)(CC(O)O1)O)O	G6	Formose
C1C(C)(C(CO)C(C(O)O1)O)O	G6	Formose
C1C(CC(C=1C(CO)O)=O)O	G6	Formose
C1C(CC(C=1CO)O)O	G6	Formose
C1C(CCCO)(C(C(O)O1)O)O	G6	Formose
C1C(CCO)(C(C(CO)O1)O)O	G6	Formose
C1C(CCO)(C(C(O)O1)CO)O	G5	Formose
C1C(CCO)(C(C(O)O1)N)O	G4	GlucoseAmm
C1C(CCO)OC(C=1CO)O	G6	Formose
C1C(CN)(C(C(C)(O)O1)O)O	G4	GlucoseAmm
C1C(CN)(C(C(C=1)=O)O)O	G4	GlucoseAmm
C1C(CN)(C(C(O)O1)(CN)O)O	G4	FormoseAmm
C1C(CN)(C(C(O)O1)(CO)O)O	G4	FormoseAmm
C1C(CN)(C(CN1)O)O	G4	FormoseAmm
C1C(CO)(C(C(C(C=1)=O)=O)O)O	G6	Formose
C1C(CO)(C(C(C(O)O1)N)O)O	G4	FormoseAmm
C1C(CO)(C(C(C=1)(CO)O)O)O	G6	Formose
C1C(CO)(C(C(C=1)=O)(C)O)O	G6	Formose
C1C(CO)(C(C(C=1)=O)N)O	G4	GlucoseAmm
C1C(CO)(C(C(C=1)O)O)O	G6	Formose
C1C(CO)(C(C(C=1C)=O)O)O	G6	Formose
C1C(CO)(C(C(C=1C=O)=O)O)O	G6	Formose
C1C(CO)(C(C(C=1CO)O)O)O	G6	Formose
C1C(CO)(C(C(CO)(O)O1)N)O	G4	FormoseAmm
C1C(CO)(C(C(CO)O1)O)O	G6	Formose
C1C(CO)(C(C(O)O1)(CN)O)O	G4	FormoseAmm
C1C(CO)(C(C(O)O1)C(C)O)O	G5	Formose
C1C(CO)(C(C(O)O1)CCO)O	G6	Formose
C1C(CO)(C(C(O)O1)CO)O	G5	Formose
C1C(CO)(C(C)(C(O)O1)O)O	G5	Formose
C1C(CO)(C(CC=1)O)O	G6	Formose
C1C(CO)(C(CO)(C(C=1)O)O)O	G6	Formose
C1C(CO)(C(CO)CC(O)O1)O	G6	Formose
C1C(CO)(C(CO)OC(C=1)=O)O	G6	Formose
C1C(CO)(C(COC(C=1)=O)O)O	G6	Formose
C1C(CO)(CC(C=1)O)O	G6	Formose
C1C(CO)(CC(C=1C=O)O)O	G6	Formose
C1C(CO)(CC(C=1CO)=O)O	G6	Formose
C1C(CO)(CO)C(C(O)O1)O	G6	Formose
C1C(CO)(CO)OC(C(C=1)=O)O	G5	Formose
C1C(CO)(COC(C(C=1)=O)O)O	G5	Formose
C1C(CO)(COC(C=1C=O)O)O	G5	Formose
C1C(CO)(COC(C=1CO)O)O	G6	Formose
C1C(CO)(O)OCC(C=1C=O)O	G6	Formose
C1C(CO)(OCC=1CO)O	G6	Formose
C1C(CO)C(C(C(C)(O)O1)O)O	G6	Formose
C1C(CO)C(C(C(C=1)=O)O)O	G6	Formose
C1C(CO)C(C(C(O)O1)CO)O	G6	Formose
C1C(CO)C(C(C(O)O1)O)O	G6	Formose
C1C(CO)C(C(C)(O)O1)O	G6	Formose
C1C(CO)C(C(C=1)=O)(CO)O	G6	Formose
C1C(CO)C(C(C=1)O)O	G6	Formose
C1C(CO)C(C(C=1C=O)O)O	G6	Formose
C1C(CO)C(C(C=1CO)=O)O	G6	Formose
C1C(CO)C(C(CCO)(O)O1)O	G6	Formose
C1C(CO)C(C(CO)(O)O1)O	G6	Formose
C1C(CO)C(C(O)O1)(C(C)O)O	G6	Formose
C1C(CO)C(C(O)O1)(CCO)O	G6	Formose
C1C(CO)C(C(O)O1)(CO)O	G6	Formose
C1C(CO)C(C(O)O1)O	G5	Formose
C1C(CO)C(CO)(C(C)(O)O1)O	G6	Formose
C1C(CO)C(CO)(CC(O)O1)O	G6	Formose
C1C(CO)OC(C(C(C=1)=O)O)O	G5	Formose
C1C(CO)OC(C=1CO)O	G6	Formose
C1C(COC(C(C=1CO)O)O)O	G6	Formose
C1C(COC(C(C=1N)O)O)O	G3	GlucoseAmm
C1C(COC(C=1)=O)(C(CO)O)O	G6	Formose
C1C(COC(C=1C(CO)O)=O)O	G6	Formose
C1C(COC(C=1CO)O)O	G6	Formose
C1C(O)OCC(C(C=1N)O)O	G3	GlucoseAmm
C1C(O)OCC(C=1C=O)(CO)O	G5	Formose
C1C(OC(C=1C=O)(CO)CO)O	G5	Formose
C1CC(C(C(C=1)=O)(CO)O)O	G6	Formose
C1CC(C(C(C=1C=O)O)O)O	G6	Formose
C1CC(C(C(C=1CO)=O)O)O	G6	Formose
C1CC(C(C(C=1N)=O)O)O	G4	GlucoseAmm
C1CC(C(C=1)=O)(C(CO)O)O	G6	Formose
C1CC(C(C=1C(CO)O)=O)O	G6	Formose
C1CC(C(C=1C=O)(CO)O)O	G6	Formose
C1CC(C(C=1CO)=O)(CO)O	G6	Formose
C1CC(C(C=1CO)O)O	G6	Formose
C1CC(CO)(C(C(O)O1)CO)O	G5	Formose
C1CC(CO)(C(C=1)O)O	G6	Formose
C1CC(CO)(C(C=1C=O)O)O	G6	Formose
C1COC(C(C(C=1C=O)O)O)O	G6	Formose
C1COC(C(C=1C(CO)O)=O)O	G6	Formose
C1COC(C=1C(C(CO)O)=O)O	G6	Formose
C1COC(C=1C(C(CO)O)O)=O	G5	Formose
C1COC(C=1C(C(CO)O)O)O	G6	Formose
C1COC(C=1C(CCO)O)O	G6	Formose
C1COC(C=1C(CO)(CO)O)=O	G5	Formose
C1COC(C=1CO)(CO)O	G6	Formose
C1COC(CO)(C(C(C=1)=O)O)O	G6	Formose
C1COC(CO)(C(C=1C=O)O)O	G5	Formose
C=C(C(C(C(C)O)O)=O)N	G4	GlucoseAmm
C=C(C(C(C(C=O)=O)(C)O)O)N	G4	GlucoseAmm
C=C(C(C(C(CCO)O)O)=O)N	G4	GlucoseAmm
C=C(C(C(C(CN)O)O)=O)N	G4	GlucoseAmm
C=C(C(C(C(CO)(C)O)O)=O)N	G4	GlucoseAmm
C=C(C(C(C(CO)N)O)=O)N	G4	GlucoseAmm
C=C(C(C(C(CO)O)N)=O)N	G4	GlucoseAmm
C=C(C(C(C(CO)O)O)=O)N	G3	GlucoseAmm
C=C(C(C(C(CO)O)O)O)N	G4	FormoseAmm
C=C(C(C(CCO)O)=O)CO	G6	Formose
C=C(C(C(CO)(CO)O)=O)CO	G6	Formose
C=C(C(C(CO)O)O)C(C)O	G6	Formose
C=C(C(C(CO)O)O)C(CO)O	G6	Formose
C=C(C(C(CO)O)O)N	G4	FormoseAmm
C=C(C(C)=O)C(C(CO)O)O	G6	Formose
C=C(C(C)O)C(CO)(C)O	G6	Formose
C=C(C(C)O)C(CO)(CO)O	G6	Formose
C=C(C(C=O)=O)C(C(CN)O)O	G4	FormoseAmm
C=C(C(C=O)=O)C(C(CO)N)O	G4	FormoseAmm
C=C(C(CC(CN)O)=O)N	G4	GlucoseAmm
C=C(C(CC(CO)O)=O)N	G4	GlucoseAmm
C=C(C(CCO)=O)C(CO)O	G6	Formose
C=C(C(CCO)O)C(C)O	G6	Formose
C=C(C(CCO)O)C(CO)O	G6	Formose
C=C(C(CNCCN)=O)N	G4	FormoseAmm
C=C(C(CNCCO)=O)N	G4	FormoseAmm
C=C(C(CO)=O)C(CN)O	G4	GlucoseAmm
C=C(C(CO)=O)C(CO)(CO)O	G5	Formose
C=C(C(CO)=O)C(CO)CO	G6	Formose
C=C(C(CO)O)C(C(C=O)=O)O	G5	Formose
C=C(C(CO)O)C(C)O	G6	Formose
C=C(C(CO)O)C(CO)(C)O	G6	Formose
C=C(C(CO)O)C(CO)(CO)O	G6	Formose
C=C(C(CO)O)C(CO)CO	G6	Formose
C=C(C(CO)O)C(CO)O	G6	Formose
C=C(C(CO)O)CCO	G6	Formose
C=C(C(CO)O)N	G4	FormoseAmm
C=C(C=O)C(C(C(CO)N)O)=O	G4	GlucoseAmm
C=C(C=O)C(C(C(CO)O)N)=O	G4	GlucoseAmm
C=C(C=O)C(C(CCO)O)O	G5	Formose
C=C(C=O)C(C(CO)(C)O)O	G6	Formose
C=C(C=O)C(C(CO)(CO)O)=O	G5	Formose
C=C(C=O)C(C(CO)CO)O	G6	Formose
C=C(C=O)C(C)(C(CO)O)O	G5	Formose
C=C(C=O)C(CO)(C(C)O)O	G6	Formose
C=C(C=O)C(CO)(C(CO)O)O	G5	Formose
C=C(C=O)C(CO)(CCO)O	G5	Formose
C=C(C=O)C(CO)(CO)O	G5	Formose
C=C(C=O)C(CO)C(CO)O	G6	Formose
C=C(C=O)C1(COC(C1O)O)O	G6	Formose
C=C(C=O)CC(C(CO)O)O	G6	Formose
C=C(CO)C(C(C(C)O)O)O	G6	Formose
C=C(CO)C(C(C(CO)O)O)O	G6	Formose
C=C(CO)C(C(C=O)=O)(CO)O	G5	Formose
C=C(CO)C(C(CCO)O)O	G6	Formose
C=C(CO)C(C(CO)(CO)O)O	G6	Formose
C=C(CO)C(C(CO)O)O	G6	Formose
C=C(CO)C(C)(C(CO)O)O	G6	Formose
C=C(CO)C(CC(C)O)O	G6	Formose
C=C(CO)C(CC(CO)O)O	G6	Formose
C=C(CO)C(CCO)O	G6	Formose
C=C(CO)C(CO)(C(C)O)O	G6	Formose
C=C(CO)C(CO)(C(CO)O)O	G6	Formose
C=C(CO)C(CO)(C)O	G6	Formose
C=C(CO)C(CO)(CCO)O	G6	Formose
C=C(CO)C(CO)(CO)O	G6	Formose
C=C(CO)C(CO)C(C)O	G6	Formose
C=C(CO)C(CO)C(CO)O	G6	Formose
C=C(CO)C(CO)CO	G6	Formose
C=C(CO)C(CO)O	G6	Formose
C=C(CO)C1(C(C(CO1)O)O)O	G5	Glucose
C=C(CO)C1(C(O)OCC1O)O	G6	Formose
C=C1C(C(C(C(C)O)O1)O)O	G6	Formose
C=C1C(C(C(C(C)O1)O)O)O	G6	Formose
C=C1C(C(C(C(CO)O)O1)O)=O	G6	Formose
C=C1C(C(C(C(CO)O1)O)O)=O	G6	Formose
C=C1C(C(C(C(CO1)O)O)O)=O	G6	Formose
C=C1C(C(C(C1(CO)O)O)O)O	G6	Formose
C=C1C(C(C(C1N)O)O)=O	G4	GlucoseAmm
C=C1C(C(C(C1O)N)O)=O	G4	GlucoseAmm
C=C1C(C(C(C1O)O)N)=O	G4	GlucoseAmm
C=C1C(C(C(C1O)O)O)O	G6	Formose
C=C1C(C(C(CC1O)O)O)=O	G6	Formose
C=C1C(C(C(CCO)O1)O)O	G6	Formose
C=C1C(C(C(CN)O1)O)O	G4	GlucoseAmm
C=C1C(C(C(CO)(C1)O)O)=O	G6	Formose
C=C1C(C(C(CO)(C1O)O)O)O	G6	Formose
C=C1C(C(C(CO)(CO)O1)O)=O	G6	Formose
C=C1C(C(C(CO)(CO)O1)O)O	G6	Formose
C=C1C(C(C(CO)(CO1)O)O)=O	G6	Formose
C=C1C(C(C(CO)(CO1)O)O)O	G6	Formose
C=C1C(C(C(CO)(OC1)O)O)=O	G5	Glucose
C=C1C(C(C(CO)C1O)O)=O	G6	Formose
C=C1C(C(C(CO)O)(OC1)O)=O	G6	Formose
C=C1C(C(C(OC1)O)(CO)O)=O	G6	Formose
C=C1C(C(CC1O)O)O	G6	Formose
C=C1C(C(CO)(CC1O)O)=O	G6	Formose
C=C1C(C(CO)(CO)OC1O)=O	G6	Formose
C=C1C(C(CO)(COC1O)O)=O	G6	Formose
C=C1C(C(CO)O)(O)OCC1O	G5	Glucose
C=C1C(C(CO)O)OC(C1O)O	G6	Formose
C=C1C(C(CO)OC(C1O)O)O	G6	Formose
C=C1C(C(CO)OC1(CO)O)=O	G5	Glucose
C=C1C(C(COC(C1O)O)O)O	G6	Formose
C=C1C(C(COC1(CO)O)O)=O	G5	Glucose
C=C1C(C(O)OCC1(CO)O)O	G6	Formose
C=C1C(C(OC1(CO)CO)O)O	G6	Formose
C=C1C(CO)(O)OCC1(CO)O	G6	Formose
C=C1C(CO)(O)OCCC1O	G6	Formose
C=C1C(CO)OC(C1CO)O	G6	Formose
C=C1C(CO)OC(CO)(C1)O	G6	Formose
C=C1C(COC(C1(CO)O)O)=O	G6	Formose
C=C1C(COC(C1CO)O)O	G6	Formose
C=C1C(COC(CO)(C1)O)O	G6	Formose
C=C1C(COC1(C(CO)O)O)=O	G5	Glucose
C=C1C(O)OC(C(C)O)C1O	G6	Formose
C=C1C(O)OC(C)C(C1O)O	G6	Formose
C=C1C(O)OC(CCO)C1O	G6	Formose
C=C1C(O)OC(CO)(CO)C1O	G6	Formose
C=C1C(O)OC(CO)C1(C)O	G6	Formose
C=C1C(O)OC(CO)C1(CO)O	G6	Formose
C=C1C(O)OC(CO)C1O	G6	Formose
C=C1C(O)OC(CO)CC1O	G6	Formose
C=C1C(O)OCC(C1(C)O)O	G6	Formose
C=C1C(O)OCC(C1(CO)O)O	G6	Formose
C=C1C(O)OCC(C1O)O	G6	Formose
C=C1C(O)OCC(CC1O)O	G6	Formose
C=C1C(O)OCC(CO)(C1O)O	G6	Formose
C=C1C(O)OCC1(C(CO)O)O	G6	Formose
C=C1C(O)OCC1(CCO)O	G6	Formose
C=C1C(O)OCC1(CO)O	G6	Formose
C=C1C(O)OCCC(C1O)O	G6	Formose
C=C1C(O)OCCC1(CO)O	G6	Formose
C=C1COC(C(CO)O)(C1)O	G6	Formose
C=C1COC(C1(C(C)O)O)O	G6	Formose
C=C1COC(C1(CCO)O)O	G6	Formose
C=C1COC(C1C(CO)O)O	G6	Formose
C=CC(C(C(CN)N)O)=O	G4	GlucoseAmm
C=CC(C(C(CN)O)N)=O	G4	GlucoseAmm
C=CC(C(C(CN)O)O)=O	G4	GlucoseAmm
C=CC(C(C(CO)(C)O)O)O	G6	Formose
C=CC(C(C(CO)(CO)O)O)O	G6	Formose
C=CC(C(C(CO)CO)O)=O	G5	Formose
C=CC(C(C(CO)CO)O)O	G6	Formose
C=CC(C(C(CO)O)O)O	G5	Formose
C=CC(C(CCO)O)O	G6	Formose
C=CC(C(CO)(C(C)O)O)O	G6	Formose
C=CC(C(CO)(C(CO)O)O)O	G5	Formose
C=CC(C(CO)(C)O)O	G6	Formose
C=CC(C(CO)(CCO)O)=O	G6	Formose
C=CC(C(CO)(CCO)O)O	G6	Formose
C=CC(C(CO)(CO)CO)O	G6	Formose
C=CC(C(CO)(CO)O)O	G5	Formose
C=CC(C(CO)C(C)O)O	G6	Formose
C=CC(C(CO)C(CO)O)=O	G6	Formose
C=CC(C(CO)C(CO)O)O	G6	Formose
C=CC(C(CO)CO)O	G6	Formose
C=CC(C(CO)O)O	G5	Formose
C=CC(C1(C(C(CO1)O)O)O)O	G6	Formose
C=CC(C1(C(O)OCC1O)O)=O	G6	Formose
C=CC(C1(C(O)OCC1O)O)O	G6	Formose
C=CC(C1(COC(C1O)O)O)O	G6	Formose
C=CC(CO)(C(C(C)O)O)O	G6	Formose
C=CC(CO)(C(C(CO)O)O)O	G5	Formose
C=CC(CO)(C(C)O)O	G6	Formose
C=CC(CO)(C(CCO)O)O	G6	Formose
C=CC(CO)(C(CO)(C)O)O	G6	Formose
C=CC(CO)(C(CO)(CO)O)O	G6	Formose
C=CC(CO)(C(CO)CO)O	G6	Formose
C=CC(CO)(C(CO)O)O	G5	Formose
C=CC(CO)(CCO)O	G6	Formose
C=CC(CO)(CO)O	G5	Formose
C=CC(CO)C(C(C)O)O	G6	Formose
C=CC(CO)C(C(CO)O)O	G6	Formose
C=CC(CO)C(C)(CO)O	G6	Formose
C=CC(CO)C(CCO)O	G6	Formose
C=CC(CO)C(CO)(CO)O	G6	Formose
C=CC(CO)C(CO)O	G6	Formose
C=CC1(C(CO)(C(CO1)O)O)O	G5	Glucose
C=CC1(C(CO)(O)OCC1O)O	G6	Formose
C=CC1(C(O)OC(C)C1O)O	G6	Formose
C=CC1(C(O)OC(CO)C1O)O	G5	Formose
C=CC1(C(O)OCC(C1O)O)O	G5	Formose
C=CC1(C(O)OCC1(C)O)O	G6	Formose
C=CC1(C(O)OCC1(CO)O)O	G6	Formose
C=CC1(C(O)OCC1CO)O	G6	Formose
C=CC1(COC(C(C1O)O)O)O	G6	Formose
C=CC1(COC(C1CO)O)O	G6	Formose
C=CC1C(C(C(C)(O1)O)O)O	G6	Formose
C=CC1C(C(C(CO)(O1)O)O)O	G6	Formose
C=CC1C(C(C)(C(O1)O)O)O	G6	Formose
C=CC1C(CO)(C(C(O1)O)O)O	G6	Formose
C=CC1C(O)OCC1(CO)O	G6	Formose
C=CCC(C(C)(CO)O)O	G6	Formose
C=CCC(C(CO)(CO)O)O	G6	Formose
C=CCC(C(CO)CO)O	G6	Formose
C=CCC(C(CO)O)O	G6	Formose
CC(C(C(C(CCO)O)O)O)O	G6	Formose
CC(C(C(C(CO)CO)O)O)O	G5	Formose
CC(C(C(C(CO)O)N)N)O	G4	FormoseAmm
CC(C(C(C(CO)O)N)O)O	G4	FormoseAmm
CC(C(C(C(CO)O)O)O)O	G5	Formose
CC(C(C(CCCO)O)O)O	G6	Formose
CC(C(C(CCO)O)O)O	G5	Formose
CC(C(C(CN)N)O)O	G4	FormoseAmm
CC(C(C(CO)(C(C)O)O)O)O	G6	Formose
CC(C(C(CO)(CCO)O)O)O	G5	Formose
CC(C(C(CO)(CO)CO)O)O	G6	Formose
CC(C(C(CO)(CO)O)O)O	G6	Formose
CC(C(C(CO)C(C)O)O)O	G6	Formose
CC(C(C(CO)C(CO)O)O)O	G6	Formose
CC(C(C(CO)CO)O)O	G6	Formose
CC(C(C(CO)N)N)O	G4	FormoseAmm
CC(C(C(CO)N)O)O	G4	FormoseAmm
CC(C(C(CO)O)O)O	G5	Formose
CC(C(CCO)(C(CO)O)O)O	G6	Formose
CC(C(CCO)O)O	G6	Formose
CC(C(CN)(C(CN)O)N)O	G4	FormoseAmm
CC(C(CN)(C(CN)O)O)O	G4	FormoseAmm
CC(C(CN)(CN)O)O	G4	FormoseAmm
CC(C(CN)O)N	G4	FormoseAmm
CC(C(CN)O)O	G4	FormoseAmm
CC(C(CO)(C(C)O)O)O	G5	Formose
CC(C(CO)(C(CCO)O)O)O	G5	Formose
CC(C(CO)(C(CN)N)O)O	G4	FormoseAmm
CC(C(CO)(C(CN)O)N)O	G4	FormoseAmm
CC(C(CO)(C(CN)O)O)O	G4	FormoseAmm
CC(C(CO)(C(CO)CO)O)O	G6	Formose
CC(C(CO)(C(CO)N)O)O	G4	FormoseAmm
CC(C(CO)(CCCO)O)O	G6	Formose
CC(C(CO)(CCO)O)O	G5	Formose
CC(C(CO)(CN)N)O	G4	FormoseAmm
CC(C(CO)(CN)O)O	G4	FormoseAmm
CC(C(CO)(CO)C(C)O)O	G6	Formose
CC(C(CO)(CO)C(CO)O)O	G6	Formose
CC(C(CO)(CO)CCO)O	G6	Formose
CC(C(CO)(CO)CO)O	G6	Formose
CC(C(CO)(CO)N)O	G4	FormoseAmm
CC(C(CO)C(C(CO)O)O)O	G5	Formose
CC(C(CO)C(C)O)O	G5	Formose
CC(C(CO)C(CCO)O)O	G5	Formose
CC(C(CO)C(CO)(CO)O)O	G5	Formose
CC(C(CO)C(CO)O)O	G5	Formose
CC(C(CO)CCCO)O	G6	Formose
CC(C(CO)CCO)O	G6	Formose
CC(C(CO)CO)O	G5	Formose
CC(C(CO)N)O	G4	FormoseAmm
CC(C(CO)O)(C(C(C)O)O)O	G6	Formose
CC(C(CO)O)(C(C)(CO)O)O	G6	Formose
CC(C(CO)O)(C(CCO)O)O	G6	Formose
CC(C(CO)O)(C(CN)N)O	G4	GlucoseAmm
CC(C(CO)O)(C(CN)O)O	G4	GlucoseAmm
CC(C(CO)O)(C(CO)CO)O	G5	Formose
CC(C(CO)O)(C(CO)O)O	G5	Formose
CC(C(CO)O)N	G4	FormoseAmm
CC(C1C(C(C(O)O1)CO)O)O	G5	Formose
CC(CC(C(C(CO)O)O)O)O	G5	Formose
CC(CC(C(C)(CO)O)O)O	G6	Formose
CC(CC(C(CO)(CO)O)O)O	G5	Formose
CC(CC(C(CO)CO)O)O	G5	Formose
CC(CC(C(CO)O)O)O	G5	Formose
CC(CC(CCCO)O)O	G6	Formose
CC(CC(CCO)O)O	G5	Formose
CC(CC(CO)(C(CO)O)O)O	G6	Formose
CC(CC(CO)(CCO)O)O	G6	Formose
CC(CC(CO)O)(C(CO)O)O	G6	Formose
CC(CC(CO)O)O	G6	Formose
CC(CCCO)(C(CO)O)O	G6	Formose
CC(CCO)(C(C(CO)O)O)O	G6	Formose
CC(CCO)(C(CCO)O)O	G6	Formose
CC(CCO)(C(CO)(CO)O)O	G6	Formose
CC(CCO)(C(CO)O)O	G5	Formose
CC(CCO)(CCCO)O	G6	Formose
CC(CCO)C(C(CO)O)O	G6	Formose
CC(CCO)C(CCO)O	G6	Formose
CC(CCO)C(CO)(CO)O	G6	Formose
CC(CCO)C(CO)CO	G6	Formose
CC(CCO)C(CO)O	G6	Formose
CC(CO)(C(C(C(C)O)O)O)O	G6	Formose
CC(CO)(C(C(C)O)O)O	G6	Formose
CC(CO)(C(C(CCO)O)O)O	G6	Formose
CC(CO)(C(C(CO)CO)O)O	G6	Formose
CC(CO)(C(C(CO)O)O)O	G5	Formose
CC(CO)(C(C)(CO)O)O	G6	Formose
CC(CO)(C(C)O)O	G6	Formose
CC(CO)(C(CC(CO)O)O)O	G6	Formose
CC(CO)(C(CCO)O)O	G6	Formose
CC(CO)(C(CN)N)O	G4	GlucoseAmm
CC(CO)(C(CN)O)O	G4	GlucoseAmm
CC(CO)(C(CO)(C(C)O)O)O	G5	Formose
CC(CO)(C(CO)(CCO)O)O	G5	Formose
CC(CO)(C(CO)(CO)CO)O	G6	Formose
CC(CO)(C(CO)(CO)O)O	G5	Formose
CC(CO)(C(CO)C(C)O)O	G5	Formose
CC(CO)(C(CO)C(CO)O)O	G5	Formose
CC(CO)(C(CO)CO)O	G5	Formose
CC(CO)(C(CO)O)O	G5	Formose
CC(CO)(CC(C(CO)O)O)O	G6	Formose
CC(CO)(CC(CCO)O)O	G6	Formose
CC(CO)(CCO)O	G5	Formose
CC(CO)(CO)O	G6	Formose
CC1(C(C(C(C1CO)O)O)O)O	G6	Formose
CC1(C(C(C(CCO)O1)O)O)O	G5	Formose
CC1(C(C(C(CN)O1)N)O)O	G4	GlucoseAmm
CC1(C(C(C(CN)O1)O)O)O	G4	GlucoseAmm
CC1(C(C(C(CO)C1O)O)O)O	G6	Formose
CC1(C(C(C(CO1)O)N)O)O	G4	GlucoseAmm
CC1(C(C(C(CO1)O)O)N)O	G4	GlucoseAmm
CC1(C(C(CC1(CO)O)O)O)O	G6	Formose
CC1(C(C(CO)C(CO)O1)O)O	G6	Formose
CC1(C(C(O)OCC1CO)O)O	G6	Formose
CC1(C(CC(C1(CO)O)O)O)O	G6	Formose
CC1(C(CC(C1CO)O)O)O	G6	Formose
CC1(C(CCO)OC(C1O)O)O	G6	Formose
CC1(C(CO)(O)OCC1CO)O	G6	Formose
CC1(C(CO)C(C(CO)O1)O)O	G6	Formose
CC1(C(CO)OC(C1CO)O)O	G5	Formose
CC1(C(CO)OC(C1N)O)O	G4	GlucoseAmm
CC1(C(COC(C1CO)O)O)O	G5	Formose
CC1(C(COC(C1N)O)O)O	G4	GlucoseAmm
CC1(C(COC1(C(C)O)O)O)O	G6	Formose
CC1(C(O)OC(C)C1CO)O	G6	Formose
CC1(C(O)OC(CCO)C1O)O	G6	Formose
CC1(C(O)OC(CO)C1CO)O	G6	Formose
CC1(C(O)OCC(C1CO)O)O	G6	Formose
CC1(C(O)OCC(CO)C1O)O	G6	Formose
CC1(C(O)OCC1C(C)O)O	G6	Formose
CC1(C(O)OCC1C(CO)O)O	G6	Formose
CC1(C(O)OCC1CO)O	G6	Formose
CC1(CC(C(CO)(C1O)O)O)O	G6	Formose
CC1(CC(C(CO)C1O)O)O	G6	Formose
CC1(CC(O)OCC1(CO)O)O	G6	Formose
CC1(CCOC(C1(CO)O)O)O	G6	Formose
CC1C(C(C(C(O)O1)CO)O)O	G5	Formose
CC1C(C(C(O)O1)(CCO)O)O	G6	Formose
CC1C(CO)(C(C(O)O1)CO)O	G6	Formose
CC1C(CO)(CO)C(C(O)O1)O	G6	Formose
CC1C(CO)C(C(C(O)O1)O)O	G6	Formose
CC1C(CO)C(C(O)O1)(CO)O	G6	Formose
CC1C(CO)C(C(O)O1)O	G5	Formose
