Index,dG_prime_kJ_mol,sigma_kJ_mol,estimable,spontaneous_point,spontaneous_95
5_0,-32.6190285176441,2.086396448326868,True,True,True
5_1,-32.6190285176441,2.086396448326868,True,True,True
7_0,-16.392518396181572,3.1212394294733836,True,True,True
7_1,-16.392518396181572,3.1212394294733836,True,True,True
8_0,0.0,0.0,True,False,False
10_0,-22.088400888768632,2.3742801700159384,True,True,True
13_0,-81.69411974308608,4.250785827015578,True,True,True
13_1,-81.69411974308608,4.250785827015578,True,True,True
15_0,-71.8144330059626,2.6739030734104774,True,True,True
17_0,-96.78248684657336,4.024979471400409,True,True,True
19_0,-17.45074851296522,4.104434803922337,True,True,True
19_1,-17.45074851296522,4.104434803922337,True,True,True
21_0,-17.450765806758568,4.104434803922337,True,True,True
21_1,-17.450765806758568,4.104434803922337,True,True,True
23_0,-31.28014540603749,7.931452637419445,True,True,True
23_1,-31.28014540603749,7.931452637419445,True,True,True
25_0,-36.70088797004945,4.24864687626601,True,True,True
25_1,-36.70088797004945,4.24864687626601,True,True,True
27_0,-13.368871766766233,1.6477739594969991,True,True,True
27_1,-13.368871766766233,1.6477739594969991,True,True,True
29_0,-13.368889060559695,1.6477739594969991,True,True,True
29_1,-13.368889060559695,1.6477739594969991,True,True,True
31_0,-27.201272165950343,4.208735624532944,True,True,True
31_1,-27.201272165950343,4.208735624532944,True,True,True
33_0,-20.474395142380445,4.310594307934472,True,True,True
33_1,-20.474395142380445,4.310594307934472,True,True,True
35_0,80.85554143820622,1.9515616981747783,True,False,False
36_0,32.61902851764407,2.086396448326868,True,False,False
36_1,32.61902851764407,2.086396448326868,True,False,False
37_0,16.392518396181572,3.1212394294733836,True,False,False
37_1,16.392518396181572,3.1212394294733836,True,False,False
39_0,-2.178034142106867,2.230014295891439,True,True,False
41_0,-2.0014766670836934,0.46843488369744113,True,True,True
43_0,-34.321839540379074,3.0176933348734756,True,True,True
45_0,-34.32185683417248,3.017693334873476,True,True,True
47_0,-34.898579526252774,3.7145914954722428,True,True,True
49_0,-34.89859682004629,3.714591495472243,True,True,True
51_0,-35.34404400828552,3.367528679376491,True,True,True
53_0,-74.2316140820929,2.771455541399321,True,True,True
55_0,-68.79081458200073,2.1230413805936985,True,True,True
57_0,-57.0348904749508,3.4724289946848903,True,True,True
59_0,-74.00821174053053,3.4527678450068495,True,True,True
61_0,-74.0082371522567,3.4527678450068495,True,True,True
63_0,-75.53795549339458,3.9934904562856346,True,True,True
65_0,-7.704122220141926,1.0089001392175116,True,True,True
65_1,-7.704122220141926,1.0089001392175116,True,True,True
67_0,-21.536522619326206,4.0533414104314325,True,True,True
67_1,-21.536522619326206,4.0533414104314325,True,True,True
69_0,-21.536539913119555,4.0533414104314325,True,True,True
69_1,-21.536539913119555,4.0533414104314325,True,True,True
71_0,-26.954261677226327,1.5999741265311842,True,True,True
71_1,-26.954261677226327,1.5999741265311842,True,True,True
73_0,-26.954278971019903,1.5999741265311844,True,True,True
73_1,-26.954278971019903,1.5999741265311844,True,True,True
74_0,-10.727768849557378,1.7581471621982618,True,True,True
74_1,-10.727768849557378,1.7581471621982618,True,True,True
76_0,-10.72778614335084,1.7581471621982618,True,True,True
76_1,-10.72778614335084,1.7581471621982618,True,True,True
78_0,9.405363266415236,1.8417947080684132,True,False,False
80_0,371.9105916791822,100000.00009190453,False,False,False
82_0,358.07820932759165,100000.00017511702,False,False,False
83_0,-9.844753411601374,2.255297363007269,True,True,True
84_0,6.381731298135037,2.319327233518381,True,False,False
86_0,-39.0128030198986,1.2616238877207056,True,True,True
88_0,-47.04709570379197,1.9640235972640687,True,True,True
90_0,-41.014262475200894,1.24685410860712,True,True,True
92_0,-39.01282031369203,1.2616238877207056,True,True,True
94_0,-41.014262475200894,1.24685410860712,True,True,True
96_0,-102.67189883701411,7.970492757049206,True,True,True
98_0,-43.233938083918844,1.75662726549929,True,True,True
100_0,-32.32039737887021,2.9998942193514497,True,True,True
102_0,-25.59353764909372,3.0381325905467325,True,True,True
104_0,-18.306684057380266,1.6921913095099497,True,True,True
106_0,-26.170277634967533,3.7463383074112966,True,True,True
108_0,-1.6043342941511582,1.8237228261692395,True,True,False
110_0,-64.42982500818505,3.4865494229242406,True,True,True
110_1,-64.42982500818505,3.4865494229242406,True,True,True
112_0,-41.823150579228695,3.1324940670495347,True,True,True
112_1,-41.823150579228695,3.1324940670495347,True,True,True
114_0,-48.39980747222586,3.7168095475321596,True,True,True
114_1,-48.39980747222586,3.7168095475321596,True,True,True
116_0,-6.124141954711035,1.3032675159556373,True,True,True
118_0,-3.61838270136775,0.936185355219498,True,True,True
118_1,-3.61838270136775,0.936185355219498,True,True,True
120_0,-4.312409202553113,1.6682331887911208,True,True,True
122_0,-6.1241419547109786,1.3032675159556373,True,True,True
124_0,-10.168650450546465,2.2777092047535747,True,True,True
124_1,-10.168650450546465,2.2777092047535747,True,True,True
126_0,-10.342256218826037,0.8681795068803961,True,True,True
126_1,-10.342256218826037,0.8681795068803961,True,True,True
128_0,-3.6153791952559686,0.9361853552194981,True,True,True
128_1,-3.6153791952559686,0.9361853552194981,True,True,True
130_0,-3.6153791952560823,0.9361853552194982,True,True,True
130_1,-3.6153791952560823,0.9361853552194982,True,True,True
132_0,-3.618382701368091,0.9361853552194983,True,True,True
132_1,-3.618382701368091,0.9361853552194983,True,True,True
134_0,-4.312409202553454,1.6682331887911206,True,True,True
136_0,-3.6183827013679775,0.9361853552194984,True,True,True
136_1,-3.6183827013679775,0.9361853552194984,True,True,True
138_0,-3.6183827013679775,0.9361853552194984,True,True,True
138_1,-3.6183827013679775,0.9361853552194984,True,True,True
140_0,-3.6183827013679775,0.9361853552194984,True,True,True
140_1,-3.6183827013679775,0.9361853552194984,True,True,True
142_0,-10.345259724937932,0.8681795068803964,True,True,True
142_1,-10.345259724937932,0.8681795068803964,True,True,True
144_0,51.31237663687534,7.846747975506773,True,False,False
146_0,-6.124141954711263,1.3032675159556373,True,True,True
148_0,-6.124141954711035,1.3032675159556373,True,True,True
150_0,-3.6183827013678638,0.9361853552194982,True,True,True
150_1,-3.6183827013678638,0.9361853552194982,True,True,True
152_0,-4.31240920255334,1.6682331887911208,True,True,True
154_0,-6.124141954711149,1.3032675159556373,True,True,True
156_0,-3.6183827013679775,0.9361853552194983,True,True,True
156_1,-3.6183827013679775,0.9361853552194983,True,True,True
158_0,-4.312409202553454,1.6682331887911208,True,True,True
160_0,-6.124141954711035,1.3032675159556373,True,True,True
162_0,-10.168772879174526,2.2777092047535747,True,True,True
162_1,-10.168772879174526,2.2777092047535747,True,True,True
164_0,-10.345225219362987,0.8681795068803962,True,True,True
164_1,-10.345225219362987,0.8681795068803962,True,True,True
166_0,-10.345259724937875,0.8681795068803962,True,True,True
166_1,-10.345259724937875,0.8681795068803962,True,True,True
168_0,-3.6183827013680343,0.9361853552194979,True,True,True
168_1,-3.6183827013680343,0.9361853552194979,True,True,True
170_0,-3.6183827013680343,0.9361853552194979,True,True,True
170_1,-3.6183827013680343,0.9361853552194979,True,True,True
172_0,-10.345259724937819,0.8681795068803962,True,True,True
172_1,-10.345259724937819,0.8681795068803962,True,True,True
174_0,-3.6183827013679775,0.936185355219498,True,True,True
174_1,-3.6183827013679775,0.936185355219498,True,True,True
176_0,-3.6183827013680343,0.9361853552194981,True,True,True
176_1,-3.6183827013680343,0.9361853552194981,True,True,True
178_0,-3.6183827013679775,0.9361853552194982,True,True,True
178_1,-3.6183827013679775,0.9361853552194982,True,True,True
180_0,-3.6183827013679206,0.9361853552194981,True,True,True
180_1,-3.6183827013679206,0.9361853552194981,True,True,True
182_0,-4.3124136477542265,1.6682331887911208,True,True,True
184_0,-3.6183827013679775,0.936185355219498,True,True,True
184_1,-3.6183827013679775,0.936185355219498,True,True,True
186_0,-3.6183827013678638,0.936185355219498,True,True,True
186_1,-3.6183827013678638,0.936185355219498,True,True,True
188_0,-3.6183827013679775,0.936185355219498,True,True,True
188_1,-3.6183827013679775,0.936185355219498,True,True,True
190_0,-10.345259724937819,0.8681795068803961,True,True,True
190_1,-10.345259724937819,0.8681795068803961,True,True,True
192_0,51.31237663687534,7.846747975506774,True,False,False
193_0,-6.124141954711149,1.3032675159556373,True,True,True
195_0,-3.6183827013679206,0.9361853552194982,True,True,True
195_1,-3.6183827013679206,0.9361853552194982,True,True,True
197_0,-5.349496097437054,4.430236859194969,True,True,False
197_1,-5.349496097437054,4.430236859194969,True,True,False
199_0,-5.5261053718287485,2.3147290056389114,True,True,True
199_1,-5.5261053718287485,2.3147290056389114,True,True,True
201_0,-5.5261053718287485,2.3147290056389114,True,True,True
201_1,-5.5261053718287485,2.3147290056389114,True,True,True
203_0,1.2007716517412064,2.4432573372773336,True,False,False
203_1,1.2007716517412064,2.4432573372773336,True,False,False
205_0,-10.168650450546238,2.277709204753575,True,True,True
205_1,-10.168650450546238,2.277709204753575,True,True,True
207_0,1.2007716517414337,2.443257337277333,True,False,False
207_1,1.2007716517414337,2.443257337277333,True,False,False
209_0,-10.168650450546352,2.2777092047535747,True,True,True
209_1,-10.168650450546352,2.2777092047535747,True,True,True
211_0,1.2007716517414337,2.443257337277333,True,False,False
211_1,1.2007716517414337,2.443257337277333,True,False,False
213_0,-3.883491790711332,2.7625278528380197,True,True,False
213_1,-3.883491790711332,2.7625278528380197,True,True,False
215_0,-8.526180710032747,2.738337399179416,True,True,True
215_1,-8.526180710032747,2.738337399179416,True,True,True
217_0,0.5067451505559575,2.768712445009744,True,False,False
219_0,-5.526105371828635,2.3147290056389114,True,True,True
219_1,-5.526105371828635,2.3147290056389114,True,True,True
221_0,-10.168650450546238,2.277709204753575,True,True,True
221_1,-10.168650450546238,2.277709204753575,True,True,True
223_0,1.20077165174132,2.443257337277333,True,False,False
223_1,1.20077165174132,2.443257337277333,True,False,False
225_0,-10.168650450546352,2.277709204753575,True,True,True
225_1,-10.168650450546352,2.277709204753575,True,True,True
227_0,-10.168650450546352,2.277709204753575,True,True,True
227_1,-10.168650450546352,2.277709204753575,True,True,True
229_0,1.20077165174132,2.4432573372773336,True,False,False
229_1,1.20077165174132,2.4432573372773336,True,False,False
231_0,-10.168650450546238,2.277709204753575,True,True,True
231_1,-10.168650450546238,2.277709204753575,True,True,True
233_0,-5.526105371828635,2.3147290056389114,True,True,True
233_1,-5.526105371828635,2.3147290056389114,True,True,True
235_0,1.20077165174132,2.443257337277333,True,False,False
235_1,1.20077165174132,2.443257337277333,True,False,False
237_0,-5.526105371828635,2.3147290056389114,True,True,True
237_1,-5.526105371828635,2.3147290056389114,True,True,True
239_0,47.09874896999963,8.132424962205524,True,False,False
239_1,47.09874896999963,8.132424962205524,True,False,False
241_0,51.74129404871735,8.07424124921241,True,False,False
241_1,51.74129404871735,8.07424124921241,True,False,False
243_0,56.131530989984526,8.082730588047635,True,False,False
245_0,-10.337821847703935,2.609941478027454,True,True,True
245_1,-10.337821847703935,2.609941478027454,True,True,True
247_0,-1.3049876016018516,2.693447566201233,True,True,False
249_0,-24.759103757909998,4.508128223999744,True,True,True
249_1,-24.759103757909998,4.508128223999744,True,True,True
251_0,-10.345225219362987,0.8681795068803964,True,True,True
251_1,-10.345225219362987,0.8681795068803964,True,True,True
253_0,1.0241968829246844,1.1713947853498272,True,False,False
253_1,1.0241968829246844,1.1713947853498272,True,False,False
255_0,-4.060066559527968,1.7604600103891528,True,True,True
255_1,-4.060066559527968,1.7604600103891528,True,True,True
257_0,-8.702611638245685,1.7384398154743295,True,True,True
257_1,-8.702611638245685,1.7384398154743295,True,True,True
259_0,0.3301703817392081,1.6667752591485727,True,False,False
261_0,-10.514344390403494,1.492997793219341,True,True,True
261_1,-10.514344390403494,1.492997793219341,True,True,True
263_0,-1.4815623704184873,1.5035283717912562,True,True,False
265_0,-10.514378895978439,1.492997793219341,True,True,True
265_1,-10.514378895978439,1.492997793219341,True,True,True
267_0,-3.787501872408484,1.547302810318192,True,True,True
267_1,-3.787501872408484,1.547302810318192,True,True,True
269_0,-3.787501872408484,1.547302810318192,True,True,True
269_1,-3.787501872408484,1.547302810318192,True,True,True
271_0,-1.4815968759933185,1.5035283717912562,True,True,False
273_0,-6.124141954711149,1.3032675159556375,True,True,True
275_0,-5.699711140108207,0.9315174901663511,True,True,True
275_1,-5.699711140108207,0.9315174901663511,True,True,True
277_0,1.0271658834616346,1.1713947853498272,True,False,False
277_1,1.0271658834616346,1.1713947853498272,True,False,False
279_0,-10.342256218825923,0.8681795068803962,True,True,True
279_1,-10.342256218825923,0.8681795068803962,True,True,True
281_0,-3.6153791952560255,0.936185355219498,True,True,True
281_1,-3.6153791952560255,0.936185355219498,True,True,True
283_0,1.0271658834617483,1.171394785349827,True,False,False
283_1,1.0271658834617483,1.171394785349827,True,False,False
285_0,-10.345259724937932,0.8681795068803962,True,True,True
285_1,-10.345259724937932,0.8681795068803962,True,True,True
287_0,-3.6183827013679775,0.9361853552194981,True,True,True
287_1,-3.6183827013679775,0.9361853552194981,True,True,True
289_0,1.0241623773497395,1.1713947853498274,True,False,False
289_1,1.0241623773497395,1.1713947853498274,True,False,False
291_0,-4.060101065102913,1.7604600103891528,True,True,True
291_1,-4.060101065102913,1.7604600103891528,True,True,True
293_0,2.6667759584669284,1.899480783918514,True,False,False
293_1,2.6667759584669284,1.899480783918514,True,False,False
295_0,-8.70264614382063,1.7384398154743295,True,True,True
295_1,-8.70264614382063,1.7384398154743295,True,True,True
297_0,-1.9757691202507885,1.7746118580760597,True,True,False
297_1,-1.9757691202507885,1.7746118580760597,True,True,False
299_0,0.3301358761643769,1.6667752591485727,True,False,False
301_0,-5.702714646220102,0.9315174901663512,True,True,True
301_1,-5.702714646220102,0.9315174901663512,True,True,True
303_0,1.0241623773497395,1.1713947853498274,True,False,False
303_1,1.0241623773497395,1.1713947853498274,True,False,False
305_0,-10.345259724937819,0.868179506880396,True,True,True
305_1,-10.345259724937819,0.868179506880396,True,True,True
307_0,-3.6183827013678638,0.9361853552194979,True,True,True
307_1,-3.6183827013678638,0.9361853552194979,True,True,True
309_0,1.0241623773497395,1.1713947853498274,True,False,False
309_1,1.0241623773497395,1.1713947853498274,True,False,False
311_0,-10.345259724937819,0.8681795068803962,True,True,True
311_1,-10.345259724937819,0.8681795068803962,True,True,True
313_0,-3.6183827013679775,0.9361853552194981,True,True,True
313_1,-3.6183827013679775,0.9361853552194981,True,True,True
315_0,-10.345259724937819,0.8681795068803962,True,True,True
315_1,-10.345259724937819,0.8681795068803962,True,True,True
317_0,-3.6183827013679775,0.9361853552194981,True,True,True
317_1,-3.6183827013679775,0.9361853552194981,True,True,True
319_0,1.0241623773498532,1.1713947853498274,True,False,False
319_1,1.0241623773498532,1.1713947853498274,True,False,False
321_0,-10.345259724937819,0.868179506880396,True,True,True
321_1,-10.345259724937819,0.868179506880396,True,True,True
323_0,-3.6183827013678638,0.9361853552194979,True,True,True
323_1,-3.6183827013678638,0.9361853552194979,True,True,True
325_0,-5.702714646220102,0.9315174901663512,True,True,True
325_1,-5.702714646220102,0.9315174901663512,True,True,True
327_0,1.0241623773497395,1.1713947853498274,True,False,False
327_1,1.0241623773497395,1.1713947853498274,True,False,False
329_0,1.0241623773497395,1.1713947853498274,True,False,False
329_1,1.0241623773497395,1.1713947853498274,True,False,False
331_0,-5.702714646220102,0.9315174901663512,True,True,True
331_1,-5.702714646220102,0.9315174901663512,True,True,True
333_0,46.92213969560828,7.855423048310644,True,False,False
333_1,46.92213969560828,7.855423048310644,True,False,False
335_0,53.64901671917812,7.863211735521665,True,False,False
335_1,53.64901671917812,7.863211735521665,True,False,False
337_0,51.56468477432588,7.791577842946944,True,False,False
337_1,51.56468477432588,7.791577842946944,True,False,False
339_0,58.29156179789584,7.8238639020573295,True,False,False
339_1,58.29156179789584,7.8238639020573295,True,False,False
341_0,55.95492171559317,7.777567688041275,True,False,False
343_0,-10.514378895978496,1.4929977932193408,True,True,True
343_1,-10.514378895978496,1.4929977932193408,True,True,True
345_0,-3.7875018724085976,1.5473028103181918,True,True,True
345_1,-3.7875018724085976,1.5473028103181918,True,True,True
347_0,-1.4815968759934321,1.503528371791256,True,True,False
349_0,-24.932709526189683,4.002784032166092,True,True,True
349_1,-24.932709526189683,4.002784032166092,True,True,True
351_0,-18.20583250261984,4.104434803922337,True,True,True
351_1,-18.20583250261984,4.104434803922337,True,True,True
353_0,-3.6183827013679775,0.9361853552194981,True,True,True
353_1,-3.6183827013679775,0.9361853552194981,True,True,True
355_0,1.0241623773498532,1.1713947853498274,True,False,False
355_1,1.0241623773498532,1.1713947853498274,True,False,False
357_0,2.666775958467042,1.8994807839185137,True,False,False
357_1,2.666775958467042,1.8994807839185137,True,False,False
359_0,-1.9757691202506749,1.7746118580760595,True,True,False
359_1,-1.9757691202506749,1.7746118580760595,True,True,False
361_0,0.3301358761643769,1.6667752591485727,True,False,False
363_0,-3.787501872408484,1.5473028103181918,True,True,True
363_1,-3.787501872408484,1.5473028103181918,True,True,True
365_0,-1.4815968759934321,1.503528371791256,True,True,False
367_0,-3.6183827013680343,0.9361853552194982,True,True,True
367_1,-3.6183827013680343,0.9361853552194982,True,True,True
369_0,-3.6183827013680343,0.9361853552194982,True,True,True
369_1,-3.6183827013680343,0.9361853552194982,True,True,True
371_0,2.6667759584669852,1.899480783918514,True,False,False
371_1,2.6667759584669852,1.899480783918514,True,False,False
373_0,-1.9757691202507885,1.7746118580760597,True,True,False
373_1,-1.9757691202507885,1.7746118580760597,True,True,False
375_0,-4.312409202553397,1.6682331887911208,True,True,True
377_0,-3.7875018724085407,1.5473028103181918,True,True,True
377_1,-3.7875018724085407,1.5473028103181918,True,True,True
379_0,-6.124141954711149,1.3032675159556373,True,True,True
381_0,-18.205832502619614,4.104434803922337,True,True,True
381_1,-18.205832502619614,4.104434803922337,True,True,True
383_0,-6.124141954711035,1.3032675159556373,True,True,True
385_0,-3.6183827013679775,0.936185355219498,True,True,True
385_1,-3.6183827013679775,0.936185355219498,True,True,True
387_0,-4.312409202553454,1.6682331887911208,True,True,True
389_0,-6.124141954711149,1.3032675159556373,True,True,True
391_0,-6.124141954711035,1.3032675159556373,True,True,True
393_0,-3.6183827013679206,0.9361853552194981,True,True,True
393_1,-3.6183827013679206,0.9361853552194981,True,True,True
395_0,2.666775958467042,1.899480783918514,True,False,False
395_1,2.666775958467042,1.899480783918514,True,False,False
397_0,-1.9757691202506749,1.7746118580760595,True,True,False
397_1,-1.9757691202506749,1.7746118580760595,True,True,False
399_0,-4.31240920255334,1.6682331887911206,True,True,True
401_0,1.0241623773498532,1.1713947853498272,True,False,False
401_1,1.0241623773498532,1.1713947853498272,True,False,False
403_0,-3.6183827013678638,0.936185355219498,True,True,True
403_1,-3.6183827013678638,0.936185355219498,True,True,True
405_0,-3.6183827013678638,0.936185355219498,True,True,True
405_1,-3.6183827013678638,0.936185355219498,True,True,True
407_0,-3.6183827013678638,0.936185355219498,True,True,True
407_1,-3.6183827013678638,0.936185355219498,True,True,True
409_0,-3.6183827013678638,0.936185355219498,True,True,True
409_1,-3.6183827013678638,0.936185355219498,True,True,True
411_0,-3.6183827013678638,0.936185355219498,True,True,True
411_1,-3.6183827013678638,0.936185355219498,True,True,True
413_0,-3.6183827013678638,0.936185355219498,True,True,True
413_1,-3.6183827013678638,0.936185355219498,True,True,True
415_0,1.0241623773498532,1.1713947853498272,True,False,False
415_1,1.0241623773498532,1.1713947853498272,True,False,False
417_0,-3.6183827013678638,0.936185355219498,True,True,True
417_1,-3.6183827013678638,0.936185355219498,True,True,True
419_0,-10.345259724937819,0.8681795068803961,True,True,True
419_1,-10.345259724937819,0.8681795068803961,True,True,True
421_0,53.64901671917801,7.8632117355216655,True,False,False
421_1,53.64901671917801,7.8632117355216655,True,False,False
423_0,58.291561797895724,7.8238639020573295,True,False,False
423_1,58.291561797895724,7.8238639020573295,True,False,False
425_0,51.31237663687534,7.846747975506774,True,False,False
427_0,-3.787501872408484,1.5473028103181918,True,True,True
427_1,-3.787501872408484,1.5473028103181918,True,True,True
429_0,-6.124141954711149,1.3032675159556373,True,True,True
431_0,-18.208836008731623,4.104434803922337,True,True,True
431_1,-18.208836008731623,4.104434803922337,True,True,True
433_0,-3.6183827013679775,0.9361853552194983,True,True,True
433_1,-3.6183827013679775,0.9361853552194983,True,True,True
435_0,1.9727494572816795,3.093708857125764,True,False,False
437_0,-2.669802830703702,3.1004579375470596,True,True,False
439_0,0.3301358761644906,1.6667752591485725,True,False,False
441_0,-4.31240920255334,1.6682331887911208,True,True,True
443_0,2.666775958467042,1.899480783918514,True,False,False
443_1,2.666775958467042,1.899480783918514,True,False,False
445_0,-1.9757691202506749,1.7746118580760595,True,True,False
445_1,-1.9757691202506749,1.7746118580760595,True,True,False
447_0,-4.31240920255334,1.6682331887911208,True,True,True
449_0,-4.31240920255334,1.6682331887911208,True,True,True
451_0,2.666775958467042,1.899480783918514,True,False,False
451_1,2.666775958467042,1.899480783918514,True,False,False
453_0,-1.9757691202506749,1.7746118580760595,True,True,False
453_1,-1.9757691202506749,1.7746118580760595,True,True,False
455_0,-4.31240920255334,1.6682331887911208,True,True,True
457_0,0.3301358761644906,1.6667752591485725,True,False,False
459_0,2.666775958467042,1.899480783918514,True,False,False
459_1,2.666775958467042,1.899480783918514,True,False,False
461_0,-1.9757691202506749,1.7746118580760595,True,True,False
461_1,-1.9757691202506749,1.7746118580760595,True,True,False
463_0,-4.060101065102799,1.7604600103891528,True,True,True
463_1,-4.060101065102799,1.7604600103891528,True,True,True
465_0,-8.702646143820516,1.7384398154743292,True,True,True
465_1,-8.702646143820516,1.7384398154743292,True,True,True
467_0,52.95499021799276,8.004964579454704,True,False,False
469_0,57.597535296710475,7.9348358865891315,True,False,False
471_0,57.597535296710475,7.9348358865891315,True,False,False
473_0,52.95499021799276,8.004964579454704,True,False,False
475_0,-4.481528373593903,1.9741218776880205,True,True,True
477_0,0.1610167051238136,2.102927914227396,True,False,False
479_0,-4.481528373593903,1.9741218776880205,True,True,True
481_0,-18.9028625099171,4.28162861383182,True,True,True
483_0,-4.312409202553454,1.6682331887911208,True,True,True
485_0,-3.787501872408484,1.5473028103181918,True,True,True
485_1,-3.787501872408484,1.5473028103181918,True,True,True
487_0,-1.4815968759933185,1.503528371791256,True,True,False
489_0,-6.124141954711149,1.3032675159556373,True,True,True
491_0,-18.208836008731737,4.104434803922337,True,True,True
491_1,-18.208836008731737,4.104434803922337,True,True,True
493_0,-3.787501872408484,1.5473028103181918,True,True,True
493_1,-3.787501872408484,1.5473028103181918,True,True,True
495_0,-6.124141954711149,1.3032675159556373,True,True,True
497_0,-6.124141954711149,1.3032675159556373,True,True,True
499_0,-18.20883600873151,4.104434803922337,True,True,True
499_1,-18.20883600873151,4.104434803922337,True,True,True
501_0,-3.787501872408484,1.5473028103181918,True,True,True
501_1,-3.787501872408484,1.5473028103181918,True,True,True
503_0,-10.514378895978439,1.492997793219341,True,True,True
503_1,-10.514378895978439,1.492997793219341,True,True,True
505_0,-6.124141954711149,1.3032675159556373,True,True,True
507_0,-1.4815968759933185,1.503528371791256,True,True,False
509_0,-18.208836008731737,4.104434803922337,True,True,True
509_1,-18.208836008731737,4.104434803922337,True,True,True
511_0,-24.935713032301578,4.002784032166092,True,True,True
511_1,-24.935713032301578,4.002784032166092,True,True,True
513_0,51.143257465834836,7.939332079210447,True,False,False
515_0,51.143257465834836,7.939332079210447,True,False,False
517_0,55.78580254455255,7.904562609472392,True,False,False
519_0,36.7219233295117,8.635661450486094,True,False,False
521_0,-6.2932611257516555,2.597682457666115,True,True,True
523_0,-6.124141954711149,1.3032675159556373,True,True,True
525_0,-6.124141954711149,1.3032675159556373,True,True,True
527_0,-3.787501872408484,1.547302810318192,True,True,True
527_1,-3.787501872408484,1.547302810318192,True,True,True
529_0,-20.714595262074738,4.130347413055109,True,True,True
531_0,-6.124141954711035,1.3032675159556373,True,True,True
533_0,-10.168715929380937,2.277709204753575,True,True,True
533_1,-10.168715929380937,2.277709204753575,True,True,True
535_0,-10.345242431144356,0.8681795068803962,True,True,True
535_1,-10.345242431144356,0.8681795068803962,True,True,True
537_0,-3.6183654075744016,0.936185355219498,True,True,True
537_1,-3.6183654075744016,0.936185355219498,True,True,True
539_0,-3.6183654075744016,0.9361853552194982,True,True,True
539_1,-3.6183654075744016,0.9361853552194982,True,True,True
541_0,-3.6183654075744016,0.936185355219498,True,True,True
541_1,-3.6183654075744016,0.936185355219498,True,True,True
543_0,-4.312391908759878,1.6682331887911208,True,True,True
545_0,-3.6183654075744016,0.9361853552194979,True,True,True
545_1,-3.6183654075744016,0.9361853552194979,True,True,True
547_0,-3.6183654075744016,0.9361853552194981,True,True,True
547_1,-3.6183654075744016,0.9361853552194981,True,True,True
549_0,-3.6183654075744016,0.9361853552194979,True,True,True
549_1,-3.6183654075744016,0.9361853552194979,True,True,True
551_0,-10.345242431144356,0.8681795068803964,True,True,True
551_1,-10.345242431144356,0.8681795068803964,True,True,True
553_0,51.312393930668804,7.846747975506774,True,False,False
555_0,-6.12413079700093,1.3032675159556373,True,True,True
557_0,-3.6183827013678638,0.9361853552194982,True,True,True
557_1,-3.6183827013678638,0.9361853552194982,True,True,True
559_0,-4.31240920255334,1.6682331887911208,True,True,True
561_0,-6.124141954711149,1.3032675159556373,True,True,True
563_0,-17.44776230064656,4.104434803922337,True,True,True
563_1,-17.44776230064656,4.104434803922337,True,True,True
565_0,-17.447762300646843,4.104434803922338,True,True,True
565_1,-17.447762300646843,4.104434803922338,True,True,True
567_0,-17.447762300646673,4.104434803922337,True,True,True
567_1,-17.447762300646673,4.104434803922337,True,True,True
569_0,-17.447762300646787,4.104434803922337,True,True,True
569_1,-17.447762300646787,4.104434803922337,True,True,True
571_0,-17.450765806758625,4.104434803922337,True,True,True
571_1,-17.450765806758625,4.104434803922337,True,True,True
573_0,-12.631611453649384,4.678630998955075,True,True,True
573_1,-12.631611453649384,4.678630998955075,True,True,True
575_0,-24.00103355593717,4.508128223999743,True,True,True
575_1,-24.00103355593717,4.508128223999743,True,True,True
577_0,-12.80818622246602,4.174389876468349,True,True,True
577_1,-12.80818622246602,4.174389876468349,True,True,True
579_0,-24.17760832475369,4.002784032166092,True,True,True
579_1,-24.17760832475369,4.002784032166092,True,True,True
581_0,-12.805217221928899,4.174389876468348,True,True,True
581_1,-12.805217221928899,4.174389876468348,True,True,True
583_0,-17.447762300646673,4.104434803922337,True,True,True
583_1,-17.447762300646673,4.104434803922337,True,True,True
585_0,-24.17463932421657,4.002784032166093,True,True,True
585_1,-24.17463932421657,4.002784032166093,True,True,True
587_0,-17.447762300646673,4.104434803922337,True,True,True
587_1,-17.447762300646673,4.104434803922337,True,True,True
589_0,-17.447762300646673,4.104434803922337,True,True,True
589_1,-17.447762300646673,4.104434803922337,True,True,True
591_0,-12.805217221929013,4.174389876468349,True,True,True
591_1,-12.805217221929013,4.174389876468349,True,True,True
593_0,-24.174639324216685,4.002784032166093,True,True,True
593_1,-24.174639324216685,4.002784032166093,True,True,True
595_0,-17.447762300646787,4.104434803922338,True,True,True
595_1,-17.447762300646787,4.104434803922338,True,True,True
597_0,-12.805217221928956,4.174389876468349,True,True,True
597_1,-12.805217221928956,4.174389876468349,True,True,True
599_0,-17.447762300646787,4.104434803922337,True,True,True
599_1,-17.447762300646787,4.104434803922337,True,True,True
601_0,-17.447762300646843,4.104434803922337,True,True,True
601_1,-17.447762300646843,4.104434803922337,True,True,True
603_0,-17.447762300646843,4.104434803922337,True,True,True
603_1,-17.447762300646843,4.104434803922337,True,True,True
605_0,-17.45076580675868,4.104434803922337,True,True,True
605_1,-17.45076580675868,4.104434803922337,True,True,True
607_0,-17.450765806758568,4.104434803922337,True,True,True
607_1,-17.450765806758568,4.104434803922337,True,True,True
609_0,-17.450765806758568,4.104434803922337,True,True,True
609_1,-17.450765806758568,4.104434803922337,True,True,True
611_0,-11.165607146923662,4.412912455451556,True,True,True
611_1,-11.165607146923662,4.412912455451556,True,True,True
613_0,-15.80815222564138,4.351045079119814,True,True,True
613_1,-15.80815222564138,4.351045079119814,True,True,True
615_0,-18.144792307943987,4.28162861383182,True,True,True
617_0,-12.808220728040965,4.174389876468349,True,True,True
617_1,-12.808220728040965,4.174389876468349,True,True,True
619_0,-17.45076580675868,4.104434803922337,True,True,True
619_1,-17.45076580675868,4.104434803922337,True,True,True
621_0,-17.45076580675868,4.104434803922337,True,True,True
621_1,-17.45076580675868,4.104434803922337,True,True,True
623_0,-17.45076580675868,4.104434803922337,True,True,True
623_1,-17.45076580675868,4.104434803922337,True,True,True
625_0,-17.45076580675868,4.104434803922337,True,True,True
625_1,-17.45076580675868,4.104434803922337,True,True,True
627_0,-17.45076580675868,4.104434803922337,True,True,True
627_1,-17.45076580675868,4.104434803922337,True,True,True
629_0,-17.45076580675868,4.104434803922337,True,True,True
629_1,-17.45076580675868,4.104434803922337,True,True,True
631_0,-12.808220728040965,4.174389876468349,True,True,True
631_1,-12.808220728040965,4.174389876468349,True,True,True
633_0,-17.45076580675868,4.104434803922337,True,True,True
633_1,-17.45076580675868,4.104434803922337,True,True,True
635_0,-24.177642830328637,4.002784032166093,True,True,True
635_1,-24.177642830328637,4.002784032166093,True,True,True
637_0,39.8166336137873,8.664080915656728,True,False,False
637_1,39.8166336137873,8.664080915656728,True,False,False
639_0,44.45917869250502,8.633218908994056,True,False,False
639_1,44.45917869250502,8.633218908994056,True,False,False
641_0,37.47999353148464,8.635661450486092,True,False,False
643_0,-17.619884977799188,4.241275037098379,True,True,True
643_1,-17.619884977799188,4.241275037098379,True,True,True
645_0,-19.956525060101796,4.130347413055109,True,True,True
647_0,-17.447762300646673,4.104434803922337,True,True,True
647_1,-17.447762300646673,4.104434803922337,True,True,True
649_0,-17.447762300646673,4.104434803922337,True,True,True
649_1,-17.447762300646673,4.104434803922337,True,True,True
651_0,-17.447762300646673,4.104434803922337,True,True,True
651_1,-17.447762300646673,4.104434803922337,True,True,True
653_0,-32.038215608010375,7.931452637419446,True,True,True
653_1,-32.038215608010375,7.931452637419446,True,True,True
655_0,-17.447762300646787,4.104434803922337,True,True,True
655_1,-17.447762300646787,4.104434803922337,True,True,True
656_0,-29.418807119412122,2.657505336672233,True,True,True
656_1,-29.418807119412122,2.657505336672233,True,True,True
658_0,-29.595347382653927,1.428166683547855,True,True,True
658_1,-29.595347382653927,1.428166683547855,True,True,True
659_0,-29.595381888228758,1.428166683547855,True,True,True
659_1,-29.595381888228758,1.428166683547855,True,True,True
661_0,-22.868504864658803,1.51455854510947,True,True,True
661_1,-22.868504864658803,1.51455854510947,True,True,True
663_0,-22.868504864658803,1.51455854510947,True,True,True
663_1,-22.868504864658803,1.51455854510947,True,True,True
665_0,-22.86850486465869,1.51455854510947,True,True,True
665_1,-22.86850486465869,1.51455854510947,True,True,True
667_0,-22.86850486465869,1.51455854510947,True,True,True
667_1,-22.86850486465869,1.51455854510947,True,True,True
668_0,-29.5953818882287,1.428166683547855,True,True,True
668_1,-29.5953818882287,1.428166683547855,True,True,True
670_0,-22.868504864658746,1.51455854510947,True,True,True
670_1,-22.868504864658746,1.51455854510947,True,True,True
672_0,-22.868504864658973,1.51455854510947,True,True,True
672_1,-22.868504864658973,1.51455854510947,True,True,True
674_0,-22.868504864658803,1.5145585451094703,True,True,True
674_1,-22.868504864658803,1.5145585451094703,True,True,True
676_0,-22.868504864658803,1.5145585451094703,True,True,True
676_1,-22.868504864658803,1.5145585451094703,True,True,True
677_0,-23.562531365844222,2.1775227247189135,True,True,True
679_0,-22.868504864658803,1.5145585451094703,True,True,True
679_1,-22.868504864658803,1.5145585451094703,True,True,True
681_0,-22.868504864658917,1.5145585451094703,True,True,True
681_1,-22.868504864658917,1.5145585451094703,True,True,True
683_0,-22.868504864658803,1.5145585451094703,True,True,True
683_1,-22.868504864658803,1.5145585451094703,True,True,True
685_0,-29.595381888228758,1.428166683547855,True,True,True
685_1,-29.595381888228758,1.428166683547855,True,True,True
687_0,32.06225447358452,7.999489804425166,True,False,False
689_0,-25.37426411800203,2.030710607982847,True,True,True
691_0,-22.86850486465886,1.5145585451094703,True,True,True
691_1,-22.86850486465886,1.5145585451094703,True,True,True
693_0,-22.86850486465869,1.51455854510947,True,True,True
693_1,-22.86850486465869,1.51455854510947,True,True,True
695_0,-13.368889060559582,1.6477739594969996,True,True,True
695_1,-13.368889060559582,1.6477739594969996,True,True,True
697_0,-13.368889060559809,1.6477739594969993,True,True,True
697_1,-13.368889060559809,1.6477739594969993,True,True,True
699_0,-13.368889060559809,1.6477739594969993,True,True,True
699_1,-13.368889060559809,1.6477739594969993,True,True,True
701_0,-13.368889060559695,1.6477739594969996,True,True,True
701_1,-13.368889060559695,1.6477739594969996,True,True,True
703_0,-13.368889060559809,1.6477739594969991,True,True,True
703_1,-13.368889060559809,1.6477739594969991,True,True,True
705_0,-8.549734707450511,2.7486287189503757,True,True,True
705_1,-8.549734707450511,2.7486287189503757,True,True,True
707_0,-13.192348633423649,2.648478869309342,True,True,True
707_1,-13.192348633423649,2.648478869309342,True,True,True
709_0,-8.726309476267033,1.788758386492965,True,True,True
709_1,-8.726309476267033,1.788758386492965,True,True,True
711_0,-13.36885455498475,1.6477739594969993,True,True,True
711_1,-13.36885455498475,1.6477739594969993,True,True,True
713_0,-8.726343981841865,1.7887583864929648,True,True,True
713_1,-8.726343981841865,1.7887583864929648,True,True,True
715_0,-13.368889060559582,1.6477739594969993,True,True,True
715_1,-13.368889060559582,1.6477739594969993,True,True,True
717_0,-13.368889060559582,1.6477739594969993,True,True,True
717_1,-13.368889060559582,1.6477739594969993,True,True,True
719_0,-6.642012036989627,1.6975067197675469,True,True,True
719_1,-6.642012036989627,1.6975067197675469,True,True,True
721_0,-6.642012036989627,1.6975067197675469,True,True,True
721_1,-6.642012036989627,1.6975067197675469,True,True,True
723_0,-8.726343981841978,1.7887583864929646,True,True,True
723_1,-8.726343981841978,1.7887583864929646,True,True,True
725_0,-13.368889060559809,1.6477739594969991,True,True,True
725_1,-13.368889060559809,1.6477739594969991,True,True,True
727_0,-6.642012036989854,1.6975067197675466,True,True,True
727_1,-6.642012036989854,1.6975067197675466,True,True,True
729_0,-8.726343981841865,1.7887583864929648,True,True,True
729_1,-8.726343981841865,1.7887583864929648,True,True,True
731_0,-6.64201203698974,1.6975067197675466,True,True,True
731_1,-6.64201203698974,1.6975067197675466,True,True,True
733_0,-13.368889060559752,1.6477739594969993,True,True,True
733_1,-13.368889060559752,1.6477739594969993,True,True,True
735_0,-6.642012036989854,1.6975067197675469,True,True,True
735_1,-6.642012036989854,1.6975067197675469,True,True,True
737_0,-13.368889060559695,1.6477739594969993,True,True,True
737_1,-13.368889060559695,1.6477739594969993,True,True,True
739_0,-13.368889060559695,1.6477739594969993,True,True,True
739_1,-13.368889060559695,1.6477739594969993,True,True,True
741_0,-6.642012036989854,1.6975067197675469,True,True,True
741_1,-6.642012036989854,1.6975067197675469,True,True,True
743_0,-7.083730400724676,2.3251065572106957,True,True,True
743_1,-7.083730400724676,2.3251065572106957,True,True,True
745_0,-11.726384594208241,2.2267837077043326,True,True,True
745_1,-11.726384594208241,2.2267837077043326,True,True,True
747_0,-7.336038538175103,2.21212140184008,True,True,True
749_0,-8.726343981841865,1.7887583864929648,True,True,True
749_1,-8.726343981841865,1.7887583864929648,True,True,True
751_0,-13.368889060559695,1.6477739594969993,True,True,True
751_1,-13.368889060559695,1.6477739594969993,True,True,True
753_0,-6.64201203698974,1.6975067197675469,True,True,True
753_1,-6.64201203698974,1.6975067197675469,True,True,True
755_0,-13.368889060559695,1.6477739594969993,True,True,True
755_1,-13.368889060559695,1.6477739594969993,True,True,True
757_0,-13.368889060559695,1.6477739594969993,True,True,True
757_1,-13.368889060559695,1.6477739594969993,True,True,True
759_0,-6.642012036989854,1.6975067197675469,True,True,True
759_1,-6.642012036989854,1.6975067197675469,True,True,True
761_0,-13.368889060559695,1.6477739594969993,True,True,True
761_1,-13.368889060559695,1.6477739594969993,True,True,True
763_0,-8.726343981841865,1.7887583864929648,True,True,True
763_1,-8.726343981841865,1.7887583864929648,True,True,True
765_0,-6.64201203698974,1.6975067197675469,True,True,True
765_1,-6.64201203698974,1.6975067197675469,True,True,True
767_0,-13.368889060559695,1.6477739594969993,True,True,True
767_1,-13.368889060559695,1.6477739594969993,True,True,True
769_0,43.89851035998629,7.990150867457925,True,False,False
769_1,43.89851035998629,7.990150867457925,True,False,False
771_0,48.54105543870401,7.950725329480573,True,False,False
771_1,48.54105543870401,7.950725329480573,True,False,False
773_0,48.288747301253466,7.992520243537185,True,False,False
775_0,-13.538038284691424,2.1116584705198242,True,True,True
775_1,-13.538038284691424,2.1116584705198242,True,True,True
777_0,-9.147771290332912,2.025500367595417,True,True,True
779_0,-13.368889060559695,1.6477739594969991,True,True,True
779_1,-13.368889060559695,1.6477739594969991,True,True,True
781_0,-13.368889060559695,1.6477739594969991,True,True,True
781_1,-13.368889060559695,1.6477739594969991,True,True,True
783_0,-6.642012036989854,1.6975067197675469,True,True,True
783_1,-6.642012036989854,1.6975067197675469,True,True,True
785_0,-27.95934236792334,4.208735624532944,True,True,True
785_1,-27.95934236792334,4.208735624532944,True,True,True
787_0,-13.368889060559695,1.6477739594969996,True,True,True
787_1,-13.368889060559695,1.6477739594969996,True,True,True
788_0,-80.85554143820622,1.9515616981747783,True,True,True
788_1,-80.85554143820622,1.9515616981747783,True,True,True
790_0,-57.461024135574775,2.025926892297356,True,True,True
790_1,-57.461024135574775,2.025926892297356,True,True,True
792_0,-59.10427358229492,1.5445816537101469,True,True,True
792_1,-59.10427358229492,1.5445816537101469,True,True,True
794_0,59.10346862290365,1.5445816537101469,True,False,False
796_0,59.10347891800251,1.5445816537101469,True,False,False
798_0,59.103493579137705,1.5445816537101467,True,False,False
800_0,-303.40175212742264,100000.00008708918,False,False,False
802_0,-303.4017528812229,100000.00008708918,False,False,False
803_0,17.45074851296522,4.104434803922337,True,False,False
803_1,17.45074851296522,4.104434803922337,True,False,False
804_0,17.450765806758625,4.104434803922337,True,False,False
804_1,17.450765806758625,4.104434803922337,True,False,False
805_0,31.28014540603749,7.931452637419445,True,False,False
805_1,31.28014540603749,7.931452637419445,True,False,False
806_0,36.70088797004945,4.24864687626601,True,False,False
806_1,36.70088797004945,4.24864687626601,True,False,False
807_0,13.368871766766176,1.6477739594969991,True,False,False
807_1,13.368871766766176,1.6477739594969991,True,False,False
808_0,13.368889060559638,1.6477739594969993,True,False,False
808_1,13.368889060559638,1.6477739594969993,True,False,False
809_0,27.20127216595037,4.208735624532944,True,False,False
809_1,27.20127216595037,4.208735624532944,True,False,False
810_0,20.474395142380473,4.310594307934472,True,False,False
810_1,20.474395142380473,4.310594307934472,True,False,False
811_0,29.418807119412065,2.657505336672233,True,False,False
811_1,29.418807119412065,2.657505336672233,True,False,False
812_0,29.595381888228758,1.428166683547855,True,False,False
812_1,29.595381888228758,1.428166683547855,True,False,False
813_0,29.5953818882287,1.428166683547855,True,False,False
813_1,29.5953818882287,1.428166683547855,True,False,False
814_0,7.704122220141926,1.0089001392175116,True,False,False
814_1,7.704122220141926,1.0089001392175116,True,False,False
814_2,7.704122220141926,1.0089001392175116,True,False,False
815_0,26.954278971019846,1.5999741265311842,True,False,False
815_1,26.954278971019846,1.5999741265311842,True,False,False
815_2,26.954278971019846,1.5999741265311842,True,False,False
816_0,26.954278971019903,1.5999741265311842,True,False,False
816_1,26.954278971019903,1.5999741265311842,True,False,False
816_2,26.954278971019903,1.5999741265311842,True,False,False
817_0,21.536522619326206,4.0533414104314325,True,False,False
817_1,21.536522619326206,4.0533414104314325,True,False,False
817_2,21.536522619326206,4.0533414104314325,True,False,False
818_0,10.727786143350784,1.758147162198262,True,False,False
818_1,10.727786143350784,1.758147162198262,True,False,False
818_2,10.727786143350784,1.758147162198262,True,False,False
819_0,21.53653991311961,4.0533414104314325,True,False,False
819_1,21.53653991311961,4.0533414104314325,True,False,False
819_2,21.53653991311961,4.0533414104314325,True,False,False
820_0,26.95426167722627,1.5999741265311842,True,False,False
820_1,26.95426167722627,1.5999741265311842,True,False,False
820_2,26.95426167722627,1.5999741265311842,True,False,False
821_0,26.954278971019903,1.5999741265311844,True,False,False
821_1,26.954278971019903,1.5999741265311844,True,False,False
821_2,26.954278971019903,1.5999741265311844,True,False,False
822_0,10.727768849557322,1.7581471621982618,True,False,False
822_1,10.727768849557322,1.7581471621982618,True,False,False
822_2,10.727768849557322,1.7581471621982618,True,False,False
823_0,10.727786143350784,1.7581471621982618,True,False,False
823_1,10.727786143350784,1.7581471621982618,True,False,False
823_2,10.727786143350784,1.7581471621982618,True,False,False
824_0,23.562531365844194,2.1775227247189135,True,False,False
825_0,6.124141954711092,1.3032675159556373,True,False,False
826_0,-2.0015110087642825,0.46843488369744124,True,True,True
827_0,-2.0015249341370236,0.4684348836974412,True,True,True
829_0,-2.0014421615088622,0.46843488369744113,True,True,True
830_0,2.178034142106867,2.230014295891439,True,False,False
831_0,2.0014766670836934,0.46843488369744113,True,False,False
832_0,0.0,0.0,True,False,False
833_0,2.0014421615088622,0.46843488369744113,True,False,False
835_0,0.0,0.0,True,False,False
836_0,16.591895468872508,3.9147117198341155,True,False,False
837_0,0.0,0.0,True,False,False
838_0,-2.0014421615088622,0.4684348836974412,True,True,True
839_0,2.0014421615088622,0.4684348836974412,True,False,False
841_0,55.265955031158114,7.846958154036848,True,False,False
843_0,57.26739620028172,7.84760148233181,True,False,False
844_0,-2.0014421615088622,0.46843488369744113,True,True,True
845_0,-2.0014421615088054,0.46843488369744113,True,True,True
846_0,-16.591895468872508,3.9147117198341155,True,True,True
847_0,-2.0014421615088054,0.46843488369744113,True,True,True
849_0,-71.87273390040829,4.472350567687484,True,True,True
851_0,-9.583103107802515,4.72821323030392,True,True,True
853_0,-9.583103107802515,4.72821323030392,True,True,True
855_0,-9.756708876082143,4.216349721868957,True,True,True
857_0,-9.756708876082143,4.216349721868957,True,True,True
859_0,-35.07692353003324,3.0176933348734756,True,True,True
861_0,-35.07692353003324,3.0176933348734756,True,True,True
863_0,-20.486470222669823,4.2408688659167,True,True,True
865_0,-9.583103107802856,4.72821323030392,True,True,True
867_0,-9.759677876619321,4.216349721868957,True,True,True
869_0,-11.761120038128183,4.1793632664907845,True,True,True
869_1,-11.761120038128183,4.1793632664907845,True,True,True
871_0,-9.75670887608237,4.216349721868957,True,True,True
873_0,-11.758151037591006,4.179363266490784,True,True,True
875_0,-20.489473728781945,4.2408688659167,True,True,True
877_0,-9.759712382194266,4.216349721868957,True,True,True
879_0,36.777925691764096,8.347271597338224,True,False,False
881_0,45.50624487684286,8.329963976886766,True,False,False
883_0,-35.07692353003381,3.0176933348734756,True,True,True
885_0,-20.486470222669823,4.240868865916701,True,True,True
887_0,-46.077770029562316,3.749862817684457,True,True,True
889_0,-9.583103107802685,4.72821323030392,True,True,True
891_0,-9.756708876082143,4.216349721868957,True,True,True
893_0,-20.48647022266971,4.2408688659167,True,True,True
895_0,-46.07476652345059,3.749862817684457,True,True,True
897_0,329.7160965343309,100000.00016531904,False,False,False
899_0,-35.07692353003341,3.017693334873476,True,True,True
901_0,-35.07692353003341,3.017693334873476,True,True,True
902_0,-9.583103107802572,4.72821323030392,True,True,True
904_0,-9.7567088760822,4.216349721868957,True,True,True
906_0,-35.07692353003347,3.0176933348734756,True,True,True
907_0,-9.583103107802799,4.72821323030392,True,True,True
908_0,-9.583103107802572,4.728213230303919,True,True,True
910_0,-29.245906313573812,6.03123001998013,True,True,True
912_0,-35.17139940858334,4.387086545857769,True,True,True
914_0,340.6194636491981,100000.00018637546,False,False,False
915_0,-24.17355641516633,3.731776989178843,True,True,True
916_0,-9.583103107802572,4.72821323030392,True,True,True
917_0,-9.759677876619207,4.216349721868957,True,True,True
919_0,-11.761120038128183,4.1793632664907845,True,True,True
919_1,-11.761120038128183,4.1793632664907845,True,True,True
921_0,-35.34797417740003,3.8177886672145527,True,True,True
923_0,-37.349416338908895,3.7905865399808736,True,True,True
923_1,-37.349416338908895,3.7905865399808736,True,True,True
925_0,340.4428888803813,100000.00016252976,False,False,False
927_0,338.4414467188725,100000.00016169947,False,False,False
927_1,338.4414467188725,100000.00016169947,False,False,False
928_0,-24.350131183982967,3.0791309832874783,True,True,True
930_0,-26.351573345491715,3.038132590546732,True,True,True
930_1,-26.351573345491715,3.038132590546732,True,True,True
932_0,-35.34611317487497,3.817788667214553,True,True,True
934_0,340.4447498829063,100000.00016252976,False,False,False
936_0,-9.75670887608237,4.216349721868957,True,True,True
938_0,-11.758151037591006,4.1793632664907845,True,True,True
940_0,-9.756708876082143,4.216349721868957,True,True,True
942_0,-29.422515587965535,5.674388066109373,True,True,True
944_0,-35.34500517686308,3.8177886672145527,True,True,True
946_0,340.44585788091825,100000.00016252976,False,False,False
948_0,-20.48947372878183,4.2408688659167,True,True,True
950_0,-9.759712382194266,4.216349721868957,True,True,True
952_0,36.77792569176415,8.347271597338224,True,False,False
954_0,45.50624487684291,8.329963976886766,True,False,False
956_0,-35.076923530033696,3.017693334873476,True,True,True
958_0,-24.34716218344613,3.0791309832874783,True,True,True
960_0,-20.486470222669823,4.240868865916701,True,True,True
962_0,-9.7567088760822,4.216349721868957,True,True,True
964_0,-37.346447338371775,3.7905865399808736,True,True,True
966_0,338.44441571940956,100000.00016169947,False,False,False
968_0,-35.07692353003347,3.017693334873476,True,True,True
970_0,-26.348604344954765,3.038132590546732,True,True,True
972_0,-40.15227693455296,5.699231817071373,True,True,True
974_0,-29.422515587965506,5.674388066109373,True,True,True
976_0,17.115122485992913,9.501094660567809,True,False,False
978_0,25.843441671071673,9.490043181317931,True,False,False
980_0,-54.74273024191666,6.252096633996132,True,True,True
982_0,-46.0777700295626,3.7498628176844573,True,True,True
984_0,-35.348008682975035,3.8177886672145527,True,True,True
986_0,11.189629390983328,7.93760513871217,True,False,False
988_0,19.917948576062145,7.971317247786118,True,False,False
990_0,-46.07587452146254,3.749862817684457,True,True,True
992_0,-60.66521983081418,5.851748906517854,True,True,True
994_0,-46.07476652345048,3.749862817684457,True,True,True
996_0,329.71309302821896,100000.00016531904,False,False,False
998_0,340.4428543748064,100000.00016252976,False,False,False
1000_0,386.98049244876483,100000.00010051257,False,False,False
1002_0,395.7088116338436,100000.00009803925,False,False,False
1004_0,329.71498853631886,100000.00016531904,False,False,False
1006_0,315.12564322696716,100000.00025629514,False,False,False
1008_0,329.71609653433086,100000.00016531904,False,False,False
1010_0,-35.07992703614548,3.017693334873476,True,True,True
1012_0,-24.35016568955797,3.0791309832874787,True,True,True
1014_0,22.187472384400394,7.620019994740658,True,False,False
1016_0,30.915791569479154,7.6431491844501345,True,False,False
1018_0,-49.667376837397285,5.506322840919829,True,True,True
1020_0,-35.07692353003347,3.0176933348734756,True,True,True
1022_0,-35.07692353003347,3.0176933348734756,True,True,True
1023_0,-34.89859682004635,3.7145914954722428,True,True,True
1024_0,-34.89859682004635,3.7145914954722428,True,True,True
1026_0,-34.895593313934455,3.7145914954722428,True,True,True
1027_0,-23.99222619906709,4.312023665422936,True,True,True
1028_0,-24.16880096788384,3.75662510802412,True,True,True
1029_0,-26.170243129392645,3.7463383074112966,True,True,True
1029_1,-26.170243129392645,3.7463383074112966,True,True,True
1031_0,-24.16583196734689,3.75662510802412,True,True,True
1033_0,-26.167274128855638,3.7463383074112966,True,True,True
1035_0,-24.165831967346804,3.75662510802412,True,True,True
1037_0,-26.167274128855638,3.746338307411297,True,True,True
1039_0,-34.898596820046265,3.7145914954722428,True,True,True
1041_0,-24.168835473458643,3.75662510802412,True,True,True
1043_0,22.368802600499663,8.396459427293603,True,False,False
1045_0,31.097121785578395,8.424169977549196,True,False,False
1047_0,-34.895593313934484,3.7145914954722428,True,True,True
1049_0,-34.89559331393434,3.7145914954722423,True,True,True
1051_0,-49.486046621298016,7.389417286605128,True,True,True
1053_0,-34.89559331393434,3.7145914954722428,True,True,True
1054_0,-20.489456434988142,4.2408688659167,True,True,True
1055_0,-20.489456434988142,4.2408688659167,True,True,True
1056_0,-20.48945643498837,4.240868865916701,True,True,True
1057_0,-20.489456434988256,4.2408688659167,True,True,True
1058_0,-20.489456434988142,4.240868865916701,True,True,True
1060_0,-20.489456434988256,4.2408688659167,True,True,True
1062_0,-20.489456434988256,4.2408688659167,True,True,True
1064_0,-40.152259640759496,5.699231817071373,True,True,True
1066_0,-46.07775273576914,3.749862817684457,True,True,True
1068_0,329.7131103220124,100000.00016531904,False,False,False
1070_0,-35.07990974235196,3.017693334873476,True,True,True
1072_0,-20.489456434988142,4.240868865916701,True,True,True
1073_0,-20.489473728781718,4.2408688659167,True,True,True
1074_0,-20.489473728781718,4.2408688659167,True,True,True
1076_0,-46.07777002956243,3.749862817684457,True,True,True
1078_0,329.71309302821896,100000.00016531904,False,False,False
1080_0,-35.07992703614525,3.017693334873476,True,True,True
1081_0,-34.32185683417242,3.017693334873476,True,True,True
1083_0,-34.3188533280607,3.017693334873476,True,True,True
1084_0,-23.41548621319339,3.731776989178843,True,True,True
1085_0,-23.592060982010025,3.0791309832874783,True,True,True
1086_0,-25.59350314351883,3.0381325905467325,True,True,True
1086_1,-25.59350314351883,3.0381325905467325,True,True,True
1088_0,-23.590199979485135,3.0791309832874787,True,True,True
1090_0,-23.58909198147319,3.0791309832874783,True,True,True
1092_0,-25.590534142981937,3.038132590546732,True,True,True
1094_0,-34.321856834172536,3.017693334873476,True,True,True
1096_0,-23.59209548758497,3.0791309832874787,True,True,True
1098_0,22.94554258637345,7.620019994740658,True,False,False
1100_0,31.67386177145221,7.6431491844501345,True,False,False
1102_0,-34.31996132607276,3.0176933348734756,True,True,True
1103_0,-48.909306635424315,5.506322840919829,True,True,True
1105_0,-34.318853328060754,3.0176933348734756,True,True,True
1106_0,-21.511660902894732,4.53306988548364,True,True,True
1107_0,-21.511660902894846,4.53306988548364,True,True,True
1108_0,-21.511660902894846,4.53306988548364,True,True,True
1109_0,-21.511660902894846,4.53306988548364,True,True,True
1110_0,-21.51166090289496,4.53306988548364,True,True,True
1111_0,-21.511660902894903,4.53306988548364,True,True,True
1112_0,-41.17446410866597,5.8789089333134426,True,True,True
1113_0,-21.511660902894846,4.53306988548364,True,True,True
1114_0,-21.511660902894846,4.53306988548364,True,True,True
1116_0,-41.17446410866597,5.878908933313443,True,True,True
1118_0,-36.17582507208087,5.19445693427526,True,True,True
1120_0,328.69090585410595,100000.00017782625,False,False,False
1122_0,-21.511660902894732,4.53306988548364,True,True,True
1124_0,-21.511661180866724,4.53306988548364,True,True,True
1126_0,-41.174464108666086,5.8789089333134426,True,True,True
1127_0,-36.10211421025849,3.367528679376491,True,True,True
1128_0,-21.511660902894903,4.53306988548364,True,True,True
1130_0,-68.79080367034055,2.1230413805936985,True,True,True
1132_0,-68.79080367034055,2.123041380593698,True,True,True
1134_0,-68.79080367034061,2.1230413805936985,True,True,True
1136_0,-54.18060985682939,4.345884433245375,True,True,True
1138_0,-68.79080367034055,2.1230413805936985,True,True,True
1140_0,-68.79083442357285,2.123041380593698,True,True,True
1142_0,-68.79080367034072,2.1230413805936985,True,True,True
1144_0,-68.79080367034084,2.123041380593698,True,True,True
1145_0,-65.76717433471887,2.6325662290825664,True,True,True
1146_0,-68.79080367034089,2.1230413805936985,True,True,True
1147_0,-68.79080367034067,2.123041380593698,True,True,True
1148_0,-57.86667153874606,5.404501025130304,True,True,True
1150_0,-68.79080367034055,2.1230413805936985,True,True,True
1152_0,-68.79080367034055,2.1230413805936985,True,True,True
1154_0,-68.79080367034067,2.123041380593698,True,True,True
1156_0,-68.79080367034078,2.1230413805936985,True,True,True
1158_0,-68.79080367034055,2.1230413805936985,True,True,True
1160_0,-68.79080367034055,2.1230413805936985,True,True,True
1161_0,-68.79080367034078,2.1230413805936985,True,True,True
1163_0,-67.14819166644133,2.535856580912888,True,True,True
1165_0,-68.79080367034078,2.123041380593698,True,True,True
1166_0,-68.79080367034067,2.1230413805936985,True,True,True
1168_0,-68.79080367034067,2.1230413805936985,True,True,True
1169_0,-68.79080367034078,2.123041380593698,True,True,True
1171_0,-11.523431034658245,8.11266073326322,True,True,False
1173_0,-69.23256953001001,1.9717783723696565,True,True,True
1175_0,-68.79080367034078,2.1230413805936985,True,True,True
1177_0,-68.79080367034078,2.1230413805936985,True,True,True
1179_0,-68.79080367034078,2.123041380593698,True,True,True
1181_0,-68.79080367034078,2.123041380593698,True,True,True
1183_0,-68.77190419279327,2.123041380593698,True,True,True
1184_0,-68.79080367034084,2.123041380593698,True,True,True
1186_0,288.4701323928859,100000.00013416224,False,False,False
1188_0,288.47013239288583,100000.00013416224,False,False,False
1190_0,288.47013239288583,100000.00013416224,False,False,False
1192_0,-57.87886855121985,5.094596097084511,True,True,True
1193_0,-74.00825181339184,3.4527678450068495,True,True,True
1194_0,288.49699389316856,100000.00013416224,False,False,False
1195_0,288.49699464696874,100000.00013416224,False,False,False
1197_0,-58.01370439419276,5.094596097084511,True,True,True
1199_0,-70.26111860356276,3.8306702569879625,True,True,True
1200_0,288.4969943689968,100000.00013416224,False,False,False
1201_0,288.4969943689968,100000.00013416224,False,False,False
1202_0,288.4969943689969,100000.00013416224,False,False,False
1204_0,288.49699389316856,100000.00013416224,False,False,False
1206_0,288.49699464696886,100000.00013416224,False,False,False
1208_0,288.4969946469688,100000.00013416224,False,False,False
1210_0,288.4969938931683,100000.00013416224,False,False,False
1212_0,288.49699389316845,100000.00013416224,False,False,False
1214_0,288.49699389316856,100000.00013416224,False,False,False
1216_0,-83.69222883866271,5.52060340743673,True,True,True
1218_0,-66.76983847201822,3.850566956329006,True,True,True
1220_0,-74.00812851651673,3.4527678450068495,True,True,True
1222_0,-74.00821568763405,3.4527678450068495,True,True,True
1224_0,-74.00843092259515,3.4527678450068495,True,True,True
1226_0,-74.00837872020293,3.4527678450068495,True,True,True
1228_0,-16.740859219919713,8.592187053476184,True,True,False
1230_0,-85.59138946766748,3.512521424427648,True,True,True
1232_0,288.4969943689969,100000.00013416224,False,False,False
1234_0,288.4969943689969,100000.00013416224,False,False,False
1236_0,288.49699436899687,100000.00013416224,False,False,False
1238_0,288.49699436899687,100000.00013416224,False,False,False
1240_0,-72.3576083346502,3.452767845006849,True,True,True
1242_0,288.4969946469687,100000.00013416224,False,False,False
1244_0,-67.6057070544781,4.076419036725826,True,True,True
1244_1,-67.6057070544781,4.076419036725826,True,True,True
1246_0,-45.14925275609454,3.362208433610648,True,True,True
1246_1,-45.14925275609454,3.362208433610648,True,True,True
1248_0,-51.72590964909165,3.5984235210995674,True,True,True
1248_1,-51.72590964909165,3.5984235210995674,True,True,True
1250_0,-3.1891796731374598,4.285691765421502,True,True,False
1250_1,-3.1891796731374598,4.285691765421502,True,True,False
1252_0,-3.020060502097067,4.106491609521812,True,True,False
1252_1,-3.020060502097067,4.106491609521812,True,True,False
1254_0,-3.0200605020969533,4.106491609521812,True,True,False
1254_1,-3.0200605020969533,4.106491609521812,True,True,False
1256_0,3.2650981577379525,4.405790434035207,True,False,False
1256_1,3.2650981577379525,4.405790434035207,True,False,False
1258_0,-1.3774469209797644,4.372767413564551,True,True,False
1258_1,-1.3774469209797644,4.372767413564551,True,True,False
1260_0,-3.1891796731375734,4.285691765421502,True,True,False
1260_1,-3.1891796731375734,4.285691765421502,True,True,False
1262_0,-3.0170569959852855,4.106491609521812,True,True,False
1262_1,-3.0170569959852855,4.106491609521812,True,True,False
1264_0,-3.0200605020971807,4.106491609521812,True,True,False
1264_1,-3.0200605020971807,4.106491609521812,True,True,False
1266_0,1.7990938510120031,4.667370722231531,True,False,False
1266_1,1.7990938510120031,4.667370722231531,True,False,False
1268_0,1.625488082732545,4.14609582097941,True,False,False
1268_1,1.625488082732545,4.14609582097941,True,False,False
1270_0,-3.0170569959852855,4.106491609521812,True,True,False
1270_1,-3.0170569959852855,4.106491609521812,True,True,False
1272_0,354.80106687356374,100000.00008450064,False,False,False
1272_1,354.80106687356374,100000.00008450064,False,False,False
1274_0,-3.0200605020972944,4.106491609521812,True,True,False
1274_1,-3.0200605020972944,4.106491609521812,True,True,False
1276_0,3.265098157737725,4.405790434035207,True,False,False
1276_1,3.265098157737725,4.405790434035207,True,False,False
1278_0,-1.3774469209799918,4.372767413564551,True,True,False
1278_1,-1.3774469209799918,4.372767413564551,True,True,False
1280_0,1.62248457662065,4.14609582097941,True,False,False
1280_1,1.62248457662065,4.14609582097941,True,False,False
1282_0,-3.0200605020971807,4.106491609521812,True,True,False
1282_1,-3.0200605020971807,4.106491609521812,True,True,False
1284_0,-3.0200605020971807,4.106491609521812,True,True,False
1284_1,-3.0200605020971807,4.106491609521812,True,True,False
1286_0,-3.0200605020971807,4.106491609521812,True,True,False
1286_1,-3.0200605020971807,4.106491609521812,True,True,False
1288_0,-3.0200605020971807,4.106491609521812,True,True,False
1288_1,-3.0200605020971807,4.106491609521812,True,True,False
1290_0,1.62248457662065,4.14609582097941,True,False,False
1290_1,1.62248457662065,4.14609582097941,True,False,False
1292_0,49.56324261281702,7.786482642668205,True,False,False
1292_1,49.56324261281702,7.786482642668205,True,False,False
1294_0,54.24733891844892,8.906920831300283,True,False,False
1294_1,54.24733891844892,8.906920831300283,True,False,False
1296_0,58.889883997166635,8.862680223790866,True,False,False
1296_1,58.889883997166635,8.862680223790866,True,False,False
1298_0,-3.189179673137801,4.285691765421502,True,True,False
1298_1,-3.189179673137801,4.285691765421502,True,True,False
1300_0,-22.29160660898083,4.0533414104314325,True,True,True
1300_1,-22.29160660898083,4.0533414104314325,True,True,True
1302_0,-17.60751030334893,5.65051290457591,True,True,True
1302_1,-17.60751030334893,5.65051290457591,True,True,True
1304_0,-7.873275978769357,1.6592820463578148,True,True,True
1304_1,-7.873275978769357,1.6592820463578148,True,True,True
1306_0,-7.7041568077291345,1.0089001392175119,True,True,True
1306_1,-7.7041568077291345,1.0089001392175119,True,True,True
1308_0,-7.704156807728964,1.0089001392175119,True,True,True
1308_1,-7.704156807728964,1.0089001392175119,True,True,True
1310_0,-1.418998147894058,2.110730699325506,True,True,False
1310_1,-1.418998147894058,2.110730699325506,True,True,False
1312_0,-6.061543226611775,1.8092514714994914,True,True,True
1312_1,-6.061543226611775,1.8092514714994914,True,True,True
1314_0,-7.873275978769584,1.6592820463578148,True,True,True
1314_1,-7.873275978769584,1.6592820463578148,True,True,True
1316_0,-3.020060502097124,4.106491609521812,True,True,False
1316_1,-3.020060502097124,4.106491609521812,True,True,False
1318_0,-3.0200605020971807,4.106491609521812,True,True,False
1318_1,-3.0200605020971807,4.106491609521812,True,True,False
1320_0,3.265098157737839,4.405790434035207,True,False,False
1320_1,3.265098157737839,4.405790434035207,True,False,False
1322_0,-1.377446920979878,4.372767413564552,True,True,False
1322_1,-1.377446920979878,4.372767413564552,True,True,False
1324_0,-3.189179673137687,4.285691765421502,True,True,False
1324_1,-3.189179673137687,4.285691765421502,True,True,False
1326_0,-7.704122302154133,1.0089001392175116,True,True,True
1326_1,-7.704122302154133,1.0089001392175116,True,True,True
1328_0,-7.704156807729021,1.0089001392175116,True,True,True
1328_1,-7.704156807729021,1.0089001392175116,True,True,True
1330_0,354.8010661197635,100000.00008450064,False,False,False
1330_1,354.8010661197635,100000.00008450064,False,False,False
1332_0,354.80107423769624,100000.00008450064,False,False,False
1332_1,354.80107423769624,100000.00008450064,False,False,False
1334_0,-7.704156807729078,1.0089001392175119,True,True,True
1334_1,-7.704156807729078,1.0089001392175119,True,True,True
1336_0,49.56324261281691,7.786482642668204,True,False,False
1336_1,49.56324261281691,7.786482642668204,True,False,False
1338_0,-7.704156807729021,1.0089001392175116,True,True,True
1338_1,-7.704156807729021,1.0089001392175116,True,True,True
1340_0,-22.294610115092553,4.053341410431433,True,True,True
1340_1,-22.294610115092553,4.053341410431433,True,True,True
1342_0,-7.704156807728907,1.008900139217512,True,True,True
1342_1,-7.704156807728907,1.008900139217512,True,True,True
1344_0,359.6202204728729,100000.00011171526,False,False,False
1344_1,359.6202204728729,100000.00011171526,False,False,False
1346_0,54.38239696592632,8.08774628565335,True,False,False
1346_1,54.38239696592632,8.08774628565335,True,False,False
1348_0,-17.475455761983312,4.720230759695235,True,True,True
1348_1,-17.475455761983312,4.720230759695235,True,True,True
1350_0,-7.704122302154133,1.0089001392175116,True,True,True
1350_1,-7.704122302154133,1.0089001392175116,True,True,True
1352_0,-1.4189636423189995,2.110730699325506,True,True,False
1352_1,-1.4189636423189995,2.110730699325506,True,True,False
1354_0,-6.06150872103683,1.8092514714994912,True,True,True
1354_1,-6.06150872103683,1.8092514714994912,True,True,True
1356_0,-7.873241473194639,1.6592820463578148,True,True,True
1356_1,-7.873241473194639,1.6592820463578148,True,True,True
1358_0,359.44361195228157,100000.0000885182,False,False,False
1358_1,359.44361195228157,100000.0000885182,False,False,False
1360_0,54.20578769153474,7.793270988560825,True,False,False
1360_1,54.20578769153474,7.793270988560825,True,False,False
1362_0,-17.649061530262998,4.210906739282085,True,True,True
1362_1,-17.649061530262998,4.210906739282085,True,True,True
1364_0,-7.704156807728964,1.0089001392175116,True,True,True
1364_1,-7.704156807728964,1.0089001392175116,True,True,True
1366_0,-1.418998147894058,2.110730699325506,True,True,False
1366_1,-1.418998147894058,2.110730699325506,True,True,False
1368_0,-6.061543226611775,1.809251471499491,True,True,True
1368_1,-6.061543226611775,1.809251471499491,True,True,True
1370_0,-7.87327597876947,1.6592820463578148,True,True,True
1370_1,-7.87327597876947,1.6592820463578148,True,True,True
1372_0,-22.291606608980715,4.0533414104314325,True,True,True
1372_1,-22.291606608980715,4.0533414104314325,True,True,True
1374_0,354.80106611976356,100000.00008450064,False,False,False
1374_1,354.80106611976356,100000.00008450064,False,False,False
1376_0,361.08622477959847,100000.00009934124,False,False,False
1376_1,361.08622477959847,100000.00009934124,False,False,False
1378_0,356.44367970088075,100000.00009550841,False,False,False
1378_1,356.44367970088075,100000.00009550841,False,False,False
1380_0,354.6319469487229,100000.0000920112,False,False,False
1380_1,354.6319469487229,100000.0000920112,False,False,False
1382_0,340.2106135662002,100000.000164381,False,False,False
1382_1,340.2106135662002,100000.000164381,False,False,False
1384_0,354.6319550666557,100000.0000920112,False,False,False
1384_1,354.6319550666557,100000.0000920112,False,False,False
1386_0,-7.873275978769584,1.659282046357815,True,True,True
1386_1,-7.873275978769584,1.659282046357815,True,True,True
1388_0,49.56324261281702,7.786482642668204,True,False,False
1388_1,49.56324261281702,7.786482642668204,True,False,False
1390_0,-22.29461011509261,4.053341410431433,True,True,True
1390_1,-22.29461011509261,4.053341410431433,True,True,True
1392_0,-7.704156807728964,1.0089001392175119,True,True,True
1392_1,-7.704156807728964,1.0089001392175119,True,True,True
1394_0,55.84840127265193,7.955368714488624,True,False,False
1394_1,55.84840127265193,7.955368714488624,True,False,False
1396_0,51.20585619393421,7.951042280673617,True,False,False
1396_1,51.20585619393421,7.951042280673617,True,False,False
1398_0,-16.009451455257818,4.445526766803067,True,True,True
1398_1,-16.009451455257818,4.445526766803067,True,True,True
1400_0,-20.65199653397542,4.300871072133563,True,True,True
1400_1,-20.65199653397542,4.300871072133563,True,True,True
1402_0,-1.418998147894058,2.1107306993255066,True,True,False
1402_1,-1.418998147894058,2.1107306993255066,True,True,False
1404_0,-6.061543226611775,1.8092514714994914,True,True,True
1404_1,-6.061543226611775,1.8092514714994914,True,True,True
1406_0,-17.652065036374893,4.210906739282085,True,True,True
1406_1,-17.652065036374893,4.210906739282085,True,True,True
1408_0,-22.294610115092723,4.0533414104314325,True,True,True
1408_1,-22.294610115092723,4.0533414104314325,True,True,True
1410_0,-22.29461011509261,4.0533414104314325,True,True,True
1410_1,-22.29461011509261,4.0533414104314325,True,True,True
1412_0,-22.29461011509261,4.0533414104314325,True,True,True
1412_1,-22.29461011509261,4.0533414104314325,True,True,True
1414_0,-22.294610115092723,4.0533414104314325,True,True,True
1414_1,-22.294610115092723,4.0533414104314325,True,True,True
1416_0,-17.652065036374893,4.210906739282085,True,True,True
1416_1,-17.652065036374893,4.210906739282085,True,True,True
1418_0,49.3941234417764,7.920664812438186,True,False,False
1418_1,49.3941234417764,7.920664812438186,True,False,False
1420_0,34.97278930545326,8.561966264723209,True,False,False
1420_1,34.97278930545326,8.561966264723209,True,False,False
1422_0,39.61533438417098,8.57300706474246,True,False,False
1422_1,39.61533438417098,8.57300706474246,True,False,False
1424_0,34.97278930545326,8.561966264723209,True,False,False
1424_1,34.97278930545326,8.561966264723209,True,False,False
1426_0,-7.873275978769527,1.659282046357815,True,True,True
1426_1,-7.873275978769527,1.659282046357815,True,True,True
1428_0,-22.463729286133173,4.217729237533423,True,True,True
1428_1,-22.463729286133173,4.217729237533423,True,True,True
1430_0,-7.87327597876947,1.6592820463578148,True,True,True
1430_1,-7.87327597876947,1.6592820463578148,True,True,True
1432_0,-36.88205991634436,7.869745073875063,True,True,True
1432_1,-36.88205991634436,7.869745073875063,True,True,True
1434_0,-3.0200432083037185,4.106491609521812,True,True,False
1434_1,-3.0200432083037185,4.106491609521812,True,True,False
1436_0,-7.704139513935502,1.0089001392175116,True,True,True
1436_1,-7.704139513935502,1.0089001392175116,True,True,True
1438_0,-7.704139513935502,1.0089001392175116,True,True,True
1438_1,-7.704139513935502,1.0089001392175116,True,True,True
1440_0,-2.8849851608262043,2.630350120851888,True,True,False
1440_1,-2.8849851608262043,2.630350120851888,True,True,False
1442_0,-3.061594435217671,1.4955318154526003,True,True,True
1442_1,-3.061594435217671,1.4955318154526003,True,True,True
1443_0,-7.704139513935388,1.0089001392175116,True,True,True
1443_1,-7.704139513935388,1.0089001392175116,True,True,True
1444_0,354.80108341355697,100000.00008450064,False,False,False
1444_1,354.80108341355697,100000.00008450064,False,False,False
1446_0,-7.704139513935388,1.0089001392175116,True,True,True
1446_1,-7.704139513935388,1.0089001392175116,True,True,True
1448_0,-1.4189808541004822,2.110730699325506,True,True,False
1448_1,-1.4189808541004822,2.110730699325506,True,True,False
1450_0,-6.061525932818199,1.8092514714994912,True,True,True
1450_1,-6.061525932818199,1.8092514714994912,True,True,True
1452_0,-3.061594435217671,1.4955318154526003,True,True,True
1452_1,-3.061594435217671,1.4955318154526003,True,True,True
1454_0,-7.704139513935502,1.0089001392175114,True,True,True
1454_1,-7.704139513935502,1.0089001392175114,True,True,True
1456_0,-7.704139513935388,1.0089001392175116,True,True,True
1456_1,-7.704139513935388,1.0089001392175116,True,True,True
1458_0,-7.704139513935388,1.0089001392175116,True,True,True
1458_1,-7.704139513935388,1.0089001392175116,True,True,True
1460_0,-7.704139513935502,1.0089001392175114,True,True,True
1460_1,-7.704139513935502,1.0089001392175114,True,True,True
1462_0,-3.061594435217671,1.4955318154526003,True,True,True
1462_1,-3.061594435217671,1.4955318154526003,True,True,True
1464_0,49.56325990661048,7.786482642668204,True,False,False
1464_1,49.56325990661048,7.786482642668204,True,False,False
1466_0,49.56325990661048,7.786482642668204,True,False,False
1466_1,49.56325990661048,7.786482642668204,True,False,False
1468_0,54.2058049853282,7.793270988560825,True,False,False
1468_1,54.2058049853282,7.793270988560825,True,False,False
1470_0,-7.873258684976008,1.6592820463578148,True,True,True
1470_1,-7.873258684976008,1.6592820463578148,True,True,True
1472_0,-22.294592821299034,4.0533414104314325,True,True,True
1472_1,-22.294592821299034,4.0533414104314325,True,True,True
1474_0,-22.294592821299034,4.0533414104314325,True,True,True
1474_1,-22.294592821299034,4.0533414104314325,True,True,True
1476_0,-7.704156807728964,1.0089001392175116,True,True,True
1476_1,-7.704156807728964,1.0089001392175116,True,True,True
1478_0,-7.70415680772885,1.0089001392175116,True,True,True
1478_1,-7.70415680772885,1.0089001392175116,True,True,True
1480_0,-1.4189981478939444,2.110730699325506,True,True,False
1480_1,-1.4189981478939444,2.110730699325506,True,True,False
1482_0,-6.061543226611661,1.8092514714994914,True,True,True
1482_1,-6.061543226611661,1.8092514714994914,True,True,True
1484_0,-7.87327597876947,1.6592820463578148,True,True,True
1484_1,-7.87327597876947,1.6592820463578148,True,True,True
1486_0,-16.849440101375706,5.650512904575909,True,True,True
1486_1,-16.849440101375706,5.650512904575909,True,True,True
1488_0,-16.849440101376047,5.650512904575909,True,True,True
1488_1,-16.849440101376047,5.650512904575909,True,True,True
1490_0,-21.533536407007773,4.0533414104314325,True,True,True
1490_1,-21.533536407007773,4.0533414104314325,True,True,True
1492_0,-16.849440101375876,5.650512904575909,True,True,True
1492_1,-16.849440101375876,5.650512904575909,True,True,True
1494_0,-21.536505407544837,4.0533414104314325,True,True,True
1494_1,-21.536505407544837,4.0533414104314325,True,True,True
1496_0,-21.533536407007773,4.053341410431433,True,True,True
1496_1,-21.533536407007773,4.053341410431433,True,True,True
1497_0,340.9686837681732,100000.000164381,False,False,False
1497_1,340.9686837681732,100000.000164381,False,False,False
1498_0,340.96869188610583,100000.000164381,False,False,False
1498_1,340.96869188610583,100000.000164381,False,False,False
1500_0,-21.53353640700766,4.0533414104314325,True,True,True
1500_1,-21.53353640700766,4.0533414104314325,True,True,True
1502_0,35.73085950742632,8.561966264723209,True,False,False
1502_1,35.73085950742632,8.561966264723209,True,False,False
1504_0,-21.533536407007773,4.0533414104314325,True,True,True
1504_1,-21.533536407007773,4.0533414104314325,True,True,True
1506_0,-36.12398971437142,7.869745073875064,True,True,True
1506_1,-36.12398971437142,7.869745073875064,True,True,True
1508_0,-21.533536407007773,4.0533414104314325,True,True,True
1508_1,-21.533536407007773,4.0533414104314325,True,True,True
1509_0,-22.27018266538812,4.2778038752254535,True,True,True
1509_1,-22.27018266538812,4.2778038752254535,True,True,True
1510_0,-22.270182665388006,4.2778038752254535,True,True,True
1510_1,-22.270182665388006,4.2778038752254535,True,True,True
1512_0,-22.270182665388006,4.2778038752254535,True,True,True
1512_1,-22.270182665388006,4.2778038752254535,True,True,True
1513_0,-26.954278971019903,1.5999741265311842,True,True,True
1513_1,-26.954278971019903,1.5999741265311842,True,True,True
1514_0,-26.95427897101996,1.5999741265311842,True,True,True
1514_1,-26.95427897101996,1.5999741265311842,True,True,True
1516_0,-22.270182665388063,4.2778038752254535,True,True,True
1516_1,-22.270182665388063,4.2778038752254535,True,True,True
1518_0,-26.954244465444958,1.5999741265311842,True,True,True
1518_1,-26.954244465444958,1.5999741265311842,True,True,True
1520_0,-26.954278971019676,1.5999741265311844,True,True,True
1520_1,-26.954278971019676,1.5999741265311844,True,True,True
1522_0,-26.95427897101996,1.5999741265311844,True,True,True
1522_1,-26.95427897101996,1.5999741265311844,True,True,True
1523_0,335.5509439564726,100000.0000909272,False,False,False
1523_1,335.5509439564726,100000.0000909272,False,False,False
1524_0,335.5509520744052,100000.0000909272,False,False,False
1524_1,335.5509520744052,100000.0000909272,False,False,False
1525_0,335.55096673554044,100000.0000909272,False,False,False
1525_1,335.55096673554044,100000.0000909272,False,False,False
1526_0,-26.95427897101979,1.5999741265311842,True,True,True
1526_1,-26.95427897101979,1.5999741265311842,True,True,True
1528_0,30.31312044952608,7.91622478905258,True,False,False
1528_1,30.31312044952608,7.91622478905258,True,False,False
1530_0,-26.954278971019846,1.5999741265311846,True,True,True
1530_1,-26.954278971019846,1.5999741265311846,True,True,True
1532_0,-26.954278971019676,1.5999741265311842,True,True,True
1532_1,-26.954278971019676,1.5999741265311842,True,True,True
1534_0,-41.544732278383435,4.214117340142971,True,True,True
1534_1,-41.544732278383435,4.214117340142971,True,True,True
1536_0,-26.954278971019846,1.5999741265311842,True,True,True
1536_1,-26.954278971019846,1.5999741265311842,True,True,True
1537_0,-6.04368983771883,4.344569132739859,True,True,False
1537_1,-6.04368983771883,4.344569132739859,True,True,False
1538_0,-6.043689837719057,4.344569132739859,True,True,False
1538_1,-6.043689837719057,4.344569132739859,True,True,False
1539_0,-10.72778614335084,1.758147162198262,True,True,True
1539_1,-10.72778614335084,1.758147162198262,True,True,True
1541_0,-6.043689837719057,4.344569132739859,True,True,False
1541_1,-6.043689837719057,4.344569132739859,True,True,False
1543_0,-10.727751637775896,1.7581471621982618,True,True,True
1543_1,-10.727751637775896,1.7581471621982618,True,True,True
1545_0,-10.72778614335084,1.758147162198262,True,True,True
1545_1,-10.72778614335084,1.758147162198262,True,True,True
1546_0,351.7774367841417,100000.00009559964,False,False,False
1546_1,351.7774367841417,100000.00009559964,False,False,False
1547_0,351.7774449020744,100000.00009559964,False,False,False
1547_1,351.7774449020744,100000.00009559964,False,False,False
1548_0,-10.72778614335084,1.7581471621982618,True,True,True
1548_1,-10.72778614335084,1.7581471621982618,True,True,True
1550_0,46.539613277195144,7.9294344154539225,True,False,False
1550_1,46.539613277195144,7.9294344154539225,True,False,False
1552_0,-10.72778614335084,1.7581471621982618,True,True,True
1552_1,-10.72778614335084,1.7581471621982618,True,True,True
1554_0,-25.318239450714486,4.269956759285798,True,True,True
1554_1,-25.318239450714486,4.269956759285798,True,True,True
1556_0,-10.72778614335084,1.758147162198262,True,True,True
1556_1,-10.72778614335084,1.758147162198262,True,True,True
1558_0,346.5603255856338,100000.00016744006,False,False,False
1560_0,346.5603255856334,100000.00016744006,False,False,False
1562_0,-7.704156807728964,1.0089001392175119,True,True,True
1564_0,346.5603255856337,100000.00016744006,False,False,False
1566_0,346.56032558563356,100000.00016744006,False,False,False
1568_0,346.5573220795217,100000.00016744006,False,False,False
1570_0,-7.704156807728964,1.0089001392175116,True,True,True
1572_0,351.37647643263097,100000.00019099197,False,False,False
1574_0,-2.8850024546196664,2.630350120851888,True,True,False
1576_0,351.1999016638142,100000.00016705152,False,False,False
1578_0,351.2028706643512,100000.00016705152,False,False,False
1580_0,-3.0616117290111333,1.4955318154526003,True,True,True
1582_0,351.2028706643513,100000.00016705152,False,False,False
1584_0,346.55921758762145,100000.00016744006,False,False,False
1586_0,346.55732207952155,100000.00016744006,False,False,False
1588_0,346.55732207952167,100000.00016744006,False,False,False
1590_0,352.8424807393566,100000.0001764109,False,False,False
1592_0,348.19993566063886,100000.00017698415,False,False,False
1594_0,351.19986715823933,100000.00016705152,False,False,False
1596_0,346.55732207952155,100000.00016744006,False,False,False
1598_0,346.55732207952167,100000.00016744006,False,False,False
1600_0,346.55732207952167,100000.00016744006,False,False,False
1602_0,346.55732207952155,100000.00016744006,False,False,False
1604_0,351.19986715823933,100000.00016705152,False,False,False
1606_0,403.82472150006754,100000.000148942,False,False,False
1608_0,408.46726657878526,100000.00014298859,False,False,False
1610_0,0.05907826732453714,2.251808091595905,True,False,False
1612_0,331.9698722782699,100000.00038265834,False,False,False
1614_0,346.56032558563356,100000.00016744006,False,False,False
1616_0,-7.70415680772885,1.0089001392175116,True,True,True
1618_0,-1.418998147894058,2.110730699325506,True,True,False
1620_0,-6.061543226611661,1.8092514714994914,True,True,True
1622_0,-7.873275978769584,1.6592820463578148,True,True,True
1624_0,-22.29461011509261,4.0533414104314325,True,True,True
1625_0,346.5573393733152,100000.00016744006,False,False,False
1627_0,-7.704139513935388,1.0089001392175116,True,True,True
1628_0,346.5573220795218,100000.00016744006,False,False,False
1629_0,332.72794248024275,100000.00038265834,False,False,False
1631_0,-21.536539913119668,4.053341410431433,True,True,True
1633_0,371.9105924329825,100000.00009190453,False,False,False
1635_0,371.91059243298236,100000.00009190453,False,False,False
1637_0,371.9105924329823,100000.00009190453,False,False,False
1639_0,371.9105924329824,100000.00009190453,False,False,False
1641_0,9.405362352909464,1.8417947080684132,True,False,False
1643_0,376.72974603229125,100000.00011589513,False,False,False
1645_0,376.5531712634746,100000.00009089508,False,False,False
1647_0,376.5531375117002,100000.00009089508,False,False,False
1649_0,376.55313751170013,100000.00009089508,False,False,False
1650_0,371.9105921550106,100000.00009190453,False,False,False
1652_0,371.91059167918195,100000.00009190453,False,False,False
1654_0,371.9105916791821,100000.00009190453,False,False,False
1656_0,15.690453986144519,2.36106091999703,True,False,False
1658_0,11.047911140882263,2.323405974533999,True,False,False
1660_0,376.5531367578998,100000.00009089508,False,False,False
1662_0,371.91059167918195,100000.00009190453,False,False,False
1664_0,371.91059167918206,100000.00009190453,False,False,False
1666_0,371.91059167918206,100000.00009190453,False,False,False
1668_0,371.91059167918195,100000.00009190453,False,False,False
1670_0,376.5531367578998,100000.00009089508,False,False,False
1672_0,429.17799109972793,100000.00009667275,False,False,False
1674_0,433.82053617844565,100000.00009009843,False,False,False
1676_0,9.236161418390338,2.214489962073886,True,False,False
1678_0,357.32013912561877,100000.00017511702,False,False,False
1680_0,371.9105924329824,100000.00009190453,False,False,False
1681_0,-19.04180102787467,2.249767690881987,True,True,True
1683_0,-26.954278971019903,1.5999741265311844,True,True,True
1684_0,-2.950144043178682,2.5238077983664144,True,True,False
1686_0,-10.72778614335084,1.7581471621982618,True,True,True
1687_0,9.844753411601374,2.255297363007269,True,False,False
1688_0,-6.381731298135151,2.319327233518381,True,True,True
1689_0,-9.405363266415264,1.8417947080684132,True,True,True
1690_0,-371.9105916791822,100000.00009190453,False,False,False
1691_0,-358.0782093275917,100000.00017511702,False,False,False
1694_0,-4.469443689065862,4.36498259641759,True,True,False
1696_0,-11.758151037591006,4.179363266490784,True,True,True
1698_0,45.50624487684286,8.329963976886766,True,False,False
1700_0,-11.758151037591006,4.1793632664907845,True,True,True
1702_0,45.50624487684291,8.329963976886766,True,False,False
1704_0,-37.346447338371775,3.7905865399808736,True,True,True
1706_0,338.44441571940956,100000.00016169947,False,False,False
1708_0,-26.348604344954765,3.038132590546732,True,True,True
1710_0,25.843441671071673,9.490043181317931,True,False,False
1712_0,19.917948576062145,7.971317247786118,True,False,False
1714_0,395.7088116338436,100000.00009803925,False,False,False
1716_0,30.915791569479154,7.6431491844501345,True,False,False
1717_0,-26.167274128855638,3.7463383074112966,True,True,True
1718_0,-26.167274128855638,3.746338307411297,True,True,True
1720_0,31.097121785578395,8.424169977549196,True,False,False
1721_0,-25.590534142981937,3.038132590546732,True,True,True
1723_0,31.67386177145221,7.6431491844501345,True,False,False
1724_0,10.085508335904535,4.031334036831284,True,False,False
1726_0,6.624057996709752,5.461580548592942,True,False,False
1728_0,4.981444415592534,5.2853204713764,True,False,False
1730_0,11.774877571102138,4.2840576113802165,True,False,False
1732_0,-3.746874769486226,5.250905499178707,True,True,False
1733_0,-39.012820313691975,1.2616238877207056,True,True,True
1734_0,-45.40449941646813,1.4156030322241338,True,True,True
1736_0,-41.01426247520078,1.24685410860712,True,True,True
1738_0,-41.01426247520078,1.24685410860712,True,True,True
1740_0,-41.01426247520095,1.24685410860712,True,True,True
1741_0,-41.01426247520095,1.24685410860712,True,True,True
1743_0,-41.01426247520095,1.24685410860712,True,True,True
1744_0,-39.01282031369209,1.2616238877207056,True,True,True
1745_0,-41.01426247520095,1.24685410860712,True,True,True
1746_0,-45.40449941646824,1.4156030322241338,True,True,True
1747_0,-41.014262475200894,1.24685410860712,True,True,True
1748_0,-39.01282031369203,1.2616238877207053,True,True,True
1749_0,-45.40460853123403,1.4156030322241335,True,True,True
1751_0,-41.014268335115275,1.24685410860712,True,True,True
1752_0,-41.014262475200894,1.24685410860712,True,True,True
1753_0,-41.014262475200894,1.24685410860712,True,True,True
1754_0,-41.014262475201065,1.24685410860712,True,True,True
1756_0,-41.014262475201065,1.24685410860712,True,True,True
1757_0,-41.014262475201065,1.24685410860712,True,True,True
1758_0,-41.014262475201065,1.24685410860712,True,True,True
1759_0,-41.014262475201065,1.24685410860712,True,True,True
1760_0,-39.01282031369209,1.2616238877207056,True,True,True
1761_0,-41.014262475201065,1.24685410860712,True,True,True
1762_0,-45.40449941646824,1.4156030322241335,True,True,True
1764_0,-41.01426247520092,1.24685410860712,True,True,True
1765_0,-41.01426247520092,1.24685410860712,True,True,True
1766_0,-39.01282031369206,1.2616238877207056,True,True,True
1767_0,-45.40449941646821,1.4156030322241338,True,True,True
1768_0,-39.0127858081172,1.2616238877207056,True,True,True
1769_0,-45.404467138772304,1.4156030322241335,True,True,True
1770_0,-39.012820313691975,1.2616238877207056,True,True,True
1771_0,-45.40449941646813,1.4156030322241335,True,True,True
1772_0,-39.01282031369206,1.2616238877207056,True,True,True
1773_0,-45.404499416468184,1.4156030322241335,True,True,True
1774_0,-33.57199260814636,2.1327148547790293,True,True,True
1775_0,-39.96367328814026,2.091272254832594,True,True,True
1776_0,-45.404515289671565,1.4156030322241335,True,True,True
1777_0,-41.014251563540824,1.24685410860712,True,True,True
1778_0,-39.01280940203196,1.2616238877207056,True,True,True
1779_0,-48.696820118030644,4.318589609706014,True,True,True
1780_0,-39.80872243527949,1.3666659330361612,True,True,True
1781_0,-41.014153839460874,1.24685410860712,True,True,True
1782_0,-39.01279884906944,1.2616238877207056,True,True,True
1783_0,-41.01440404314707,1.24685410860712,True,True,True
1784_0,-45.40452090467713,1.4156030322241335,True,True,True
1785_0,-39.01282031369209,1.2616238877207053,True,True,True
1786_0,-45.40449941646824,1.4156030322241335,True,True,True
1788_0,-41.01426247520095,1.24685410860712,True,True,True
1790_0,-41.01426247520095,1.24685410860712,True,True,True
1792_0,-36.928488368839965,1.4003928194704374,True,True,True
1793_0,-34.9270462073311,1.425242090044268,True,True,True
1794_0,-34.92704620733099,1.4252420900442682,True,True,True
1796_0,-36.928488368839794,1.4003928194704374,True,True,True
1797_0,-39.01282031369209,1.2616238877207053,True,True,True
1798_0,-36.928488368839965,1.4003928194704376,True,True,True
1799_0,-45.40449941646824,1.4156030322241335,True,True,True
1801_0,-36.928488368839965,1.4003928194704376,True,True,True
1802_0,-34.927046207331045,1.4252420900442677,True,True,True
1803_0,-34.927046207331045,1.4252420900442677,True,True,True
1804_0,-39.01282031369203,1.2616238877207053,True,True,True
1805_0,-36.928488368839794,1.4003928194704376,True,True,True
1806_0,-45.404499416468184,1.4156030322241335,True,True,True
1807_0,-39.01282031369209,1.2616238877207053,True,True,True
1808_0,-45.40449941646824,1.4156030322241335,True,True,True
1809_0,-36.928488368839965,1.4003928194704374,True,True,True
1810_0,323.49242539286826,100000.00008752718,False,False,False
1811_0,-45.40454782932494,1.4156030322241335,True,True,True
1813_0,-41.0142312667204,1.24685410860712,True,True,True
1815_0,321.49098323135945,100000.00008802272,False,False,False
1817_0,321.49098323135945,100000.00008802272,False,False,False
1819_0,321.49098323135945,100000.00008802272,False,False,False
1821_0,-41.014262475201065,1.24685410860712,True,True,True
1822_0,-41.014262475201065,1.24685410860712,True,True,True
1824_0,-41.014262475201065,1.24685410860712,True,True,True
1826_0,-41.014262475201065,1.24685410860712,True,True,True
1827_0,-39.01282031369209,1.2616238877207056,True,True,True
1828_0,-41.014262475201065,1.24685410860712,True,True,True
1829_0,-45.40449941646824,1.4156030322241335,True,True,True
1831_0,-41.014262475201065,1.24685410860712,True,True,True
1833_0,-41.01426247520095,1.2468541086071199,True,True,True
1835_0,-41.01426247520095,1.2468541086071199,True,True,True
1837_0,-51.68840052464748,2.2717603424587565,True,True,True
1839_0,-51.68840052464748,2.2717603424587565,True,True,True
1841_0,-65.87766239049739,2.334296092504949,True,True,True
1843_0,-51.68840052464748,2.2717603424587565,True,True,True
1845_0,-3.683418505547536,1.9030338036478531,True,True,False
1845_1,-3.683418505547536,1.9030338036478531,True,True,False
1847_0,-3.6834185055475928,1.9030338036478534,True,True,False
1847_1,-3.6834185055475928,1.9030338036478534,True,True,False
1849_0,-3.686422011659559,1.9030338036478534,True,True,False
1849_1,-3.686422011659559,1.9030338036478534,True,True,False
1851_0,-0.4315888087965405,1.4927180897404109,True,True,False
1851_1,-0.4315888087965405,1.4927180897404109,True,True,False
1853_0,-5.548617699879777,1.4789027673091906,True,True,True
1853_1,-5.548617699879777,1.4789027673091906,True,True,True
1855_0,-0.4285853026846951,1.4927180897404106,True,True,False
1855_1,-0.4285853026846951,1.4927180897404106,True,True,False
1857_0,-3.683418505547678,1.9030338036478534,True,True,False
1857_1,-3.683418505547678,1.9030338036478534,True,True,False
1859_0,-16.150165585455333,3.1790100160031725,True,True,True
1859_1,-16.150165585455333,3.1790100160031725,True,True,True
1861_0,-0.4285853026846098,1.4927180897404106,True,True,False
1861_1,-0.4285853026846098,1.4927180897404106,True,True,False
1863_0,-0.4285853026847235,1.4927180897404109,True,True,False
1863_1,-0.4285853026847235,1.4927180897404109,True,True,False
1865_0,-0.4285860564849884,1.4927180897404106,True,True,False
1865_1,-0.4285860564849884,1.4927180897404106,True,True,False
1867_0,-2.296788003128654,1.9554233999038124,True,True,False
1869_0,-0.43158880879664707,1.4927180897404106,True,True,False
1871_0,-0.4296933006967265,1.4927180897404106,True,True,False
1871_1,-0.4296933006967265,1.4927180897404106,True,True,False
1873_0,-3.6845265035597095,1.9030338036478534,True,True,False
1873_1,-3.6845265035597095,1.9030338036478534,True,True,False
1875_0,-5.549725697891745,1.4789027673091901,True,True,True
1875_1,-5.549725697891745,1.4789027673091901,True,True,True
1877_0,-15.019038610048362,3.90828363780768,True,True,True
1877_1,-15.019038610048362,3.90828363780768,True,True,True
1879_0,-3.683418505547678,1.9030338036478534,True,True,False
1879_1,-3.683418505547678,1.9030338036478534,True,True,False
1881_0,-5.548617699879713,1.4789027673091903,True,True,True
1881_1,-5.548617699879713,1.4789027673091903,True,True,True
1882_0,39.01280301989857,1.2616238877207053,True,False,False
1883_0,47.04709570379191,1.9640235972640687,True,False,False
1884_0,41.014262475200894,1.24685410860712,True,False,False
1885_0,39.01282031369203,1.2616238877207056,True,False,False
1886_0,39.0127858081172,1.2616238877207056,True,False,False
1887_0,41.014262475200894,1.24685410860712,True,False,False
1888_0,102.67189883701417,7.970492757049206,True,False,False
1889_0,43.233938083918815,1.75662726549929,True,False,False
1890_0,-14.843984840233304,3.9699365018331183,True,True,True
1891_0,-14.843984840233475,3.9699365018331183,True,True,True
1892_0,-14.8469883463452,3.9699365018331187,True,True,True
1893_0,-12.510348264042591,4.013407421424237,True,True,True
1894_0,-12.842542678724584,3.9924547894883906,True,True,True
1895_0,-69.77474417847671,8.542791223053907,True,True,True
1896_0,-14.84398484023339,3.9699365018331187,True,True,True
1897_0,-35.92507972616204,3.5529729396306826,True,True,True
1898_0,-12.507344757930753,4.013407421424236,True,True,True
1899_0,-12.50734475793081,4.013407421424236,True,True,True
1900_0,-375.0125980453651,100000.00017197746,False,False,False
1901_0,-14.726698324921728,3.2697009345729255,True,True,True
1902_0,-15.420724826107062,2.9014038142500223,True,True,True
1903_0,-13.4192826645982,2.902382990755621,True,True,True
1904_0,-28.740411646411644,2.5739316559663132,True,True,True
1905_0,-14.84398484023339,3.9699365018331187,True,True,True
1906_0,-12.842542678724527,3.9924547894883906,True,True,True
1908_0,-37.34644733837149,3.7905865399808745,True,True,True
1910_0,-11.758151037591006,4.1793632664907845,True,True,True
1912_0,-18.48502806116096,4.235279293172212,True,True,True
1914_0,-18.48502806116096,4.235279293172212,True,True,True
1916_0,-11.758151037591006,4.179363266490784,True,True,True
1918_0,-37.346447338371576,3.7905865399808745,True,True,True
1920_0,338.44441571940985,100000.00016169947,False,False,False
1922_0,-26.348604344954538,3.038132590546733,True,True,True
1924_0,-18.485028061161188,4.235279293172213,True,True,True
1926_0,-18.48502806116096,4.235279293172213,True,True,True
1928_0,-11.758151037591063,4.179363266490784,True,True,True
1930_0,-18.485028061161017,4.235279293172213,True,True,True
1932_0,-11.75815103759112,4.1793632664907845,True,True,True
1934_0,-18.487997061698024,4.235279293172212,True,True,True
1936_0,-18.485028061161188,4.235279293172212,True,True,True
1938_0,-18.48502806116096,4.235279293172213,True,True,True
1940_0,-18.48502806116096,4.235279293172213,True,True,True
1942_0,-38.15083477304435,5.681540507746665,True,True,True
1944_0,-44.0733243619419,3.7296822158650236,True,True,True
1946_0,344.01719183604786,100000.0001980661,False,False,False
1948_0,331.71753869583944,100000.0001643598,False,False,False
1950_0,-18.488031567273083,4.235279293172213,True,True,True
1951_0,-11.761154543703128,4.1793632664907845,True,True,True
1953_0,-33.07548136852495,2.99989421935145,True,True,True
1955_0,-18.485028061161017,4.235279293172213,True,True,True
1957_0,-37.3494508444835,3.7905865399808745,True,True,True
1959_0,-11.758151037591006,4.179363266490784,True,True,True
1961_0,-37.34644733837183,3.7905865399808745,True,True,True
1963_0,338.4444157194097,100000.00016169947,False,False,False
1965_0,-26.34860434495465,3.038132590546732,True,True,True
1967_0,-11.758151037591006,4.179363266490784,True,True,True
1969_0,-37.34644733837172,3.790586539980874,True,True,True
1971_0,338.4444157194097,100000.00016169947,False,False,False
1973_0,-26.34860434495471,3.038132590546732,True,True,True
1975_0,-18.487997061698024,4.235279293172213,True,True,True
1977_0,-44.07629336247874,3.729682215865024,True,True,True
1979_0,331.71456969530254,100000.0001643598,False,False,False
1981_0,-33.07845036906167,2.9998942193514497,True,True,True
1983_0,-18.485028061160847,4.235279293172213,True,True,True
1985_0,344.0171918360479,100000.0001980661,False,False,False
1987_0,-18.48803156727297,4.235279293172213,True,True,True
1988_0,-11.761154543703128,4.1793632664907845,True,True,True
1990_0,-44.07332436194173,3.7296822158650236,True,True,True
1992_0,331.71753869583966,100000.0001643598,False,False,False
1994_0,-33.07548136852466,2.99989421935145,True,True,True
1996_0,324.35438815444826,100000.00025408952,False,False,False
1998_0,-38.15083477304421,5.681540507746665,True,True,True
1999_0,-31.423957749474255,5.660575498817821,True,True,True
2001_0,318.4288955352672,100000.00017269545,False,False,False
2003_0,325.15578067676984,100000.0001733217,False,False,False
2005_0,-37.34644761634354,3.7905865399808745,True,True,True
2007_0,-44.07632786805374,3.729682215865024,True,True,True
2008_0,-37.3494508444839,3.7905865399808745,True,True,True
2010_0,694.2203803907082,200000.00021847998,False,False,False
2012_0,329.4267385286843,100000.00015619684,False,False,False
2014_0,700.9472655322106,200000.00021631792,False,False,False
2016_0,338.4450372390975,100000.00016169947,False,False,False
2018_0,331.7145351897277,100000.0001643598,False,False,False
2019_0,338.44141221329767,100000.00016169947,False,False,False
2021_0,-33.07848487463673,2.99989421935145,True,True,True
2022_0,-26.351607851066717,3.0381325905467325,True,True,True
2024_0,-26.167274128855468,3.7463383074112975,True,True,True
2026_0,-26.167274128855524,3.746338307411297,True,True,True
2028_0,-26.16727412885548,3.7463383074112966,True,True,True
2029_0,-32.89415115242562,3.6766106343144767,True,True,True
2031_0,-26.170277634967533,3.7463383074112966,True,True,True
2033_0,-26.170277634967533,3.7463383074112966,True,True,True
2035_0,-26.167274128855695,3.7463383074112966,True,True,True
2037_0,-26.16727412885558,3.7463383074112975,True,True,True
2038_0,-32.8971201529626,3.6766106343144767,True,True,True
2039_0,-32.894151152425536,3.676610634314476,True,True,True
2040_0,-32.89415115242559,3.6766106343144767,True,True,True
2041_0,-16.656080651499906,1.6921913095099497,True,True,True
2042_0,336.3349541642579,100000.00015926824,False,False,False
2044_0,336.33496882539305,100000.00015926824,False,False,False
2046_0,-26.170276881167183,3.7463383074112966,True,True,True
2048_0,-26.167274128855723,3.7463383074112966,True,True,True
2049_0,-32.8971546585374,3.676610634314476,True,True,True
2050_0,-26.170277634967505,3.7463383074112966,True,True,True
2051_0,-18.48801427347928,4.235279293172212,True,True,True
2052_0,-18.48801427347928,4.235279293172212,True,True,True
2053_0,-18.488014273479564,4.235279293172212,True,True,True
2054_0,-18.488014273479394,4.235279293172213,True,True,True
2055_0,-18.488014273479394,4.235279293172213,True,True,True
2056_0,-18.488014273479507,4.235279293172212,True,True,True
2057_0,-18.488014273479394,4.235279293172213,True,True,True
2058_0,-38.150817479250634,5.681540507746665,True,True,True
2059_0,-44.076310574260276,3.729682215865024,True,True,True
2060_0,331.7145524835213,100000.0001643598,False,False,False
2062_0,-33.078467580843096,2.9998942193514497,True,True,True
2064_0,-18.488014273479394,4.235279293172213,True,True,True
2065_0,-11.761154543703014,4.1793632664907845,True,True,True
2066_0,-11.7611545437029,4.1793632664907845,True,True,True
2067_0,-37.34945084448373,3.7905865399808745,True,True,True
2068_0,338.4414122132977,100000.00016169947,False,False,False
2069_0,-26.351607851066547,3.0381325905467325,True,True,True
2071_0,-25.590534142981653,3.038132590546732,True,True,True
2073_0,-25.59053414298168,3.038132590546733,True,True,True
2074_0,-32.317411166552006,2.99989421935145,True,True,True
2076_0,-25.59353764909372,3.038132590546732,True,True,True
2078_0,-25.590534142981937,3.038132590546732,True,True,True
2080_0,-25.590534142981937,3.0381325905467325,True,True,True
2081_0,-32.320380167088786,2.99989421935145,True,True,True
2083_0,-32.317411166551835,2.9998942193514506,True,True,True
2084_0,330.1848087306573,100000.00015619684,False,False,False
2085_0,336.9116938721598,100000.00015568742,False,False,False
2087_0,-25.59053442095359,3.038132590546733,True,True,True
2089_0,-32.320414672663674,2.99989421935145,True,True,True
2090_0,-25.593537649093832,3.038132590546733,True,True,True
2091_0,32.32039737887021,2.9998942193514497,True,False,False
2092_0,25.59353764909389,3.0381325905467325,True,False,False
2093_0,18.30668405738038,1.6921913095099494,True,False,False
2094_0,26.17027763496759,3.7463383074112966,True,False,False
2096_0,1.0502400807406502,1.4288896159116962,True,False,False
2098_0,1.0502400807406502,1.4288896159116962,True,False,False
2100_0,-1.453541571688902,1.1070389810184753,True,True,False
2102_0,-1.4535415716890157,1.1070389810184753,True,True,False
2104_0,0.9000199501679162,1.9254324993674037,True,False,False
2106_0,-7.270526535190811,0.9955871885184088,True,True,True
2108_0,-7.420746665763545,1.5136204604092138,True,True,True
2110_0,-7.420746665763545,1.5136204604092138,True,True,True
2112_0,-7.420746665763545,1.5136204604092136,True,True,True
2113_0,-12.278472343597741,3.2892758517675222,True,True,True
2114_0,-12.278472343597741,3.2892758517675222,True,True,True
2116_0,0.9000199501679162,1.9254324993674043,True,False,False
2118_0,0.9000199501679162,1.9254324993674037,True,False,False
2120_0,-1.8012851614529382,1.2785633926205529,True,True,False
2122_0,12.65370568845492,4.058002271359659,True,False,False
2124_0,-4.30506681388249,1.2743596154176655,True,True,True
2126_0,-4.155446263761974,0.7108983402116479,True,True,True
2128_0,-10.122051777384513,1.5938703617213432,True,True,True
2130_0,-4.502590273073793,1.3930227739415837,True,True,True
2132_0,-7.006371925503345,1.5166983789025281,True,True,True
2133_0,1.6043342941511582,1.8237228261692395,True,False,False
2135_0,-8.552542709446811,4.154336844651191,True,True,True
2137_0,-8.552542709446925,4.154336844651191,True,True,True
2139_0,-8.552542709446868,4.154336844651191,True,True,True
2141_0,-8.552542709447266,4.154336844651191,True,True,True
2143_0,-8.555546215558934,4.15433684465119,True,True,True
2145_0,-8.555546215558934,4.15433684465119,True,True,True
2147_0,-8.552542709446982,4.154336844651191,True,True,True
2149_0,-8.552542709447039,4.154336844651191,True,True,True
2150_0,5.276836889831785,2.4368340472908017,True,False,False
2151_0,14.959576057422865,3.2386465780102145,True,False,False
2152_0,0.17280747509455807,4.1977516056422,True,False,False
2154_0,0.1757764756315794,4.1977516056422,True,False,False
2156_0,-8.552542709447152,4.15433684465119,True,True,True
2158_0,0.17577647563189203,4.197751605642199,True,False,False
2160_0,-8.552542709446868,4.154336844651191,True,True,True
2161_0,0.17577647563155097,4.1977516056422,True,False,False
2162_0,0.17577647563166465,4.1977516056422,True,False,False
2164_0,-8.55254270944718,4.154336844651191,True,True,True
2166_0,-8.555546215558934,4.15433684465119,True,True,True
2168_0,-8.552542709446868,4.154336844651191,True,True,True
2170_0,-8.552542709446925,4.154336844651191,True,True,True
2172_0,-8.555546215559048,4.154336844651191,True,True,True
2174_0,-8.55554621555882,4.15433684465119,True,True,True
2176_0,-8.555546215558934,4.15433684465119,True,True,True
2178_0,4.91077043711266,3.575331689357248,True,False,False
2179_0,1.8153865506369868,4.411461306532586,True,False,False
2180_0,6.966206125029373,2.825823488452556,True,False,False
2181_0,0.1727729695197695,4.1977516056422,True,False,False
2182_0,-8.55554621555899,4.154336844651191,True,True,True
2183_0,-8.55554621555892,4.15433684465119,True,True,True
2185_0,-8.555546215558934,4.15433684465119,True,True,True
2187_0,-8.55554621555899,4.154336844651191,True,True,True
2189_0,0.1727729695197695,4.1977516056422,True,False,False
2191_0,48.711853204986994,8.597295737216239,True,False,False
2193_0,57.4401723900657,8.631647935250406,True,False,False
2195_0,5.918244858092514,2.6705674703990825,True,False,False
2197_0,-8.552542709447096,4.15433684465119,True,True,True
2199_0,-8.552542709447096,4.15433684465119,True,True,True
2201_0,-8.552542709446811,4.15433684465119,True,True,True
2203_0,-8.552542709446811,4.15433684465119,True,True,True
2205_0,4.058449254883811,2.4368340472908017,True,False,False
2206_0,-8.552542709447081,4.154336844651191,True,True,True
2207_0,6.053823863145695,2.436834047290802,True,False,False
2208_0,-8.555546215558863,4.15433684465119,True,True,True
2210_0,3.108726218184998,2.4368340472908017,True,False,False
2211_0,-9.27811513513857,3.604759091995786,True,True,True
2212_0,14.009120749599916,4.013062008979855,True,False,False
2214_0,23.55530616312825,2.6682890239076595,True,False,False
2216_0,23.705540954835953,2.2725273521801634,True,False,False
2218_0,-338.7999917434373,100000.00009051108,False,False,False
2220_0,-387.5564677919033,100000.00016723668,False,False,False
2222_0,20.854015712642592,2.4847877070866766,True,False,False
2224_0,-341.50129685563127,100000.00011034083,False,False,False
2226_0,-344.3525351055387,100000.00014459739,False,False,False
2228_0,-29.014038817095816,6.37412277222036,True,True,True
2230_0,-31.514816963413466,6.398635041611917,True,True,True
2232_0,-37.331801926915375,6.65714217040399,True,True,True
2234_0,-37.33180192691549,6.657142170403989,True,True,True
2235_0,-4.469443689065862,4.36498259641759,True,True,False
2236_0,-3.7438712633740465,5.250905499178708,True,True,False
2237_0,-3.7438712633741034,5.250905499178708,True,True,False
2238_0,-3.7438712633741034,5.250905499178707,True,True,False
2239_0,-3.7438712633745013,5.250905499178708,True,True,False
2240_0,-3.746874769486112,5.250905499178707,True,True,False
2241_0,-3.746874769486112,5.250905499178707,True,True,False
2242_0,-3.743871263374217,5.250905499178708,True,True,False
2243_0,-3.743871263374274,5.250905499178707,True,True,False
2244_0,-3.7438712633743876,5.250905499178708,True,True,False
2245_0,-3.7438712633741034,5.250905499178707,True,True,False
2246_0,-3.743871263374473,5.250905499178707,True,True,False
2247_0,-3.746874769486112,5.250905499178707,True,True,False
2248_0,-3.7438712633741034,5.250905499178707,True,True,False
2249_0,-3.7438712633741034,5.250905499178708,True,True,False
2250_0,-3.7468747694863396,5.250905499178707,True,True,False
2251_0,-3.7468747694859985,5.250905499178707,True,True,False
2252_0,-3.746874769486112,5.250905499178707,True,True,False
2253_0,9.719441883185368,4.782433079845694,True,False,False
2254_0,-3.746874769486169,5.250905499178707,True,True,False
2255_0,-3.746874769486169,5.250905499178707,True,True,False
2256_0,-3.746874769486226,5.250905499178707,True,True,False
2257_0,53.52052465105976,9.177526242710266,True,False,False
2258_0,10.726916304165222,4.164467576207382,True,False,False
2259_0,-3.7438712633743307,5.250905499178707,True,True,False
2260_0,-3.7438712633743307,5.250905499178707,True,True,False
2261_0,-3.7438712633740465,5.250905499178707,True,True,False
2262_0,-3.7438712633740465,5.250905499178707,True,True,False
2263_0,8.86712070095652,4.031334036831284,True,False,False
2264_0,-3.743871263374274,5.250905499178708,True,True,False
2265_0,10.862495309218446,4.031334036831284,True,False,False
2266_0,-3.746874769486112,5.250905499178707,True,True,False
2267_0,7.917397664257706,4.031334036831283,True,False,False
2268_0,18.817792195672666,5.148113436835433,True,False,False
2269_0,19.768247503495616,4.5654429915171555,True,False,False
2270_0,4.981478921167309,5.2853204713764,True,False,False
2271_0,4.984447921704344,5.2853204713764,True,False,False
2272_0,4.984447921704657,5.2853204713764,True,False,False
2273_0,4.984447921704316,5.285320471376401,True,False,False
2274_0,4.9844479217044295,5.2853204713764,True,False,False
2275_0,4.981444415592534,5.2853204713764,True,False,False
2276_0,62.24884383613846,9.20971443751605,True,False,False
