Index,dG_prime_kJ_mol,sigma_kJ_mol,estimable,spontaneous_point,spontaneous_95
4_0,13.368889060559638,1.6477739594969993,True,False,False
4_1,13.368889060559638,1.6477739594969993,True,False,False
6_0,-2.0015249341370236,0.4684348836974412,True,True,True
9_0,301.4002792126813,100000.00008918784,False,False,False
9_1,301.4002792126813,100000.00008918784,False,False,False
11_0,-41.014262475201065,1.24685410860712,True,True,True
13_0,-41.014262475201065,1.24685410860712,True,True,True
15_0,-41.014262475201065,1.24685410860712,True,True,True
17_0,-41.014262475201065,1.24685410860712,True,True,True
19_0,-41.014262475201065,1.24685410860712,True,True,True
21_0,-41.014262475201065,1.24685410860712,True,True,True
23_0,-45.40449941646824,1.4156030322241335,True,True,True
25_0,-39.01282031369209,1.2616238877207056,True,True,True
27_0,-1.4535415716890157,1.1070389810184753,True,True,False
29_0,-4.155446263761974,0.7108983402116479,True,True,True
31_0,-7.006371925503345,1.5166983789025281,True,True,True
33_0,-88.26573860342478,6.979023060153432,True,True,True
33_1,-88.26573860342478,6.979023060153432,True,True,True
35_0,-91.11726384561848,6.908627075808763,True,True,True
35_1,-91.11726384561848,6.908627075808763,True,True,True
36_0,-86.7270269043513,6.945249059557174,True,True,True
38_0,-68.51058941666213,7.0205537434442755,True,True,True
38_1,-68.51058941666213,7.0205537434442755,True,True,True
39_0,-16.392518396181572,3.1212394294733836,True,True,True
39_1,-16.392518396181572,3.1212394294733836,True,True,True
40_0,-13.368889060559695,1.6477739594969991,True,True,True
40_1,-13.368889060559695,1.6477739594969991,True,True,True
42_0,303.4017521274226,100000.00008708918,False,False,False
42_1,303.4017521274226,100000.00008708918,False,False,False
44_0,-303.40175212742264,100000.00008708918,False,False,False
45_0,16.392518396181572,3.1212394294733836,True,False,False
45_1,16.392518396181572,3.1212394294733836,True,False,False
48_0,10.168715929380937,2.277709204753575,True,False,False
48_1,10.168715929380937,2.277709204753575,True,False,False
50_0,4.312391908759906,1.6682331887911208,True,False,False
52_0,13.368889060559752,1.6477739594969993,True,False,False
52_1,13.368889060559752,1.6477739594969993,True,False,False
54_0,-48.288747301253466,7.992520243537185,True,True,True
57_0,5.954995998807192,0.7805433064575087,True,False,False
60_0,29.595376028314462,1.428166683547855,True,False,False
60_1,29.595376028314462,1.428166683547855,True,False,False
62_0,13.368889060559752,1.6477739594969993,True,False,False
62_1,13.368889060559752,1.6477739594969993,True,False,False
64_0,10.345259724937932,0.8681795068803964,True,False,False
64_1,10.345259724937932,0.8681795068803964,True,False,False
66_0,25.205035832195733,1.5919692024838479,True,False,False
67_0,13.368889060559752,1.6477739594969993,True,False,False
67_1,13.368889060559752,1.6477739594969993,True,False,False
70_0,-57.514849475929225,7.777567688041274,True,True,True
71_0,-43.89851035998629,7.990150867457925,True,True,True
71_1,-43.89851035998629,7.990150867457925,True,True,True
72_0,-53.12461253466205,7.791577842946945,True,True,True
72_1,-53.12461253466205,7.791577842946945,True,True,True
74_0,13.368889060559638,1.6477739594969993,True,False,False
74_1,13.368889060559638,1.6477739594969993,True,False,False
77_0,6.124141954711035,1.3032675159556373,True,False,False
78_0,0.0,0.0,True,False,False
80_0,-2.0014766670836934,0.46843488369744113,True,True,True
81_0,2.0015249341370236,0.4684348836974412,True,False,False
83_0,8.277262816136499e-05,0.0,True,False,False
85_0,0.0,0.0,True,False,False
87_0,-2.0014421615087485,0.4684348836974412,True,True,True
89_0,0.0,0.0,True,False,False
91_0,-2.0014421615087485,0.4684348836974412,True,True,True
93_0,0.0,0.0,True,False,False
95_0,-2.0014421615087485,0.4684348836974412,True,True,True
97_0,0.0,0.0,True,False,False
99_0,-2.0014421615087485,0.4684348836974412,True,True,True
101_0,2.001442161508976,0.4684348836974412,True,False,False
103_0,-2.0015860021125604,0.4684348836974412,True,True,True
105_0,0.0,0.0,True,False,False
107_0,-2.001442161508976,0.4684348836974412,True,True,True
109_0,298.3766806302919,100000.000101378,False,False,False
111_0,301.40029905425376,100000.00008918784,False,False,False
113_0,301.40030996591395,100000.00008918784,False,False,False
115_0,301.40030996591395,100000.00008918784,False,False,False
117_0,301.40030996591395,100000.00008918784,False,False,False
118_0,301.40030996591395,100000.00008918784,False,False,False
119_0,301.40030996591395,100000.00008918784,False,False,False
120_0,301.40030996591395,100000.00008918784,False,False,False
122_0,301.40030996591383,100000.00008918784,False,False,False
124_0,301.4003099659137,100000.00008918784,False,False,False
126_0,301.4003099659137,100000.00008918784,False,False,False
128_0,-83.87920152706025,2.4646250843572943,True,True,True
130_0,-61.104951832743495,1.6338024626802503,True,True,True
132_0,301.40027921268154,100000.00008918784,False,False,False
134_0,301.40027921268154,100000.00008918784,False,False,False
136_0,301.40027921268154,100000.00008918784,False,False,False
138_0,301.40027921268154,100000.00008918784,False,False,False
140_0,301.40027921268154,100000.00008918784,False,False,False
142_0,301.40027921268154,100000.00008918784,False,False,False
144_0,301.40027921268154,100000.00008918784,False,False,False
146_0,301.40027921268154,100000.00008918784,False,False,False
148_0,301.40027921268154,100000.00008918784,False,False,False
150_0,-91.59184078029057,6.863855719702931,True,True,True
150_1,-91.59184078029057,6.863855719702931,True,True,True
152_0,-71.83669159352792,6.902105105693943,True,True,True
152_1,-71.83669159352792,6.902105105693943,True,True,True
154_0,-10.72778614335084,1.7581471621982618,True,True,True
154_1,-10.72778614335084,1.7581471621982618,True,True,True
155_0,-371.9105916791822,100000.00009190453,False,False,False
156_0,-41.014262475200894,1.24685410860712,True,True,True
157_0,-41.014262475200894,1.24685410860712,True,True,True
158_0,-102.67189883701411,7.970492757049206,True,True,True
159_0,-39.01282031369203,1.2616238877207056,True,True,True
160_0,-41.01417970257279,1.24685410860712,True,True,True
161_0,-41.01417970257279,1.24685410860712,True,True,True
162_0,-41.01417970257279,1.24685410860712,True,True,True
163_0,-41.01417970257279,1.24685410860712,True,True,True
164_0,-45.40456048444378,1.4156030322241335,True,True,True
165_0,-39.01273754106404,1.2616238877207056,True,True,True
166_0,-41.014262475201065,1.24685410860712,True,True,True
167_0,-41.014262475201065,1.24685410860712,True,True,True
168_0,-41.014262475201065,1.24685410860712,True,True,True
169_0,-41.014262475201065,1.24685410860712,True,True,True
170_0,-41.014262475201065,1.24685410860712,True,True,True
171_0,-41.014262475201065,1.24685410860712,True,True,True
172_0,-45.40449941646824,1.4156030322241335,True,True,True
173_0,-39.01282031369209,1.2616238877207056,True,True,True
174_0,-39.01278956045985,1.2616238877207056,True,True,True
175_0,-45.40446866323589,1.4156030322241338,True,True,True
176_0,-41.0142317219686,1.24685410860712,True,True,True
177_0,-41.0142317219686,1.24685410860712,True,True,True
178_0,-41.0142317219686,1.24685410860712,True,True,True
180_0,-41.01426247520078,1.2468541086071199,True,True,True
182_0,-41.0142640891566,1.2468541086071199,True,True,True
184_0,-45.404506625735735,1.4156030322241335,True,True,True
186_0,-39.01282031369203,1.2616238877207053,True,True,True
188_0,-41.01426247520078,1.2468541086071199,True,True,True
190_0,-41.01426247520078,1.2468541086071199,True,True,True
192_0,-45.40449941646807,1.4156030322241335,True,True,True
194_0,-39.01282031369203,1.2616238877207053,True,True,True
196_0,-45.40449941646807,1.4156030322241335,True,True,True
198_0,-39.01282031369203,1.2616238877207053,True,True,True
200_0,-45.40449941646807,1.4156030322241335,True,True,True
202_0,-39.01282031369203,1.2616238877207053,True,True,True
203_0,-41.01426247520078,1.2468541086071199,True,True,True
204_0,-41.01426247520078,1.2468541086071199,True,True,True
205_0,-41.0142640891566,1.2468541086071199,True,True,True
206_0,-41.01426247520078,1.2468541086071199,True,True,True
207_0,-41.01426968446856,1.2468541086071199,True,True,True
208_0,-41.014262475200894,1.2468541086071199,True,True,True
209_0,-41.014262475200894,1.2468541086071199,True,True,True
210_0,-41.014262475200894,1.2468541086071199,True,True,True
211_0,-41.01426247520101,1.24685410860712,True,True,True
212_0,-41.01426247520101,1.24685410860712,True,True,True
213_0,-41.01426247520101,1.24685410860712,True,True,True
214_0,-41.01426247520101,1.24685410860712,True,True,True
216_0,-65.87823498238691,2.334296092504949,True,True,True
218_0,-51.688973116537056,2.271760342458757,True,True,True
220_0,-51.688973116537056,2.271760342458757,True,True,True
222_0,-51.688973116537056,2.271760342458757,True,True,True
224_0,-45.40449941646813,1.4156030322241335,True,True,True
226_0,-39.01282031369209,1.2616238877207056,True,True,True
228_0,-65.8776354019347,2.3342960925049487,True,True,True
230_0,-51.68844902545584,2.271760342458757,True,True,True
232_0,-51.68837353608484,2.271760342458757,True,True,True
234_0,-51.68837353608484,2.271760342458757,True,True,True
236_0,-51.68837353608484,2.271760342458757,True,True,True
238_0,-51.68837353608484,2.271760342458757,True,True,True
240_0,-65.87823498238691,2.3342960925049487,True,True,True
242_0,-51.68897311653694,2.271760342458757,True,True,True
244_0,-51.68897311653694,2.271760342458757,True,True,True
246_0,-51.68897311653694,2.271760342458757,True,True,True
248_0,-51.68897311653694,2.271760342458757,True,True,True
250_0,-51.68897311653694,2.271760342458757,True,True,True
252_0,-51.68897311653694,2.271760342458757,True,True,True
254_0,-51.68897311653694,2.271760342458757,True,True,True
256_0,-0.43158880879650496,1.4927180897404106,True,True,False
258_0,-0.43158880879650496,1.4927180897404106,True,True,False
260_0,-0.43158880879650496,1.4927180897404106,True,True,False
262_0,-2.2967880031285404,1.9554233999038124,True,True,False
264_0,-0.43158880879650496,1.4927180897404106,True,True,False
266_0,-0.43158880879661865,1.4927180897404106,True,True,False
267_0,41.01426247520101,1.24685410860712,True,False,False
268_0,39.012820313692146,1.2616238877207053,True,False,False
269_0,41.01426247520101,1.24685410860712,True,False,False
270_0,41.01426247520101,1.24685410860712,True,False,False
271_0,41.01426247520101,1.24685410860712,True,False,False
272_0,41.01426247520101,1.24685410860712,True,False,False
273_0,41.01426247520101,1.24685410860712,True,False,False
274_0,45.404499416468184,1.4156030322241335,True,False,False
275_0,39.01282031369203,1.2616238877207053,True,False,False
277_0,-1.6043342941511582,1.8237228261692395,True,True,False
279_0,-2.6278986838449327,0.7185917247886361,True,True,True
280_0,-12.128252213025007,2.4052864781260372,True,True,True
282_0,6.452457088953679,1.318603411103508,True,False,False
283_0,-12.128252213025007,2.4052864781260372,True,True,True
285_0,-2.778201587045828,1.3185865016371259,True,True,True
287_0,6.302236958380945,2.358661038135446,True,False,False
289_0,6.452457088953679,1.318603411103508,True,False,False
291_0,-2.627981456473208,0.7185917247886361,True,True,True
292_0,-1.453541571688902,1.1070389810184758,True,True,False
294_0,7.626896973737757,1.870567293077215,True,False,False
295_0,-1.4535415716890157,1.1070389810184755,True,True,False
297_0,-5.479423926038635,1.4645843783096253,True,True,True
298_0,-14.829557324645748,1.880748034999429,True,True,True
300_0,3.6009318467600906,2.1749578314908367,True,False,False
301_0,-14.829557324645748,1.880748034999429,True,True,True
302_0,-14.829557324645748,1.880748034999429,True,True,True
303_0,-14.829557324645748,1.880748034999429,True,True,True
305_0,4.925591862116903,1.240840755136477,True,False,False
306_0,-17.681082566839223,2.5957046488862745,True,True,True
307_0,-17.681082566839223,2.5957046488862745,True,True,True
308_0,-17.681082566839223,2.5957046488862745,True,True,True
309_0,-17.681082566839223,2.5957046488862745,True,True,True
310_0,-17.681082566839223,2.5957046488862745,True,True,True
311_0,-17.681082566839223,2.5957046488862745,True,True,True
312_0,1.4535415716890157,1.1070389810184753,True,False,False
313_0,4.155446263761974,0.7108983402116479,True,False,False
314_0,7.006371925503345,1.5166983789025281,True,False,False
316_0,-338.7999917434373,100000.00009051108,False,False,False
318_0,-341.50129685563127,100000.00011034083,False,False,False
320_0,-344.3525351055387,100000.00014459739,False,False,False
322_0,-88.41595287408325,6.6521779863694075,True,True,True
322_1,-88.41595287408325,6.6521779863694075,True,True,True
323_0,-84.02561267796449,6.689192330784177,True,True,True
325_0,-91.11726384561848,6.908627075808763,True,True,True
325_1,-91.11726384561848,6.908627075808763,True,True,True
327_0,-89.59039861878182,6.851925082878547,True,True,True
327_1,-89.59039861878182,6.851925082878547,True,True,True
329_0,-89.59039861878182,6.851925082878547,True,True,True
329_1,-89.59039861878182,6.851925082878547,True,True,True
331_0,-85.20001783691083,6.910273014868223,True,True,True
333_0,-98.6706933236049,7.344822444531038,True,True,True
333_1,-98.6706933236049,7.344822444531038,True,True,True
335_0,-91.11726384561848,6.908627075808763,True,True,True
335_1,-91.11726384561848,6.908627075808763,True,True,True
337_0,-98.940449244761,6.829523206323494,True,True,True
337_1,-98.940449244761,6.829523206323494,True,True,True
339_0,-101.79197287299877,6.860774326182251,True,True,True
339_1,-101.79197287299877,6.860774326182251,True,True,True
341_0,-80.50995845939934,6.5704623204977075,True,True,True
341_1,-80.50995845939934,6.5704623204977075,True,True,True
343_0,-97.40173033641963,6.870888738900717,True,True,True
345_0,-76.1197159228202,6.605012266192402,True,True,True
347_0,-79.18530005799812,6.586177631963053,True,True,True
347_1,-79.18530005799812,6.586177631963053,True,True,True
349_0,-98.940449244761,6.829523206323494,True,True,True
349_1,-98.940449244761,6.829523206323494,True,True,True
351_0,-101.79197448695459,6.860774326182251,True,True,True
351_1,-101.79197448695459,6.860774326182251,True,True,True
353_0,-97.4017375456873,6.870888738900717,True,True,True
354_0,-79.18530005799812,6.586177631963053,True,True,True
354_1,-79.18530005799812,6.586177631963053,True,True,True
356_0,-79.18530005799812,6.586177631963053,True,True,True
356_1,-79.18530005799812,6.586177631963053,True,True,True
357_0,-97.4017375456873,6.870888738900717,True,True,True
359_0,-79.18530005799812,6.586177631963053,True,True,True
361_0,-97.4017375456873,6.870888738900717,True,True,True
363_0,-79.18530005799812,6.586177631963053,True,True,True
363_1,-79.18530005799812,6.586177631963053,True,True,True
365_0,-117.14072280190294,7.935813402381602,True,True,True
365_1,-117.14072280190294,7.935813402381602,True,True,True
367_0,-29.445161757656024,1.879800286658622,True,True,True
367_1,-29.445161757656024,1.879800286658622,True,True,True
369_0,-5.349496097437054,4.430236859194969,True,True,False
369_1,-5.349496097437054,4.430236859194969,True,True,False
370_0,-10.168715929380937,2.277709204753575,True,True,True
370_1,-10.168715929380937,2.277709204753575,True,True,True
371_0,-8.526180710032747,2.738337399179416,True,True,True
371_1,-8.526180710032747,2.738337399179416,True,True,True
373_0,-3.883491790711332,2.7625278528380197,True,True,False
373_1,-3.883491790711332,2.7625278528380197,True,True,False
375_0,0.5067451505559575,2.768712445009744,True,False,False
377_0,-10.168650450546238,2.277709204753575,True,True,True
377_1,-10.168650450546238,2.277709204753575,True,True,True
379_0,-5.526105371828635,2.3147290056389114,True,True,True
379_1,-5.526105371828635,2.3147290056389114,True,True,True
381_0,1.20077165174132,2.443257337277333,True,False,False
381_1,1.20077165174132,2.443257337277333,True,False,False
383_0,-5.526105371828635,2.3147290056389114,True,True,True
383_1,-5.526105371828635,2.3147290056389114,True,True,True
385_0,47.09874896999963,8.132424962205524,True,False,False
385_1,47.09874896999963,8.132424962205524,True,False,False
387_0,51.74129404871735,8.07424124921241,True,False,False
387_1,51.74129404871735,8.07424124921241,True,False,False
389_0,56.131530989984526,8.082730588047635,True,False,False
391_0,-10.168772879174526,2.2777092047535747,True,True,True
391_1,-10.168772879174526,2.2777092047535747,True,True,True
393_0,-5.5260785869649,2.3147290056389114,True,True,True
393_1,-5.5260785869649,2.3147290056389114,True,True,True
395_0,-1.1358416456977238,2.3424051852578445,True,True,False
396_0,-29.418807119412122,2.657505336672233,True,True,True
396_1,-29.418807119412122,2.657505336672233,True,True,True
398_0,-10.168650450546238,2.277709204753575,True,True,True
398_1,-10.168650450546238,2.277709204753575,True,True,True
400_0,-5.526105371828635,2.3147290056389114,True,True,True
400_1,-5.526105371828635,2.3147290056389114,True,True,True
402_0,1.20077165174132,2.443257337277333,True,False,False
402_1,1.20077165174132,2.443257337277333,True,False,False
404_0,-5.526105371828521,2.3147290056389114,True,True,True
404_1,-5.526105371828521,2.3147290056389114,True,True,True
406_0,-5.526105371828521,2.3147290056389114,True,True,True
406_1,-5.526105371828521,2.3147290056389114,True,True,True
408_0,1.2007716517414337,2.443257337277333,True,False,False
408_1,1.2007716517414337,2.443257337277333,True,False,False
410_0,53.30122023183577,8.07424124921241,True,False,False
410_1,53.30122023183577,8.07424124921241,True,False,False
412_0,-5.526103794610776,2.3147290056389114,True,True,True
412_1,-5.526103794610776,2.3147290056389114,True,True,True
414_0,-1.1358668533434866,2.342405185257845,True,True,False
416_0,-5.526103794610776,2.3147290056389114,True,True,True
416_1,-5.526103794610776,2.3147290056389114,True,True,True
418_0,-10.168650450546352,2.277709204753575,True,True,True
418_1,-10.168650450546352,2.277709204753575,True,True,True
420_0,-10.168650450546352,2.277709204753575,True,True,True
420_1,-10.168650450546352,2.277709204753575,True,True,True
422_0,1.20077165174132,2.4432573372773336,True,False,False
422_1,1.20077165174132,2.4432573372773336,True,False,False
424_0,-10.337821847703935,2.609941478027454,True,True,True
424_1,-10.337821847703935,2.609941478027454,True,True,True
426_0,-1.3049876016018516,2.693447566201233,True,True,False
427_0,-4.312391908759878,1.6682331887911208,True,True,True
429_0,-3.6183654075744016,0.9361853552194979,True,True,True
429_1,-3.6183654075744016,0.9361853552194979,True,True,True
431_0,-10.345242431144356,0.8681795068803964,True,True,True
431_1,-10.345242431144356,0.8681795068803964,True,True,True
433_0,51.312393930668804,7.846747975506774,True,False,False
435_0,-5.9549787050134455,0.7805433064575087,True,True,True
437_0,-3.6183654075744016,0.9361853552194979,True,True,True
437_1,-3.6183654075744016,0.9361853552194979,True,True,True
439_0,-10.345242431144243,0.8681795068803964,True,True,True
439_1,-10.345242431144243,0.8681795068803964,True,True,True
441_0,-3.6183654075744016,0.936185355219498,True,True,True
441_1,-3.6183654075744016,0.936185355219498,True,True,True
442_0,-5.955003912659208,0.7805433064575087,True,True,True
443_0,-10.345240853926498,0.8681795068803962,True,True,True
443_1,-10.345240853926498,0.8681795068803962,True,True,True
445_0,-3.6183654075744016,0.9361853552194981,True,True,True
445_1,-3.6183654075744016,0.9361853552194981,True,True,True
447_0,-6.12413079700093,1.3032675159556373,True,True,True
448_0,-2.669802830703702,3.1004579375470596,True,True,False
450_0,1.9727494572816795,3.093708857125764,True,False,False
452_0,-4.31240920255334,1.6682331887911208,True,True,True
454_0,0.3301358761644906,1.6667752591485725,True,False,False
456_0,-1.9757691202506749,1.7746118580760595,True,True,False
456_1,-1.9757691202506749,1.7746118580760595,True,True,False
458_0,2.666775958467042,1.899480783918514,True,False,False
458_1,2.666775958467042,1.899480783918514,True,False,False
460_0,-8.702646143820516,1.7384398154743292,True,True,True
460_1,-8.702646143820516,1.7384398154743292,True,True,True
462_0,-4.060101065102799,1.7604600103891528,True,True,True
462_1,-4.060101065102799,1.7604600103891528,True,True,True
464_0,52.95499021799276,8.004964579454704,True,False,False
466_0,57.597535296710475,7.9348358865891315,True,False,False
468_0,52.95499021799276,8.004964579454704,True,False,False
470_0,57.597535296710475,7.9348358865891315,True,False,False
472_0,-4.3124136477542265,1.6682331887911208,True,True,True
474_0,0.3301626610278845,1.6667752591485727,True,False,False
476_0,-4.312382417689946,1.6682331887911208,True,True,True
478_0,0.3301626610278845,1.6667752591485727,True,False,False
479_0,-23.562531365844222,2.1775227247189135,True,True,True
481_0,-4.31240920255334,1.6682331887911208,True,True,True
483_0,0.3301358761644906,1.6667752591485725,True,False,False
485_0,-1.9757691202506749,1.7746118580760595,True,True,False
485_1,-1.9757691202506749,1.7746118580760595,True,True,False
487_0,2.666775958467042,1.899480783918514,True,False,False
487_1,2.666775958467042,1.899480783918514,True,False,False
489_0,0.3301358761644906,1.6667752591485727,True,False,False
491_0,-8.70264614382063,1.7384398154743295,True,True,True
491_1,-8.70264614382063,1.7384398154743295,True,True,True
493_0,-4.060101065102799,1.760460010389153,True,True,True
493_1,-4.060101065102799,1.760460010389153,True,True,True
495_0,-1.9757691202506749,1.7746118580760597,True,True,False
495_1,-1.9757691202506749,1.7746118580760597,True,True,False
497_0,2.666775958467042,1.899480783918514,True,False,False
497_1,2.666775958467042,1.899480783918514,True,False,False
499_0,59.15746147982878,7.9348358865891315,True,False,False
501_0,0.33013598143696754,1.6667752591485727,True,False,False
503_0,-4.312416292787702,1.6682331887911208,True,True,True
505_0,0.33013745338223544,1.6667752591485727,True,False,False
507_0,-8.702772764880535,1.7384398154743292,True,True,True
507_1,-8.702772764880535,1.7384398154743292,True,True,True
509_0,-4.060099487885168,1.760460010389153,True,True,True
509_1,-4.060099487885168,1.760460010389153,True,True,True
511_0,-4.31240920255334,1.6682331887911208,True,True,True
513_0,-4.31240920255334,1.6682331887911208,True,True,True
515_0,-1.9757691202506749,1.7746118580760595,True,True,False
515_1,-1.9757691202506749,1.7746118580760595,True,True,False
517_0,2.666775958467042,1.899480783918514,True,False,False
517_1,2.666775958467042,1.899480783918514,True,False,False
519_0,-4.312409202553226,1.6682331887911206,True,True,True
521_0,-4.481528373593903,1.9741218776880205,True,True,True
523_0,-4.481528373593903,1.9741218776880205,True,True,True
525_0,0.1610167051238136,2.102927914227396,True,False,False
527_0,0.3301703817392081,1.6667752591485727,True,False,False
529_0,-8.702611638245685,1.7384398154743295,True,True,True
529_1,-8.702611638245685,1.7384398154743295,True,True,True
531_0,-4.060066559527968,1.7604600103891528,True,True,True
531_1,-4.060066559527968,1.7604600103891528,True,True,True
533_0,-3.6183827013679775,0.936185355219498,True,True,True
533_1,-3.6183827013679775,0.936185355219498,True,True,True
535_0,-10.345259724937819,0.8681795068803961,True,True,True
535_1,-10.345259724937819,0.8681795068803961,True,True,True
537_0,-22.868504864658803,1.5145585451094703,True,True,True
537_1,-22.868504864658803,1.5145585451094703,True,True,True
539_0,-29.595381888228758,1.428166683547855,True,True,True
539_1,-29.595381888228758,1.428166683547855,True,True,True
541_0,59.851487981014145,7.8238639020573295,True,False,False
541_1,59.851487981014145,7.8238639020573295,True,False,False
543_0,53.124610957444304,7.791577842946945,True,False,False
543_1,53.124610957444304,7.791577842946945,True,False,False
545_0,1.024163954567598,1.1713947853498272,True,False,False
545_1,1.024163954567598,1.1713947853498272,True,False,False
547_0,-5.702713069002243,0.9315174901663511,True,True,True
547_1,-5.702713069002243,0.9315174901663511,True,True,True
549_0,-5.955021206452784,0.7805433064575087,True,True,True
551_0,-1.3124761277349535,0.800829799487378,True,True,False
553_0,-10.345258147720074,0.8681795068803961,True,True,True
553_1,-10.345258147720074,0.8681795068803961,True,True,True
555_0,-5.702713069002243,0.9315174901663511,True,True,True
555_1,-5.702713069002243,0.9315174901663511,True,True,True
557_0,-3.787501872408484,1.5473028103181918,True,True,True
557_1,-3.787501872408484,1.5473028103181918,True,True,True
559_0,-10.514378895978439,1.492997793219341,True,True,True
559_1,-10.514378895978439,1.492997793219341,True,True,True
561_0,-6.124141954711149,1.3032675159556373,True,True,True
563_0,-1.4815968759933185,1.503528371791256,True,True,False
565_0,51.31237663687534,7.846747975506774,True,False,False
567_0,32.06225447358452,7.999489804425166,True,False,False
569_0,114.78224731925746,15.604790545450252,True,False,False
571_0,55.95492329281103,7.777567688041274,True,False,False
572_0,51.3123782140932,7.846747975506774,True,False,False
574_0,55.95492329281103,7.777567688041274,True,False,False
576_0,46.92214127282591,7.855423048310645,True,False,False
576_1,46.92214127282591,7.855423048310645,True,False,False
578_0,51.56468635154363,7.791577842946944,True,False,False
578_1,51.56468635154363,7.791577842946944,True,False,False
580_0,51.143257465834836,7.939332079210447,True,False,False
582_0,51.143257465834836,7.939332079210447,True,False,False
584_0,55.78580254455255,7.904562609472392,True,False,False
585_0,-5.954995998807135,0.7805433064575087,True,True,True
587_0,-3.618376841453596,0.936185355219498,True,True,True
587_1,-3.618376841453596,0.936185355219498,True,True,True
589_0,-10.345253865023437,0.8681795068803962,True,True,True
589_1,-10.345253865023437,0.8681795068803962,True,True,True
591_0,-3.6183827013679775,0.936185355219498,True,True,True
591_1,-3.6183827013679775,0.936185355219498,True,True,True
592_0,-10.345259724937932,0.8681795068803964,True,True,True
592_1,-10.345259724937932,0.8681795068803964,True,True,True
594_0,-3.6183827013679775,0.9361853552194981,True,True,True
594_1,-3.6183827013679775,0.9361853552194981,True,True,True
595_0,-5.95491366890468,0.7805433064575087,True,True,True
596_0,-5.955027066367165,0.7805433064575087,True,True,True
597_0,-10.345367262485922,0.8681795068803962,True,True,True
597_1,-10.345367262485922,0.8681795068803962,True,True,True
599_0,-3.6183827013678638,0.936185355219498,True,True,True
599_1,-3.6183827013678638,0.936185355219498,True,True,True
600_0,-6.124141954711149,1.3032675159556373,True,True,True
602_0,-10.345225219362987,0.8681795068803962,True,True,True
602_1,-10.345225219362987,0.8681795068803962,True,True,True
604_0,-25.20511816209796,1.5919692024838479,True,True,True
606_0,57.514874683575044,7.777567688041274,True,False,False
608_0,-1.3124493428716733,0.8008297994873781,True,True,False
610_0,-1.3124493428716733,0.8008297994873781,True,True,False
612_0,-5.702686284138963,0.9315174901663512,True,True,True
612_1,-5.702686284138963,0.9315174901663512,True,True,True
614_0,-6.1241151698476415,1.3032675159556373,True,True,True
616_0,-1.4815700911298109,1.503528371791256,True,True,False
617_0,-22.868499004744535,1.51455854510947,True,True,True
617_1,-22.868499004744535,1.51455854510947,True,True,True
618_0,-29.59537602831449,1.428166683547855,True,True,True
618_1,-29.59537602831449,1.428166683547855,True,True,True
620_0,-3.7874960124941026,1.547302810318192,True,True,True
620_1,-3.7874960124941026,1.547302810318192,True,True,True
622_0,-10.514373036063944,1.4929977932193408,True,True,True
622_1,-10.514373036063944,1.4929977932193408,True,True,True
624_0,-6.124136094796768,1.3032675159556373,True,True,True
626_0,-1.4815910160790509,1.503528371791256,True,True,False
628_0,-22.868504864658803,1.5145585451094703,True,True,True
628_1,-22.868504864658803,1.5145585451094703,True,True,True
629_0,-29.595381888228758,1.428166683547855,True,True,True
629_1,-29.595381888228758,1.428166683547855,True,True,True
631_0,-22.868504864658917,1.5145585451094703,True,True,True
631_1,-22.868504864658917,1.5145585451094703,True,True,True
632_0,-25.205035832195733,1.5919692024838479,True,True,True
633_0,-25.205143369743666,1.5919692024838479,True,True,True
634_0,-29.595407095874407,1.428166683547855,True,True,True
634_1,-29.595407095874407,1.428166683547855,True,True,True
636_0,-22.868504864658917,1.5145585451094703,True,True,True
636_1,-22.868504864658917,1.5145585451094703,True,True,True
638_0,-25.37426411800203,2.030710607982847,True,True,True
640_0,-29.595347382653927,1.428166683547855,True,True,True
640_1,-29.595347382653927,1.428166683547855,True,True,True
642_0,-22.868504864658803,1.5145585451094703,True,True,True
642_1,-22.868504864658803,1.5145585451094703,True,True,True
644_0,-29.595381888228758,1.428166683547855,True,True,True
644_1,-29.595381888228758,1.428166683547855,True,True,True
646_0,-22.868504864658917,1.5145585451094703,True,True,True
646_1,-22.868504864658917,1.5145585451094703,True,True,True
648_0,-29.595381888228758,1.428166683547855,True,True,True
648_1,-29.595381888228758,1.428166683547855,True,True,True
650_0,-22.868504864658917,1.5145585451094703,True,True,True
650_1,-22.868504864658917,1.5145585451094703,True,True,True
652_0,-29.595381888228758,1.428166683547855,True,True,True
652_1,-29.595381888228758,1.428166683547855,True,True,True
654_0,-29.595381888228758,1.428166683547855,True,True,True
654_1,-29.595381888228758,1.428166683547855,True,True,True
656_0,-22.868504864658917,1.5145585451094703,True,True,True
656_1,-22.868504864658917,1.5145585451094703,True,True,True
658_0,-29.595381888228758,1.428166683547855,True,True,True
658_1,-29.595381888228758,1.428166683547855,True,True,True
660_0,-22.868504864658917,1.5145585451094703,True,True,True
660_1,-22.868504864658917,1.5145585451094703,True,True,True
662_0,-29.595381888228758,1.428166683547855,True,True,True
662_1,-29.595381888228758,1.428166683547855,True,True,True
663_0,-29.595238047625003,1.428166683547855,True,True,True
663_1,-29.595238047625003,1.428166683547855,True,True,True
664_0,-25.205001106357713,1.5919692024838479,True,True,True
666_0,-29.595381888228758,1.428166683547855,True,True,True
666_1,-29.595381888228758,1.428166683547855,True,True,True
668_0,-22.868504864658803,1.5145585451094703,True,True,True
668_1,-22.868504864658803,1.5145585451094703,True,True,True
669_0,-29.595381888228758,1.428166683547855,True,True,True
669_1,-29.595381888228758,1.428166683547855,True,True,True
670_0,-22.868504864658917,1.51455854510947,True,True,True
670_1,-22.868504864658917,1.51455854510947,True,True,True
672_0,-22.868504864658917,1.51455854510947,True,True,True
672_1,-22.868504864658917,1.51455854510947,True,True,True
674_0,-22.868504864658917,1.51455854510947,True,True,True
674_1,-22.868504864658917,1.51455854510947,True,True,True
675_0,-25.205144946961468,1.5919692024838479,True,True,True
677_0,-22.868504864658803,1.51455854510947,True,True,True
677_1,-22.868504864658803,1.51455854510947,True,True,True
679_0,-29.445161757656138,1.8798002866586223,True,True,True
679_1,-29.445161757656138,1.8798002866586223,True,True,True
681_0,-22.868504864658917,1.51455854510947,True,True,True
681_1,-22.868504864658917,1.51455854510947,True,True,True
683_0,-22.868504864658917,1.51455854510947,True,True,True
683_1,-22.868504864658917,1.51455854510947,True,True,True
685_0,-22.8685032507031,1.51455854510947,True,True,True
687_0,-22.8685032507031,1.51455854510947,True,True,True
689_0,-29.595380274273055,1.428166683547855,True,True,True
689_1,-29.595380274273055,1.428166683547855,True,True,True
690_0,-22.868497655391252,1.5145585451094703,True,True,True
690_1,-22.868497655391252,1.5145585451094703,True,True,True
691_0,-25.205137737693917,1.591969202483848,True,True,True
693_0,-22.868504864658803,1.51455854510947,True,True,True
693_1,-22.868504864658803,1.51455854510947,True,True,True
695_0,-22.868504864658803,1.51455854510947,True,True,True
695_1,-22.868504864658803,1.51455854510947,True,True,True
697_0,-22.868504864658917,1.51455854510947,True,True,True
697_1,-22.868504864658917,1.51455854510947,True,True,True
699_0,-22.868504864658917,1.51455854510947,True,True,True
699_1,-22.868504864658917,1.51455854510947,True,True,True
701_0,-22.868504864658917,1.51455854510947,True,True,True
701_1,-22.868504864658917,1.51455854510947,True,True,True
703_0,-22.868504864658917,1.51455854510947,True,True,True
703_1,-22.868504864658917,1.51455854510947,True,True,True
705_0,-29.59538188822887,1.428166683547855,True,True,True
705_1,-29.59538188822887,1.428166683547855,True,True,True
707_0,-22.868504864658917,1.5145585451094703,True,True,True
707_1,-22.868504864658917,1.5145585451094703,True,True,True
709_0,-25.205144946961582,1.591969202483848,True,True,True
711_0,-22.868504864658803,1.51455854510947,True,True,True
711_1,-22.868504864658803,1.51455854510947,True,True,True
713_0,-22.868504864658803,1.51455854510947,True,True,True
713_1,-22.868504864658803,1.51455854510947,True,True,True
715_0,-22.868504864658917,1.5145585451094703,True,True,True
715_1,-22.868504864658917,1.5145585451094703,True,True,True
717_0,-25.205144946961582,1.591969202483848,True,True,True
719_0,-22.868504864658803,1.51455854510947,True,True,True
721_0,-22.868504864658803,1.51455854510947,True,True,True
723_0,-22.868504864658917,1.5145585451094703,True,True,True
723_1,-22.868504864658917,1.5145585451094703,True,True,True
725_0,-25.205144946961582,1.591969202483848,True,True,True
727_0,-22.868504864658803,1.51455854510947,True,True,True
727_1,-22.868504864658803,1.51455854510947,True,True,True
729_0,-22.868504864658803,1.51455854510947,True,True,True
729_1,-22.868504864658803,1.51455854510947,True,True,True
731_0,-29.445161757656024,1.8798002866586219,True,True,True
731_1,-29.445161757656024,1.8798002866586219,True,True,True
733_0,-29.445161757656024,1.8798002866586219,True,True,True
733_1,-29.445161757656024,1.8798002866586219,True,True,True
735_0,-29.445161757656024,1.8798002866586219,True,True,True
735_1,-29.445161757656024,1.8798002866586219,True,True,True
737_0,-25.205144946961582,1.591969202483848,True,True,True
739_0,-22.868504864658803,1.5145585451094703,True,True,True
739_1,-22.868504864658803,1.5145585451094703,True,True,True
741_0,-29.445086268284967,1.8798002866586223,True,True,True
741_1,-29.445086268284967,1.8798002866586223,True,True,True
743_0,-29.445161757656024,1.8798002866586223,True,True,True
743_1,-29.445161757656024,1.8798002866586223,True,True,True
745_0,-29.445161757656024,1.8798002866586223,True,True,True
745_1,-29.445161757656024,1.8798002866586223,True,True,True
747_0,-29.445161757656024,1.8798002866586223,True,True,True
747_1,-29.445161757656024,1.8798002866586223,True,True,True
749_0,-29.445161757656024,1.8798002866586223,True,True,True
749_1,-29.445161757656024,1.8798002866586223,True,True,True
751_0,-29.44516175765625,1.8798002866586223,True,True,True
751_1,-29.44516175765625,1.8798002866586223,True,True,True
753_0,-29.44516175765625,1.8798002866586223,True,True,True
753_1,-29.44516175765625,1.8798002866586223,True,True,True
755_0,-29.44516175765625,1.8798002866586223,True,True,True
755_1,-29.44516175765625,1.8798002866586223,True,True,True
757_0,-29.44516175765625,1.8798002866586223,True,True,True
757_1,-29.44516175765625,1.8798002866586223,True,True,True
759_0,-29.44516175765625,1.8798002866586223,True,True,True
759_1,-29.44516175765625,1.8798002866586223,True,True,True
761_0,-29.44516175765625,1.8798002866586223,True,True,True
761_1,-29.44516175765625,1.8798002866586223,True,True,True
763_0,-29.44516175765625,1.8798002866586223,True,True,True
763_1,-29.44516175765625,1.8798002866586223,True,True,True
765_0,-29.44516175765625,1.8798002866586223,True,True,True
765_1,-29.44516175765625,1.8798002866586223,True,True,True
767_0,-29.59538188822887,1.428166683547855,True,True,True
767_1,-29.59538188822887,1.428166683547855,True,True,True
769_0,-22.868504864658803,1.51455854510947,True,True,True
769_1,-22.868504864658803,1.51455854510947,True,True,True
771_0,59.851487981014145,7.8238639020573295,True,False,False
771_1,59.851487981014145,7.8238639020573295,True,False,False
773_0,1.024163954567598,1.1713947853498272,True,False,False
773_1,1.024163954567598,1.1713947853498272,True,False,False
775_0,-5.955021206452784,0.7805433064575087,True,True,True
777_0,-1.3124761277349535,0.800829799487378,True,True,False
778_0,-10.345258147720074,0.8681795068803961,True,True,True
778_1,-10.345258147720074,0.8681795068803961,True,True,True
780_0,-5.702713069002243,0.9315174901663511,True,True,True
780_1,-5.702713069002243,0.9315174901663511,True,True,True
782_0,-3.787501872408484,1.5473028103181918,True,True,True
782_1,-3.787501872408484,1.5473028103181918,True,True,True
784_0,-6.124141954711149,1.3032675159556373,True,True,True
786_0,-1.4815968759933185,1.503528371791256,True,True,False
788_0,53.12461095744425,7.791577842946944,True,False,False
788_1,53.12461095744425,7.791577842946944,True,False,False
790_0,59.8514879810142,7.823863902057328,True,False,False
790_1,59.8514879810142,7.823863902057328,True,False,False
792_0,-5.702713069002357,0.9315174901663511,True,True,True
792_1,-5.702713069002357,0.9315174901663511,True,True,True
794_0,1.024163954567598,1.1713947853498272,True,False,False
794_1,1.024163954567598,1.1713947853498272,True,False,False
796_0,-1.3124761277349535,0.800829799487378,True,True,False
798_0,-5.702713069002357,0.9315174901663511,True,True,True
798_1,-5.702713069002357,0.9315174901663511,True,True,True
800_0,-10.514378895978439,1.4929977932193408,True,True,True
800_1,-10.514378895978439,1.4929977932193408,True,True,True
802_0,-3.787501872408484,1.5473028103181918,True,True,True
802_1,-3.787501872408484,1.5473028103181918,True,True,True
804_0,-1.4815968759933185,1.503528371791256,True,True,False
806_0,-6.12403283994513,1.3032675159556373,True,True,True
808_0,-6.12403283994513,1.3032675159556373,True,True,True
810_0,-1.4814877612275268,1.503528371791256,True,True,False
811_0,57.514849475929225,7.777567688041274,True,False,False
812_0,53.12461253466205,7.791577842946945,True,False,False
812_1,53.12461253466205,7.791577842946945,True,False,False
814_0,59.85148798101426,7.8238639020573295,True,False,False
814_1,59.85148798101426,7.8238639020573295,True,False,False
816_0,57.34572872767097,7.904562609472392,True,False,False
818_0,-1.3124745505172086,0.800829799487378,True,True,False
820_0,-5.702792379999437,0.931517490166351,True,True,True
820_1,-5.702792379999437,0.931517490166351,True,True,True
821_0,-5.955021206452784,0.7805433064575087,True,True,True
822_0,-10.34525814771996,0.8681795068803962,True,True,True
822_1,-10.34525814771996,0.8681795068803962,True,True,True
824_0,-5.955021206452784,0.7805433064575087,True,True,True
826_0,-10.34525814771996,0.8681795068803962,True,True,True
826_1,-10.34525814771996,0.8681795068803962,True,True,True
828_0,1.024163954567598,1.1713947853498272,True,False,False
828_1,1.024163954567598,1.1713947853498272,True,False,False
830_0,-5.955021206452784,0.7805433064575087,True,True,True
832_0,-10.34525814771996,0.8681795068803962,True,True,True
832_1,-10.34525814771996,0.8681795068803962,True,True,True
834_0,-6.124142029043014,1.3032675159556373,True,True,True
836_0,-10.514419769774179,1.4929977932193408,True,True,True
836_1,-10.514419769774179,1.4929977932193408,True,True,True
838_0,-1.4815967044724516,1.503528371791256,True,True,False
840_0,-1.312441622160236,0.8008297994873781,True,True,False
842_0,-5.702678563427412,0.9315174901663511,True,True,True
842_1,-5.702678563427412,0.9315174901663511,True,True,True
844_0,-5.702678563427412,0.9315174901663511,True,True,True
844_1,-5.702678563427412,0.9315174901663511,True,True,True
846_0,-3.787501872408484,1.5473028103181918,True,True,True
846_1,-3.787501872408484,1.5473028103181918,True,True,True
848_0,-6.124141954711149,1.3032675159556373,True,True,True
850_0,-6.124141954711149,1.3032675159556373,True,True,True
851_0,-6.124141954711035,1.3032675159556373,True,True,True
853_0,-6.2932611257516555,2.597682457666115,True,True,True
855_0,-1.4815623704184873,1.5035283717912562,True,True,False
857_0,-10.514344390403494,1.492997793219341,True,True,True
857_1,-10.514344390403494,1.492997793219341,True,True,True
859_0,-6.124141954711149,1.3032675159556373,True,True,True
861_0,-1.4815968759934321,1.503528371791256,True,True,False
863_0,-1.4815968759934321,1.503528371791256,True,True,False
865_0,-3.7875018724085976,1.5473028103181918,True,True,True
865_1,-3.7875018724085976,1.5473028103181918,True,True,True
867_0,-3.7875018724085976,1.5473028103181918,True,True,True
867_1,-3.7875018724085976,1.5473028103181918,True,True,True
869_0,-6.124140340755275,1.3032675159556373,True,True,True
871_0,-1.4815952620375583,1.503528371791256,True,True,False
873_0,-1.4815952620375583,1.503528371791256,True,True,False
875_0,-3.7875002584527238,1.5473028103181918,True,True,True
877_0,-3.7875002584527238,1.5473028103181918,True,True,True
879_0,-10.514377282022565,1.4929977932193408,True,True,True
879_1,-10.514377282022565,1.4929977932193408,True,True,True
881_0,-6.1241347454434845,1.3032675159556373,True,True,True
883_0,-1.4815896667257675,1.5035283717912562,True,True,False
885_0,-1.4815896667257675,1.5035283717912562,True,True,False
887_0,-3.787494663140933,1.5473028103181918,True,True,True
887_1,-3.787494663140933,1.5473028103181918,True,True,True
889_0,-6.1241347454434845,1.3032675159556373,True,True,True
891_0,-6.124141954711035,1.3032675159556373,True,True,True
893_0,-1.4815968759933185,1.5035283717912562,True,True,False
895_0,-6.124141954711035,1.3032675159556373,True,True,True
897_0,-3.787501872408484,1.547302810318192,True,True,True
897_1,-3.787501872408484,1.547302810318192,True,True,True
899_0,-3.787501872408484,1.547302810318192,True,True,True
899_1,-3.787501872408484,1.547302810318192,True,True,True
901_0,-6.124141954711149,1.3032675159556373,True,True,True
903_0,-1.4815968759934321,1.503528371791256,True,True,False
905_0,-1.4815968759934321,1.503528371791256,True,True,False
907_0,-3.7875018724085976,1.5473028103181918,True,True,True
907_1,-3.7875018724085976,1.5473028103181918,True,True,True
909_0,-3.7875018724085976,1.5473028103181918,True,True,True
909_1,-3.7875018724085976,1.5473028103181918,True,True,True
911_0,-6.124141954711149,1.3032675159556373,True,True,True
913_0,-1.4815968759934321,1.503528371791256,True,True,False
915_0,-1.4815968759934321,1.503528371791256,True,True,False
917_0,-3.7875018724085976,1.5473028103181918,True,True,True
917_1,-3.7875018724085976,1.5473028103181918,True,True,True
919_0,-3.7875018724085976,1.5473028103181918,True,True,True
919_1,-3.7875018724085976,1.5473028103181918,True,True,True
921_0,-10.514378895978439,1.4929977932193408,True,True,True
921_1,-10.514378895978439,1.4929977932193408,True,True,True
923_0,-6.124141954711149,1.3032675159556373,True,True,True
925_0,-1.4815968759934321,1.5035283717912562,True,True,False
927_0,-1.4815968759934321,1.5035283717912562,True,True,False
929_0,-3.7875018724085976,1.5473028103181918,True,True,True
929_1,-3.7875018724085976,1.5473028103181918,True,True,True
931_0,-6.124141954711149,1.3032675159556373,True,True,True
932_0,-6.124141954711035,1.3032675159556373,True,True,True
934_0,-1.4815968759933185,1.5035283717912562,True,True,False
936_0,-6.124141954711035,1.3032675159556373,True,True,True
938_0,-3.787501872408484,1.547302810318192,True,True,True
938_1,-3.787501872408484,1.547302810318192,True,True,True
940_0,-3.787501872408484,1.547302810318192,True,True,True
940_1,-3.787501872408484,1.547302810318192,True,True,True
942_0,-6.124141954711149,1.3032675159556373,True,True,True
944_0,-1.4815968759934321,1.5035283717912562,True,True,False
946_0,-1.4815968759934321,1.5035283717912562,True,True,False
948_0,-3.7875018724085976,1.5473028103181918,True,True,True
948_1,-3.7875018724085976,1.5473028103181918,True,True,True
950_0,-6.124141954711149,1.3032675159556373,True,True,True
952_0,-6.124141954711035,1.3032675159556373,True,True,True
954_0,-1.4815968759933185,1.5035283717912562,True,True,False
956_0,-6.124141954711035,1.3032675159556373,True,True,True
958_0,-3.787501872408484,1.547302810318192,True,True,True
960_0,-3.787501872408484,1.547302810318192,True,True,True
962_0,-6.124141954711149,1.3032675159556373,True,True,True
964_0,-1.4815968759934321,1.5035283717912562,True,True,False
966_0,-1.4815968759934321,1.5035283717912562,True,True,False
968_0,-3.7875018724085976,1.5473028103181918,True,True,True
968_1,-3.7875018724085976,1.5473028103181918,True,True,True
970_0,-6.124141954711149,1.3032675159556373,True,True,True
972_0,-6.124141954711035,1.3032675159556373,True,True,True
974_0,-1.4815968759933185,1.5035283717912562,True,True,False
976_0,-6.124141954711035,1.3032675159556373,True,True,True
978_0,-3.787501872408484,1.547302810318192,True,True,True
978_1,-3.787501872408484,1.547302810318192,True,True,True
980_0,-3.787501872408484,1.547302810318192,True,True,True
980_1,-3.787501872408484,1.547302810318192,True,True,True
982_0,-6.124141954711149,1.3032675159556373,True,True,True
984_0,-1.4815968759934321,1.503528371791256,True,True,False
986_0,-6.124141954711149,1.3032675159556373,True,True,True
988_0,-1.4815968759934321,1.503528371791256,True,True,False
990_0,-6.124141954711149,1.3032675159556373,True,True,True
992_0,-1.4815968759934321,1.503528371791256,True,True,False
994_0,-6.124141954711035,1.3032675159556373,True,True,True
996_0,-1.4815968759934321,1.503528371791256,True,True,False
998_0,-6.124141954711149,1.3032675159556373,True,True,True
1000_0,-1.4815968759934321,1.503528371791256,True,True,False
1002_0,-10.514378895978325,1.4929977932193408,True,True,True
1002_1,-10.514378895978325,1.4929977932193408,True,True,True
1004_0,-6.124141954711149,1.3032675159556373,True,True,True
1006_0,-6.124141954711149,1.3032675159556373,True,True,True
1008_0,-8.549734707450511,2.7486287189503757,True,True,True
1008_1,-8.549734707450511,2.7486287189503757,True,True,True
1010_0,-13.192348633423649,2.648478869309342,True,True,True
1010_1,-13.192348633423649,2.648478869309342,True,True,True
1012_0,-13.368871766766233,1.6477739594969991,True,True,True
1012_1,-13.368871766766233,1.6477739594969991,True,True,True
1013_0,-11.726384594208241,2.2267837077043326,True,True,True
1013_1,-11.726384594208241,2.2267837077043326,True,True,True
1015_0,-7.083730400724676,2.3251065572106957,True,True,True
1015_1,-7.083730400724676,2.3251065572106957,True,True,True
1017_0,-7.336038538175103,2.21212140184008,True,True,True
1018_0,-13.368889060559695,1.6477739594969993,True,True,True
1018_1,-13.368889060559695,1.6477739594969993,True,True,True
1020_0,-8.726343981841865,1.7887583864929648,True,True,True
1020_1,-8.726343981841865,1.7887583864929648,True,True,True
1022_0,-6.64201203698974,1.6975067197675469,True,True,True
1022_1,-6.64201203698974,1.6975067197675469,True,True,True
1023_0,-13.368889060559695,1.6477739594969993,True,True,True
1023_1,-13.368889060559695,1.6477739594969993,True,True,True
1024_0,43.89851035998629,7.990150867457925,True,False,False
1024_1,43.89851035998629,7.990150867457925,True,False,False
1026_0,48.54105543870401,7.950725329480573,True,False,False
1026_1,48.54105543870401,7.950725329480573,True,False,False
1027_0,48.288747301253466,7.992520243537185,True,False,False
1028_0,-13.368889060559809,1.6477739594969991,True,True,True
1028_1,-13.368889060559809,1.6477739594969991,True,True,True
1030_0,-8.72631719697847,1.7887583864929648,True,True,True
1030_1,-8.72631719697847,1.7887583864929648,True,True,True
1031_0,-8.978625334428898,1.6567310144101999,True,True,True
1032_0,-13.368883200645314,1.6477739594969991,True,True,True
1032_1,-13.368883200645314,1.6477739594969991,True,True,True
1034_0,-8.726338121927483,1.7887583864929646,True,True,True
1034_1,-8.726338121927483,1.7887583864929646,True,True,True
1036_0,-6.642006177075359,1.6975067197675466,True,True,True
1036_1,-6.642006177075359,1.6975067197675466,True,True,True
1038_0,-13.368883200645314,1.6477739594969991,True,True,True
1038_1,-13.368883200645314,1.6477739594969991,True,True,True
1039_0,-32.6190285176441,2.086396448326868,True,True,True
1039_1,-32.6190285176441,2.086396448326868,True,True,True
1040_0,-13.368889060559695,1.6477739594969993,True,True,True
1040_1,-13.368889060559695,1.6477739594969993,True,True,True
1042_0,-8.726343981841865,1.7887583864929648,True,True,True
1042_1,-8.726343981841865,1.7887583864929648,True,True,True
1044_0,-6.64201203698974,1.6975067197675469,True,True,True
1044_1,-6.64201203698974,1.6975067197675469,True,True,True
1046_0,-8.726343981841978,1.788758386492965,True,True,True
1046_1,-8.726343981841978,1.788758386492965,True,True,True
1047_0,-13.368889060559695,1.6477739594969993,True,True,True
1047_1,-13.368889060559695,1.6477739594969993,True,True,True
1049_0,-6.642012036989854,1.6975067197675469,True,True,True
1049_1,-6.642012036989854,1.6975067197675469,True,True,True
1050_0,-13.36877994579379,1.6477739594969993,True,True,True
1050_1,-13.36877994579379,1.6477739594969993,True,True,True
1052_0,-8.726234867076073,1.788758386492965,True,True,True
1052_1,-8.726234867076073,1.788758386492965,True,True,True
1054_0,-8.978543004526614,1.6567310144101999,True,True,True
1056_0,50.100981621822314,7.950725329480573,True,False,False
1056_1,50.100981621822314,7.950725329480573,True,False,False
1058_0,-8.726406656629024,1.7887583864929648,True,True,True
1058_1,-8.726406656629024,1.7887583864929648,True,True,True
1060_0,-8.978650542074547,1.6567310144101999,True,True,True
1062_0,-13.368887483341837,1.6477739594969993,True,True,True
1062_1,-13.368887483341837,1.6477739594969993,True,True,True
1063_0,-13.368889060559695,1.6477739594969993,True,True,True
1063_1,-13.368889060559695,1.6477739594969993,True,True,True
1064_0,-13.368889060559695,1.6477739594969993,True,True,True
1064_1,-13.368889060559695,1.6477739594969993,True,True,True
1066_0,-6.642012036989854,1.6975067197675469,True,True,True
1066_1,-6.642012036989854,1.6975067197675469,True,True,True
1068_0,-13.368889060559582,1.6477739594969993,True,True,True
1068_1,-13.368889060559582,1.6477739594969993,True,True,True
1070_0,-13.538038284691424,2.1116584705198242,True,True,True
1070_1,-13.538038284691424,2.1116584705198242,True,True,True
1072_0,-9.147771290332912,2.025500367595417,True,True,True
1074_0,-8.726309476267033,1.788758386492965,True,True,True
1074_1,-8.726309476267033,1.788758386492965,True,True,True
1075_0,-13.36885455498475,1.6477739594969993,True,True,True
1075_1,-13.36885455498475,1.6477739594969993,True,True,True
1077_0,-4.31240920255334,1.6682331887911208,True,True,True
1079_0,-5.95502120645267,0.7805433064575087,True,True,True
1081_0,-10.34525814771996,0.8681795068803962,True,True,True
1081_1,-10.34525814771996,0.8681795068803962,True,True,True
1082_0,-6.124141954711149,1.3032675159556373,True,True,True
1083_0,-22.868504864658803,1.5145585451094703,True,True,True
1083_1,-22.868504864658803,1.5145585451094703,True,True,True
1085_0,-22.868504864658803,1.5145585451094703,True,True,True
1085_1,-22.868504864658803,1.5145585451094703,True,True,True
1087_0,-22.868504864658803,1.5145585451094703,True,True,True
1087_1,-22.868504864658803,1.5145585451094703,True,True,True
1089_0,-22.868504864658803,1.5145585451094703,True,True,True
1089_1,-22.868504864658803,1.5145585451094703,True,True,True
1091_0,-22.868504864658803,1.5145585451094703,True,True,True
1091_1,-22.868504864658803,1.5145585451094703,True,True,True
1092_0,-22.868504864658803,1.5145585451094703,True,True,True
1092_1,-22.868504864658803,1.5145585451094703,True,True,True
1093_0,-29.595381888228758,1.428166683547855,True,True,True
1093_1,-29.595381888228758,1.428166683547855,True,True,True
1094_0,-25.205144946961582,1.5919692024838479,True,True,True
1096_0,-22.868504864658917,1.5145585451094703,True,True,True
1096_1,-22.868504864658917,1.5145585451094703,True,True,True
1097_0,303.4017521274227,100000.00008708918,False,False,False
1097_1,303.4017521274227,100000.00008708918,False,False,False
1099_0,-57.461024135574775,2.025926892297356,True,True,True
1099_1,-57.461024135574775,2.025926892297356,True,True,True
1100_0,-80.85554143820622,1.9515616981747783,True,True,True
1100_1,-80.85554143820622,1.9515616981747783,True,True,True
1102_0,-59.10427358229492,1.5445816537101469,True,True,True
1102_1,-59.10427358229492,1.5445816537101469,True,True,True
1104_0,308.0442972061403,100000.00008711002,False,False,False
1106_0,303.4017521274226,100000.00008708918,False,False,False
1106_1,303.4017521274226,100000.00008708918,False,False,False
1108_0,303.40175212742247,100000.00008708918,False,False,False
1108_1,303.40175212742247,100000.00008708918,False,False,False
1110_0,-59.10352186479423,1.5445816537101467,True,True,True
1110_1,-59.10352186479423,1.5445816537101467,True,True,True
1112_0,-59.103524056985464,1.5445816537101467,True,True,True
1112_1,-59.103524056985464,1.5445816537101467,True,True,True
1114_0,303.4017521274226,100000.00008708918,False,False,False
1114_1,303.4017521274226,100000.00008708918,False,False,False
1116_0,308.04429720614024,100000.00008711002,False,False,False
1118_0,-54.460962132727104,1.6748504928824857,True,True,True
1120_0,303.4017521274225,100000.00008708918,False,False,False
1120_1,303.4017521274225,100000.00008708918,False,False,False
1121_0,-303.40175212742264,100000.00008708918,False,False,False
1122_0,80.85554143820622,1.9515616981747783,True,False,False
1124_0,59.10347891800251,1.5445816537101469,True,False,False
1126_0,-303.40175212742247,100000.00008708918,False,False,False
1128_0,-303.40175212742247,100000.00008708918,False,False,False
1130_0,-303.40175212742247,100000.00008708918,False,False,False
1132_0,-303.40175212742247,100000.00008708918,False,False,False
1134_0,-303.4017521274226,100000.00008708918,False,False,False
1136_0,-303.4017521274226,100000.00008708918,False,False,False
1137_0,94.99261562699473,7.009942245534538,True,False,False
1137_1,94.99261562699473,7.009942245534538,True,False,False
1138_0,88.26573860342478,6.979023060153432,True,False,False
1138_1,88.26573860342478,6.979023060153432,True,False,False
1139_0,29.445161757656024,1.8798002866586225,True,False,False
1139_1,29.445161757656024,1.8798002866586225,True,False,False
1140_0,86.7270269043513,6.945249059557174,True,False,False
1141_0,91.11726384561848,6.908627075808763,True,False,False
1141_1,91.11726384561848,6.908627075808763,True,False,False
1142_0,68.51058941666213,7.0205537434442755,True,False,False
1142_1,68.51058941666213,7.0205537434442755,True,False,False
1144_0,10.345240253978062,0.8681795068803962,True,False,False
1144_1,10.345240253978062,0.8681795068803962,True,False,False
1145_0,12.346701886446695,1.108436160833052,True,False,False
1146_0,32.6190285176441,2.086396448326868,True,False,False
1146_1,32.6190285176441,2.086396448326868,True,False,False
1147_0,29.595407095874407,1.428166683547855,True,False,False
1147_1,29.595407095874407,1.428166683547855,True,False,False
1148_0,5.955027066367165,0.7805433064575087,True,False,False
1149_0,23.562531365844222,2.1775227247189135,True,False,False
1150_0,25.205143369743666,1.5919692024838479,True,False,False
1151_0,11.726384594208298,2.2267837077043326,True,False,False
1151_1,11.726384594208298,2.2267837077043326,True,False,False
1152_0,10.345367262485922,0.8681795068803962,True,False,False
1152_1,10.345367262485922,0.8681795068803962,True,False,False
1153_0,6.124141954711092,1.3032675159556373,True,False,False
1154_0,13.368889060559738,1.6477739594969991,True,False,False
1154_1,13.368889060559738,1.6477739594969991,True,False,False
1155_0,29.418807119412094,2.657505336672233,True,False,False
1155_1,29.418807119412094,2.657505336672233,True,False,False
1156_0,29.59531304097328,1.428166683547855,True,False,False
1156_1,29.59531304097328,1.428166683547855,True,False,False
1157_0,13.368854554984694,1.6477739594969993,True,False,False
1157_1,13.368854554984694,1.6477739594969993,True,False,False
1158_0,6.124141954711149,1.3032675159556373,True,False,False
1160_0,29.59538188822887,1.428166683547855,True,False,False
1160_1,29.59538188822887,1.428166683547855,True,False,False
1161_0,31.59682404973762,1.4977465447386349,True,False,False
1163_0,8.978649891413397,1.6567310144101999,True,False,False
1164_0,12.346701886446795,1.108436160833052,True,False,False
1166_0,29.31783303157937,1.428166683547855,True,False,False
1166_1,29.31783303157937,1.428166683547855,True,False,False
1168_0,25.163013498830026,1.5919692024838479,True,False,False
1169_0,5.95501902928649,0.7805433064575087,True,False,False
1170_0,13.368889060559638,1.6477739594969993,True,False,False
1170_1,13.368889060559638,1.6477739594969993,True,False,False
1171_0,8.526180710032776,2.738337399179416,True,False,False
1171_1,8.526180710032776,2.738337399179416,True,False,False
1172_0,10.345399811157478,0.8681795068803961,True,False,False
1172_1,10.345399811157478,0.8681795068803961,True,False,False
1174_0,13.368885840295434,1.6477739594969991,True,False,False
1174_1,13.368885840295434,1.6477739594969991,True,False,False
1176_0,10.345255070241194,0.8681795068803962,True,False,False
1176_1,10.345255070241194,0.8681795068803962,True,False,False
1178_0,10.168650450546409,2.2777092047535747,True,False,False
1178_1,10.168650450546409,2.2777092047535747,True,False,False
1180_0,6.124141954711149,1.3032675159556373,True,False,False
1181_0,5.955003912659208,0.7805433064575087,True,False,False
1182_0,25.20514494696141,1.591969202483848,True,False,False
1183_0,13.368889060559582,1.6477739594969993,True,False,False
1183_1,13.368889060559582,1.6477739594969993,True,False,False
1184_0,29.5953818882287,1.428166683547855,True,False,False
1184_1,29.5953818882287,1.428166683547855,True,False,False
1185_0,8.978625334428841,1.6567310144101999,True,False,False
1186_0,10.345240853926498,0.8681795068803962,True,False,False
1186_1,10.345240853926498,0.8681795068803962,True,False,False
1187_0,6.124141954711092,1.3032675159556373,True,False,False
1189_0,13.368889060559695,1.6477739594969993,True,False,False
1189_1,13.368889060559695,1.6477739594969993,True,False,False
1191_0,-350.95444045642665,100000.00008384953,False,False,False
1193_0,-377.58980015521655,100000.00012324155,False,False,False
1193_1,-377.58980015521655,100000.00012324155,False,False,False
1195_0,-349.1364835528115,100000.00009511536,False,False,False
1195_1,-349.1364835528115,100000.00009511536,False,False,False
1196_0,-373.19956321394926,100000.0001201519,False,False,False
1196_1,-373.19956321394926,100000.0001201519,False,False,False
1198_0,-353.5266004143416,100000.00009686797,False,False,False
1200_0,-352.803116497924,100000.00009054517,False,False,False
1202_0,-332.909832609851,100000.00008972124,False,False,False
1202_1,-332.909832609851,100000.00008972124,False,False,False
1203_0,-348.41285277179327,100000.00008815322,False,False,False
1203_1,-348.41285277179327,100000.00008815322,False,False,False
1205_0,-337.3001491724555,100000.00009379939,False,False,False
1207_0,-344.502208228362,100000.00010189507,False,False,False
1208_0,-340.11197128709483,100000.0001002008,False,False,False
1208_1,-340.11197128709483,100000.0001002008,False,False,False
1210_0,-356.38108737156153,100000.0000897376,False,False,False
1212_0,-349.13653575520397,100000.00009511536,False,False,False
1212_1,-349.13653575520397,100000.00009511536,False,False,False
1214_0,89.84270675623225,6.953642022315587,True,False,False
1215_0,91.59184078029057,6.863855719702931,True,False,False
1215_1,91.59184078029057,6.863855719702931,True,False,False
1215_2,91.59184078029057,6.863855719702931,True,False,False
1216_0,32.77126393452181,1.8255209763012388,True,False,False
1216_1,32.77126393452181,1.8255209763012388,True,False,False
1216_2,32.77126393452181,1.8255209763012388,True,False,False
1217_0,71.83669159352792,6.902105105693943,True,False,False
1217_1,71.83669159352792,6.902105105693943,True,False,False
1217_2,71.83669159352792,6.902105105693943,True,False,False
1218_0,71.83669159352792,6.902105105693943,True,False,False
1218_1,71.83669159352792,6.902105105693943,True,False,False
1218_2,71.83669159352792,6.902105105693943,True,False,False
1219_0,10.727786143350784,1.7581471621982618,True,False,False
1219_1,10.727786143350784,1.7581471621982618,True,False,False
1219_2,10.727786143350784,1.7581471621982618,True,False,False
1221_0,25.20514494696141,1.5919692024838479,True,False,False
1222_0,2.669802830703702,3.1004579375470596,True,False,False
1223_0,4.3124092025533685,1.6682331887911206,True,False,False
1225_0,6.124141954711149,1.3032675159556373,True,False,False
1227_0,25.20514494696141,1.5919692024838479,True,False,False
1228_0,6.124141954711149,1.3032675159556373,True,False,False
1230_0,5.955022783670529,0.7805433064575087,True,False,False
1232_0,-3.9863764194309965,4.0224475619142055,True,True,False
1234_0,276.85300422103734,100000.00009409664,False,False,False
1236_0,13.218668929987018,2.0325624631343917,True,False,False
1236_1,13.218668929987018,2.0325624631343917,True,False,False
1238_0,43.633103847322104,2.053341363223955,True,False,False
1238_1,43.633103847322104,2.053341363223955,True,False,False
1240_0,63.736072113219905,2.608342547995134,True,False,False
1240_1,63.736072113219905,2.608342547995134,True,False,False
1242_0,59.345759682581615,2.6175862692308893,True,False,False
1244_0,279.5543093326581,100000.00010188053,False,False,False
1246_0,283.9445462739254,100000.00010362733,False,False,False
1246_1,283.9445462739254,100000.00010362733,False,False,False
1248_0,59.345759682581615,2.6175862692308893,True,False,False
1250_0,29.445161757656024,1.8798002866586223,True,False,False
1250_1,29.445161757656024,1.8798002866586223,True,False,False
1252_0,59.860644842472425,2.968886286820477,True,False,False
1252_1,59.860644842472425,2.968886286820477,True,False,False
1254_0,55.47040790120525,2.9473953316797714,True,False,False
1256_0,275.67895755128166,100000.00014117247,False,False,False
1258_0,59.860644842472425,2.968886286820477,True,False,False
1258_1,59.860644842472425,2.968886286820477,True,False,False
1260_0,280.06919449254895,100000.00014379655,False,False,False
1260_1,280.06919449254895,100000.00014379655,False,False,False
1262_0,55.47040790120525,2.9473953316797714,True,False,False
1264_0,55.47040790120525,2.9473953316797714,True,False,False
1266_0,59.860644842472425,2.968886286820477,True,False,False
1266_1,59.860644842472425,2.968886286820477,True,False,False
1267_0,55.47040790120525,2.9473953316797714,True,False,False
1269_0,29.5953818882287,1.428166683547855,True,False,False
1269_1,29.5953818882287,1.428166683547855,True,False,False
1271_0,13.368889060559695,1.6477739594969993,True,False,False
1271_1,13.368889060559695,1.6477739594969993,True,False,False
1273_0,10.345259724937904,0.8681795068803962,True,False,False
1273_1,10.345259724937904,0.8681795068803962,True,False,False
1275_0,13.368889060559667,1.6477739594969993,True,False,False
1275_1,13.368889060559667,1.6477739594969993,True,False,False
1277_0,-26.64582921311728,2.27891364269548,True,True,True
1279_0,-19.40108210726885,2.3969087758439453,True,True,True
1279_1,-19.40108210726885,2.3969087758439453,True,True,True
1281_0,40.369650265397354,2.2313973220135708,True,False,False
1281_1,40.369650265397354,2.2313973220135708,True,False,False
1283_0,49.45008881082401,1.7793180466802359,True,False,False
1283_1,49.45008881082401,1.7793180466802359,True,False,False
1285_0,37.253970413516186,2.174891635456638,True,False,False
1285_1,37.253970413516186,2.174891635456638,True,False,False
1287_0,0.0,0.0,True,False,False
1288_0,0.0,0.0,True,False,False
1290_0,0.0,0.0,True,False,False
1291_0,2.178034142106867,2.230014295891439,True,False,False
1292_0,-2.178034142106867,2.230014295891439,True,True,False
1293_0,2.0014421615088622,0.4684348836974412,True,False,False
1294_0,55.265955031158114,7.846958154036848,True,False,False
1295_0,57.26739620028172,7.84760148233181,True,False,False
1296_0,2.213016682617308e-05,0.0,True,False,False
1297_0,-2.27898515824387,0.4684348836974412,True,True,True
1299_0,2.0014480214232435,0.46843488369744113,True,False,False
1300_0,2.0014421615088622,0.46843488369744113,True,False,False
1301_0,-2.0434644948744562,0.4684348836974412,True,True,True
1303_0,0.00010911476584851698,0.0,True,False,False
1304_0,61.468426343706966,7.800755109188709,True,False,False
1306_0,2.001443738726607,0.46843488369744113,True,False,False
1307_0,-2.0014421615088622,0.4684348836974412,True,True,True
1308_0,-2.0014421615088622,0.46843488369744113,True,True,True
1309_0,2.0014766670836934,0.46843488369744113,True,False,False
1310_0,0.0,0.0,True,False,False
1311_0,-8.277262816136499e-05,0.0,True,True,True
1312_0,0.0,0.0,True,False,False
1313_0,0.0,0.0,True,False,False
1314_0,0.0,0.0,True,False,False
1315_0,2.0014421615087485,0.4684348836974412,True,False,False
1316_0,0.0,0.0,True,False,False
1317_0,2.0014421615087485,0.4684348836974412,True,False,False
1318_0,0.0,0.0,True,False,False
1319_0,-2.0014421615087485,0.4684348836974412,True,True,True
1320_0,0.0,0.0,True,False,False
1321_0,2.001442161508976,0.4684348836974412,True,False,False
1322_0,2.0014421615087485,0.4684348836974412,True,False,False
1324_0,0.0,0.0,True,False,False
1326_0,0.0,0.0,True,False,False
1327_0,-2.0014421615087485,0.4684348836974412,True,True,True
1329_0,0.0,0.0,True,False,False
1330_0,0.0,0.0,True,False,False
1331_0,2.0014421615087485,0.4684348836974412,True,False,False
1332_0,0.0,0.0,True,False,False
1333_0,2.0014421615087485,0.4684348836974412,True,False,False
1334_0,-2.001442161508976,0.4684348836974412,True,True,True
1335_0,-2.001442161508976,0.4684348836974412,True,True,True
1336_0,2.0015860021125604,0.4684348836974412,True,False,False
1338_0,0.00014384060369820872,0.0,True,False,False
1340_0,-0.03831744746486265,0.0,True,True,True
1341_0,-2.039903449577423,0.4684348836974412,True,True,True
1343_0,0.0,0.0,True,False,False
1344_0,0.0,0.0,True,False,False
1345_0,2.001442161508976,0.4684348836974412,True,False,False
1346_0,0.0,0.0,True,False,False
1348_0,2.0014421615087485,0.46843488369744124,True,False,False
1350_0,0.0,0.0,True,False,False
1352_0,0.0,0.0,True,False,False
1354_0,0.0,0.0,True,False,False
1356_0,-2.0014421615087485,0.46843488369744124,True,True,True
1358_0,0.0,0.0,True,False,False
1360_0,0.0,0.0,True,False,False
1362_0,0.0,0.0,True,False,False
1364_0,0.0,0.0,True,False,False
1366_0,2.001442161508976,0.4684348836974412,True,False,False
1368_0,0.0,0.0,True,False,False
1370_0,-2.001442161508976,0.4684348836974412,True,True,True
1372_0,2.0014437754645655,0.4684348836974412,True,False,False
1374_0,7.209267664620711e-06,0.0,True,False,False
1375_0,2.0014421615087485,0.4684348836974412,True,False,False
1377_0,0.0,0.0,True,False,False
1379_0,0.0,0.0,True,False,False
1380_0,0.0,0.0,True,False,False
1382_0,-2.0014421615087485,0.46843488369744113,True,True,True
1384_0,-9.951554147846764e-06,0.0,True,True,True
1386_0,-2.0014421615087485,0.4684348836974412,True,True,True
1388_0,0.0,0.0,True,False,False
1390_0,-2.0014421615087485,0.46843488369744113,True,True,True
1391_0,-2.0014421615087485,0.4684348836974412,True,True,True
1393_0,0.0,0.0,True,False,False
1395_0,-14.189261865849858,2.1368764629353456,True,True,True
1397_0,7.548937099954856e-05,0.0,True,False,False
1399_0,-14.189261865849858,2.1368764629353456,True,True,True
1401_0,0.0,0.0,True,False,False
1403_0,0.0,0.0,True,False,False
1405_0,0.0,0.0,True,False,False
1407_0,-14.189261865849971,2.136876462935346,True,True,True
1409_0,0.0,0.0,True,False,False
1411_0,0.0,0.0,True,False,False
1413_0,0.0,0.0,True,False,False
1415_0,0.0,0.0,True,False,False
1417_0,-2.0014421615088054,0.4684348836974412,True,True,True
1419_0,0.0,0.0,True,False,False
1421_0,0.0,0.0,True,False,False
1423_0,-2.0014421615088054,0.46843488369744113,True,True,True
1425_0,0.0,0.0,True,False,False
1427_0,-2.0014421615088054,0.4684348836974412,True,True,True
1429_0,2.0014421615088622,0.46843488369744113,True,False,False
1430_0,-2.0014421615088622,0.46843488369744113,True,True,True
1432_0,-2.0014421615088622,0.46843488369744113,True,True,True
1434_0,-2.0014421615088622,0.46843488369744113,True,True,True
1436_0,301.4003099659137,100000.00008918784,False,False,False
1437_0,301.4002271932858,100000.00008918784,False,False,False
1439_0,295.95949955416154,100000.00010242341,False,False,False
1440_0,303.0429219698134,100000.00009763137,False,False,False
1441_0,301.4003099659139,100000.00008918784,False,False,False
1442_0,358.6676826015962,100000.00009392812,False,False,False
1443_0,304.4239393015356,100000.00010232547,False,False,False
1444_0,301.4003158258281,100000.00008918784,False,False,False
1446_0,288.49699389316834,100000.00013416224,False,False,False
1447_0,301.4003099659139,100000.00008918784,False,False,False
1448_0,301.4004190806796,100000.00008918784,False,False,False
1449_0,364.8701633545023,100000.00008676037,False,False,False
1450_0,301.4003099659138,100000.00008918784,False,False,False
1451_0,301.4003099659138,100000.00008918784,False,False,False
1452_0,301.4003099659137,100000.00008918784,False,False,False
1454_0,300.9585441062445,100000.00008097776,False,False,False
1455_0,301.40030996591395,100000.00008918784,False,False,False
1456_0,301.40030996591395,100000.00008918784,False,False,False
1457_0,301.40030996591395,100000.00008918784,False,False,False
1458_0,301.40030996591395,100000.00008918784,False,False,False
1459_0,301.4003099659137,100000.00008918784,False,False,False
1461_0,301.4003099659137,100000.00008918784,False,False,False
1462_0,301.40030996591383,100000.00008918784,False,False,False
1463_0,301.40030996591395,100000.00008918784,False,False,False
1465_0,301.40030996591395,100000.00008918784,False,False,False
1466_0,301.40030996591395,100000.00008918784,False,False,False
1468_0,301.4003099659137,100000.00008918784,False,False,False
1470_0,301.4003099659137,100000.00008918784,False,False,False
1472_0,301.4003099659137,100000.00008918784,False,False,False
1474_0,301.40030996591383,100000.00008918784,False,False,False
1476_0,301.40030996591383,100000.00008918784,False,False,False
1478_0,301.4003115798696,100000.00008918784,False,False,False
1479_0,301.40030850772905,100000.00008918784,False,False,False
1480_0,301.40030996591383,100000.00008918784,False,False,False
1482_0,301.40030996591383,100000.00008918784,False,False,False
1484_0,301.40030996591383,100000.00008918784,False,False,False
1485_0,301.40030996591383,100000.00008918784,False,False,False
1487_0,301.4003099659137,100000.00008918784,False,False,False
1488_0,301.40030996591383,100000.00008918784,False,False,False
1490_0,301.40030996591383,100000.00008918784,False,False,False
1492_0,301.4003099659137,100000.00008918784,False,False,False
1494_0,301.40030996591383,100000.00008918784,False,False,False
1496_0,301.40030996591383,100000.00008918784,False,False,False
1498_0,301.4003099659137,100000.00008918784,False,False,False
1500_0,301.40030996591383,100000.00008918784,False,False,False
1502_0,301.40030996591383,100000.00008918784,False,False,False
1504_0,301.4003099659137,100000.00008918784,False,False,False
1506_0,301.4003099659137,100000.00008918784,False,False,False
1508_0,301.4003099659137,100000.00008918784,False,False,False
1509_0,301.4003099659137,100000.00008918784,False,False,False
1511_0,301.4003099659137,100000.00008918784,False,False,False
1512_0,301.4003099659137,100000.00008918784,False,False,False
1514_0,301.4003099659138,100000.00008918784,False,False,False
1516_0,301.4003099659138,100000.00008918784,False,False,False
1518_0,301.40030996591383,100000.00008918784,False,False,False
1520_0,301.4003099659137,100000.00008918784,False,False,False
1522_0,301.4003099659137,100000.00008918784,False,False,False
1523_0,301.40030996591383,100000.00008918784,False,False,False
1525_0,301.40030996591383,100000.00008918784,False,False,False
1527_0,301.4003099659137,100000.00008918784,False,False,False
1529_0,301.40030996591395,100000.00008918784,False,False,False
1531_0,301.40030996591395,100000.00008918784,False,False,False
1533_0,301.4002792126814,100000.00008918784,False,False,False
1535_0,-61.1049381427153,1.63380246268025,True,True,True
1537_0,-61.10492642101744,1.6338024626802503,True,True,True
1538_0,-53.86655315250488,2.475256038178818,True,True,True
1539_0,-61.10509340068961,1.6338024626802503,True,True,True
1540_0,-3.8375739004066247,8.018509431390086,True,True,False
1541_0,-57.357833284049704,2.423229529516376,True,True,True
1542_0,-61.10492942548393,1.6338024626802503,True,True,True
1544_0,-68.79083442357302,2.1230413805936985,True,True,True
1546_0,-61.10484319700342,1.6338024626802503,True,True,True
1547_0,-61.10490579196966,1.63380246268025,True,True,True
1548_0,14.4129204602487,8.187254820187235,True,False,False
1550_0,-61.10493036812096,1.63380246268025,True,True,True
1551_0,-61.105145603082065,1.63380246268025,True,True,True
1552_0,-61.104950113591116,1.63380246268025,True,True,True
1554_0,-72.68810414815437,1.5399848120687492,True,True,True
1555_0,301.40027921268154,100000.00008918784,False,False,False
1556_0,301.40027921268154,100000.00008918784,False,False,False
1557_0,301.40027921268154,100000.00008918784,False,False,False
1558_0,301.40027921268154,100000.00008918784,False,False,False
1559_0,301.40027921268154,100000.00008918784,False,False,False
1561_0,301.40027921268154,100000.00008918784,False,False,False
1562_0,301.40027921268154,100000.00008918784,False,False,False
1563_0,301.40027921268154,100000.00008918784,False,False,False
1564_0,301.40027921268154,100000.00008918784,False,False,False
1565_0,301.40027921268154,100000.00008918784,False,False,False
1567_0,301.4009014861695,100000.00008918784,False,False,False
1568_0,301.4009014861695,100000.00008918784,False,False,False
1570_0,301.4002792126814,100000.00008918784,False,False,False
1572_0,301.4002792126814,100000.00008918784,False,False,False
1574_0,301.4002792126816,100000.00008918784,False,False,False
1576_0,301.40028082663736,100000.00008918784,False,False,False
1578_0,-61.104846138410664,1.63380246268025,True,True,True
1580_0,301.40027921268165,100000.00008918784,False,False,False
1582_0,301.40027921268165,100000.00008918784,False,False,False
1584_0,301.4002792126816,100000.00008918784,False,False,False
1586_0,301.4002792126816,100000.00008918784,False,False,False
1588_0,301.4002792126815,100000.00008918784,False,False,False
1590_0,301.40027921268165,100000.00008918784,False,False,False
1592_0,301.40027921268165,100000.00008918784,False,False,False
1594_0,301.4002792126815,100000.00008918784,False,False,False
1596_0,301.40027921268165,100000.00008918784,False,False,False
1598_0,301.40027921268165,100000.00008918784,False,False,False
1600_0,301.4002792126815,100000.00008918784,False,False,False
1602_0,301.40027921268165,100000.00008918784,False,False,False
1604_0,301.40027921268165,100000.00008918784,False,False,False
1606_0,301.4002792126814,100000.00008918784,False,False,False
1608_0,301.40027921268154,100000.00008918784,False,False,False
1610_0,301.40027921268154,100000.00008918784,False,False,False
1612_0,301.40027921268154,100000.00008918784,False,False,False
1614_0,301.40027921268154,100000.00008918784,False,False,False
1616_0,301.40027921268154,100000.00008918784,False,False,False
1618_0,301.4002792126816,100000.00008918784,False,False,False
1620_0,301.4002792126816,100000.00008918784,False,False,False
1622_0,301.40027921268154,100000.00008918784,False,False,False
1624_0,301.4002792126814,100000.00008918784,False,False,False
1626_0,301.40027921268154,100000.00008918784,False,False,False
1628_0,301.40027921268154,100000.00008918784,False,False,False
1630_0,301.40027921268154,100000.00008918784,False,False,False
1632_0,301.40027921268154,100000.00008918784,False,False,False
1634_0,301.40027921268165,100000.00008918784,False,False,False
1636_0,301.40027921268165,100000.00008918784,False,False,False
1638_0,-91.59184078029057,6.863855719702931,True,True,True
1638_1,-91.59184078029057,6.863855719702931,True,True,True
1639_0,-71.83669159352792,6.902105105693943,True,True,True
1639_1,-71.83669159352792,6.902105105693943,True,True,True
1640_0,-71.83669159352792,6.902105105693944,True,True,True
1640_1,-71.83669159352792,6.902105105693944,True,True,True
1641_0,-68.51058941666213,7.020553743444276,True,True,True
1643_0,-82.51140223486391,6.5770790672035595,True,True,True
1643_1,-82.51140223486391,6.5770790672035595,True,True,True
1645_0,-117.61529973657514,7.900371198230959,True,True,True
1645_1,-117.61529973657514,7.900371198230959,True,True,True
1647_0,-97.86015054981237,7.956261330353448,True,True,True
1647_1,-97.86015054981237,7.956261330353448,True,True,True
1648_0,-32.771263934521926,1.825520976301239,True,True,True
1648_1,-32.771263934521926,1.825520976301239,True,True,True
1650_0,-19.76911486109043,2.651919519116431,True,True,True
1652_0,-32.7712639345217,1.8255209763012386,True,True,True
1652_1,-32.7712639345217,1.8255209763012386,True,True,True
1654_0,-19.769114861090316,2.651919519116431,True,True,True
1656_0,-2.8849851608262043,2.630350120851888,True,True,False
1656_1,-2.8849851608262043,2.630350120851888,True,True,False
1658_0,54.38239696592632,8.08774628565335,True,False,False
1658_1,54.38239696592632,8.08774628565335,True,False,False
1660_0,-2.884975669756045,2.6303501208518876,True,True,False
1660_1,-2.884975669756045,2.6303501208518876,True,True,False
1662_0,60.584868227762456,8.185530517891031,True,False,False
1662_1,60.584868227762456,8.185530517891031,True,False,False
1664_0,-7.704122220141926,1.0089001392175116,True,True,True
1664_1,-7.704122220141926,1.0089001392175116,True,True,True
1666_0,-6.061525932818199,1.8092514714994912,True,True,True
1666_1,-6.061525932818199,1.8092514714994912,True,True,True
1668_0,-1.4189808541004822,2.110730699325506,True,True,False
1668_1,-1.4189808541004822,2.110730699325506,True,True,False
1670_0,-7.704139513935502,1.0089001392175114,True,True,True
1670_1,-7.704139513935502,1.0089001392175114,True,True,True
1672_0,-3.061594435217671,1.4955318154526003,True,True,True
1672_1,-3.061594435217671,1.4955318154526003,True,True,True
1674_0,49.56325990661048,7.786482642668204,True,False,False
1674_1,49.56325990661048,7.786482642668204,True,False,False
1676_0,49.56325990661048,7.786482642668204,True,False,False
1676_1,49.56325990661048,7.786482642668204,True,False,False
1678_0,54.2058049853282,7.793270988560825,True,False,False
1678_1,54.2058049853282,7.793270988560825,True,False,False
1680_0,-7.704139513935502,1.0089001392175116,True,True,True
1680_1,-7.704139513935502,1.0089001392175116,True,True,True
1682_0,-7.7041127290718805,1.0089001392175116,True,True,True
1682_1,-7.7041127290718805,1.0089001392175116,True,True,True
1684_0,-3.0615676503541636,1.4955318154526003,True,True,True
1684_1,-3.0615676503541636,1.4955318154526003,True,True,True
1686_0,-26.954261677226327,1.5999741265311842,True,True,True
1686_1,-26.954261677226327,1.5999741265311842,True,True,True
1688_0,-7.704139513935502,1.0089001392175114,True,True,True
1688_1,-7.704139513935502,1.0089001392175114,True,True,True
1690_0,-3.061594435217671,1.4955318154526003,True,True,True
1690_1,-3.061594435217671,1.4955318154526003,True,True,True
1692_0,-3.061594435217785,1.4955318154526003,True,True,True
1692_1,-3.061594435217785,1.4955318154526003,True,True,True
1694_0,55.76573116844662,7.793270988560826,True,False,False
1694_1,55.76573116844662,7.793270988560826,True,False,False
1696_0,55.76573116844662,7.793270988560826,True,False,False
1696_1,55.76573116844662,7.793270988560826,True,False,False
1698_0,-3.0615928579998126,1.4955318154526003,True,True,True
1698_1,-3.0615928579998126,1.4955318154526003,True,True,True
1700_0,-7.704139513935388,1.0089001392175116,True,True,True
1700_1,-7.704139513935388,1.0089001392175116,True,True,True
1702_0,-7.704139513935388,1.0089001392175116,True,True,True
1702_1,-7.704139513935388,1.0089001392175116,True,True,True
1704_0,-7.873258684976008,1.6592820463578148,True,True,True
1704_1,-7.873258684976008,1.6592820463578148,True,True,True
1706_0,51.20585619393421,7.951042280673617,True,False,False
1706_1,51.20585619393421,7.951042280673617,True,False,False
1708_0,55.84840127265193,7.955368714488624,True,False,False
1708_1,55.84840127265193,7.955368714488624,True,False,False
1710_0,-6.061516441748381,1.8092514714994912,True,True,True
1710_1,-6.061516441748381,1.8092514714994912,True,True,True
1712_0,-1.4189713630306642,2.110730699325506,True,True,False
1712_1,-1.4189713630306642,2.110730699325506,True,True,False
1714_0,57.40832745577035,7.955368714488624,True,False,False
1714_1,57.40832745577035,7.955368714488624,True,False,False
1716_0,62.050872534488065,8.048987300879302,True,False,False
1716_1,62.050872534488065,8.048987300879302,True,False,False
1718_0,-6.061543226611661,1.8092514714994912,True,True,True
1718_1,-6.061543226611661,1.8092514714994912,True,True,True
1720_0,-1.4189981478939444,2.110730699325506,True,True,False
1720_1,-1.4189981478939444,2.110730699325506,True,True,False
1722_0,-6.06150872103683,1.8092514714994912,True,True,True
1722_1,-6.06150872103683,1.8092514714994912,True,True,True
1724_0,-1.4189636423189995,2.110730699325506,True,True,False
1724_1,-1.4189636423189995,2.110730699325506,True,True,False
1726_0,55.76571387465316,7.793270988560826,True,False,False
1726_1,55.76571387465316,7.793270988560826,True,False,False
1728_0,60.40825895337099,7.891154580260206,True,False,False
1728_1,60.40825895337099,7.891154580260206,True,False,False
1730_0,49.56324261281691,7.786482642668204,True,False,False
1730_1,49.56324261281691,7.786482642668204,True,False,False
1732_0,30.31312044952608,7.91622478905258,True,False,False
1732_1,30.31312044952608,7.91622478905258,True,False,False
1734_0,113.03311329519903,15.569304032044899,True,False,False
1734_1,113.03311329519903,15.569304032044899,True,False,False
1736_0,117.67565837391675,15.58285919807787,True,False,False
1736_1,117.67565837391675,15.58285919807787,True,False,False
1738_0,113.03311329519903,15.569304032044899,True,False,False
1738_1,113.03311329519903,15.569304032044899,True,False,False
1740_0,54.20578926875248,7.793270988560825,True,False,False
1740_1,54.20578926875248,7.793270988560825,True,False,False
1742_0,49.3941234417764,7.920664812438186,True,False,False
1742_1,49.3941234417764,7.920664812438186,True,False,False
1743_0,-7.704130022865456,1.0089001392175116,True,True,True
1743_1,-7.704130022865456,1.0089001392175116,True,True,True
1744_0,-7.704047692963115,1.0089001392175116,True,True,True
1744_1,-7.704047692963115,1.0089001392175116,True,True,True
1746_0,-7.704047692963115,1.0089001392175116,True,True,True
1746_1,-7.704047692963115,1.0089001392175116,True,True,True
1748_0,55.7657138746531,7.793270988560826,True,False,False
1748_1,55.7657138746531,7.793270988560826,True,False,False
1750_0,-7.704156807728964,1.0089001392175119,True,True,True
1750_1,-7.704156807728964,1.0089001392175119,True,True,True
1752_0,-7.704122302154133,1.0089001392175116,True,True,True
1752_1,-7.704122302154133,1.0089001392175116,True,True,True
1754_0,354.80107423769624,100000.00008450064,False,False,False
1754_1,354.80107423769624,100000.00008450064,False,False,False
1756_0,-26.954252186156282,1.5999741265311844,True,True,True
1756_1,-26.954252186156282,1.5999741265311844,True,True,True
1758_0,60.40828573823444,7.891154580260206,True,False,False
1758_1,60.40828573823444,7.891154580260206,True,False,False
1760_0,55.76574065951672,7.793270988560824,True,False,False
1760_1,55.76574065951672,7.793270988560824,True,False,False
1762_0,-3.0615833669299946,1.4955318154526003,True,True,True
1762_1,-3.0615833669299946,1.4955318154526003,True,True,True
1764_0,-7.8732491939060765,1.6592820463578148,True,True,True
1764_1,-7.8732491939060765,1.6592820463578148,True,True,True
1765_0,-26.954169856254055,1.5999741265311842,True,True,True
1765_1,-26.954169856254055,1.5999741265311842,True,True,True
1766_0,-26.954169856254055,1.5999741265311842,True,True,True
1766_1,-26.954169856254055,1.5999741265311842,True,True,True
1768_0,36.515591711362276,7.956117105246957,True,False,False
1768_1,36.515591711362276,7.956117105246957,True,False,False
1769_0,-26.954278971019903,1.5999741265311842,True,True,True
1769_1,-26.954278971019903,1.5999741265311842,True,True,True
1771_0,-26.954244465444958,1.5999741265311842,True,True,True
1771_1,-26.954244465444958,1.5999741265311842,True,True,True
1773_0,-26.954278971019903,1.5999741265311842,True,True,True
1773_1,-26.954278971019903,1.5999741265311842,True,True,True
1775_0,-26.954278971019903,1.5999741265311844,True,True,True
1775_1,-26.954278971019903,1.5999741265311844,True,True,True
1777_0,-26.954278971019903,1.5999741265311844,True,True,True
1777_1,-26.954278971019903,1.5999741265311844,True,True,True
1779_0,-26.954278971019903,1.5999741265311842,True,True,True
1779_1,-26.954278971019903,1.5999741265311842,True,True,True
1780_0,-26.954278971019903,1.5999741265311842,True,True,True
1780_1,-26.954278971019903,1.5999741265311842,True,True,True
1781_0,-26.954135130416148,1.5999741265311844,True,True,True
1781_1,-26.954135130416148,1.5999741265311844,True,True,True
1783_0,-26.954135130416148,1.5999741265311844,True,True,True
1783_1,-26.954135130416148,1.5999741265311844,True,True,True
1785_0,-26.954278971019903,1.5999741265311844,True,True,True
1785_1,-26.954278971019903,1.5999741265311844,True,True,True
1787_0,-26.954278971019903,1.5999741265311844,True,True,True
1787_1,-26.954278971019903,1.5999741265311844,True,True,True
1789_0,-26.954278971019903,1.5999741265311842,True,True,True
1789_1,-26.954278971019903,1.5999741265311842,True,True,True
1791_0,-26.954278971020017,1.5999741265311844,True,True,True
1791_1,-26.954278971020017,1.5999741265311844,True,True,True
1793_0,-26.954278971020017,1.5999741265311844,True,True,True
1793_1,-26.954278971020017,1.5999741265311844,True,True,True
1794_0,-26.954278971019903,1.5999741265311844,True,True,True
1794_1,-26.954278971019903,1.5999741265311844,True,True,True
1796_0,-26.954278971019903,1.5999741265311844,True,True,True
1796_1,-26.954278971019903,1.5999741265311844,True,True,True
1798_0,335.5509520744052,100000.0000909272,False,False,False
1798_1,335.5509520744052,100000.0000909272,False,False,False
1800_0,-26.954278971019903,1.5999741265311844,True,True,True
1800_1,-26.954278971019903,1.5999741265311844,True,True,True
1802_0,-26.954278971019903,1.5999741265311844,True,True,True
1802_1,-26.954278971019903,1.5999741265311844,True,True,True
1804_0,-26.95427897101979,1.5999741265311842,True,True,True
1804_1,-26.95427897101979,1.5999741265311842,True,True,True
1806_0,-29.445161757656024,1.8798002866586223,True,True,True
1808_0,-32.77126393452181,1.825520976301239,True,True,True
1808_1,-32.77126393452181,1.825520976301239,True,True,True
1810_0,-19.769114861090316,2.651919519116431,True,True,True
1810_1,-19.769114861090316,2.651919519116431,True,True,True
1812_0,-19.76911486109043,2.651919519116431,True,True,True
1812_1,-19.76911486109043,2.651919519116431,True,True,True
1814_0,-29.445161757656024,1.8798002866586223,True,True,True
1816_0,-32.771188445150756,1.8255209763012388,True,True,True
1816_1,-32.771188445150756,1.8255209763012388,True,True,True
1818_0,-32.77126393452181,1.8255209763012388,True,True,True
1818_1,-32.77126393452181,1.8255209763012388,True,True,True
1820_0,-32.77126393452181,1.8255209763012388,True,True,True
1820_1,-32.77126393452181,1.8255209763012388,True,True,True
1822_0,-19.76911486109043,2.651919519116431,True,True,True
1822_1,-19.76911486109043,2.651919519116431,True,True,True
1824_0,-29.445161757656138,1.8798002866586223,True,True,True
1826_0,-32.771263934521926,1.8255209763012388,True,True,True
1826_1,-32.771263934521926,1.8255209763012388,True,True,True
1828_0,-32.771263934521926,1.8255209763012388,True,True,True
1828_1,-32.771263934521926,1.8255209763012388,True,True,True
1830_0,-32.771263934521926,1.8255209763012388,True,True,True
1830_1,-32.771263934521926,1.8255209763012388,True,True,True
1832_0,-32.771263934521926,1.8255209763012388,True,True,True
1832_1,-32.771263934521926,1.8255209763012388,True,True,True
1834_0,-32.771263934521926,1.8255209763012388,True,True,True
1834_1,-32.771263934521926,1.8255209763012388,True,True,True
1836_0,-26.954278971019903,1.5999741265311842,True,True,True
1836_1,-26.954278971019903,1.5999741265311842,True,True,True
1838_0,-26.954278971019903,1.5999741265311842,True,True,True
1838_1,-26.954278971019903,1.5999741265311842,True,True,True
1840_0,-26.954278971019903,1.5999741265311842,True,True,True
1840_1,-26.954278971019903,1.5999741265311842,True,True,True
1842_0,-26.954278971019903,1.5999741265311842,True,True,True
1842_1,-26.954278971019903,1.5999741265311842,True,True,True
1844_0,-26.954278971020017,1.5999741265311844,True,True,True
1844_1,-26.954278971020017,1.5999741265311844,True,True,True
1846_0,-26.954278971019903,1.5999741265311844,True,True,True
1846_1,-26.954278971019903,1.5999741265311844,True,True,True
1848_0,-19.76911486109043,2.651919519116431,True,True,True
1848_1,-19.76911486109043,2.651919519116431,True,True,True
1850_0,-19.76911486109043,2.6519195191164315,True,True,True
1850_1,-19.76911486109043,2.6519195191164315,True,True,True
1852_0,-26.954278971019903,1.5999741265311844,True,True,True
1852_1,-26.954278971019903,1.5999741265311844,True,True,True
1854_0,-19.769114861090316,2.651919519116431,True,True,True
1854_1,-19.769114861090316,2.651919519116431,True,True,True
1856_0,55.76571387465316,7.793270988560826,True,False,False
1856_1,55.76571387465316,7.793270988560826,True,False,False
1858_0,60.40825895337099,7.891154580260206,True,False,False
1858_1,60.40825895337099,7.891154580260206,True,False,False
1860_0,60.40825895337093,7.891154580260206,True,False,False
1860_1,60.40825895337093,7.891154580260206,True,False,False
1862_0,-7.873166864003679,1.6592820463578148,True,True,True
1862_1,-7.873166864003679,1.6592820463578148,True,True,True
1864_0,-7.873166864003679,1.6592820463578148,True,True,True
1864_1,-7.873166864003679,1.6592820463578148,True,True,True
1866_0,119.23558455703522,15.58285919807787,True,False,False
1866_1,119.23558455703522,15.58285919807787,True,False,False
1868_0,60.40826053058862,7.891154580260206,True,False,False
1868_1,60.40826053058862,7.891154580260206,True,False,False
1870_0,55.765713874653045,7.793270988560827,True,False,False
1870_1,55.765713874653045,7.793270988560827,True,False,False
1872_0,55.765713874653045,7.793270988560827,True,False,False
1872_1,55.765713874653045,7.793270988560827,True,False,False
1874_0,55.59659470361254,7.960697372699946,True,False,False
1874_1,55.59659470361254,7.960697372699946,True,False,False
1876_0,-3.0616101517933885,1.4955318154526003,True,True,True
1876_1,-3.0616101517933885,1.4955318154526003,True,True,True
1878_0,-3.0615756462185573,1.4955318154526003,True,True,True
1878_1,-3.0615756462185573,1.4955318154526003,True,True,True
1880_0,-7.87327597876947,1.6592820463578148,True,True,True
1880_1,-7.87327597876947,1.6592820463578148,True,True,True
1882_0,-7.873241473194639,1.6592820463578148,True,True,True
1882_1,-7.873241473194639,1.6592820463578148,True,True,True
1884_0,354.6319550666557,100000.0000920112,False,False,False
1884_1,354.6319550666557,100000.0000920112,False,False,False
1886_0,-7.873275978769584,1.659282046357815,True,True,True
1886_1,-7.873275978769584,1.659282046357815,True,True,True
1888_0,-7.873275978769584,1.659282046357815,True,True,True
1888_1,-7.873275978769584,1.659282046357815,True,True,True
1890_0,-7.87327597876947,1.659282046357815,True,True,True
1890_1,-7.87327597876947,1.659282046357815,True,True,True
1892_0,-7.87327597876947,1.6592820463578148,True,True,True
1892_1,-7.87327597876947,1.6592820463578148,True,True,True
1894_0,-7.87327597876947,1.6592820463578148,True,True,True
1894_1,-7.87327597876947,1.6592820463578148,True,True,True
1896_0,-7.873275978769584,1.6592820463578148,True,True,True
1896_1,-7.873275978769584,1.6592820463578148,True,True,True
1898_0,-7.873275978769584,1.6592820463578148,True,True,True
1898_1,-7.873275978769584,1.6592820463578148,True,True,True
1900_0,-7.873275978769584,1.6592820463578148,True,True,True
1900_1,-7.873275978769584,1.6592820463578148,True,True,True
1902_0,-10.727768849557378,1.7581471621982618,True,True,True
1902_1,-10.727768849557378,1.7581471621982618,True,True,True
1904_0,46.539613277195144,7.9294344154539225,True,False,False
1904_1,46.539613277195144,7.9294344154539225,True,False,False
1906_0,-10.727759358487333,1.7581471621982618,True,True,True
1906_1,-10.727759358487333,1.7581471621982618,True,True,True
1908_0,-10.727677028584935,1.7581471621982618,True,True,True
1908_1,-10.727677028584935,1.7581471621982618,True,True,True
1910_0,-10.727677028584935,1.7581471621982618,True,True,True
1910_1,-10.727677028584935,1.7581471621982618,True,True,True
1912_0,52.74208453903117,7.959409480036161,True,False,False
1912_1,52.74208453903117,7.959409480036161,True,False,False
1914_0,-10.727786143350727,1.7581471621982618,True,True,True
1914_1,-10.727786143350727,1.7581471621982618,True,True,True
1916_0,-10.727751637775896,1.7581471621982618,True,True,True
1916_1,-10.727751637775896,1.7581471621982618,True,True,True
1917_0,351.7774449020744,100000.00009559964,False,False,False
1917_1,351.7774449020744,100000.00009559964,False,False,False
1918_0,-6.061543226611661,1.8092514714994914,True,True,True
1918_1,-6.061543226611661,1.8092514714994914,True,True,True
1920_0,-1.4189981478939444,2.110730699325506,True,True,False
1920_1,-1.4189981478939444,2.110730699325506,True,True,False
1921_0,-7.704156807728964,1.0089001392175116,True,True,True
1921_1,-7.704156807728964,1.0089001392175116,True,True,True
1922_0,-26.954278971019903,1.5999741265311844,True,True,True
1922_1,-26.954278971019903,1.5999741265311844,True,True,True
1924_0,-3.0616101517933885,1.4955318154526003,True,True,True
1924_1,-3.0616101517933885,1.4955318154526003,True,True,True
1926_0,-7.87327597876947,1.6592820463578148,True,True,True
1926_1,-7.87327597876947,1.6592820463578148,True,True,True
1928_0,-26.954278971019903,1.5999741265311842,True,True,True
1928_1,-26.954278971019903,1.5999741265311842,True,True,True
1930_0,-26.954278971019903,1.5999741265311842,True,True,True
1930_1,-26.954278971019903,1.5999741265311842,True,True,True
1932_0,-26.954278971019903,1.5999741265311842,True,True,True
1932_1,-26.954278971019903,1.5999741265311842,True,True,True
1933_0,-26.954278971019903,1.5999741265311842,True,True,True
1933_1,-26.954278971019903,1.5999741265311842,True,True,True
1935_0,-26.954278971019903,1.5999741265311842,True,True,True
1935_1,-26.954278971019903,1.5999741265311842,True,True,True
1936_0,-26.954278971019903,1.5999741265311842,True,True,True
1936_1,-26.954278971019903,1.5999741265311842,True,True,True
1937_0,-26.954278971019903,1.5999741265311844,True,True,True
1937_1,-26.954278971019903,1.5999741265311844,True,True,True
1938_0,-26.954278971019903,1.5999741265311844,True,True,True
1938_1,-26.954278971019903,1.5999741265311844,True,True,True
1939_0,-26.954278971019903,1.5999741265311842,True,True,True
1939_1,-26.954278971019903,1.5999741265311842,True,True,True
1941_0,-71.83669159352792,6.902105105693943,True,True,True
1943_0,-100.67227932571745,7.361161510900055,True,True,True
1945_0,-82.51140223486391,6.5770790672035595,True,True,True
1947_0,-2.8850024546196664,2.630350120851888,True,True,False
1949_0,376.72974603229125,100000.00011589513,False,False,False
1951_0,-7.704139513935388,1.0089001392175116,True,True,True
1953_0,9.405363266415236,1.8417947080684132,True,False,False
1955_0,-6.061543226611661,1.8092514714994914,True,True,True
1957_0,-1.418998147894058,2.110730699325506,True,True,False
1958_0,11.047911140882263,2.323405974533999,True,False,False
1960_0,15.690453986144519,2.36106091999703,True,False,False
1961_0,371.91059167918195,100000.00009190453,False,False,False
1963_0,376.5531367578998,100000.00009089508,False,False,False
1964_0,429.17799109972793,100000.00009667275,False,False,False
1966_0,433.82053617844565,100000.00009009843,False,False,False
1968_0,-7.704150947814583,1.0089001392175116,True,True,True
1970_0,-7.704156807728964,1.0089001392175116,True,True,True
1971_0,9.405362352909464,1.8417947080684132,True,False,False
1973_0,376.5531635427634,100000.00009089508,False,False,False
1975_0,-26.954273111105522,1.5999741265311844,True,True,True
1977_0,-7.873270118855089,1.659282046357815,True,True,True
1979_0,-26.954278971019903,1.5999741265311844,True,True,True
1981_0,-26.954278971019903,1.5999741265311842,True,True,True
1983_0,-26.954278971019903,1.5999741265311842,True,True,True
1985_0,-26.954278971019903,1.5999741265311842,True,True,True
1987_0,-26.954278971019903,1.5999741265311842,True,True,True
1989_0,-26.954278971019903,1.5999741265311842,True,True,True
1991_0,-26.954278971019903,1.5999741265311844,True,True,True
1993_0,-26.954278971019903,1.5999741265311842,True,True,True
1995_0,-26.954278971019903,1.5999741265311844,True,True,True
1996_0,-9.844753411601374,2.255297363007269,True,True,True
1998_0,-26.95427176175224,1.5999741265311844,True,True,True
2000_0,-26.95427897101979,1.5999741265311842,True,True,True
2002_0,-26.954278971019903,1.5999741265311844,True,True,True
2004_0,-26.95427897101979,1.5999741265311842,True,True,True
2006_0,-32.77126393452181,1.825520976301239,True,True,True
2008_0,-32.77126393452181,1.8255209763012388,True,True,True
2010_0,-32.771263934521926,1.8255209763012388,True,True,True
2012_0,-26.954278971019903,1.5999741265311842,True,True,True
2013_0,371.91059167918195,100000.00009190453,False,False,False
2015_0,376.5531367578998,100000.00009089508,False,False,False
2017_0,376.5531367578999,100000.00009089508,False,False,False
2019_0,55.765713874653045,7.793270988560827,True,False,False
2021_0,435.38046236156424,100000.00009009843,False,False,False
2023_0,-3.0616101517933885,1.4955318154526003,True,True,True
2025_0,14.047835986622147,1.8988269574322778,True,False,False
2027_0,-7.873275978769584,1.6592820463578148,True,True,True
2028_0,371.91059167918206,100000.00009190453,False,False,False
2029_0,371.91059167918206,100000.00009190453,False,False,False
2031_0,371.9105916791822,100000.00009190453,False,False,False
2033_0,9.236161418390338,2.214489962073886,True,False,False
2035_0,-7.8732687695019195,1.659282046357815,True,True,True
2037_0,-7.87327597876947,1.659282046357815,True,True,True
2039_0,-7.873275978769584,1.659282046357815,True,True,True
2041_0,-7.87327597876947,1.659282046357815,True,True,True
2043_0,-7.87327597876947,1.6592820463578148,True,True,True
2045_0,376.5531712634746,100000.00009089508,False,False,False
2047_0,-10.72778028343646,1.7581471621982618,True,True,True
2049_0,-10.72778614335084,1.7581471621982618,True,True,True
2050_0,6.381731298135037,2.319327233518381,True,False,False
2051_0,371.9105916791822,100000.00009190453,False,False,False
2053_0,-26.954278971019903,1.5999741265311842,True,True,True
2054_0,-6.381731298135151,2.319327233518381,True,True,True
2055_0,-371.91059167918195,100000.00009190453,False,False,False
2056_0,-371.91059167918195,100000.00009190453,False,False,False
2057_0,-429.17799109972805,100000.00009667275,False,False,False
2058_0,-371.91059167918206,100000.00009190453,False,False,False
2060_0,12.451991531738656,2.626362869010574,True,False,False
2062_0,15.153296643932606,2.610043448822801,True,False,False
2064_0,11.277657870270218,3.0071657037611237,True,False,False
2066_0,-51.688973116537,2.2717603424587565,True,True,True
2068_0,-51.688973116537,2.2717603424587565,True,True,True
2069_0,-51.688973116537,2.2717603424587565,True,True,True
2070_0,-51.688973116537,2.2717603424587565,True,True,True
2071_0,-51.688973116536886,2.2717603424587565,True,True,True
2072_0,-51.688973116536886,2.2717603424587565,True,True,True
2073_0,-51.688973116536886,2.2717603424587565,True,True,True
2074_0,-51.688973116536886,2.2717603424587565,True,True,True
2075_0,-51.688973116536886,2.2717603424587565,True,True,True
2076_0,-51.688973116537,2.2717603424587565,True,True,True
2077_0,-51.688973116537,2.2717603424587565,True,True,True
2078_0,-51.688973116537,2.2717603424587565,True,True,True
2079_0,-41.01426247520095,1.24685410860712,True,True,True
2080_0,-403.51953808137347,100000.00008618037,False,False,False
2081_0,-407.90978281014384,100000.00009003142,False,False,False
2082_0,-39.01282031369209,1.2616238877207056,True,True,True
2083_0,-41.014262475200894,1.2468541086071199,True,True,True
2084_0,-41.014262475200894,1.2468541086071199,True,True,True
2085_0,-41.014262475200894,1.2468541086071199,True,True,True
2086_0,-41.014262475200894,1.2468541086071199,True,True,True
2087_0,-45.404499416468184,1.4156030322241333,True,True,True
2088_0,-39.01282031369203,1.2616238877207056,True,True,True
2089_0,-47.04709570379197,1.9640235972640687,True,True,True
2090_0,-39.0128030198986,1.2616238877207056,True,True,True
2091_0,-45.40447263160476,1.4156030322241335,True,True,True
2092_0,-48.95419273193025,4.134763150091495,True,True,True
2093_0,-41.014153360435046,1.24685410860712,True,True,True
2094_0,-41.014153360435046,1.24685410860712,True,True,True
2095_0,-41.01426247520092,1.24685410860712,True,True,True
2096_0,-45.404467138772304,1.4156030322241335,True,True,True
2097_0,-39.0127858081172,1.2616238877207056,True,True,True
2098_0,-39.0128203136922,1.2616238877207056,True,True,True
2100_0,-45.40449941646824,1.4156030322241335,True,True,True
2101_0,-41.01426247520095,1.24685410860712,True,True,True
2102_0,-41.01426247520095,1.24685410860712,True,True,True
2103_0,-45.40449941646824,1.4156030322241335,True,True,True
2104_0,-39.0128203136922,1.2616238877207056,True,True,True
2105_0,-45.40449941646807,1.4156030322241335,True,True,True
2106_0,-39.01282031369203,1.2616238877207053,True,True,True
2107_0,-45.40449941646807,1.4156030322241335,True,True,True
2108_0,-39.01282031369203,1.2616238877207056,True,True,True
2109_0,-45.40450936802222,1.4156030322241335,True,True,True
2110_0,-39.01282031369203,1.2616238877207053,True,True,True
2111_0,-45.40449941646807,1.4156030322241335,True,True,True
2112_0,-39.01282031369203,1.2616238877207056,True,True,True
2113_0,-41.01426247520101,1.24685410860712,True,True,True
2114_0,-41.01426247520101,1.24685410860712,True,True,True
2115_0,-41.01411863459708,1.24685410860712,True,True,True
2116_0,-41.01411863459708,1.24685410860712,True,True,True
2117_0,-41.014262475200894,1.2468541086071199,True,True,True
2118_0,-41.014262475200894,1.2468541086071199,True,True,True
2119_0,-41.01426247520078,1.2468541086071199,True,True,True
2120_0,-41.01426247520078,1.2468541086071199,True,True,True
2121_0,-43.233938083918844,1.75662726549929,True,True,True
2122_0,-39.01280940203196,1.2616238877207056,True,True,True
2123_0,-45.404515289671565,1.4156030322241335,True,True,True
2124_0,-41.014251563540824,1.24685410860712,True,True,True
2125_0,-41.01426247520095,1.24685410860712,True,True,True
2126_0,-41.01426247520095,1.24685410860712,True,True,True
2127_0,-45.40450808392046,1.4156030322241335,True,True,True
2128_0,-39.0128203136922,1.2616238877207058,True,True,True
2129_0,-41.01426247520095,1.24685410860712,True,True,True
2130_0,-41.01426247520095,1.24685410860712,True,True,True
2131_0,-45.40449941646824,1.4156030322241335,True,True,True
2132_0,-39.0128203136922,1.2616238877207058,True,True,True
2133_0,-39.0128203136922,1.2616238877207058,True,True,True
2134_0,-45.40449941646824,1.4156030322241335,True,True,True
2135_0,-45.40449941646824,1.4156030322241335,True,True,True
2136_0,-39.0128203136922,1.2616238877207058,True,True,True
2137_0,-39.0128203136922,1.2616238877207053,True,True,True
2138_0,-45.404627614746005,1.4156030322241335,True,True,True
2139_0,-41.01427114265317,1.2468541086071199,True,True,True
2140_0,-41.01426247520095,1.2468541086071199,True,True,True
2141_0,-41.01426247520095,1.2468541086071199,True,True,True
2142_0,-41.01426247520095,1.2468541086071199,True,True,True
2143_0,-39.01282031369209,1.2616238877207056,True,True,True
2144_0,-45.40449941646824,1.4156030322241335,True,True,True
2145_0,-41.01426247520095,1.24685410860712,True,True,True
2146_0,-41.01426247520095,1.24685410860712,True,True,True
2147_0,-41.01426247520095,1.24685410860712,True,True,True
2148_0,-41.01426247520095,1.24685410860712,True,True,True
2149_0,-41.01426247520095,1.24685410860712,True,True,True
2150_0,-41.01426247520095,1.24685410860712,True,True,True
2151_0,-41.01426247520095,1.24685410860712,True,True,True
2152_0,-41.01426247520095,1.24685410860712,True,True,True
2153_0,-41.014153839460874,1.24685410860712,True,True,True
2154_0,-41.01440404314707,1.24685410860712,True,True,True
2155_0,-45.40452090467713,1.4156030322241335,True,True,True
2156_0,-39.01279884906944,1.2616238877207056,True,True,True
2157_0,-41.01426247520078,1.24685410860712,True,True,True
2158_0,-41.01426247520078,1.24685410860712,True,True,True
2159_0,-407.90963197682777,100000.00009003142,False,False,False
2160_0,-39.012820313691975,1.2616238877207056,True,True,True
2161_0,-41.01426247520078,1.24685410860712,True,True,True
2162_0,-41.01426247520078,1.24685410860712,True,True,True
2163_0,-45.40449941646807,1.4156030322241335,True,True,True
2164_0,-39.012820313691975,1.2616238877207056,True,True,True
2165_0,-45.40449941646807,1.4156030322241335,True,True,True
2166_0,-39.012820313691975,1.2616238877207056,True,True,True
2167_0,-45.40449941646807,1.4156030322241335,True,True,True
2168_0,-39.012820313691975,1.2616238877207056,True,True,True
2169_0,-41.01426247520078,1.24685410860712,True,True,True
2170_0,-41.01426247520078,1.24685410860712,True,True,True
2171_0,-41.01426247520078,1.24685410860712,True,True,True
2172_0,-41.01426247520078,1.24685410860712,True,True,True
2173_0,-403.5193950355606,100000.00008618037,False,False,False
2174_0,-41.014262475200894,1.2468541086071199,True,True,True
2175_0,-41.014262475200894,1.2468541086071199,True,True,True
2176_0,-41.014262475200894,1.2468541086071199,True,True,True
2177_0,-41.01426247520095,1.24685410860712,True,True,True
2178_0,-41.01426247520095,1.24685410860712,True,True,True
2179_0,-41.01426247520095,1.24685410860712,True,True,True
2180_0,-41.01426247520095,1.24685410860712,True,True,True
2181_0,-41.01426247520095,1.24685410860712,True,True,True
2182_0,-41.01426247520095,1.24685410860712,True,True,True
2183_0,-41.01426247520095,1.24685410860712,True,True,True
2184_0,-41.01426247520095,1.24685410860712,True,True,True
2186_0,-51.688973116537,2.2717603424587565,True,True,True
2187_0,-48.36287093967121,2.3682945912394207,True,True,True
2189_0,-51.688973116537,2.2717603424587565,True,True,True
2190_0,-26.606279591399584,1.9732755576883385,True,True,True
2191_0,-48.36287093967121,2.3682945912394207,True,True,True
2192_0,-51.688973116537,2.2717603424587565,True,True,True
2193_0,-51.688973116537,2.2717603424587565,True,True,True
2194_0,-48.36287093967121,2.3682945912394207,True,True,True
2195_0,-45.40449941646824,1.4156030322241335,True,True,True
2196_0,-36.928488368839965,1.4003928194704374,True,True,True
2197_0,-39.01282031369209,1.2616238877207053,True,True,True
2199_0,-45.404499416468184,1.4156030322241335,True,True,True
2201_0,-39.01282031369203,1.2616238877207056,True,True,True
2203_0,-45.404499416468184,1.4156030322241335,True,True,True
2205_0,-39.01282031369203,1.2616238877207053,True,True,True
2207_0,-45.404499416468184,1.4156030322241335,True,True,True
2209_0,-39.01282031369203,1.2616238877207053,True,True,True
2211_0,-45.404499416468184,1.4156030322241335,True,True,True
2213_0,-39.01282031369203,1.2616238877207053,True,True,True
2214_0,-65.87823498238697,2.334296092504949,True,True,True
2215_0,-51.68897311653711,2.2717603424587565,True,True,True
2216_0,-51.68897311653711,2.2717603424587565,True,True,True
2217_0,-51.68897311653711,2.2717603424587565,True,True,True
2218_0,-65.87823498238686,2.334296092504949,True,True,True
2219_0,-51.688973116537,2.2717603424587565,True,True,True
2220_0,-51.688973116537,2.2717603424587565,True,True,True
2221_0,-51.688973116537,2.2717603424587565,True,True,True
2223_0,-51.68897311653711,2.2717603424587565,True,True,True
2225_0,-51.68897311653711,2.2717603424587565,True,True,True
2227_0,-51.688897627166,2.2717603424587565,True,True,True
2229_0,-51.688897627166,2.2717603424587565,True,True,True
2230_0,-65.87823498238697,2.3342960925049487,True,True,True
2231_0,-51.688973116537,2.2717603424587565,True,True,True
2232_0,-65.87823498238697,2.3342960925049487,True,True,True
2233_0,-51.688973116537,2.2717603424587565,True,True,True
2235_0,-51.688973116537,2.2717603424587565,True,True,True
2237_0,-51.688973116537,2.2717603424587565,True,True,True
2239_0,-51.688973116537,2.2717603424587565,True,True,True
2241_0,-51.688973116537,2.2717603424587565,True,True,True
2243_0,-51.68897311653711,2.271760342458756,True,True,True
2245_0,-51.68897311653711,2.271760342458756,True,True,True
2247_0,-51.68897311653711,2.271760342458756,True,True,True
2249_0,-51.68897311653711,2.271760342458756,True,True,True
2251_0,-51.68897311653711,2.271760342458756,True,True,True
2253_0,-51.68897311653711,2.271760342458756,True,True,True
2255_0,-51.68897311653711,2.271760342458756,True,True,True
2257_0,-51.68897311653711,2.271760342458756,True,True,True
2258_0,-65.87823498238697,2.3342960925049487,True,True,True
2259_0,-51.68897311653711,2.271760342458756,True,True,True
2260_0,-65.87823498238697,2.3342960925049487,True,True,True
2261_0,-51.68897311653711,2.271760342458756,True,True,True
2262_0,-65.87823498238697,2.3342960925049487,True,True,True
2263_0,-51.68897311653711,2.271760342458756,True,True,True
2264_0,-51.68897311653711,2.271760342458756,True,True,True
2265_0,-51.68897311653711,2.271760342458756,True,True,True
2266_0,-65.87823498238697,2.3342960925049487,True,True,True
2267_0,-51.68897311653711,2.271760342458756,True,True,True
2268_0,-51.68897311653711,2.271760342458756,True,True,True
2269_0,-51.68897311653711,2.271760342458756,True,True,True
2271_0,-45.40449941646827,1.4156030322241335,True,True,True
2273_0,-39.01282031369206,1.2616238877207056,True,True,True
2275_0,-45.40449941646827,1.4156030322241335,True,True,True
2277_0,-39.01282031369206,1.2616238877207056,True,True,True
2279_0,-41.014262475200866,1.24685410860712,True,True,True
2281_0,-41.014262475200866,1.24685410860712,True,True,True
2283_0,-41.01426247520092,1.24685410860712,True,True,True
2284_0,-41.01426247520092,1.24685410860712,True,True,True
2285_0,-65.87766239049739,2.334296092504949,True,True,True
2287_0,-51.68840052464748,2.2717603424587565,True,True,True
2289_0,-51.68840052464748,2.2717603424587565,True,True,True
2290_0,-51.68840052464748,2.2717603424587565,True,True,True
2292_0,-26.60630346344834,1.9732755576883387,True,True,True
2294_0,-48.36287093967127,2.368294591239421,True,True,True
2296_0,-51.68897311653717,2.271760342458757,True,True,True
2298_0,-51.68897311653717,2.271760342458757,True,True,True
2300_0,-48.36287093967121,2.368294591239421,True,True,True
2302_0,-51.688973116537,2.271760342458757,True,True,True
2304_0,-51.688973116537,2.271760342458757,True,True,True
2306_0,-28.607721752908333,1.9315144213420408,True,True,True
2308_0,-26.606279591399527,1.9732755576883387,True,True,True
2310_0,-51.688973116537,2.271760342458757,True,True,True
2312_0,-51.688973116537,2.271760342458757,True,True,True
2314_0,-48.3628709396711,2.3682945912394207,True,True,True
2316_0,-26.606279591399527,1.973275557688339,True,True,True
2318_0,-48.362870939671154,2.3682945912394207,True,True,True
2320_0,-51.68897311653694,2.2717603424587565,True,True,True
2322_0,-51.68897311653694,2.2717603424587565,True,True,True
2324_0,-51.68897311653694,2.2717603424587565,True,True,True
2326_0,-51.68897311653694,2.2717603424587565,True,True,True
2328_0,-51.688973116537,2.271760342458757,True,True,True
2330_0,-51.688973116537,2.271760342458757,True,True,True
2332_0,-51.688973116537,2.2717603424587565,True,True,True
2334_0,-51.688973116537,2.2717603424587565,True,True,True
2336_0,-51.68868612482396,2.2717603424587565,True,True,True
2338_0,-51.68868612482396,2.2717603424587565,True,True,True
2340_0,-45.404212424755144,1.4156030322241335,True,True,True
2342_0,-39.012533321979106,1.2616238877207056,True,True,True
2344_0,-51.68868612425075,2.2717603424587565,True,True,True
2346_0,-51.68868612425075,2.2717603424587565,True,True,True
2348_0,-51.68868612425075,2.2717603424587565,True,True,True
2350_0,-51.68868612425075,2.2717603424587565,True,True,True
2352_0,-51.688973116537,2.271760342458757,True,True,True
2354_0,-51.688973116537,2.271760342458757,True,True,True
2356_0,-51.688973116537,2.271760342458757,True,True,True
2358_0,-51.688973116537,2.271760342458757,True,True,True
2360_0,-51.688973116537,2.271760342458757,True,True,True
2362_0,-51.688973116537,2.271760342458757,True,True,True
2364_0,-51.34185149357597,3.159882393342574,True,True,True
2366_0,-44.73554048247911,3.3475529535213533,True,True,True
2367_0,-26.455047765080963,3.4191355611593117,True,True,True
2369_0,-51.34185149357586,3.1598823933425737,True,True,True
2371_0,-0.43158880879661865,1.4927180897404106,True,True,False
2372_0,-0.43158880879661865,1.4927180897404106,True,True,False
2373_0,-0.43158294888223736,1.4927180897404106,True,True,False
2374_0,-2.296788003128654,1.9554233999038124,True,True,False
2375_0,-2.296788003128597,1.9554233999038124,True,True,False
2376_0,-0.43158880879664707,1.4927180897404106,True,True,False
2377_0,-0.43158880879650496,1.4927180897404106,True,True,False
2378_0,-0.4315888087965618,1.4927180897404109,True,True,False
2379_0,-0.43158880879650496,1.4927180897404106,True,True,False
2380_0,-0.43158880879650496,1.4927180897404106,True,True,False
2381_0,-0.43158880879650496,1.4927180897404106,True,True,False
2382_0,-0.43158880879650496,1.4927180897404106,True,True,False
2383_0,-2.296788003128597,1.9554233999038122,True,True,False
2384_0,-0.43158880879650496,1.4927180897404106,True,True,False
2385_0,-2.2967880031285404,1.9554233999038124,True,True,False
2386_0,-0.4315888087965618,1.4927180897404109,True,True,False
2387_0,-0.43158880879661865,1.4927180897404106,True,True,False
2388_0,-0.43158880879661865,1.4927180897404106,True,True,False
2389_0,2.0934489381386356,1.9390313502553063,True,False,False
2390_0,-0.43158880879650496,1.4927180897404106,True,True,False
2391_0,-0.4315888087966755,1.4927180897404106,True,True,False
2392_0,-2.296788003128711,1.9554233999038122,True,True,False
2393_0,-0.4315888087966755,1.4927180897404106,True,True,False
2394_0,-0.43158880879661865,1.4927180897404109,True,True,False
2395_0,-0.43158880879661865,1.4927180897404109,True,True,False
2397_0,-2.296788003128597,1.9554233999038124,True,True,False
2398_0,-0.4315888087964481,1.4927180897404109,True,True,False
2399_0,-0.4315888087964481,1.4927180897404109,True,True,False
2400_0,-0.4315888087964481,1.4927180897404109,True,True,False
2401_0,-2.2967880031284835,1.9554233999038122,True,True,False
2402_0,-0.4315888087964481,1.4927180897404109,True,True,False
2403_0,-0.43158880879661865,1.4927180897404106,True,True,False
2404_0,-0.43158880879661865,1.4927180897404106,True,True,False
2405_0,-26.455047765081076,3.4191355611593117,True,True,True
2406_0,-26.455047765081076,3.419135561159312,True,True,True
2408_0,-26.455047765081076,3.419135561159312,True,True,True
2409_0,-2.296788003128597,1.9554233999038124,True,True,False
2410_0,-0.4315815995290109,1.4927180897404106,True,True,False
2411_0,-0.43158880879650496,1.4927180897404109,True,True,False
2412_0,-0.43158880879650496,1.4927180897404109,True,True,False
2413_0,-2.296788003128597,1.9554233999038124,True,True,False
2414_0,-0.43158880879650496,1.4927180897404109,True,True,False
2415_0,-0.4315888087966755,1.4927180897404106,True,True,False
2416_0,-0.43158880879650496,1.4927180897404109,True,True,False
2418_0,-26.455047765081076,3.4191355611593117,True,True,True
2420_0,-26.455047765080963,3.419135561159312,True,True,True
2422_0,-26.455047765081076,3.419135561159312,True,True,True
2424_0,-26.455047765081076,3.419135561159312,True,True,True
2426_0,-26.455047765081076,3.419135561159312,True,True,True
2428_0,-26.455047765081076,3.419135561159312,True,True,True
2430_0,-26.455047765081076,3.419135561159312,True,True,True
2432_0,-26.455047765081076,3.4191355611593117,True,True,True
2434_0,-26.455047765081076,3.4191355611593117,True,True,True
2436_0,-26.455047765081076,3.4191355611593117,True,True,True
2438_0,-26.455047765081076,3.4191355611593117,True,True,True
2440_0,-26.455047765081076,3.4191355611593117,True,True,True
2442_0,-48.015749316710185,3.1165631986601574,True,True,True
2444_0,-26.455047765081076,3.419135561159312,True,True,True
2446_0,-30.463800565854513,3.407786128242112,True,True,True
2448_0,-48.015749316710185,3.1165631986601574,True,True,True
2450_0,-26.455047765081076,3.419135561159312,True,True,True
2452_0,-26.455047765081076,3.419135561159312,True,True,True
2454_0,-48.015749316710185,3.1165631986601574,True,True,True
2456_0,-27.9387628189192,3.682110526997862,True,True,True
2458_0,-26.455047765081076,3.419135561159312,True,True,True
2460_0,-26.455047765081076,3.419135561159312,True,True,True
2462_0,-48.01574931671007,3.1165631986601583,True,True,True
2464_0,-26.455047765081076,3.419135561159312,True,True,True
2466_0,-26.45504776508102,3.419135561159312,True,True,True
2468_0,-26.45504776508102,3.419135561159312,True,True,True
2470_0,48.36287093967121,2.3682945912394207,True,False,False
2472_0,51.688911755687286,2.271760342458757,True,False,False
2473_0,26.60627959139947,1.9732755576883387,True,False,False
2474_0,47.04709570379191,1.9640235972640687,True,False,False
2475_0,39.0127858081172,1.2616238877207056,True,False,False
2476_0,41.014262475200894,1.24685410860712,True,False,False
2477_0,102.67189883701417,7.970492757049206,True,False,False
2478_0,45.40451528967162,1.4156030322241335,True,False,False
2479_0,41.014268335115275,1.24685410860712,True,False,False
2480_0,41.014262475200894,1.24685410860712,True,False,False
2481_0,41.014251563540824,1.24685410860712,True,False,False
2482_0,45.40460853123403,1.4156030322241335,True,False,False
2483_0,39.96367328814023,2.091272254832594,True,False,False
2484_0,39.01282031369203,1.2616238877207056,True,False,False
2485_0,43.233938083918815,1.75662726549929,True,False,False
2486_0,39.012820313692146,1.2616238877207053,True,False,False
2487_0,41.01417970257273,1.24685410860712,True,False,False
2488_0,41.014262475200894,1.24685410860712,True,False,False
2489_0,41.01417970257273,1.24685410860712,True,False,False
2490_0,41.01417970257273,1.24685410860712,True,False,False
2491_0,41.01417970257273,1.24685410860712,True,False,False
2492_0,45.40456048444378,1.4156030322241335,True,False,False
2493_0,39.012737541063984,1.2616238877207053,True,False,False
2494_0,41.0142317219686,1.24685410860712,True,False,False
2495_0,41.0142317219686,1.24685410860712,True,False,False
2496_0,41.0142317219686,1.24685410860712,True,False,False
2497_0,45.40446866323589,1.4156030322241338,True,False,False
2498_0,39.01278956045985,1.2616238877207053,True,False,False
2499_0,41.01426247520101,1.24685410860712,True,False,False
2500_0,41.01426247520101,1.24685410860712,True,False,False
2501_0,41.01426247520101,1.24685410860712,True,False,False
2502_0,41.01426247520101,1.24685410860712,True,False,False
2503_0,41.01426247520101,1.24685410860712,True,False,False
2504_0,41.01426247520101,1.24685410860712,True,False,False
2505_0,45.404499416468184,1.4156030322241335,True,False,False
2506_0,39.01282031369203,1.2616238877207056,True,False,False
2507_0,51.688973116537,2.2717603424587565,True,False,False
2508_0,41.01426247520078,1.2468541086071199,True,False,False
2509_0,41.01426247520078,1.2468541086071199,True,False,False
2510_0,41.01426247520078,1.2468541086071199,True,False,False
2511_0,41.0142640891566,1.2468541086071199,True,False,False
2512_0,41.0142640891566,1.2468541086071199,True,False,False
2513_0,41.01426968446856,1.2468541086071199,True,False,False
2514_0,45.404506625735735,1.4156030322241335,True,False,False
2515_0,41.01426247520101,1.24685410860712,True,False,False
2516_0,39.01282031369203,1.2616238877207056,True,False,False
2517_0,39.01282031369203,1.2616238877207053,True,False,False
2518_0,41.01426247520078,1.2468541086071199,True,False,False
2519_0,41.01426247520078,1.2468541086071199,True,False,False
2520_0,39.01282031369203,1.2616238877207053,True,False,False
2521_0,41.01426247520078,1.2468541086071199,True,False,False
2522_0,41.01426247520078,1.2468541086071199,True,False,False
2523_0,41.01426247520078,1.2468541086071199,True,False,False
2524_0,39.01282031369203,1.2616238877207056,True,False,False
2525_0,41.014262475200894,1.2468541086071199,True,False,False
2526_0,45.40449941646807,1.4156030322241335,True,False,False
2527_0,39.01282031369203,1.2616238877207056,True,False,False
2528_0,41.01426247520101,1.24685410860712,True,False,False
2529_0,39.01282031369203,1.2616238877207056,True,False,False
2530_0,41.014262475200894,1.2468541086071199,True,False,False
2531_0,41.014262475200894,1.2468541086071199,True,False,False
2532_0,45.40449941646807,1.4156030322241335,True,False,False
2533_0,41.01426247520101,1.24685410860712,True,False,False
2534_0,39.01282031369203,1.2616238877207056,True,False,False
2535_0,41.014262475200894,1.2468541086071199,True,False,False
2536_0,45.40449941646807,1.4156030322241335,True,False,False
2537_0,41.01426247520101,1.24685410860712,True,False,False
2538_0,41.01426247520101,1.24685410860712,True,False,False
2539_0,39.01282031369203,1.2616238877207056,True,False,False
2540_0,51.688973116537,2.271760342458757,True,False,False
2541_0,51.688973116537,2.271760342458757,True,False,False
2542_0,45.40449941646807,1.4156030322241335,True,False,False
2543_0,39.01282031369203,1.2616238877207056,True,False,False
2544_0,51.68837353608478,2.271760342458757,True,False,False
2545_0,51.68837353608478,2.271760342458757,True,False,False
2546_0,51.68837353608478,2.271760342458757,True,False,False
2547_0,51.68837353608478,2.271760342458757,True,False,False
2548_0,51.688973116536886,2.271760342458757,True,False,False
2549_0,51.688973116536886,2.271760342458757,True,False,False
2550_0,51.688973116536886,2.271760342458757,True,False,False
2551_0,51.688973116536886,2.271760342458757,True,False,False
2552_0,51.688973116536886,2.271760342458757,True,False,False
2553_0,51.688973116536886,2.271760342458757,True,False,False
2555_0,39.012820313692146,1.2616238877207056,True,False,False
2556_0,0.43158880879650496,1.4927180897404106,True,False,False
2557_0,0.43158880879650496,1.4927180897404106,True,False,False
2558_0,0.43158880879650496,1.4927180897404106,True,False,False
2559_0,0.43158880879650496,1.4927180897404106,True,False,False
2560_0,0.43158880879650496,1.4927180897404106,True,False,False
2561_0,0.43158880879650496,1.4927180897404106,True,False,False
2562_0,2.2967880031285404,1.9554233999038124,True,False,False
2563_0,-2.0934489381386356,1.9390313502553063,True,True,False
2564_0,0.43158880879650496,1.4927180897404106,True,False,False
2565_0,0.43158880879650496,1.4927180897404106,True,False,False
2566_0,0.43158880879661865,1.4927180897404106,True,False,False
2567_0,0.43158880879661865,1.4927180897404106,True,False,False
2569_0,-149.21126415894696,31399.291678621837,False,False,False
2571_0,-347.63693090826644,62798.582964722606,False,False,False
2571_1,-347.63693090826644,62798.582964722606,False,False,False
2573_0,-21.21213911115359,1.7460072868145682,True,True,True
2575_0,-2.627981456473208,0.7185917247886362,True,True,True
2576_0,-12.278472343597741,3.2892758517675222,True,True,True
2577_0,-12.278472343597741,3.2892758517675222,True,True,True
2578_0,-2.778201587045828,1.3185865016371257,True,True,True
2579_0,-13.302692097809313,1.9618871228331112,True,True,True
2580_0,6.302236958380831,2.3586610381354465,True,False,False
2582_0,6.452457088953679,1.318603411103508,True,False,False
2584_0,-13.452912228382047,2.829275582913764,True,True,True
2585_0,-13.302692097809313,1.9618871228331112,True,True,True
2587_0,6.452457088953679,1.318603411103508,True,False,False
2589_0,7.626896973737871,1.870567293077215,True,False,False
2591_0,-22.533350773808706,1.9279040146601902,True,True,True
2593_0,-21.208690758451667,1.746007286814568,True,True,True
2595_0,6.302236958380945,2.358661038135446,True,False,False
2597_0,7.626896973737757,1.870567293077215,True,False,False
2598_0,7.626896973737871,1.870567293077215,True,False,False
2599_0,6.452457088953565,1.318603411103508,True,False,False
2600_0,-2.778201587045942,1.3185865016371259,True,True,True
2601_0,6.302236958380718,2.358661038135445,True,False,False
2602_0,-2.627981456473208,0.7185917247886362,True,True,True
2603_0,7.626896973737757,1.870567293077215,True,False,False
2604_0,-1.453541571688902,1.1070389810184753,True,True,False
2605_0,6.452457088953679,1.3186034111035076,True,False,False
2606_0,-2.778201587045828,1.3185865016371257,True,True,True
2607_0,6.302236958380945,2.3586610381354456,True,False,False
2609_0,-301.1115444533891,100000.00010941745,False,False,False
2611_0,-310.1919829988158,100000.00010323836,False,False,False
2612_0,6.452457088953679,1.3186034111035076,True,False,False
2613_0,-2.627981456473208,0.7185917247886362,True,True,True
2614_0,7.626896973737757,1.8705672930772146,True,False,False
2615_0,-1.4535415716890157,1.1070389810184753,True,True,False
2617_0,-170.4932785725465,31399.291647069025,False,False,False
2617_1,-170.4932785725465,31399.291647069025,False,False,False
2619_0,-7.420746665763545,1.5136204604092136,True,True,True
2620_0,-12.128245003757456,2.4052864781260372,True,True,True
2621_0,-12.128252213025007,2.405286478126037,True,True,True
2622_0,-13.452912228382047,2.8292755829137635,True,True,True
2623_0,-13.452912228382047,2.8292755829137635,True,True,True
2624_0,-12.128252213025121,2.4052864781260372,True,True,True
2625_0,-12.128252213025007,2.405286478126037,True,True,True
2626_0,-13.302692097809313,1.9618871228331114,True,True,True
2627_0,-13.302692097809313,1.9618871228331114,True,True,True
2629_0,-151.9125692705677,31399.291576761552,False,False,False
2631_0,-165.44627952155463,104813.7181559311,False,False,False
2633_0,-154.7640945127613,31399.291588096785,False,False,False
2635_0,-348.8113707930506,62798.58293480972,False,False,False
2637_0,-341.2577974744605,62798.58299184197,False,False,False
2639_0,-152.06278940114055,31399.291667718666,False,False,False
2641_0,-165.59649965212748,104813.71817547268,False,False,False
2643_0,-149.21126415894707,31399.291678621837,False,False,False
2645_0,-149.21126415894707,31399.291678621837,False,False,False
2647_0,-149.21126415894707,31399.291678621837,False,False,False
2649_0,-149.21126415894707,31399.291678621837,False,False,False
2651_0,-149.21126415894707,31399.291678621837,False,False,False
2652_0,-184.02698882353332,104813.71818111023,False,False,False
2653_0,-164.11414513874047,31399.29164947939,False,False,False
2654_0,-347.6369309082663,62798.582964722606,False,False,False
2655_0,-350.3382360198873,62798.58292510578,False,False,False
2657_0,-184.02698882353332,104813.71818111023,False,False,False
2659_0,-347.63693090826644,62798.58296472261,False,False,False
2661_0,-23.91344423534639,1.428120771451643,True,True,True
2663_0,-5.522571466258455,1.4645843783096253,True,True,True
2664_0,-14.979771595304214,2.7548742433030764,True,True,True
2665_0,-14.829557324645748,1.880748034999429,True,True,True
2666_0,-16.154217340002788,2.623567484864449,True,True,True
2667_0,-14.829557324645748,1.880748034999429,True,True,True
2669_0,3.6009318467600906,2.1749578314908367,True,False,False
2670_0,-16.154217340002788,2.623567484864449,True,True,True
2671_0,-16.154217340002788,2.623567484864449,True,True,True
2673_0,-16.154217340002788,2.623567484864449,True,True,True
2674_0,-16.154217340002788,2.623567484864449,True,True,True
2676_0,4.925591862116903,1.240840755136477,True,False,False
2678_0,4.925591862116903,1.240840755136477,True,False,False
2680_0,-25.234512044825863,1.9581361740830612,True,True,True
2682_0,-23.909995870072635,1.4281207714516433,True,True,True
2683_0,3.600931846759977,2.1749578314908367,True,False,False
2685_0,-5.479506698666796,1.4645843783096253,True,True,True
2686_0,4.925591862117017,1.2408407551364768,True,False,False
2687_0,3.6009318467600906,2.1749578314908367,True,False,False
2689_0,-303.81284956500986,100000.0001355066,False,False,False
2691_0,-312.89328811043674,100000.0001355234,False,False,False
2692_0,4.925591862116903,1.240840755136477,True,False,False
2693_0,-7.073778794576128,3.626506939608642,True,True,False
2694_0,-7.073777180620311,3.626506939608642,True,True,False
2695_0,-5.7491187792190885,2.8730705818798006,True,True,True
2696_0,-5.7491187792190885,2.8730705818798006,True,True,True
2698_0,-154.7640945127613,31399.291588096785,False,False,False
2699_0,-168.29780476374822,104813.71814646205,False,False,False
2700_0,-341.2577974744605,62798.58299184197,False,False,False
2702_0,-165.59642416275648,104813.71817547268,False,False,False
2704_0,-165.59649965212748,104813.71817547268,False,False,False
2705_0,-164.11414513874047,31399.29164947939,False,False,False
2706_0,-186.72829393515417,104813.71814534787,False,False,False
2707_0,-184.02698882353332,104813.71818111023,False,False,False
2709_0,-26.76152111226611,1.9689858080269662,True,True,True
2710_0,-17.681082566839223,2.5957046488862745,True,True,True
2711_0,-17.681082566839223,2.5957046488862745,True,True,True
2712_0,-17.681082566839223,2.5957046488862745,True,True,True
2713_0,-17.681082566839223,2.5957046488862745,True,True,True
2715_0,-17.681082566839223,2.5957046488862745,True,True,True
2717_0,2.074066619923542,2.167435484805296,True,False,False
2719_0,2.074066619923542,2.167435484805296,True,False,False
2721_0,-305.33971479184663,100000.00013787873,False,False,False
2723_0,-305.33971479184663,100000.00013787873,False,False,False
2724_0,-28.355793208175555,4.3248198529103945,True,True,True
2725_0,-28.35579159421974,4.3248198529103945,True,True,True
2726_0,-28.355793208175555,4.3248198529103945,True,True,True
2727_0,-28.355793208175555,4.3248198529103945,True,True,True
2729_0,-341.2577974744605,62798.58299184197,False,False,False
2730_0,-173.34480381473998,31399.29163948986,False,False,False
2731_0,-173.34480381473998,31399.29163948986,False,False,False
2733_0,-350.3382360198873,62798.58292510578,False,False,False
2734_0,12.128252213025007,2.4052864781260372,True,False,False
2735_0,12.128252213025007,2.4052864781260372,True,False,False
2736_0,1.453541571688902,1.1070389810184758,True,False,False
2737_0,1.4535415716890157,1.1070389810184755,True,False,False
2738_0,1.6043342941511582,1.8237228261692395,True,False,False
2739_0,2.6278986838449327,0.7185917247886361,True,False,False
2740_0,-6.452457088953679,1.318603411103508,True,True,True
2741_0,2.778201587045828,1.3185865016371259,True,False,False
2742_0,-6.302236958380945,2.358661038135446,True,True,True
2743_0,-6.452457088953679,1.318603411103508,True,True,True
2744_0,2.627981456473208,0.7185917247886361,True,False,False
2745_0,-7.626896973737757,1.870567293077215,True,True,True
2746_0,14.829557324645748,1.880748034999429,True,False,False
2747_0,14.829557324645748,1.880748034999429,True,False,False
2748_0,14.829557324645748,1.880748034999429,True,False,False
2749_0,14.829557324645748,1.880748034999429,True,False,False
2750_0,5.479423926038635,1.4645843783096253,True,False,False
2751_0,-3.6009318467600906,2.1749578314908367,True,True,False
2752_0,-4.925591862116903,1.240840755136477,True,True,True
2753_0,17.681082566839223,2.5957046488862745,True,False,False
2754_0,17.681082566839223,2.5957046488862745,True,False,False
2755_0,17.681082566839223,2.5957046488862745,True,False,False
2756_0,17.681082566839223,2.5957046488862745,True,False,False
2757_0,17.681082566839223,2.5957046488862745,True,False,False
2758_0,17.681082566839223,2.5957046488862745,True,False,False
2759_0,-371.19812718852376,100000.00012167734,False,False,False
2760_0,-329.7192662062975,100000.00010573337,False,False,False
2761_0,23.55530616312825,2.6682890239076595,True,False,False
2762_0,-349.4744153930602,100000.0001186221,False,False,False
2763_0,-349.4744153930602,100000.0001186221,False,False,False
2764_0,-338.7997047517242,100000.00009051108,False,False,False
2765_0,-338.79970475172433,100000.00009051108,False,False,False
2767_0,-329.71926620629756,100000.00010573337,False,False,False
2768_0,2.7013051116207407,1.0904939386446297,True,False,False
2769_0,5.552830353814329,2.0891892784332775,True,False,False
2770_0,2.7013051121939498,1.0904939386446295,True,False,False
2771_0,5.552543362101403,2.089189278433278,True,False,False
2772_0,-332.42057131791825,100000.00011936725,False,False,False
2773_0,-352.17572050468095,100000.0001308117,False,False,False
2774_0,-352.17572050468095,100000.0001308117,False,False,False
2775_0,-352.17572050468095,100000.0001308117,False,False,False
2776_0,-352.17572050468095,100000.0001308117,False,False,False
2778_0,-332.4205713179183,100000.00011936725,False,False,False
2779_0,2.8515252421935884,1.3337894932720977,True,False,False
2780_0,2.8512382499074533,1.333789493272098,True,False,False
2781_0,-335.27209656011183,100000.00016043927,False,False,False
2782_0,-355.02724574687466,100000.00017209564,False,False,False
2783_0,-355.02724574687466,100000.00017209564,False,False,False
2784_0,-355.02724574687466,100000.00017209564,False,False,False
2785_0,-355.02724574687466,100000.00017209564,False,False,False
2786_0,-355.02724574687466,100000.00017209564,False,False,False
2787_0,-355.02724574687466,100000.00017209564,False,False,False
2788_0,-117.76653156289365,6.63388420253422,True,True,True
2789_0,-119.2274345454274,6.75066152603458,True,True,True
2791_0,-37.97849643603672,1.782824574095267,True,True,True
2793_0,-37.97849643603672,1.782824574095267,True,True,True
2795_0,-37.97849643603672,1.782824574095267,True,True,True
2797_0,-37.97849643603672,1.782824574095267,True,True,True
2799_0,-42.84017426527453,2.0872887918828074,True,True,True
2801_0,-37.97849643603672,1.782824574095267,True,True,True
2803_0,-37.97849643603672,1.782824574095267,True,True,True
