Index,dG_prime_kJ_mol,sigma_kJ_mol,estimable,spontaneous_point,spontaneous_95
5_0,13.368889060559638,1.6477739594969993,True,False,False
5_1,13.368889060559638,1.6477739594969993,True,False,False
7_0,-2.0015249341370236,0.4684348836974412,True,True,True
9_0,-34.89859682004635,3.7145914954722428,True,True,True
12_0,301.4002792126813,100000.00008918784,False,False,False
12_1,301.4002792126813,100000.00008918784,False,False,False
14_0,-41.014262475201065,1.24685410860712,True,True,True
16_0,-41.014262475201065,1.24685410860712,True,True,True
18_0,-41.014262475201065,1.24685410860712,True,True,True
20_0,-41.014262475201065,1.24685410860712,True,True,True
22_0,-41.014262475201065,1.24685410860712,True,True,True
24_0,-41.014262475201065,1.24685410860712,True,True,True
26_0,-45.40449941646824,1.4156030322241335,True,True,True
28_0,-39.01282031369209,1.2616238877207056,True,True,True
30_0,-26.170277634967533,3.7463383074112966,True,True,True
32_0,-1.4535415716890157,1.1070389810184753,True,True,False
34_0,-4.155446263761974,0.7108983402116479,True,True,True
36_0,-7.006371925503345,1.5166983789025281,True,True,True
38_0,-88.26573860342478,6.979023060153432,True,True,True
38_1,-88.26573860342478,6.979023060153432,True,True,True
40_0,-91.11726384561848,6.908627075808763,True,True,True
40_1,-91.11726384561848,6.908627075808763,True,True,True
41_0,-86.7270269043513,6.945249059557174,True,True,True
43_0,-68.51058941666213,7.0205537434442755,True,True,True
43_1,-68.51058941666213,7.0205537434442755,True,True,True
44_0,-16.392518396181572,3.1212394294733836,True,True,True
44_1,-16.392518396181572,3.1212394294733836,True,True,True
45_0,-13.368889060559695,1.6477739594969991,True,True,True
45_1,-13.368889060559695,1.6477739594969991,True,True,True
47_0,303.4017521274226,100000.00008708918,False,False,False
47_1,303.4017521274226,100000.00008708918,False,False,False
49_0,-303.40175212742264,100000.00008708918,False,False,False
50_0,16.392518396181572,3.1212394294733836,True,False,False
50_1,16.392518396181572,3.1212394294733836,True,False,False
53_0,10.168715929380937,2.277709204753575,True,False,False
53_1,10.168715929380937,2.277709204753575,True,False,False
55_0,10.345242431144413,0.8681795068803962,True,False,False
55_1,10.345242431144413,0.8681795068803962,True,False,False
57_0,4.312391908759906,1.6682331887911208,True,False,False
59_0,13.368889060559752,1.6477739594969993,True,False,False
59_1,13.368889060559752,1.6477739594969993,True,False,False
61_0,-48.288747301253466,7.992520243537185,True,True,True
64_0,5.954995998807192,0.7805433064575087,True,False,False
67_0,29.595376028314462,1.428166683547855,True,False,False
67_1,29.595376028314462,1.428166683547855,True,False,False
69_0,13.368889060559752,1.6477739594969993,True,False,False
69_1,13.368889060559752,1.6477739594969993,True,False,False
71_0,10.345259724937932,0.8681795068803964,True,False,False
71_1,10.345259724937932,0.8681795068803964,True,False,False
73_0,25.205035832195733,1.5919692024838479,True,False,False
74_0,13.368889060559752,1.6477739594969993,True,False,False
74_1,13.368889060559752,1.6477739594969993,True,False,False
77_0,-57.514849475929225,7.777567688041274,True,True,True
78_0,-43.89851035998629,7.990150867457925,True,True,True
78_1,-43.89851035998629,7.990150867457925,True,True,True
79_0,-53.12461253466205,7.791577842946945,True,True,True
79_1,-53.12461253466205,7.791577842946945,True,True,True
81_0,13.368889060559638,1.6477739594969993,True,False,False
81_1,13.368889060559638,1.6477739594969993,True,False,False
84_0,6.124141954711035,1.3032675159556373,True,False,False
85_0,0.0,0.0,True,False,False
87_0,-2.0014766670836934,0.46843488369744113,True,True,True
88_0,2.0015249341370236,0.4684348836974412,True,False,False
90_0,8.277262816136499e-05,0.0,True,False,False
92_0,0.0,0.0,True,False,False
94_0,0.0,0.0,True,False,False
96_0,-2.0014421615087485,0.4684348836974412,True,True,True
98_0,0.0,0.0,True,False,False
100_0,-2.0014421615087485,0.4684348836974412,True,True,True
102_0,0.0,0.0,True,False,False
104_0,-2.0014421615087485,0.4684348836974412,True,True,True
106_0,0.0,0.0,True,False,False
108_0,-2.0014421615087485,0.4684348836974412,True,True,True
110_0,2.001442161508976,0.4684348836974412,True,False,False
112_0,-2.0015860021125604,0.4684348836974412,True,True,True
114_0,0.0,0.0,True,False,False
116_0,-2.001442161508976,0.4684348836974412,True,True,True
118_0,-2.0014421615088622,0.46843488369744113,True,True,True
120_0,-22.088400888768632,2.3742801700159384,True,True,True
122_0,-34.89859682004629,3.714591495472243,True,True,True
124_0,-24.16875270083051,3.75662510802412,True,True,True
126_0,-26.170194862339372,3.7463383074112966,True,True,True
128_0,-26.167274128855524,3.746338307411297,True,True,True
130_0,-26.17027763496742,3.7463383074112966,True,True,True
132_0,-34.89859682004624,3.7145914954722423,True,True,True
134_0,-26.17027763496742,3.7463383074112966,True,True,True
136_0,-34.89859682004624,3.7145914954722423,True,True,True
138_0,-26.17027763496742,3.7463383074112966,True,True,True
140_0,-34.89859682004624,3.7145914954722423,True,True,True
142_0,-26.17027763496742,3.7463383074112966,True,True,True
144_0,-34.89859682004624,3.7145914954722423,True,True,True
146_0,-24.168835473458557,3.7566251080241204,True,True,True
148_0,-34.89859682004624,3.7145914954722423,True,True,True
150_0,-26.170277634967533,3.7463383074112966,True,True,True
152_0,-34.89859682004635,3.7145914954722423,True,True,True
154_0,-34.89559331393434,3.7145914954722428,True,True,True
156_0,298.3766806302919,100000.000101378,False,False,False
158_0,301.40029905425376,100000.00008918784,False,False,False
160_0,301.40030996591395,100000.00008918784,False,False,False
162_0,301.40030996591395,100000.00008918784,False,False,False
164_0,301.40030996591395,100000.00008918784,False,False,False
165_0,301.40030996591395,100000.00008918784,False,False,False
166_0,301.40030996591395,100000.00008918784,False,False,False
167_0,301.40030996591395,100000.00008918784,False,False,False
169_0,301.40030996591383,100000.00008918784,False,False,False
171_0,301.4003099659137,100000.00008918784,False,False,False
173_0,301.4003099659137,100000.00008918784,False,False,False
175_0,301.40030996591383,100000.00008918784,False,False,False
177_0,-83.87920152706025,2.4646250843572943,True,True,True
179_0,-61.104951832743495,1.6338024626802503,True,True,True
181_0,301.40027921268154,100000.00008918784,False,False,False
183_0,301.40027921268154,100000.00008918784,False,False,False
185_0,301.40027921268154,100000.00008918784,False,False,False
187_0,301.40027921268154,100000.00008918784,False,False,False
189_0,301.40027921268154,100000.00008918784,False,False,False
191_0,301.40027921268154,100000.00008918784,False,False,False
193_0,301.40027921268154,100000.00008918784,False,False,False
195_0,301.40027921268154,100000.00008918784,False,False,False
197_0,301.40027921268154,100000.00008918784,False,False,False
199_0,301.4002799664819,100000.00008918784,False,False,False
201_0,-91.59184078029057,6.863855719702931,True,True,True
201_1,-91.59184078029057,6.863855719702931,True,True,True
203_0,-71.83669159352792,6.902105105693943,True,True,True
203_1,-71.83669159352792,6.902105105693943,True,True,True
205_0,-10.72778614335084,1.7581471621982618,True,True,True
205_1,-10.72778614335084,1.7581471621982618,True,True,True
206_0,-371.9105916791822,100000.00009190453,False,False,False
207_0,-26.170194862339372,3.7463383074112966,True,True,True
208_0,-26.167274128855524,3.746338307411297,True,True,True
210_0,-26.17027763496742,3.7463383074112966,True,True,True
212_0,-26.17027763496742,3.7463383074112966,True,True,True
214_0,-26.17027763496742,3.7463383074112966,True,True,True
216_0,-26.17027763496742,3.7463383074112966,True,True,True
216_1,-26.17027763496742,3.7463383074112966,True,True,True
218_0,-26.170277634967533,3.7463383074112966,True,True,True
219_0,-41.014262475200894,1.24685410860712,True,True,True
220_0,-41.014262475200894,1.24685410860712,True,True,True
221_0,-102.67189883701411,7.970492757049206,True,True,True
222_0,-39.01282031369203,1.2616238877207056,True,True,True
223_0,-41.01417970257279,1.24685410860712,True,True,True
224_0,-41.01417970257279,1.24685410860712,True,True,True
225_0,-41.01417970257279,1.24685410860712,True,True,True
226_0,-41.01417970257279,1.24685410860712,True,True,True
227_0,-45.40456048444378,1.4156030322241335,True,True,True
228_0,-39.01273754106404,1.2616238877207056,True,True,True
229_0,-41.01426247520095,1.24685410860712,True,True,True
230_0,-41.01426247520095,1.24685410860712,True,True,True
231_0,-41.01426247520095,1.24685410860712,True,True,True
232_0,-41.01426247520095,1.24685410860712,True,True,True
233_0,-45.40449941646813,1.4156030322241335,True,True,True
234_0,-39.01282031369209,1.2616238877207056,True,True,True
235_0,-41.014262475201065,1.24685410860712,True,True,True
236_0,-41.014262475201065,1.24685410860712,True,True,True
237_0,-41.014262475201065,1.24685410860712,True,True,True
238_0,-41.014262475201065,1.24685410860712,True,True,True
239_0,-41.014262475201065,1.24685410860712,True,True,True
240_0,-41.014262475201065,1.24685410860712,True,True,True
241_0,-45.40449941646824,1.4156030322241335,True,True,True
242_0,-39.01282031369209,1.2616238877207056,True,True,True
243_0,-39.01278956045985,1.2616238877207056,True,True,True
244_0,-45.40446866323589,1.4156030322241338,True,True,True
245_0,-41.0142317219686,1.24685410860712,True,True,True
246_0,-41.0142317219686,1.24685410860712,True,True,True
247_0,-41.0142317219686,1.24685410860712,True,True,True
249_0,-41.01426247520078,1.2468541086071199,True,True,True
251_0,-41.0142640891566,1.2468541086071199,True,True,True
253_0,-45.404506625735735,1.4156030322241335,True,True,True
255_0,-39.01282031369203,1.2616238877207053,True,True,True
257_0,-41.01426247520078,1.2468541086071199,True,True,True
259_0,-41.01426247520078,1.2468541086071199,True,True,True
261_0,-45.40449941646807,1.4156030322241335,True,True,True
263_0,-39.01282031369203,1.2616238877207053,True,True,True
265_0,-45.40449941646807,1.4156030322241335,True,True,True
267_0,-39.01282031369203,1.2616238877207053,True,True,True
269_0,-45.40449941646807,1.4156030322241335,True,True,True
271_0,-39.01282031369203,1.2616238877207053,True,True,True
272_0,-41.01426247520078,1.2468541086071199,True,True,True
273_0,-41.01426247520078,1.2468541086071199,True,True,True
274_0,-41.0142640891566,1.2468541086071199,True,True,True
275_0,-41.01426247520078,1.2468541086071199,True,True,True
276_0,-41.01426968446856,1.2468541086071199,True,True,True
277_0,-41.014262475200894,1.2468541086071199,True,True,True
278_0,-41.014262475200894,1.2468541086071199,True,True,True
279_0,-41.014262475200894,1.2468541086071199,True,True,True
280_0,-41.01426247520101,1.24685410860712,True,True,True
281_0,-41.01426247520101,1.24685410860712,True,True,True
282_0,-41.01426247520101,1.24685410860712,True,True,True
283_0,-41.01426247520101,1.24685410860712,True,True,True
284_0,-41.01426247520095,1.24685410860712,True,True,True
286_0,-41.01426247520095,1.24685410860712,True,True,True
288_0,-45.40449941646824,1.4156030322241338,True,True,True
290_0,-39.01282031369209,1.2616238877207056,True,True,True
292_0,-65.87823498238691,2.334296092504949,True,True,True
294_0,-51.688973116537056,2.271760342458757,True,True,True
296_0,-51.688973116537056,2.271760342458757,True,True,True
298_0,-51.688973116537056,2.271760342458757,True,True,True
300_0,-45.40449941646813,1.4156030322241335,True,True,True
302_0,-39.01282031369209,1.2616238877207056,True,True,True
304_0,-65.8776354019347,2.3342960925049487,True,True,True
306_0,-51.68844902545584,2.271760342458757,True,True,True
308_0,-51.68837353608484,2.271760342458757,True,True,True
310_0,-51.68837353608484,2.271760342458757,True,True,True
312_0,-51.68837353608484,2.271760342458757,True,True,True
314_0,-51.68837353608484,2.271760342458757,True,True,True
316_0,-65.87823498238691,2.3342960925049487,True,True,True
318_0,-51.68897311653694,2.271760342458757,True,True,True
320_0,-51.68897311653694,2.271760342458757,True,True,True
322_0,-51.68897311653694,2.271760342458757,True,True,True
324_0,-51.68897311653694,2.271760342458757,True,True,True
326_0,-51.68897311653694,2.271760342458757,True,True,True
328_0,-51.68897311653694,2.271760342458757,True,True,True
330_0,-51.68897311653694,2.271760342458757,True,True,True
332_0,-0.43158880879650496,1.4927180897404106,True,True,False
334_0,-0.43158880879650496,1.4927180897404106,True,True,False
336_0,-0.43158880879650496,1.4927180897404106,True,True,False
338_0,-2.2967880031285404,1.9554233999038124,True,True,False
340_0,-0.43158880879650496,1.4927180897404106,True,True,False
342_0,-0.43158880879661865,1.4927180897404106,True,True,False
344_0,-3.6834185055475928,1.9030338036478534,True,True,False
344_1,-3.6834185055475928,1.9030338036478534,True,True,False
346_0,-3.6834185055475928,1.9030338036478534,True,True,False
346_1,-3.6834185055475928,1.9030338036478534,True,True,False
347_0,41.01426247520101,1.24685410860712,True,False,False
348_0,39.012820313692146,1.2616238877207053,True,False,False
349_0,41.01426247520101,1.24685410860712,True,False,False
350_0,41.01426247520101,1.24685410860712,True,False,False
351_0,41.01426247520101,1.24685410860712,True,False,False
352_0,41.01426247520101,1.24685410860712,True,False,False
353_0,41.01426247520101,1.24685410860712,True,False,False
354_0,45.404499416468184,1.4156030322241335,True,False,False
355_0,39.01282031369203,1.2616238877207053,True,False,False
356_0,-14.843984840233475,3.9699365018331183,True,True,True
357_0,-14.843984840233475,3.9699365018331183,True,True,True
359_0,-26.170277634967533,3.7463383074112966,True,True,True
361_0,-26.170194862339372,3.7463383074112966,True,True,True
363_0,-26.167274128855524,3.746338307411297,True,True,True
364_0,-26.170276881167183,3.7463383074112966,True,True,True
366_0,-26.17027763496742,3.7463383074112966,True,True,True
368_0,-26.17027763496742,3.7463383074112966,True,True,True
370_0,-26.17027763496742,3.7463383074112966,True,True,True
372_0,-26.17027763496742,3.7463383074112966,True,True,True
374_0,-32.897154658537374,3.676610634314476,True,True,True
376_0,-26.17027763496742,3.7463383074112966,True,True,True
378_0,-32.897154658537374,3.676610634314476,True,True,True
379_0,-26.17027763496742,3.7463383074112966,True,True,True
380_0,-26.170277634967533,3.7463383074112966,True,True,True
381_0,-26.170277634967533,3.7463383074112966,True,True,True
383_0,-26.170277634967533,3.7463383074112966,True,True,True
384_0,26.170277634967533,3.7463383074112966,True,False,False
386_0,-1.6043342941511582,1.8237228261692395,True,True,False
388_0,-2.6278986838449327,0.7185917247886361,True,True,True
390_0,-2.6279814564729804,0.7185917247886364,True,True,True
391_0,-12.128252213025007,2.4052864781260372,True,True,True
393_0,6.452457088953679,1.318603411103508,True,False,False
394_0,-12.128252213025007,2.4052864781260372,True,True,True
396_0,-2.778201587045828,1.3185865016371259,True,True,True
398_0,6.302236958380945,2.358661038135446,True,False,False
400_0,6.452457088953679,1.318603411103508,True,False,False
402_0,-2.627981456473208,0.7185917247886361,True,True,True
403_0,-1.453541571688902,1.1070389810184758,True,True,False
405_0,7.626896973737757,1.870567293077215,True,False,False
406_0,-1.4535415716890157,1.1070389810184755,True,True,False
408_0,1.0502400807406502,1.4288896159116962,True,False,False
410_0,-5.479423926038635,1.4645843783096253,True,True,True
412_0,-5.4795066986666825,1.4645843783096248,True,True,True
413_0,-14.829557324645748,1.880748034999429,True,True,True
415_0,3.6009318467600906,2.1749578314908367,True,False,False
416_0,-14.829557324645748,1.880748034999429,True,True,True
417_0,-14.829557324645748,1.880748034999429,True,True,True
418_0,-14.829557324645748,1.880748034999429,True,True,True
420_0,4.925591862116903,1.240840755136477,True,False,False
422_0,-1.6510650308800905,0.9751785660554456,True,True,False
423_0,-17.681082566839223,2.5957046488862745,True,True,True
424_0,-17.681082566839223,2.5957046488862745,True,True,True
425_0,-17.681082566839223,2.5957046488862745,True,True,True
426_0,-17.681082566839223,2.5957046488862745,True,True,True
427_0,-17.681082566839223,2.5957046488862745,True,True,True
428_0,-17.681082566839223,2.5957046488862745,True,True,True
430_0,-4.502590273073793,1.3930227739415837,True,True,True
431_0,1.4535415716890157,1.1070389810184753,True,False,False
432_0,4.155446263761974,0.7108983402116479,True,False,False
433_0,7.006371925503345,1.5166983789025281,True,False,False
435_0,-338.7999917434373,100000.00009051108,False,False,False
437_0,-341.50129685563127,100000.00011034083,False,False,False
439_0,-344.3525351055387,100000.00014459739,False,False,False
441_0,-88.41595287408325,6.6521779863694075,True,True,True
441_1,-88.41595287408325,6.6521779863694075,True,True,True
442_0,-84.02561267796449,6.689192330784177,True,True,True
444_0,-91.11726384561848,6.908627075808763,True,True,True
444_1,-91.11726384561848,6.908627075808763,True,True,True
446_0,-89.59039861878182,6.851925082878547,True,True,True
446_1,-89.59039861878182,6.851925082878547,True,True,True
448_0,-89.59039861878182,6.851925082878547,True,True,True
448_1,-89.59039861878182,6.851925082878547,True,True,True
450_0,-85.20001783691083,6.910273014868223,True,True,True
452_0,-98.6706933236049,7.344822444531038,True,True,True
452_1,-98.6706933236049,7.344822444531038,True,True,True
454_0,-91.11726384561848,6.908627075808763,True,True,True
454_1,-91.11726384561848,6.908627075808763,True,True,True
456_0,-88.61348219318882,6.844408564480483,True,True,True
456_1,-88.61348219318882,6.844408564480483,True,True,True
458_0,-89.5903986187817,6.851925082878548,True,True,True
458_1,-89.5903986187817,6.851925082878548,True,True,True
460_0,-80.35973994278231,6.775110974814178,True,True,True
460_1,-80.35973994278231,6.775110974814178,True,True,True
462_0,-85.20016167751453,6.910273014868223,True,True,True
464_0,-89.4401784882092,7.2306501505070235,True,True,True
464_1,-89.4401784882092,7.2306501505070235,True,True,True
466_0,-81.88660516961886,6.826274841301903,True,True,True
466_1,-81.88660516961886,6.826274841301903,True,True,True
468_0,-85.76195695099534,6.973451204999795,True,True,True
468_1,-85.76195695099534,6.973451204999795,True,True,True
470_0,-84.22324525192153,6.869824530502733,True,True,True
472_0,-98.940449244761,6.829523206323494,True,True,True
472_1,-98.940449244761,6.829523206323494,True,True,True
474_0,-101.79197287299877,6.860774326182251,True,True,True
474_1,-101.79197287299877,6.860774326182251,True,True,True
476_0,-80.50995845939934,6.5704623204977075,True,True,True
476_1,-80.50995845939934,6.5704623204977075,True,True,True
478_0,-97.40173033641963,6.870888738900717,True,True,True
480_0,-76.1197159228202,6.605012266192402,True,True,True
482_0,-79.18530005799812,6.586177631963053,True,True,True
482_1,-79.18530005799812,6.586177631963053,True,True,True
484_0,-98.940449244761,6.829523206323494,True,True,True
484_1,-98.940449244761,6.829523206323494,True,True,True
486_0,-101.79197448695459,6.860774326182251,True,True,True
486_1,-101.79197448695459,6.860774326182251,True,True,True
488_0,-97.4017375456873,6.870888738900717,True,True,True
489_0,-79.18530005799812,6.586177631963053,True,True,True
489_1,-79.18530005799812,6.586177631963053,True,True,True
491_0,-79.18530005799812,6.586177631963053,True,True,True
491_1,-79.18530005799812,6.586177631963053,True,True,True
492_0,-97.4017375456873,6.870888738900717,True,True,True
494_0,-79.18530005799812,6.586177631963053,True,True,True
496_0,-97.4017375456873,6.870888738900717,True,True,True
498_0,-79.18530005799812,6.586177631963053,True,True,True
498_1,-79.18530005799812,6.586177631963053,True,True,True
500_0,-88.61348219318882,6.844408564480483,True,True,True
500_1,-88.61348219318882,6.844408564480483,True,True,True
502_0,-84.22324525192153,6.869824530502733,True,True,True
504_0,-66.00680776423246,7.003795652564174,True,True,True
504_1,-66.00680776423246,7.003795652564174,True,True,True
506_0,-117.14072280190294,7.935813402381602,True,True,True
506_1,-117.14072280190294,7.935813402381602,True,True,True
508_0,-85.76195695099534,6.973451204999795,True,True,True
508_1,-85.76195695099534,6.973451204999795,True,True,True
510_0,-88.26573860342478,6.979023060153431,True,True,True
510_1,-88.26573860342478,6.979023060153431,True,True,True
512_0,-66.00680776423246,7.003795652564174,True,True,True
512_1,-66.00680776423246,7.003795652564174,True,True,True
514_0,-29.445161757656024,1.879800286658622,True,True,True
514_1,-29.445161757656024,1.879800286658622,True,True,True
516_0,-5.349496097437054,4.430236859194969,True,True,False
516_1,-5.349496097437054,4.430236859194969,True,True,False
517_0,-10.168715929380937,2.277709204753575,True,True,True
517_1,-10.168715929380937,2.277709204753575,True,True,True
519_0,-5.5261053718287485,2.3147290056389114,True,True,True
519_1,-5.5261053718287485,2.3147290056389114,True,True,True
521_0,1.2007716517412064,2.4432573372773336,True,False,False
521_1,1.2007716517412064,2.4432573372773336,True,False,False
523_0,-5.5261053718287485,2.3147290056389114,True,True,True
523_1,-5.5261053718287485,2.3147290056389114,True,True,True
524_0,-8.526180710032747,2.738337399179416,True,True,True
524_1,-8.526180710032747,2.738337399179416,True,True,True
526_0,-3.883491790711332,2.7625278528380197,True,True,False
526_1,-3.883491790711332,2.7625278528380197,True,True,False
528_0,0.5067451505559575,2.768712445009744,True,False,False
530_0,-10.168650450546238,2.277709204753575,True,True,True
530_1,-10.168650450546238,2.277709204753575,True,True,True
532_0,-5.526105371828635,2.3147290056389114,True,True,True
532_1,-5.526105371828635,2.3147290056389114,True,True,True
534_0,1.20077165174132,2.443257337277333,True,False,False
534_1,1.20077165174132,2.443257337277333,True,False,False
536_0,-5.526105371828635,2.3147290056389114,True,True,True
536_1,-5.526105371828635,2.3147290056389114,True,True,True
538_0,47.09874896999963,8.132424962205524,True,False,False
538_1,47.09874896999963,8.132424962205524,True,False,False
540_0,51.74129404871735,8.07424124921241,True,False,False
540_1,51.74129404871735,8.07424124921241,True,False,False
542_0,56.131530989984526,8.082730588047635,True,False,False
544_0,-10.168772879174526,2.2777092047535747,True,True,True
544_1,-10.168772879174526,2.2777092047535747,True,True,True
546_0,-5.5260785869649,2.3147290056389114,True,True,True
546_1,-5.5260785869649,2.3147290056389114,True,True,True
548_0,-1.1358416456977238,2.3424051852578445,True,True,False
549_0,-29.418807119412122,2.657505336672233,True,True,True
549_1,-29.418807119412122,2.657505336672233,True,True,True
551_0,-10.168650450546238,2.277709204753575,True,True,True
551_1,-10.168650450546238,2.277709204753575,True,True,True
553_0,-5.526105371828635,2.3147290056389114,True,True,True
553_1,-5.526105371828635,2.3147290056389114,True,True,True
555_0,1.20077165174132,2.443257337277333,True,False,False
555_1,1.20077165174132,2.443257337277333,True,False,False
557_0,-5.526105371828521,2.3147290056389114,True,True,True
557_1,-5.526105371828521,2.3147290056389114,True,True,True
559_0,-5.526105371828521,2.3147290056389114,True,True,True
559_1,-5.526105371828521,2.3147290056389114,True,True,True
561_0,1.2007716517414337,2.443257337277333,True,False,False
561_1,1.2007716517414337,2.443257337277333,True,False,False
563_0,53.30122023183577,8.07424124921241,True,False,False
563_1,53.30122023183577,8.07424124921241,True,False,False
565_0,-5.526103794610776,2.3147290056389114,True,True,True
565_1,-5.526103794610776,2.3147290056389114,True,True,True
567_0,-1.1358668533434866,2.342405185257845,True,True,False
569_0,-5.526103794610776,2.3147290056389114,True,True,True
569_1,-5.526103794610776,2.3147290056389114,True,True,True
571_0,-10.168650450546352,2.277709204753575,True,True,True
571_1,-10.168650450546352,2.277709204753575,True,True,True
573_0,-10.168650450546352,2.277709204753575,True,True,True
573_1,-10.168650450546352,2.277709204753575,True,True,True
575_0,1.20077165174132,2.4432573372773336,True,False,False
575_1,1.20077165174132,2.4432573372773336,True,False,False
577_0,-10.337821847703935,2.609941478027454,True,True,True
577_1,-10.337821847703935,2.609941478027454,True,True,True
579_0,-1.3049876016018516,2.693447566201233,True,True,False
581_0,-24.00103355593717,4.508128223999743,True,True,True
581_1,-24.00103355593717,4.508128223999743,True,True,True
583_0,-12.631611453649384,4.678630998955075,True,True,True
583_1,-12.631611453649384,4.678630998955075,True,True,True
584_0,-3.6183654075744016,0.936185355219498,True,True,True
584_1,-3.6183654075744016,0.936185355219498,True,True,True
585_0,-10.345242431144356,0.8681795068803962,True,True,True
585_1,-10.345242431144356,0.8681795068803962,True,True,True
586_0,-4.312391908759878,1.6682331887911208,True,True,True
588_0,-3.6183654075744016,0.9361853552194979,True,True,True
588_1,-3.6183654075744016,0.9361853552194979,True,True,True
590_0,-10.345242431144356,0.8681795068803964,True,True,True
590_1,-10.345242431144356,0.8681795068803964,True,True,True
592_0,51.312393930668804,7.846747975506774,True,False,False
594_0,-5.9549787050134455,0.7805433064575087,True,True,True
596_0,-3.6183654075744016,0.9361853552194979,True,True,True
596_1,-3.6183654075744016,0.9361853552194979,True,True,True
598_0,-10.345242431144243,0.8681795068803964,True,True,True
598_1,-10.345242431144243,0.8681795068803964,True,True,True
600_0,-3.6183654075744016,0.936185355219498,True,True,True
600_1,-3.6183654075744016,0.936185355219498,True,True,True
601_0,-5.955003912659208,0.7805433064575087,True,True,True
602_0,-10.345240853926498,0.8681795068803962,True,True,True
602_1,-10.345240853926498,0.8681795068803962,True,True,True
604_0,-3.6183654075744016,0.9361853552194981,True,True,True
604_1,-3.6183654075744016,0.9361853552194981,True,True,True
606_0,-6.12413079700093,1.3032675159556373,True,True,True
608_0,-17.45074851296522,4.104434803922337,True,True,True
608_1,-17.45074851296522,4.104434803922337,True,True,True
610_0,1.0271658834616346,1.1713947853498272,True,False,False
610_1,1.0271658834616346,1.1713947853498272,True,False,False
612_0,-5.699711140108207,0.9315174901663511,True,True,True
612_1,-5.699711140108207,0.9315174901663511,True,True,True
614_0,-1.9757691202507885,1.7746118580760597,True,True,False
614_1,-1.9757691202507885,1.7746118580760597,True,True,False
615_0,-8.70264614382063,1.7384398154743295,True,True,True
615_1,-8.70264614382063,1.7384398154743295,True,True,True
617_0,2.6667759584669284,1.899480783918514,True,False,False
617_1,2.6667759584669284,1.899480783918514,True,False,False
619_0,-4.060101065102913,1.7604600103891528,True,True,True
619_1,-4.060101065102913,1.7604600103891528,True,True,True
621_0,0.3301358761643769,1.6667752591485727,True,False,False
623_0,-3.6183827013678638,0.9361853552194979,True,True,True
623_1,-3.6183827013678638,0.9361853552194979,True,True,True
625_0,-10.345259724937819,0.868179506880396,True,True,True
625_1,-10.345259724937819,0.868179506880396,True,True,True
627_0,1.0241623773497395,1.1713947853498274,True,False,False
627_1,1.0241623773497395,1.1713947853498274,True,False,False
629_0,-5.702714646220102,0.9315174901663512,True,True,True
629_1,-5.702714646220102,0.9315174901663512,True,True,True
631_0,1.0241623773497395,1.1713947853498274,True,False,False
631_1,1.0241623773497395,1.1713947853498274,True,False,False
633_0,-5.702714646220102,0.9315174901663512,True,True,True
633_1,-5.702714646220102,0.9315174901663512,True,True,True
635_0,53.64901671917812,7.863211735521665,True,False,False
635_1,53.64901671917812,7.863211735521665,True,False,False
637_0,46.92213969560828,7.855423048310644,True,False,False
637_1,46.92213969560828,7.855423048310644,True,False,False
639_0,58.29156179789584,7.8238639020573295,True,False,False
639_1,58.29156179789584,7.8238639020573295,True,False,False
641_0,51.56468477432588,7.791577842946944,True,False,False
641_1,51.56468477432588,7.791577842946944,True,False,False
643_0,55.95492171559317,7.777567688041275,True,False,False
645_0,-3.6183827013679775,0.936185355219498,True,True,True
645_1,-3.6183827013679775,0.936185355219498,True,True,True
647_0,-10.345259724937819,0.8681795068803962,True,True,True
647_1,-10.345259724937819,0.8681795068803962,True,True,True
649_0,1.024189162213247,1.1713947853498274,True,False,False
649_1,1.024189162213247,1.1713947853498274,True,False,False
651_0,-5.702687861356594,0.9315174901663511,True,True,True
651_1,-5.702687861356594,0.9315174901663511,True,True,True
653_0,-1.312450920089418,0.800829799487378,True,True,False
655_0,-22.868504864658746,1.51455854510947,True,True,True
655_1,-22.868504864658746,1.51455854510947,True,True,True
656_0,-29.5953818882287,1.428166683547855,True,True,True
656_1,-29.5953818882287,1.428166683547855,True,True,True
658_0,-3.6183827013678638,0.9361853552194979,True,True,True
658_1,-3.6183827013678638,0.9361853552194979,True,True,True
660_0,-10.345259724937819,0.868179506880396,True,True,True
660_1,-10.345259724937819,0.868179506880396,True,True,True
662_0,1.0241623773497395,1.1713947853498274,True,False,False
662_1,1.0241623773497395,1.1713947853498274,True,False,False
664_0,-5.702714646220102,0.9315174901663512,True,True,True
664_1,-5.702714646220102,0.9315174901663512,True,True,True
666_0,1.0241623773497395,1.1713947853498274,True,False,False
666_1,1.0241623773497395,1.1713947853498274,True,False,False
668_0,1.0241623773497395,1.1713947853498272,True,False,False
668_1,1.0241623773497395,1.1713947853498272,True,False,False
670_0,-5.702714646220102,0.9315174901663511,True,True,True
670_1,-5.702714646220102,0.9315174901663511,True,True,True
672_0,-5.702714646220102,0.9315174901663511,True,True,True
672_1,-5.702714646220102,0.9315174901663511,True,True,True
674_0,1.0241623773497395,1.1713947853498272,True,False,False
674_1,1.0241623773497395,1.1713947853498272,True,False,False
676_0,59.85148798101409,7.823863902057329,True,False,False
676_1,59.85148798101409,7.823863902057329,True,False,False
678_0,53.12461095744425,7.791577842946944,True,False,False
678_1,53.12461095744425,7.791577842946944,True,False,False
680_0,1.024163954567598,1.1713947853498274,True,False,False
680_1,1.024163954567598,1.1713947853498274,True,False,False
682_0,-5.702713069002243,0.9315174901663511,True,True,True
682_1,-5.702713069002243,0.9315174901663511,True,True,True
684_0,-1.3124761277349535,0.8008297994873781,True,True,False
686_0,-5.702713069002243,0.9315174901663511,True,True,True
686_1,-5.702713069002243,0.9315174901663511,True,True,True
688_0,-3.6183827013679775,0.9361853552194981,True,True,True
688_1,-3.6183827013679775,0.9361853552194981,True,True,True
690_0,-10.345259724937819,0.8681795068803962,True,True,True
690_1,-10.345259724937819,0.8681795068803962,True,True,True
692_0,-3.6183827013679775,0.9361853552194981,True,True,True
692_1,-3.6183827013679775,0.9361853552194981,True,True,True
694_0,-10.345259724937819,0.8681795068803962,True,True,True
694_1,-10.345259724937819,0.8681795068803962,True,True,True
696_0,1.0241623773498532,1.1713947853498274,True,False,False
696_1,1.0241623773498532,1.1713947853498274,True,False,False
698_0,-3.7875018724085976,1.5473028103181918,True,True,True
698_1,-3.7875018724085976,1.5473028103181918,True,True,True
700_0,-10.514378895978496,1.4929977932193408,True,True,True
700_1,-10.514378895978496,1.4929977932193408,True,True,True
702_0,-1.4815968759934321,1.503528371791256,True,True,False
704_0,-17.447762300646787,4.104434803922338,True,True,True
704_1,-17.447762300646787,4.104434803922338,True,True,True
706_0,-24.174639324216685,4.002784032166093,True,True,True
706_1,-24.174639324216685,4.002784032166093,True,True,True
708_0,-12.805217221929013,4.174389876468349,True,True,True
708_1,-12.805217221929013,4.174389876468349,True,True,True
709_0,-2.669802830703702,3.1004579375470596,True,True,False
711_0,1.9727494572816795,3.093708857125764,True,False,False
713_0,-4.31240920255334,1.6682331887911208,True,True,True
715_0,0.3301358761644906,1.6667752591485725,True,False,False
717_0,-1.9757691202506749,1.7746118580760595,True,True,False
717_1,-1.9757691202506749,1.7746118580760595,True,True,False
719_0,2.666775958467042,1.899480783918514,True,False,False
719_1,2.666775958467042,1.899480783918514,True,False,False
721_0,-8.702646143820516,1.7384398154743292,True,True,True
721_1,-8.702646143820516,1.7384398154743292,True,True,True
723_0,-4.060101065102799,1.7604600103891528,True,True,True
723_1,-4.060101065102799,1.7604600103891528,True,True,True
725_0,52.95499021799276,8.004964579454704,True,False,False
727_0,57.597535296710475,7.9348358865891315,True,False,False
729_0,52.95499021799276,8.004964579454704,True,False,False
731_0,57.597535296710475,7.9348358865891315,True,False,False
733_0,-4.3124136477542265,1.6682331887911208,True,True,True
735_0,0.3301626610278845,1.6667752591485727,True,False,False
737_0,-4.312382417689946,1.6682331887911208,True,True,True
739_0,0.3301626610278845,1.6667752591485727,True,False,False
740_0,-23.562531365844222,2.1775227247189135,True,True,True
742_0,-4.31240920255334,1.6682331887911208,True,True,True
744_0,0.3301358761644906,1.6667752591485725,True,False,False
746_0,-1.9757691202506749,1.7746118580760595,True,True,False
746_1,-1.9757691202506749,1.7746118580760595,True,True,False
748_0,2.666775958467042,1.899480783918514,True,False,False
748_1,2.666775958467042,1.899480783918514,True,False,False
750_0,0.3301358761644906,1.6667752591485727,True,False,False
752_0,-8.70264614382063,1.7384398154743295,True,True,True
752_1,-8.70264614382063,1.7384398154743295,True,True,True
754_0,-4.060101065102799,1.760460010389153,True,True,True
754_1,-4.060101065102799,1.760460010389153,True,True,True
756_0,-1.9757691202506749,1.7746118580760597,True,True,False
756_1,-1.9757691202506749,1.7746118580760597,True,True,False
758_0,2.666775958467042,1.899480783918514,True,False,False
758_1,2.666775958467042,1.899480783918514,True,False,False
760_0,59.15746147982878,7.9348358865891315,True,False,False
762_0,0.33013598143696754,1.6667752591485727,True,False,False
764_0,-4.312416292787702,1.6682331887911208,True,True,True
766_0,0.33013745338223544,1.6667752591485727,True,False,False
768_0,-8.702772764880535,1.7384398154743292,True,True,True
768_1,-8.702772764880535,1.7384398154743292,True,True,True
770_0,-4.060099487885168,1.760460010389153,True,True,True
770_1,-4.060099487885168,1.760460010389153,True,True,True
772_0,-4.31240920255334,1.6682331887911208,True,True,True
774_0,-4.31240920255334,1.6682331887911208,True,True,True
776_0,-1.9757691202506749,1.7746118580760595,True,True,False
776_1,-1.9757691202506749,1.7746118580760595,True,True,False
778_0,2.666775958467042,1.899480783918514,True,False,False
778_1,2.666775958467042,1.899480783918514,True,False,False
780_0,-4.312409202553226,1.6682331887911206,True,True,True
782_0,-4.481528373593903,1.9741218776880205,True,True,True
784_0,-4.481528373593903,1.9741218776880205,True,True,True
786_0,0.1610167051238136,2.102927914227396,True,False,False
788_0,0.3301703817392081,1.6667752591485727,True,False,False
790_0,-8.702611638245685,1.7384398154743295,True,True,True
790_1,-8.702611638245685,1.7384398154743295,True,True,True
792_0,-4.060066559527968,1.7604600103891528,True,True,True
792_1,-4.060066559527968,1.7604600103891528,True,True,True
794_0,-18.144792307943987,4.28162861383182,True,True,True
796_0,-15.80815222564138,4.351045079119814,True,True,True
796_1,-15.80815222564138,4.351045079119814,True,True,True
798_0,-11.165607146923662,4.412912455451556,True,True,True
798_1,-11.165607146923662,4.412912455451556,True,True,True
800_0,0.3301358761643769,1.6667752591485727,True,False,False
802_0,-1.9757691202506749,1.7746118580760595,True,True,False
802_1,-1.9757691202506749,1.7746118580760595,True,True,False
804_0,2.666775958467042,1.8994807839185137,True,False,False
804_1,2.666775958467042,1.8994807839185137,True,False,False
806_0,-4.312409202553454,1.6682331887911208,True,True,True
808_0,-3.6183827013679775,0.936185355219498,True,True,True
808_1,-3.6183827013679775,0.936185355219498,True,True,True
810_0,-10.345259724937819,0.8681795068803961,True,True,True
810_1,-10.345259724937819,0.8681795068803961,True,True,True
812_0,-22.868504864658803,1.5145585451094703,True,True,True
812_1,-22.868504864658803,1.5145585451094703,True,True,True
814_0,-29.595381888228758,1.428166683547855,True,True,True
814_1,-29.595381888228758,1.428166683547855,True,True,True
816_0,59.851487981014145,7.8238639020573295,True,False,False
816_1,59.851487981014145,7.8238639020573295,True,False,False
818_0,53.124610957444304,7.791577842946945,True,False,False
818_1,53.124610957444304,7.791577842946945,True,False,False
820_0,1.024163954567598,1.1713947853498272,True,False,False
820_1,1.024163954567598,1.1713947853498272,True,False,False
822_0,-5.702713069002243,0.9315174901663511,True,True,True
822_1,-5.702713069002243,0.9315174901663511,True,True,True
824_0,-5.955021206452784,0.7805433064575087,True,True,True
826_0,-1.3124761277349535,0.800829799487378,True,True,False
828_0,-10.345258147720074,0.8681795068803961,True,True,True
828_1,-10.345258147720074,0.8681795068803961,True,True,True
830_0,-5.702713069002243,0.9315174901663511,True,True,True
830_1,-5.702713069002243,0.9315174901663511,True,True,True
832_0,-3.787501872408484,1.5473028103181918,True,True,True
832_1,-3.787501872408484,1.5473028103181918,True,True,True
834_0,-10.514378895978439,1.492997793219341,True,True,True
834_1,-10.514378895978439,1.492997793219341,True,True,True
836_0,-6.124141954711149,1.3032675159556373,True,True,True
838_0,-1.4815968759933185,1.503528371791256,True,True,False
840_0,-17.45076580675868,4.104434803922337,True,True,True
840_1,-17.45076580675868,4.104434803922337,True,True,True
842_0,-24.177642830328637,4.002784032166093,True,True,True
842_1,-24.177642830328637,4.002784032166093,True,True,True
844_0,-17.45076580675868,4.104434803922337,True,True,True
844_1,-17.45076580675868,4.104434803922337,True,True,True
846_0,-12.808220728040965,4.174389876468349,True,True,True
846_1,-12.808220728040965,4.174389876468349,True,True,True
848_0,51.31237663687534,7.846747975506774,True,False,False
850_0,32.06225447358452,7.999489804425166,True,False,False
852_0,114.78224731925746,15.604790545450252,True,False,False
854_0,55.95492329281103,7.777567688041274,True,False,False
855_0,51.3123782140932,7.846747975506774,True,False,False
857_0,55.95492329281103,7.777567688041274,True,False,False
859_0,46.92214127282591,7.855423048310645,True,False,False
859_1,46.92214127282591,7.855423048310645,True,False,False
861_0,51.56468635154363,7.791577842946944,True,False,False
861_1,51.56468635154363,7.791577842946944,True,False,False
863_0,51.143257465834836,7.939332079210447,True,False,False
865_0,51.143257465834836,7.939332079210447,True,False,False
867_0,55.78580254455255,7.904562609472392,True,False,False
869_0,37.47999353148464,8.635661450486092,True,False,False
871_0,39.8166336137873,8.664080915656728,True,False,False
871_1,39.8166336137873,8.664080915656728,True,False,False
873_0,44.45917869250502,8.633218908994056,True,False,False
873_1,44.45917869250502,8.633218908994056,True,False,False
874_0,-5.954995998807135,0.7805433064575087,True,True,True
876_0,-3.618376841453596,0.936185355219498,True,True,True
876_1,-3.618376841453596,0.936185355219498,True,True,True
878_0,-10.345253865023437,0.8681795068803962,True,True,True
878_1,-10.345253865023437,0.8681795068803962,True,True,True
880_0,-3.6183827013679775,0.936185355219498,True,True,True
880_1,-3.6183827013679775,0.936185355219498,True,True,True
881_0,-10.345259724937932,0.8681795068803964,True,True,True
881_1,-10.345259724937932,0.8681795068803964,True,True,True
883_0,-3.6183827013679775,0.9361853552194981,True,True,True
883_1,-3.6183827013679775,0.9361853552194981,True,True,True
884_0,-5.95491366890468,0.7805433064575087,True,True,True
885_0,-5.955027066367165,0.7805433064575087,True,True,True
886_0,-10.345367262485922,0.8681795068803962,True,True,True
886_1,-10.345367262485922,0.8681795068803962,True,True,True
888_0,-3.6183827013678638,0.936185355219498,True,True,True
888_1,-3.6183827013678638,0.936185355219498,True,True,True
889_0,-6.124141954711149,1.3032675159556373,True,True,True
891_0,-10.345225219362987,0.8681795068803962,True,True,True
891_1,-10.345225219362987,0.8681795068803962,True,True,True
893_0,-17.450765806758625,4.104434803922337,True,True,True
893_1,-17.450765806758625,4.104434803922337,True,True,True
895_0,-3.6183827013680343,0.9361853552194981,True,True,True
895_1,-3.6183827013680343,0.9361853552194981,True,True,True
897_0,-25.20511816209796,1.5919692024838479,True,True,True
899_0,57.514874683575044,7.777567688041274,True,False,False
901_0,-1.3124493428716733,0.8008297994873781,True,True,False
903_0,-1.3124493428716733,0.8008297994873781,True,True,False
905_0,-5.702686284138963,0.9315174901663512,True,True,True
905_1,-5.702686284138963,0.9315174901663512,True,True,True
907_0,-6.1241151698476415,1.3032675159556373,True,True,True
909_0,-1.4815700911298109,1.503528371791256,True,True,False
911_0,-19.78737910419784,4.043041611765545,True,True,True
913_0,-12.808193943177457,4.174389876468348,True,True,True
913_1,-12.808193943177457,4.174389876468348,True,True,True
914_0,-22.868499004744535,1.51455854510947,True,True,True
914_1,-22.868499004744535,1.51455854510947,True,True,True
915_0,-29.59537602831449,1.428166683547855,True,True,True
915_1,-29.59537602831449,1.428166683547855,True,True,True
917_0,-3.7874960124941026,1.547302810318192,True,True,True
917_1,-3.7874960124941026,1.547302810318192,True,True,True
919_0,-10.514373036063944,1.4929977932193408,True,True,True
919_1,-10.514373036063944,1.4929977932193408,True,True,True
921_0,-6.124136094796768,1.3032675159556373,True,True,True
923_0,-1.4815910160790509,1.503528371791256,True,True,False
925_0,-17.4507599468443,4.104434803922337,True,True,True
925_1,-17.4507599468443,4.104434803922337,True,True,True
927_0,-24.17763697041414,4.002784032166092,True,True,True
927_1,-24.17763697041414,4.002784032166092,True,True,True
929_0,-17.4507599468443,4.104434803922337,True,True,True
929_1,-17.4507599468443,4.104434803922337,True,True,True
931_0,-12.80821486812647,4.174389876468349,True,True,True
931_1,-12.80821486812647,4.174389876468349,True,True,True
933_0,-22.868504864658803,1.5145585451094703,True,True,True
933_1,-22.868504864658803,1.5145585451094703,True,True,True
934_0,-29.595381888228758,1.428166683547855,True,True,True
934_1,-29.595381888228758,1.428166683547855,True,True,True
936_0,-22.868504864658917,1.5145585451094703,True,True,True
936_1,-22.868504864658917,1.5145585451094703,True,True,True
937_0,-25.205035832195733,1.5919692024838479,True,True,True
938_0,-25.205143369743666,1.5919692024838479,True,True,True
939_0,-29.595407095874407,1.428166683547855,True,True,True
939_1,-29.595407095874407,1.428166683547855,True,True,True
941_0,-22.868504864658917,1.5145585451094703,True,True,True
941_1,-22.868504864658917,1.5145585451094703,True,True,True
943_0,-25.37426411800203,2.030710607982847,True,True,True
945_0,-29.595347382653927,1.428166683547855,True,True,True
945_1,-29.595347382653927,1.428166683547855,True,True,True
947_0,-22.868504864658803,1.5145585451094703,True,True,True
947_1,-22.868504864658803,1.5145585451094703,True,True,True
949_0,-29.595381888228758,1.428166683547855,True,True,True
949_1,-29.595381888228758,1.428166683547855,True,True,True
951_0,-22.868504864658917,1.5145585451094703,True,True,True
951_1,-22.868504864658917,1.5145585451094703,True,True,True
953_0,-29.595381888228758,1.428166683547855,True,True,True
953_1,-29.595381888228758,1.428166683547855,True,True,True
955_0,-22.868504864658917,1.5145585451094703,True,True,True
955_1,-22.868504864658917,1.5145585451094703,True,True,True
957_0,-29.595381888228758,1.428166683547855,True,True,True
957_1,-29.595381888228758,1.428166683547855,True,True,True
959_0,-29.595381888228758,1.428166683547855,True,True,True
959_1,-29.595381888228758,1.428166683547855,True,True,True
961_0,-22.868504864658917,1.5145585451094703,True,True,True
961_1,-22.868504864658917,1.5145585451094703,True,True,True
963_0,-29.595381888228758,1.428166683547855,True,True,True
963_1,-29.595381888228758,1.428166683547855,True,True,True
965_0,-22.868504864658917,1.5145585451094703,True,True,True
965_1,-22.868504864658917,1.5145585451094703,True,True,True
967_0,-29.595381888228758,1.428166683547855,True,True,True
967_1,-29.595381888228758,1.428166683547855,True,True,True
968_0,-29.595238047625003,1.428166683547855,True,True,True
968_1,-29.595238047625003,1.428166683547855,True,True,True
969_0,-25.205001106357713,1.5919692024838479,True,True,True
971_0,-29.595381888228758,1.428166683547855,True,True,True
971_1,-29.595381888228758,1.428166683547855,True,True,True
973_0,-22.868504864658803,1.5145585451094703,True,True,True
973_1,-22.868504864658803,1.5145585451094703,True,True,True
975_0,-36.70088797004945,4.24864687626601,True,True,True
975_1,-36.70088797004945,4.24864687626601,True,True,True
977_0,-22.868504864658973,1.51455854510947,True,True,True
977_1,-22.868504864658973,1.51455854510947,True,True,True
979_0,-22.868504864658917,1.5145585451094703,True,True,True
979_1,-22.868504864658917,1.5145585451094703,True,True,True
981_0,-22.868504864658803,1.5145585451094703,True,True,True
981_1,-22.868504864658803,1.5145585451094703,True,True,True
983_0,-22.868504864658803,1.5145585451094703,True,True,True
983_1,-22.868504864658803,1.5145585451094703,True,True,True
985_0,-22.868504864658803,1.5145585451094703,True,True,True
985_1,-22.868504864658803,1.5145585451094703,True,True,True
987_0,-22.868504864658803,1.5145585451094703,True,True,True
987_1,-22.868504864658803,1.5145585451094703,True,True,True
989_0,-29.59538188822887,1.428166683547855,True,True,True
989_1,-29.59538188822887,1.428166683547855,True,True,True
991_0,-22.868504864658803,1.5145585451094703,True,True,True
991_1,-22.868504864658803,1.5145585451094703,True,True,True
993_0,-22.868504864658803,1.5145585451094703,True,True,True
993_1,-22.868504864658803,1.5145585451094703,True,True,True
995_0,-22.868504864658803,1.5145585451094703,True,True,True
995_1,-22.868504864658803,1.5145585451094703,True,True,True
997_0,-22.868504864658803,1.5145585451094703,True,True,True
997_1,-22.868504864658803,1.5145585451094703,True,True,True
999_0,-29.595381888228758,1.428166683547855,True,True,True
999_1,-29.595381888228758,1.428166683547855,True,True,True
1001_0,-22.868504864658917,1.51455854510947,True,True,True
1001_1,-22.868504864658917,1.51455854510947,True,True,True
1002_0,-25.205144946961582,1.591969202483848,True,True,True
1004_0,-22.868504864658917,1.51455854510947,True,True,True
1004_1,-22.868504864658917,1.51455854510947,True,True,True
1006_0,-22.868504864658917,1.51455854510947,True,True,True
1006_1,-22.868504864658917,1.51455854510947,True,True,True
1007_0,-29.595381888228758,1.428166683547855,True,True,True
1007_1,-29.595381888228758,1.428166683547855,True,True,True
1008_0,-22.868504864658917,1.51455854510947,True,True,True
1008_1,-22.868504864658917,1.51455854510947,True,True,True
1010_0,-22.868504864658917,1.51455854510947,True,True,True
1010_1,-22.868504864658917,1.51455854510947,True,True,True
1012_0,-22.868504864658917,1.51455854510947,True,True,True
1012_1,-22.868504864658917,1.51455854510947,True,True,True
1013_0,-25.205144946961468,1.5919692024838479,True,True,True
1015_0,-22.868504864658803,1.51455854510947,True,True,True
1015_1,-22.868504864658803,1.51455854510947,True,True,True
1017_0,-29.445161757656138,1.8798002866586223,True,True,True
1017_1,-29.445161757656138,1.8798002866586223,True,True,True
1019_0,-22.868504864658917,1.5145585451094703,True,True,True
1019_1,-22.868504864658917,1.5145585451094703,True,True,True
1021_0,-22.868504864658917,1.5145585451094703,True,True,True
1021_1,-22.868504864658917,1.5145585451094703,True,True,True
1023_0,-22.868504864658917,1.5145585451094703,True,True,True
1023_1,-22.868504864658917,1.5145585451094703,True,True,True
1025_0,-22.868504864658917,1.5145585451094703,True,True,True
1025_1,-22.868504864658917,1.5145585451094703,True,True,True
1027_0,-25.205144946961582,1.5919692024838479,True,True,True
1029_0,-22.868504864658917,1.51455854510947,True,True,True
1029_1,-22.868504864658917,1.51455854510947,True,True,True
1031_0,-22.868504864658917,1.51455854510947,True,True,True
1031_1,-22.868504864658917,1.51455854510947,True,True,True
1033_0,-22.8685032507031,1.51455854510947,True,True,True
1035_0,-22.8685032507031,1.51455854510947,True,True,True
1037_0,-29.595380274273055,1.428166683547855,True,True,True
1037_1,-29.595380274273055,1.428166683547855,True,True,True
1038_0,-22.868497655391252,1.5145585451094703,True,True,True
1038_1,-22.868497655391252,1.5145585451094703,True,True,True
1039_0,-25.205137737693917,1.591969202483848,True,True,True
1041_0,-22.868504864658803,1.51455854510947,True,True,True
1041_1,-22.868504864658803,1.51455854510947,True,True,True
1043_0,-22.868504864658803,1.51455854510947,True,True,True
1043_1,-22.868504864658803,1.51455854510947,True,True,True
1045_0,-22.868504864658917,1.51455854510947,True,True,True
1045_1,-22.868504864658917,1.51455854510947,True,True,True
1047_0,-22.868504864658917,1.51455854510947,True,True,True
1047_1,-22.868504864658917,1.51455854510947,True,True,True
1049_0,-22.868504864658917,1.51455854510947,True,True,True
1049_1,-22.868504864658917,1.51455854510947,True,True,True
1051_0,-22.868504864658917,1.51455854510947,True,True,True
1051_1,-22.868504864658917,1.51455854510947,True,True,True
1053_0,-29.59538188822887,1.428166683547855,True,True,True
1053_1,-29.59538188822887,1.428166683547855,True,True,True
1055_0,-22.868504864658917,1.5145585451094703,True,True,True
1055_1,-22.868504864658917,1.5145585451094703,True,True,True
1057_0,-25.205144946961582,1.591969202483848,True,True,True
1059_0,-22.868504864658803,1.51455854510947,True,True,True
1059_1,-22.868504864658803,1.51455854510947,True,True,True
1061_0,-22.868504864658803,1.51455854510947,True,True,True
1061_1,-22.868504864658803,1.51455854510947,True,True,True
1063_0,-22.868504864658917,1.5145585451094703,True,True,True
1063_1,-22.868504864658917,1.5145585451094703,True,True,True
1065_0,-25.205144946961582,1.591969202483848,True,True,True
1067_0,-22.868504864658803,1.51455854510947,True,True,True
1069_0,-22.868504864658803,1.51455854510947,True,True,True
1071_0,-22.868504864658917,1.5145585451094703,True,True,True
1071_1,-22.868504864658917,1.5145585451094703,True,True,True
1073_0,-25.205144946961582,1.591969202483848,True,True,True
1075_0,-22.868504864658803,1.51455854510947,True,True,True
1075_1,-22.868504864658803,1.51455854510947,True,True,True
1077_0,-22.868504864658803,1.51455854510947,True,True,True
1077_1,-22.868504864658803,1.51455854510947,True,True,True
1079_0,-22.868504864658917,1.5145585451094703,True,True,True
1079_1,-22.868504864658917,1.5145585451094703,True,True,True
1081_0,-29.59538188822887,1.428166683547855,True,True,True
1081_1,-29.59538188822887,1.428166683547855,True,True,True
1083_0,-25.205144946961582,1.5919692024838479,True,True,True
1085_0,-22.868504864658917,1.5145585451094703,True,True,True
1085_1,-22.868504864658917,1.5145585451094703,True,True,True
1087_0,-29.445161757656024,1.8798002866586219,True,True,True
1087_1,-29.445161757656024,1.8798002866586219,True,True,True
1089_0,-29.445161757656024,1.8798002866586219,True,True,True
1089_1,-29.445161757656024,1.8798002866586219,True,True,True
1091_0,-29.445161757656024,1.8798002866586219,True,True,True
1091_1,-29.445161757656024,1.8798002866586219,True,True,True
1093_0,-25.205144946961582,1.591969202483848,True,True,True
1095_0,-22.868504864658803,1.5145585451094703,True,True,True
1095_1,-22.868504864658803,1.5145585451094703,True,True,True
1097_0,-29.445086268284967,1.8798002866586223,True,True,True
1097_1,-29.445086268284967,1.8798002866586223,True,True,True
1099_0,-29.445161757656024,1.8798002866586223,True,True,True
1099_1,-29.445161757656024,1.8798002866586223,True,True,True
1101_0,-29.445161757656024,1.8798002866586223,True,True,True
1101_1,-29.445161757656024,1.8798002866586223,True,True,True
1103_0,-29.445161757656024,1.8798002866586223,True,True,True
1103_1,-29.445161757656024,1.8798002866586223,True,True,True
1105_0,-29.445161757656024,1.8798002866586223,True,True,True
1105_1,-29.445161757656024,1.8798002866586223,True,True,True
1107_0,-29.44516175765625,1.8798002866586223,True,True,True
1107_1,-29.44516175765625,1.8798002866586223,True,True,True
1109_0,-29.44516175765625,1.8798002866586223,True,True,True
1109_1,-29.44516175765625,1.8798002866586223,True,True,True
1111_0,-29.44516175765625,1.8798002866586223,True,True,True
1111_1,-29.44516175765625,1.8798002866586223,True,True,True
1113_0,-29.44516175765625,1.8798002866586223,True,True,True
1113_1,-29.44516175765625,1.8798002866586223,True,True,True
1115_0,-29.44516175765625,1.8798002866586223,True,True,True
1115_1,-29.44516175765625,1.8798002866586223,True,True,True
1117_0,-29.44516175765625,1.8798002866586223,True,True,True
1117_1,-29.44516175765625,1.8798002866586223,True,True,True
1119_0,-29.44516175765625,1.8798002866586223,True,True,True
1119_1,-29.44516175765625,1.8798002866586223,True,True,True
1121_0,-29.44516175765625,1.8798002866586223,True,True,True
1121_1,-29.44516175765625,1.8798002866586223,True,True,True
1123_0,-29.59538188822887,1.428166683547855,True,True,True
1123_1,-29.59538188822887,1.428166683547855,True,True,True
1125_0,-22.868504864658917,1.5145585451094703,True,True,True
1125_1,-22.868504864658917,1.5145585451094703,True,True,True
1127_0,-22.868504864658917,1.5145585451094703,True,True,True
1127_1,-22.868504864658917,1.5145585451094703,True,True,True
1129_0,-22.868504864658917,1.5145585451094703,True,True,True
1129_1,-22.868504864658917,1.5145585451094703,True,True,True
1131_0,-22.868504864658917,1.5145585451094703,True,True,True
1131_1,-22.868504864658917,1.5145585451094703,True,True,True
1133_0,-22.868504864658917,1.51455854510947,True,True,True
1133_1,-22.868504864658917,1.51455854510947,True,True,True
1135_0,-22.868504864658917,1.5145585451094703,True,True,True
1135_1,-22.868504864658917,1.5145585451094703,True,True,True
1137_0,-22.868504864658917,1.51455854510947,True,True,True
1137_1,-22.868504864658917,1.51455854510947,True,True,True
1139_0,-22.868504864658917,1.5145585451094703,True,True,True
1139_1,-22.868504864658917,1.5145585451094703,True,True,True
1141_0,-22.868504864658803,1.51455854510947,True,True,True
1141_1,-22.868504864658803,1.51455854510947,True,True,True
1143_0,59.851487981014145,7.8238639020573295,True,False,False
1143_1,59.851487981014145,7.8238639020573295,True,False,False
1145_0,1.024163954567598,1.1713947853498272,True,False,False
1145_1,1.024163954567598,1.1713947853498272,True,False,False
1147_0,-5.955021206452784,0.7805433064575087,True,True,True
1149_0,-1.3124761277349535,0.800829799487378,True,True,False
1150_0,-10.345258147720074,0.8681795068803961,True,True,True
1150_1,-10.345258147720074,0.8681795068803961,True,True,True
1152_0,-5.702713069002243,0.9315174901663511,True,True,True
1152_1,-5.702713069002243,0.9315174901663511,True,True,True
1154_0,-3.787501872408484,1.5473028103181918,True,True,True
1154_1,-3.787501872408484,1.5473028103181918,True,True,True
1156_0,-6.124141954711149,1.3032675159556373,True,True,True
1158_0,-1.4815968759933185,1.503528371791256,True,True,False
1160_0,-17.45076580675868,4.104434803922337,True,True,True
1160_1,-17.45076580675868,4.104434803922337,True,True,True
1161_0,-17.45076580675868,4.104434803922337,True,True,True
1161_1,-17.45076580675868,4.104434803922337,True,True,True
1163_0,-12.808220728040965,4.174389876468349,True,True,True
1163_1,-12.808220728040965,4.174389876468349,True,True,True
1165_0,53.12461095744425,7.791577842946944,True,False,False
1165_1,53.12461095744425,7.791577842946944,True,False,False
1167_0,59.8514879810142,7.823863902057328,True,False,False
1167_1,59.8514879810142,7.823863902057328,True,False,False
1169_0,-5.702713069002357,0.9315174901663511,True,True,True
1169_1,-5.702713069002357,0.9315174901663511,True,True,True
1171_0,1.024163954567598,1.1713947853498272,True,False,False
1171_1,1.024163954567598,1.1713947853498272,True,False,False
1173_0,-1.3124761277349535,0.800829799487378,True,True,False
1175_0,-5.702713069002357,0.9315174901663511,True,True,True
1175_1,-5.702713069002357,0.9315174901663511,True,True,True
1177_0,-10.514378895978439,1.4929977932193408,True,True,True
1177_1,-10.514378895978439,1.4929977932193408,True,True,True
1179_0,-3.787501872408484,1.5473028103181918,True,True,True
1179_1,-3.787501872408484,1.5473028103181918,True,True,True
1181_0,-1.4815968759933185,1.503528371791256,True,True,False
1183_0,-24.177642830328523,4.002784032166093,True,True,True
1183_1,-24.177642830328523,4.002784032166093,True,True,True
1185_0,-17.450765806758568,4.104434803922337,True,True,True
1185_1,-17.450765806758568,4.104434803922337,True,True,True
1187_0,-12.808220728040851,4.174389876468348,True,True,True
1187_1,-12.808220728040851,4.174389876468348,True,True,True
1189_0,-6.12403283994513,1.3032675159556373,True,True,True
1191_0,-6.12403283994513,1.3032675159556373,True,True,True
1193_0,-1.4814877612275268,1.503528371791256,True,True,False
1195_0,-19.78729677429544,4.043041611765545,True,True,True
1197_0,-17.450656691992776,4.104434803922338,True,True,True
1197_1,-17.450656691992776,4.104434803922338,True,True,True
1199_0,-12.80811161327506,4.174389876468349,True,True,True
1199_1,-12.80811161327506,4.174389876468349,True,True,True
1200_0,57.514849475929225,7.777567688041274,True,False,False
1201_0,53.12461253466205,7.791577842946945,True,False,False
1201_1,53.12461253466205,7.791577842946945,True,False,False
1203_0,59.85148798101426,7.8238639020573295,True,False,False
1203_1,59.85148798101426,7.8238639020573295,True,False,False
1205_0,57.34572872767097,7.904562609472392,True,False,False
1207_0,46.019104875623555,8.633218908994056,True,False,False
1207_1,46.019104875623555,8.633218908994056,True,False,False
1209_0,-1.3124745505172086,0.800829799487378,True,True,False
1211_0,-5.702792379999437,0.931517490166351,True,True,True
1211_1,-5.702792379999437,0.931517490166351,True,True,True
1212_0,-5.955021206452784,0.7805433064575087,True,True,True
1213_0,-10.34525814771996,0.8681795068803962,True,True,True
1213_1,-10.34525814771996,0.8681795068803962,True,True,True
1215_0,-5.955021206452784,0.7805433064575087,True,True,True
1217_0,-10.34525814771996,0.8681795068803962,True,True,True
1217_1,-10.34525814771996,0.8681795068803962,True,True,True
1219_0,1.024163954567598,1.1713947853498272,True,False,False
1219_1,1.024163954567598,1.1713947853498272,True,False,False
1221_0,-5.955021206452784,0.7805433064575087,True,True,True
1223_0,-10.34525814771996,0.8681795068803962,True,True,True
1223_1,-10.34525814771996,0.8681795068803962,True,True,True
1225_0,-6.124142029043014,1.3032675159556373,True,True,True
1227_0,-10.514419769774179,1.4929977932193408,True,True,True
1227_1,-10.514419769774179,1.4929977932193408,True,True,True
1229_0,-1.4815967044724516,1.503528371791256,True,True,False
1231_0,-1.312441622160236,0.8008297994873781,True,True,False
1233_0,-5.702678563427412,0.9315174901663511,True,True,True
1233_1,-5.702678563427412,0.9315174901663511,True,True,True
1235_0,-5.702678563427412,0.9315174901663511,True,True,True
1235_1,-5.702678563427412,0.9315174901663511,True,True,True
1237_0,-19.787404311843602,4.043041611765545,True,True,True
1239_0,-24.177641253110835,4.002784032166093,True,True,True
1239_1,-24.177641253110835,4.002784032166093,True,True,True
1241_0,-12.808219150823163,4.174389876468348,True,True,True
1241_1,-12.808219150823163,4.174389876468348,True,True,True
1243_0,-1.3124761277350672,0.800829799487378,True,True,False
1245_0,-5.702713069002243,0.9315174901663511,True,True,True
1245_1,-5.702713069002243,0.9315174901663511,True,True,True
1247_0,1.024163954567598,1.1713947853498272,True,False,False
1247_1,1.024163954567598,1.1713947853498272,True,False,False
1249_0,-5.955021206452784,0.7805433064575087,True,True,True
1251_0,-10.345258147720074,0.8681795068803964,True,True,True
1251_1,-10.345258147720074,0.8681795068803964,True,True,True
1253_0,-3.787501872408484,1.5473028103181918,True,True,True
1253_1,-3.787501872408484,1.5473028103181918,True,True,True
1255_0,-6.124141954711149,1.3032675159556373,True,True,True
1257_0,-6.124141954711149,1.3032675159556373,True,True,True
1259_0,-17.45076580675868,4.104434803922337,True,True,True
1259_1,-17.45076580675868,4.104434803922337,True,True,True
1261_0,-17.45076580675868,4.104434803922337,True,True,True
1261_1,-17.45076580675868,4.104434803922337,True,True,True
1263_0,-17.45076580675868,4.104434803922337,True,True,True
1263_1,-17.45076580675868,4.104434803922337,True,True,True
1264_0,-6.124141954711035,1.3032675159556373,True,True,True
1266_0,-17.450765806758568,4.104434803922338,True,True,True
1266_1,-17.450765806758568,4.104434803922338,True,True,True
1268_0,-6.2932611257516555,2.597682457666115,True,True,True
1270_0,-1.4815623704184873,1.5035283717912562,True,True,False
1272_0,-10.514344390403494,1.492997793219341,True,True,True
1272_1,-10.514344390403494,1.492997793219341,True,True,True
1274_0,-19.956525060101796,4.130347413055109,True,True,True
1276_0,-17.619884977799188,4.241275037098379,True,True,True
1276_1,-17.619884977799188,4.241275037098379,True,True,True
1278_0,-1.4815968759934321,1.503528371791256,True,True,False
1280_0,-3.787501872408484,1.5473028103181918,True,True,True
1280_1,-3.787501872408484,1.5473028103181918,True,True,True
1282_0,-6.124141954711149,1.3032675159556373,True,True,True
1284_0,-1.4815968759934321,1.503528371791256,True,True,False
1286_0,-1.4815968759934321,1.503528371791256,True,True,False
1288_0,-3.7875018724085976,1.5473028103181918,True,True,True
1288_1,-3.7875018724085976,1.5473028103181918,True,True,True
1290_0,-3.7875018724085976,1.5473028103181918,True,True,True
1290_1,-3.7875018724085976,1.5473028103181918,True,True,True
1292_0,-6.124140340755275,1.3032675159556373,True,True,True
1294_0,-1.4815952620375583,1.503528371791256,True,True,False
1296_0,-1.4815952620375583,1.503528371791256,True,True,False
1298_0,-3.7875002584527238,1.5473028103181918,True,True,True
1300_0,-3.7875002584527238,1.5473028103181918,True,True,True
1302_0,-10.514377282022565,1.4929977932193408,True,True,True
1302_1,-10.514377282022565,1.4929977932193408,True,True,True
1304_0,-6.1241347454434845,1.3032675159556373,True,True,True
1306_0,-1.4815896667257675,1.5035283717912562,True,True,False
1308_0,-1.4815896667257675,1.5035283717912562,True,True,False
1310_0,-3.787494663140933,1.5473028103181918,True,True,True
1310_1,-3.787494663140933,1.5473028103181918,True,True,True
1312_0,-6.1241347454434845,1.3032675159556373,True,True,True
1314_0,-6.124141954711035,1.3032675159556373,True,True,True
1316_0,-1.4815968759933185,1.5035283717912562,True,True,False
1318_0,-6.124141954711035,1.3032675159556373,True,True,True
1320_0,-3.787501872408484,1.547302810318192,True,True,True
1320_1,-3.787501872408484,1.547302810318192,True,True,True
1322_0,-3.787501872408484,1.547302810318192,True,True,True
1322_1,-3.787501872408484,1.547302810318192,True,True,True
1324_0,-6.124141954711149,1.3032675159556373,True,True,True
1326_0,-1.4815968759934321,1.503528371791256,True,True,False
1328_0,-1.4815968759934321,1.503528371791256,True,True,False
1330_0,-3.7875018724085976,1.5473028103181918,True,True,True
1330_1,-3.7875018724085976,1.5473028103181918,True,True,True
1332_0,-3.7875018724085976,1.5473028103181918,True,True,True
1332_1,-3.7875018724085976,1.5473028103181918,True,True,True
1334_0,-6.124141954711149,1.3032675159556373,True,True,True
1336_0,-1.4815968759934321,1.503528371791256,True,True,False
1338_0,-1.4815968759934321,1.503528371791256,True,True,False
1340_0,-3.7875018724085976,1.5473028103181918,True,True,True
1340_1,-3.7875018724085976,1.5473028103181918,True,True,True
1342_0,-3.7875018724085976,1.5473028103181918,True,True,True
1342_1,-3.7875018724085976,1.5473028103181918,True,True,True
1344_0,-10.514378895978439,1.4929977932193408,True,True,True
1344_1,-10.514378895978439,1.4929977932193408,True,True,True
1346_0,-6.124141954711149,1.3032675159556373,True,True,True
1348_0,-1.4815968759934321,1.5035283717912562,True,True,False
1350_0,-1.4815968759934321,1.5035283717912562,True,True,False
1352_0,-3.7875018724085976,1.5473028103181918,True,True,True
1352_1,-3.7875018724085976,1.5473028103181918,True,True,True
1354_0,-6.124141954711149,1.3032675159556373,True,True,True
1355_0,-6.124141954711035,1.3032675159556373,True,True,True
1357_0,-1.4815968759933185,1.5035283717912562,True,True,False
1359_0,-6.124141954711035,1.3032675159556373,True,True,True
1361_0,-3.787501872408484,1.547302810318192,True,True,True
1361_1,-3.787501872408484,1.547302810318192,True,True,True
1363_0,-3.787501872408484,1.547302810318192,True,True,True
1363_1,-3.787501872408484,1.547302810318192,True,True,True
1365_0,-6.124141954711149,1.3032675159556373,True,True,True
1367_0,-1.4815968759934321,1.5035283717912562,True,True,False
1369_0,-1.4815968759934321,1.5035283717912562,True,True,False
1371_0,-3.7875018724085976,1.5473028103181918,True,True,True
1371_1,-3.7875018724085976,1.5473028103181918,True,True,True
1373_0,-6.124141954711149,1.3032675159556373,True,True,True
1375_0,-6.124141954711035,1.3032675159556373,True,True,True
1377_0,-1.4815968759933185,1.5035283717912562,True,True,False
1379_0,-6.124141954711035,1.3032675159556373,True,True,True
1381_0,-3.787501872408484,1.547302810318192,True,True,True
1383_0,-3.787501872408484,1.547302810318192,True,True,True
1385_0,-6.124141954711149,1.3032675159556373,True,True,True
1387_0,-1.4815968759934321,1.5035283717912562,True,True,False
1389_0,-1.4815968759934321,1.5035283717912562,True,True,False
1391_0,-3.7875018724085976,1.5473028103181918,True,True,True
1391_1,-3.7875018724085976,1.5473028103181918,True,True,True
1393_0,-6.124141954711149,1.3032675159556373,True,True,True
1395_0,-6.124141954711035,1.3032675159556373,True,True,True
1397_0,-1.4815968759933185,1.5035283717912562,True,True,False
1399_0,-6.124141954711035,1.3032675159556373,True,True,True
1401_0,-3.787501872408484,1.547302810318192,True,True,True
1401_1,-3.787501872408484,1.547302810318192,True,True,True
1403_0,-3.787501872408484,1.547302810318192,True,True,True
1403_1,-3.787501872408484,1.547302810318192,True,True,True
1405_0,-6.124141954711149,1.3032675159556373,True,True,True
1407_0,-1.4815968759934321,1.503528371791256,True,True,False
1409_0,-6.124141954711149,1.3032675159556373,True,True,True
1411_0,-1.4815968759934321,1.503528371791256,True,True,False
1413_0,-6.124141954711149,1.3032675159556373,True,True,True
1415_0,-1.4815968759934321,1.503528371791256,True,True,False
1417_0,-6.124141954711035,1.3032675159556373,True,True,True
1419_0,-1.4815968759934321,1.503528371791256,True,True,False
1421_0,-6.124141954711149,1.3032675159556373,True,True,True
1423_0,-1.4815968759934321,1.503528371791256,True,True,False
1425_0,-10.514378895978325,1.4929977932193408,True,True,True
1425_1,-10.514378895978325,1.4929977932193408,True,True,True
1427_0,-6.124141954711149,1.3032675159556373,True,True,True
1429_0,-6.124141954711149,1.3032675159556373,True,True,True
1431_0,-6.124141954711035,1.3032675159556373,True,True,True
1433_0,-24.17760832475369,4.002784032166092,True,True,True
1433_1,-24.17760832475369,4.002784032166092,True,True,True
1435_0,-12.80818622246602,4.174389876468349,True,True,True
1435_1,-12.80818622246602,4.174389876468349,True,True,True
1437_0,-31.28014540603749,7.931452637419445,True,True,True
1437_1,-31.28014540603749,7.931452637419445,True,True,True
1439_0,-12.805217221928956,4.174389876468349,True,True,True
1439_1,-12.805217221928956,4.174389876468349,True,True,True
1441_0,-17.447762300646787,4.104434803922337,True,True,True
1441_1,-17.447762300646787,4.104434803922337,True,True,True
1443_0,-17.447762300646787,4.104434803922337,True,True,True
1443_1,-17.447762300646787,4.104434803922337,True,True,True
1445_0,-8.549734707450511,2.7486287189503757,True,True,True
1445_1,-8.549734707450511,2.7486287189503757,True,True,True
1447_0,-13.192348633423649,2.648478869309342,True,True,True
1447_1,-13.192348633423649,2.648478869309342,True,True,True
1449_0,-13.368871766766233,1.6477739594969991,True,True,True
1449_1,-13.368871766766233,1.6477739594969991,True,True,True
1451_0,-8.726343981841978,1.7887583864929646,True,True,True
1451_1,-8.726343981841978,1.7887583864929646,True,True,True
1453_0,-6.642012036989854,1.6975067197675466,True,True,True
1453_1,-6.642012036989854,1.6975067197675466,True,True,True
1455_0,-13.368889060559809,1.6477739594969991,True,True,True
1455_1,-13.368889060559809,1.6477739594969991,True,True,True
1456_0,-11.726384594208241,2.2267837077043326,True,True,True
1456_1,-11.726384594208241,2.2267837077043326,True,True,True
1458_0,-7.083730400724676,2.3251065572106957,True,True,True
1458_1,-7.083730400724676,2.3251065572106957,True,True,True
1460_0,-7.336038538175103,2.21212140184008,True,True,True
1461_0,-13.368889060559695,1.6477739594969993,True,True,True
1461_1,-13.368889060559695,1.6477739594969993,True,True,True
1463_0,-8.726343981841865,1.7887583864929648,True,True,True
1463_1,-8.726343981841865,1.7887583864929648,True,True,True
1465_0,-6.64201203698974,1.6975067197675469,True,True,True
1465_1,-6.64201203698974,1.6975067197675469,True,True,True
1466_0,-13.368889060559695,1.6477739594969993,True,True,True
1466_1,-13.368889060559695,1.6477739594969993,True,True,True
1467_0,43.89851035998629,7.990150867457925,True,False,False
1467_1,43.89851035998629,7.990150867457925,True,False,False
1469_0,48.54105543870401,7.950725329480573,True,False,False
1469_1,48.54105543870401,7.950725329480573,True,False,False
1470_0,48.288747301253466,7.992520243537185,True,False,False
1471_0,-13.368889060559809,1.6477739594969991,True,True,True
1471_1,-13.368889060559809,1.6477739594969991,True,True,True
1473_0,-8.72631719697847,1.7887583864929648,True,True,True
1473_1,-8.72631719697847,1.7887583864929648,True,True,True
1474_0,-8.978625334428898,1.6567310144101999,True,True,True
1475_0,-13.368883200645314,1.6477739594969991,True,True,True
1475_1,-13.368883200645314,1.6477739594969991,True,True,True
1477_0,-8.726338121927483,1.7887583864929646,True,True,True
1477_1,-8.726338121927483,1.7887583864929646,True,True,True
1479_0,-6.642006177075359,1.6975067197675466,True,True,True
1479_1,-6.642006177075359,1.6975067197675466,True,True,True
1481_0,-13.368883200645314,1.6477739594969991,True,True,True
1481_1,-13.368883200645314,1.6477739594969991,True,True,True
1482_0,-32.6190285176441,2.086396448326868,True,True,True
1482_1,-32.6190285176441,2.086396448326868,True,True,True
1483_0,-13.368889060559695,1.6477739594969993,True,True,True
1483_1,-13.368889060559695,1.6477739594969993,True,True,True
1485_0,-8.726343981841865,1.7887583864929648,True,True,True
1485_1,-8.726343981841865,1.7887583864929648,True,True,True
1487_0,-6.64201203698974,1.6975067197675469,True,True,True
1487_1,-6.64201203698974,1.6975067197675469,True,True,True
1489_0,-8.726343981841978,1.788758386492965,True,True,True
1489_1,-8.726343981841978,1.788758386492965,True,True,True
1490_0,-13.368889060559695,1.6477739594969993,True,True,True
1490_1,-13.368889060559695,1.6477739594969993,True,True,True
1492_0,-6.642012036989854,1.6975067197675469,True,True,True
1492_1,-6.642012036989854,1.6975067197675469,True,True,True
1493_0,-13.36877994579379,1.6477739594969993,True,True,True
1493_1,-13.36877994579379,1.6477739594969993,True,True,True
1495_0,-8.726234867076073,1.788758386492965,True,True,True
1495_1,-8.726234867076073,1.788758386492965,True,True,True
1497_0,-8.978543004526614,1.6567310144101999,True,True,True
1499_0,50.100981621822314,7.950725329480573,True,False,False
1499_1,50.100981621822314,7.950725329480573,True,False,False
1501_0,-8.726406656629024,1.7887583864929648,True,True,True
1501_1,-8.726406656629024,1.7887583864929648,True,True,True
1503_0,-8.978650542074547,1.6567310144101999,True,True,True
1505_0,-13.368887483341837,1.6477739594969993,True,True,True
1505_1,-13.368887483341837,1.6477739594969993,True,True,True
1506_0,-13.368889060559695,1.6477739594969993,True,True,True
1506_1,-13.368889060559695,1.6477739594969993,True,True,True
1507_0,-13.368889060559695,1.6477739594969993,True,True,True
1507_1,-13.368889060559695,1.6477739594969993,True,True,True
1509_0,-6.642012036989854,1.6975067197675469,True,True,True
1509_1,-6.642012036989854,1.6975067197675469,True,True,True
1511_0,-13.368889060559582,1.6477739594969993,True,True,True
1511_1,-13.368889060559582,1.6477739594969993,True,True,True
1513_0,-13.538038284691424,2.1116584705198242,True,True,True
1513_1,-13.538038284691424,2.1116584705198242,True,True,True
1515_0,-9.147771290332912,2.025500367595417,True,True,True
1517_0,-8.726309476267033,1.788758386492965,True,True,True
1517_1,-8.726309476267033,1.788758386492965,True,True,True
1518_0,-13.36885455498475,1.6477739594969993,True,True,True
1518_1,-13.36885455498475,1.6477739594969993,True,True,True
1520_0,-27.201272165950343,4.208735624532944,True,True,True
1520_1,-27.201272165950343,4.208735624532944,True,True,True
1522_0,-20.474395142380445,4.310594307934472,True,True,True
1522_1,-20.474395142380445,4.310594307934472,True,True,True
1524_0,-8.726343981841865,1.7887583864929648,True,True,True
1524_1,-8.726343981841865,1.7887583864929648,True,True,True
1526_0,-6.64201203698974,1.6975067197675466,True,True,True
1526_1,-6.64201203698974,1.6975067197675466,True,True,True
1528_0,-13.368889060559695,1.6477739594969996,True,True,True
1528_1,-13.368889060559695,1.6477739594969996,True,True,True
1530_0,-4.31240920255334,1.6682331887911208,True,True,True
1532_0,-5.95502120645267,0.7805433064575087,True,True,True
1534_0,-10.34525814771996,0.8681795068803962,True,True,True
1534_1,-10.34525814771996,0.8681795068803962,True,True,True
1535_0,-6.124141954711149,1.3032675159556373,True,True,True
1536_0,-17.450765806758568,4.104434803922337,True,True,True
1536_1,-17.450765806758568,4.104434803922337,True,True,True
1537_0,-22.868504864658803,1.5145585451094703,True,True,True
1537_1,-22.868504864658803,1.5145585451094703,True,True,True
1539_0,-22.868504864658803,1.5145585451094703,True,True,True
1539_1,-22.868504864658803,1.5145585451094703,True,True,True
1541_0,-22.868504864658803,1.5145585451094703,True,True,True
1541_1,-22.868504864658803,1.5145585451094703,True,True,True
1543_0,-22.868504864658803,1.5145585451094703,True,True,True
1543_1,-22.868504864658803,1.5145585451094703,True,True,True
1545_0,-22.868504864658803,1.5145585451094703,True,True,True
1545_1,-22.868504864658803,1.5145585451094703,True,True,True
1546_0,-22.868504864658803,1.5145585451094703,True,True,True
1546_1,-22.868504864658803,1.5145585451094703,True,True,True
1547_0,-29.595381888228758,1.428166683547855,True,True,True
1547_1,-29.595381888228758,1.428166683547855,True,True,True
1548_0,-25.205144946961582,1.5919692024838479,True,True,True
1550_0,-22.868504864658917,1.5145585451094703,True,True,True
1550_1,-22.868504864658917,1.5145585451094703,True,True,True
1551_0,303.4017521274227,100000.00008708918,False,False,False
1551_1,303.4017521274227,100000.00008708918,False,False,False
1553_0,-57.461024135574775,2.025926892297356,True,True,True
1553_1,-57.461024135574775,2.025926892297356,True,True,True
1554_0,-80.85554143820622,1.9515616981747783,True,True,True
1554_1,-80.85554143820622,1.9515616981747783,True,True,True
1556_0,-59.10427358229492,1.5445816537101469,True,True,True
1556_1,-59.10427358229492,1.5445816537101469,True,True,True
1558_0,308.0442972061403,100000.00008711002,False,False,False
1560_0,303.4017521274226,100000.00008708918,False,False,False
1560_1,303.4017521274226,100000.00008708918,False,False,False
1562_0,308.0442979599407,100000.00008711002,False,False,False
1564_0,303.40175288122293,100000.00008708918,False,False,False
1564_1,303.40175288122293,100000.00008708918,False,False,False
1566_0,303.40175212742247,100000.00008708918,False,False,False
1566_1,303.40175212742247,100000.00008708918,False,False,False
1568_0,-59.10352186479423,1.5445816537101467,True,True,True
1568_1,-59.10352186479423,1.5445816537101467,True,True,True
1570_0,-59.103524056985464,1.5445816537101467,True,True,True
1570_1,-59.103524056985464,1.5445816537101467,True,True,True
1572_0,303.4017521274226,100000.00008708918,False,False,False
1572_1,303.4017521274226,100000.00008708918,False,False,False
1574_0,308.04429720614024,100000.00008711002,False,False,False
1576_0,-54.460962132727104,1.6748504928824857,True,True,True
1578_0,303.4017521274225,100000.00008708918,False,False,False
1578_1,303.4017521274225,100000.00008708918,False,False,False
1580_0,303.40175288122293,100000.00008708918,False,False,False
1580_1,303.40175288122293,100000.00008708918,False,False,False
1581_0,-303.40175212742264,100000.00008708918,False,False,False
1582_0,80.85554143820622,1.9515616981747783,True,False,False
1584_0,59.10347891800251,1.5445816537101469,True,False,False
1586_0,-303.40175212742247,100000.00008708918,False,False,False
1588_0,-303.40175212742247,100000.00008708918,False,False,False
1590_0,-303.40175212742247,100000.00008708918,False,False,False
1592_0,-303.40175212742247,100000.00008708918,False,False,False
1594_0,-303.4017521274226,100000.00008708918,False,False,False
1596_0,-303.4017521274226,100000.00008708918,False,False,False
1598_0,-303.401752881223,100000.00008708918,False,False,False
1599_0,94.99261562699473,7.009942245534538,True,False,False
1599_1,94.99261562699473,7.009942245534538,True,False,False
1600_0,88.26573860342478,6.979023060153432,True,False,False
1600_1,88.26573860342478,6.979023060153432,True,False,False
1601_0,29.445161757656024,1.8798002866586225,True,False,False
1601_1,29.445161757656024,1.8798002866586225,True,False,False
1602_0,86.7270269043513,6.945249059557174,True,False,False
1603_0,91.11726384561848,6.908627075808763,True,False,False
1603_1,91.11726384561848,6.908627075808763,True,False,False
1604_0,68.51058941666213,7.0205537434442755,True,False,False
1604_1,68.51058941666213,7.0205537434442755,True,False,False
1606_0,10.345240253978062,0.8681795068803962,True,False,False
1606_1,10.345240253978062,0.8681795068803962,True,False,False
1607_0,12.346701886446695,1.108436160833052,True,False,False
1608_0,32.6190285176441,2.086396448326868,True,False,False
1608_1,32.6190285176441,2.086396448326868,True,False,False
1609_0,29.595407095874407,1.428166683547855,True,False,False
1609_1,29.595407095874407,1.428166683547855,True,False,False
1610_0,5.955027066367165,0.7805433064575087,True,False,False
1611_0,23.562531365844222,2.1775227247189135,True,False,False
1612_0,25.205143369743666,1.5919692024838479,True,False,False
1613_0,11.726384594208298,2.2267837077043326,True,False,False
1613_1,11.726384594208298,2.2267837077043326,True,False,False
1614_0,10.345367262485922,0.8681795068803962,True,False,False
1614_1,10.345367262485922,0.8681795068803962,True,False,False
1615_0,6.124141954711092,1.3032675159556373,True,False,False
1616_0,13.368889060559738,1.6477739594969991,True,False,False
1616_1,13.368889060559738,1.6477739594969991,True,False,False
1617_0,29.418807119412094,2.657505336672233,True,False,False
1617_1,29.418807119412094,2.657505336672233,True,False,False
1618_0,29.59531304097328,1.428166683547855,True,False,False
1618_1,29.59531304097328,1.428166683547855,True,False,False
1619_0,13.368854554984694,1.6477739594969993,True,False,False
1619_1,13.368854554984694,1.6477739594969993,True,False,False
1621_0,13.368889060559752,1.6477739594969993,True,False,False
1621_1,13.368889060559752,1.6477739594969993,True,False,False
1622_0,6.124141954711149,1.3032675159556373,True,False,False
1624_0,29.59538188822887,1.428166683547855,True,False,False
1624_1,29.59538188822887,1.428166683547855,True,False,False
1625_0,31.59682404973762,1.4977465447386349,True,False,False
1627_0,8.978649891413397,1.6567310144101999,True,False,False
1628_0,12.346701886446795,1.108436160833052,True,False,False
1630_0,29.31783303157937,1.428166683547855,True,False,False
1630_1,29.31783303157937,1.428166683547855,True,False,False
1632_0,25.163013498830026,1.5919692024838479,True,False,False
1633_0,5.95501902928649,0.7805433064575087,True,False,False
1634_0,13.368889060559638,1.6477739594969993,True,False,False
1634_1,13.368889060559638,1.6477739594969993,True,False,False
1635_0,8.526180710032776,2.738337399179416,True,False,False
1635_1,8.526180710032776,2.738337399179416,True,False,False
1636_0,10.345399811157478,0.8681795068803961,True,False,False
1636_1,10.345399811157478,0.8681795068803961,True,False,False
1638_0,13.368885840295434,1.6477739594969991,True,False,False
1638_1,13.368885840295434,1.6477739594969991,True,False,False
1640_0,10.345255070241194,0.8681795068803962,True,False,False
1640_1,10.345255070241194,0.8681795068803962,True,False,False
1642_0,10.168650450546409,2.2777092047535747,True,False,False
1642_1,10.168650450546409,2.2777092047535747,True,False,False
1644_0,6.124141954711149,1.3032675159556373,True,False,False
1645_0,3.6183654075744585,0.936185355219498,True,False,False
1645_1,3.6183654075744585,0.936185355219498,True,False,False
1646_0,29.59538188822873,1.428166683547855,True,False,False
1646_1,29.59538188822873,1.428166683547855,True,False,False
1647_0,17.450765806758625,4.104434803922337,True,False,False
1647_1,17.450765806758625,4.104434803922337,True,False,False
1648_0,22.868504864658746,1.51455854510947,True,False,False
1648_1,22.868504864658746,1.51455854510947,True,False,False
1649_0,13.368889060559752,1.6477739594969991,True,False,False
1649_1,13.368889060559752,1.6477739594969991,True,False,False
1651_0,13.368889060559695,1.6477739594969996,True,False,False
1651_1,13.368889060559695,1.6477739594969996,True,False,False
1653_0,29.595381888228815,1.4281666835478548,True,False,False
1653_1,29.595381888228815,1.4281666835478548,True,False,False
1655_0,8.978652119292548,1.6567310144101999,True,False,False
1657_0,29.59538188822887,1.428166683547855,True,False,False
1657_1,29.59538188822887,1.428166683547855,True,False,False
1659_0,25.205144946961582,1.591969202483848,True,False,False
1661_0,5.955021206452898,0.7805433064575086,True,False,False
1663_0,13.368889060559752,1.6477739594969991,True,False,False
1663_1,13.368889060559752,1.6477739594969991,True,False,False
1664_0,8.702646143820601,1.7384398154743295,True,False,False
1664_1,8.702646143820601,1.7384398154743295,True,False,False
1665_0,10.345258147720074,0.8681795068803961,True,False,False
1665_1,10.345258147720074,0.8681795068803961,True,False,False
1667_0,13.368889060559752,1.6477739594969993,True,False,False
1667_1,13.368889060559752,1.6477739594969993,True,False,False
1669_0,10.345259724937932,0.8681795068803962,True,False,False
1669_1,10.345259724937932,0.8681795068803962,True,False,False
1670_0,10.345259724937932,0.8681795068803962,True,False,False
1670_1,10.345259724937932,0.8681795068803962,True,False,False
1672_0,6.124141954711263,1.3032675159556373,True,False,False
1674_0,3.6183654075745153,0.9361853552194982,True,False,False
1674_1,3.6183654075745153,0.9361853552194982,True,False,False
1675_0,5.955003912659208,0.7805433064575087,True,False,False
1676_0,25.20514494696141,1.591969202483848,True,False,False
1677_0,13.368889060559582,1.6477739594969993,True,False,False
1677_1,13.368889060559582,1.6477739594969993,True,False,False
1678_0,29.5953818882287,1.428166683547855,True,False,False
1678_1,29.5953818882287,1.428166683547855,True,False,False
1679_0,8.978625334428841,1.6567310144101999,True,False,False
1680_0,10.345240853926498,0.8681795068803962,True,False,False
1680_1,10.345240853926498,0.8681795068803962,True,False,False
1681_0,6.124141954711092,1.3032675159556373,True,False,False
1683_0,13.368889060559695,1.6477739594969993,True,False,False
1683_1,13.368889060559695,1.6477739594969993,True,False,False
1685_0,-350.95444045642665,100000.00008384953,False,False,False
1687_0,-377.58980015521655,100000.00012324155,False,False,False
1687_1,-377.58980015521655,100000.00012324155,False,False,False
1689_0,-349.1364835528115,100000.00009511536,False,False,False
1689_1,-349.1364835528115,100000.00009511536,False,False,False
1690_0,-373.19956321394926,100000.0001201519,False,False,False
1690_1,-373.19956321394926,100000.0001201519,False,False,False
1692_0,-353.5266004143416,100000.00009686797,False,False,False
1694_0,-352.803116497924,100000.00009054517,False,False,False
1696_0,-332.909832609851,100000.00008972124,False,False,False
1696_1,-332.909832609851,100000.00008972124,False,False,False
1697_0,-348.41285277179327,100000.00008815322,False,False,False
1697_1,-348.41285277179327,100000.00008815322,False,False,False
1699_0,-337.3001491724555,100000.00009379939,False,False,False
1701_0,-344.502208228362,100000.00010189507,False,False,False
1702_0,-340.11197128709483,100000.0001002008,False,False,False
1702_1,-340.11197128709483,100000.0001002008,False,False,False
1704_0,-356.38108737156153,100000.0000897376,False,False,False
1706_0,-349.13653575520397,100000.00009511536,False,False,False
1706_1,-349.13653575520397,100000.00009511536,False,False,False
1708_0,89.84270675623225,6.953642022315587,True,False,False
1709_0,91.59184078029057,6.863855719702931,True,False,False
1709_1,91.59184078029057,6.863855719702931,True,False,False
1709_2,91.59184078029057,6.863855719702931,True,False,False
1710_0,32.77126393452181,1.8255209763012388,True,False,False
1710_1,32.77126393452181,1.8255209763012388,True,False,False
1710_2,32.77126393452181,1.8255209763012388,True,False,False
1711_0,71.83669159352792,6.902105105693943,True,False,False
1711_1,71.83669159352792,6.902105105693943,True,False,False
1711_2,71.83669159352792,6.902105105693943,True,False,False
1712_0,71.83669159352792,6.902105105693943,True,False,False
1712_1,71.83669159352792,6.902105105693943,True,False,False
1712_2,71.83669159352792,6.902105105693943,True,False,False
1713_0,10.727786143350784,1.7581471621982618,True,False,False
1713_1,10.727786143350784,1.7581471621982618,True,False,False
1713_2,10.727786143350784,1.7581471621982618,True,False,False
1715_0,6.642012036989854,1.6975067197675466,True,False,False
1715_1,6.642012036989854,1.6975067197675466,True,False,False
1717_0,8.978652119292462,1.6567310144101999,True,False,False
1719_0,5.955022783670643,0.7805433064575089,True,False,False
1721_0,22.86850486465886,1.51455854510947,True,False,False
1721_1,22.86850486465886,1.51455854510947,True,False,False
1723_0,3.6183827013680343,0.9361853552194981,True,False,False
1723_1,3.6183827013680343,0.9361853552194981,True,False,False
1725_0,25.205144946961468,1.5919692024838479,True,False,False
1726_0,13.368889060559752,1.6477739594969993,True,False,False
1726_1,13.368889060559752,1.6477739594969993,True,False,False
1728_0,-45.97234922154297,8.633218908994055,True,True,True
1728_1,-45.97234922154297,8.633218908994055,True,True,True
1730_0,25.20514494696141,1.5919692024838479,True,False,False
1731_0,2.669802830703702,3.1004579375470596,True,False,False
1732_0,4.3124092025533685,1.6682331887911206,True,False,False
1734_0,6.124141954711149,1.3032675159556373,True,False,False
1736_0,25.20514494696141,1.5919692024838479,True,False,False
1737_0,6.124141954711149,1.3032675159556373,True,False,False
1739_0,5.955022783670529,0.7805433064575087,True,False,False
1741_0,-3.9863764194309965,4.0224475619142055,True,True,False
1742_0,6.124141954711149,1.3032675159556373,True,False,False
1744_0,276.85300422103734,100000.00009409664,False,False,False
1746_0,13.218668929987018,2.0325624631343917,True,False,False
1746_1,13.218668929987018,2.0325624631343917,True,False,False
1748_0,43.633103847322104,2.053341363223955,True,False,False
1748_1,43.633103847322104,2.053341363223955,True,False,False
1750_0,63.736072113219905,2.608342547995134,True,False,False
1750_1,63.736072113219905,2.608342547995134,True,False,False
1752_0,59.345759682581615,2.6175862692308893,True,False,False
1754_0,279.5543093326581,100000.00010188053,False,False,False
1756_0,283.9445462739254,100000.00010362733,False,False,False
1756_1,283.9445462739254,100000.00010362733,False,False,False
1758_0,59.345759682581615,2.6175862692308893,True,False,False
1760_0,29.445161757656024,1.8798002866586223,True,False,False
1760_1,29.445161757656024,1.8798002866586223,True,False,False
1762_0,59.860644842472425,2.968886286820477,True,False,False
1762_1,59.860644842472425,2.968886286820477,True,False,False
1764_0,55.47040790120525,2.9473953316797714,True,False,False
1766_0,275.67895755128166,100000.00014117247,False,False,False
1768_0,59.860644842472425,2.968886286820477,True,False,False
1768_1,59.860644842472425,2.968886286820477,True,False,False
1770_0,280.06919449254895,100000.00014379655,False,False,False
1770_1,280.06919449254895,100000.00014379655,False,False,False
1772_0,55.47040790120525,2.9473953316797714,True,False,False
1774_0,55.47040790120525,2.9473953316797714,True,False,False
1776_0,59.860644842472425,2.968886286820477,True,False,False
1776_1,59.860644842472425,2.968886286820477,True,False,False
1777_0,55.47040790120525,2.9473953316797714,True,False,False
1779_0,29.5953818882287,1.428166683547855,True,False,False
1779_1,29.5953818882287,1.428166683547855,True,False,False
1781_0,13.368889060559695,1.6477739594969993,True,False,False
1781_1,13.368889060559695,1.6477739594969993,True,False,False
1783_0,10.345259724937904,0.8681795068803962,True,False,False
1783_1,10.345259724937904,0.8681795068803962,True,False,False
1785_0,13.368889060559667,1.6477739594969993,True,False,False
1785_1,13.368889060559667,1.6477739594969993,True,False,False
1787_0,29.595381888228815,1.4281666835478548,True,False,False
1787_1,29.595381888228815,1.4281666835478548,True,False,False
1789_0,5.9550227836706995,0.7805433064575087,True,False,False
1790_0,17.45076580675868,4.104434803922337,True,False,False
1790_1,17.45076580675868,4.104434803922337,True,False,False
1791_0,25.205144946961468,1.5919692024838479,True,False,False
1793_0,13.368889060559809,1.6477739594969991,True,False,False
1793_1,13.368889060559809,1.6477739594969991,True,False,False
1795_0,10.34525972493799,0.8681795068803962,True,False,False
1795_1,10.34525972493799,0.8681795068803962,True,False,False
1796_0,13.368889060559752,1.6477739594969991,True,False,False
1796_1,13.368889060559752,1.6477739594969991,True,False,False
1798_0,-26.64582921311728,2.27891364269548,True,True,True
1800_0,-19.40108210726885,2.3969087758439453,True,True,True
1800_1,-19.40108210726885,2.3969087758439453,True,True,True
1802_0,40.369650265397354,2.2313973220135708,True,False,False
1802_1,40.369650265397354,2.2313973220135708,True,False,False
1804_0,49.45008881082401,1.7793180466802359,True,False,False
1804_1,49.45008881082401,1.7793180466802359,True,False,False
1806_0,37.253970413516186,2.174891635456638,True,False,False
1806_1,37.253970413516186,2.174891635456638,True,False,False
1808_0,0.0,0.0,True,False,False
1809_0,0.0,0.0,True,False,False
1811_0,0.0,0.0,True,False,False
1812_0,2.178034142106867,2.230014295891439,True,False,False
1813_0,-2.178034142106867,2.230014295891439,True,True,False
1815_0,16.591895468872508,3.9147117198341155,True,False,False
1816_0,2.0014421615088622,0.4684348836974412,True,False,False
1817_0,55.265955031158114,7.846958154036848,True,False,False
1818_0,57.26739620028172,7.84760148233181,True,False,False
1819_0,2.213016682617308e-05,0.0,True,False,False
1820_0,-2.27898515824387,0.4684348836974412,True,True,True
1822_0,2.0014480214232435,0.46843488369744113,True,False,False
1823_0,2.0014421615088622,0.46843488369744113,True,False,False
1824_0,-2.0434644948744562,0.4684348836974412,True,True,True
1826_0,0.00010911476584851698,0.0,True,False,False
1827_0,61.468426343706966,7.800755109188709,True,False,False
1829_0,2.001443738726607,0.46843488369744113,True,False,False
1830_0,-2.0014421615088622,0.4684348836974412,True,True,True
1831_0,-2.0014421615088622,0.46843488369744113,True,True,True
1832_0,2.0014766670836934,0.46843488369744113,True,False,False
1833_0,0.0,0.0,True,False,False
1834_0,-8.277262816136499e-05,0.0,True,True,True
1835_0,0.0,0.0,True,False,False
1836_0,0.0,0.0,True,False,False
1837_0,0.0,0.0,True,False,False
1838_0,0.0,0.0,True,False,False
1839_0,0.0,0.0,True,False,False
1840_0,2.0014421615087485,0.4684348836974412,True,False,False
1841_0,0.0,0.0,True,False,False
1842_0,2.0014421615087485,0.4684348836974412,True,False,False
1843_0,0.0,0.0,True,False,False
1844_0,-2.0014421615087485,0.4684348836974412,True,True,True
1845_0,0.0,0.0,True,False,False
1846_0,2.001442161508976,0.4684348836974412,True,False,False
1847_0,2.0014421615087485,0.4684348836974412,True,False,False
1849_0,0.0,0.0,True,False,False
1851_0,0.0,0.0,True,False,False
1852_0,-2.0014421615087485,0.4684348836974412,True,True,True
1854_0,0.0,0.0,True,False,False
1855_0,0.0,0.0,True,False,False
1856_0,2.0014421615087485,0.4684348836974412,True,False,False
1857_0,0.0,0.0,True,False,False
1858_0,2.0014421615087485,0.4684348836974412,True,False,False
1859_0,-2.001442161508976,0.4684348836974412,True,True,True
1860_0,-2.001442161508976,0.4684348836974412,True,True,True
1861_0,2.0015860021125604,0.4684348836974412,True,False,False
1863_0,0.00014384060369820872,0.0,True,False,False
1865_0,-0.03831744746486265,0.0,True,True,True
1866_0,-2.039903449577423,0.4684348836974412,True,True,True
1868_0,0.0,0.0,True,False,False
1869_0,0.0,0.0,True,False,False
1870_0,2.001442161508976,0.4684348836974412,True,False,False
1871_0,0.0,0.0,True,False,False
1872_0,2.0014421615088622,0.46843488369744113,True,False,False
1873_0,0.0,0.0,True,False,False
1875_0,0.0,0.0,True,False,False
1877_0,0.0,0.0,True,False,False
1879_0,0.0,0.0,True,False,False
1881_0,0.0,0.0,True,False,False
1883_0,-2.0014421615088622,0.4684348836974412,True,True,True
1885_0,2.0014421615088622,0.46843488369744113,True,False,False
1887_0,0.0,0.0,True,False,False
1889_0,0.0,0.0,True,False,False
1891_0,-2.0014421615088622,0.4684348836974412,True,True,True
1893_0,0.0,0.0,True,False,False
1895_0,0.0,0.0,True,False,False
1897_0,2.0014421615088622,0.4684348836974412,True,False,False
1899_0,-2.0014421615088622,0.46843488369744113,True,True,True
1901_0,0.0,0.0,True,False,False
1903_0,0.0,0.0,True,False,False
1905_0,-2.0014421615088622,0.4684348836974412,True,True,True
1907_0,0.0,0.0,True,False,False
1909_0,0.0,0.0,True,False,False
1911_0,2.0014421615087485,0.46843488369744124,True,False,False
1913_0,0.0,0.0,True,False,False
1915_0,0.0,0.0,True,False,False
1917_0,0.0,0.0,True,False,False
1919_0,-2.0014421615087485,0.46843488369744124,True,True,True
1921_0,0.0,0.0,True,False,False
1923_0,0.0,0.0,True,False,False
1925_0,0.0,0.0,True,False,False
1927_0,0.0,0.0,True,False,False
1929_0,2.001442161508976,0.4684348836974412,True,False,False
1931_0,0.0,0.0,True,False,False
1933_0,-2.001442161508976,0.4684348836974412,True,True,True
1935_0,-2.0014421615088622,0.4684348836974412,True,True,True
1937_0,-2.0014421615088622,0.4684348836974412,True,True,True
1939_0,-2.0014421615088622,0.4684348836974412,True,True,True
1941_0,2.0014437754645655,0.4684348836974412,True,False,False
1943_0,7.209267664620711e-06,0.0,True,False,False
1944_0,2.0014421615087485,0.4684348836974412,True,False,False
1946_0,0.0,0.0,True,False,False
1948_0,0.0,0.0,True,False,False
1949_0,0.0,0.0,True,False,False
1951_0,-2.0014421615087485,0.46843488369744113,True,True,True
1953_0,-9.951554147846764e-06,0.0,True,True,True
1955_0,-2.0014421615087485,0.4684348836974412,True,True,True
1957_0,0.0,0.0,True,False,False
1959_0,-2.0014421615087485,0.46843488369744113,True,True,True
1960_0,-2.0014421615087485,0.4684348836974412,True,True,True
1961_0,-2.0014421615088622,0.4684348836974412,True,True,True
1962_0,2.0014421615088622,0.46843488369744113,True,False,False
1963_0,-2.0014421615088622,0.4684348836974412,True,True,True
1965_0,0.0,0.0,True,False,False
1967_0,-2.0014421615088622,0.46843488369744113,True,True,True
1969_0,0.0,0.0,True,False,False
1971_0,-14.189261865849858,2.1368764629353456,True,True,True
1973_0,7.548937099954856e-05,0.0,True,False,False
1975_0,-14.189261865849858,2.1368764629353456,True,True,True
1977_0,0.0,0.0,True,False,False
1979_0,0.0,0.0,True,False,False
1981_0,0.0,0.0,True,False,False
1983_0,-14.189261865849971,2.136876462935346,True,True,True
1985_0,0.0,0.0,True,False,False
1987_0,0.0,0.0,True,False,False
1989_0,0.0,0.0,True,False,False
1991_0,0.0,0.0,True,False,False
1993_0,-2.0014421615088054,0.4684348836974412,True,True,True
1995_0,0.0,0.0,True,False,False
1997_0,0.0,0.0,True,False,False
1999_0,-2.0014421615088054,0.46843488369744113,True,True,True
2001_0,0.0,0.0,True,False,False
2003_0,-2.0014421615088054,0.4684348836974412,True,True,True
2005_0,2.0014421615088622,0.46843488369744113,True,False,False
2006_0,-2.0014421615088622,0.46843488369744113,True,True,True
2008_0,-2.001442161508919,0.46843488369744113,True,True,True
2009_0,-2.0014421615088054,0.46843488369744113,True,True,True
2011_0,2.0014421615088622,0.46843488369744113,True,False,False
2012_0,0.0,0.0,True,False,False
2014_0,0.0,0.0,True,False,False
2016_0,0.0,0.0,True,False,False
2018_0,-2.0014421615088622,0.4684348836974412,True,True,True
2020_0,0.0,0.0,True,False,False
2021_0,0.0,0.0,True,False,False
2022_0,-2.0014421615088622,0.4684348836974412,True,True,True
2023_0,0.0,0.0,True,False,False
2025_0,0.0,0.0,True,False,False
2027_0,-2.0014421615088622,0.4684348836974412,True,True,True
2029_0,0.0,0.0,True,False,False
2030_0,-2.0014421615088622,0.46843488369744113,True,True,True
2032_0,-2.0014421615088622,0.46843488369744113,True,True,True
2034_0,-2.0014421615088622,0.46843488369744113,True,True,True
2036_0,-60.64063306289984,4.46675947630328,True,True,True
2037_0,-69.36895224797865,4.502977983898042,True,True,True
2039_0,-89.47622079508932,4.7486096669596645,True,True,True
2040_0,-98.20453998016814,4.790310868097838,True,True,True
2042_0,-61.34049601301183,4.665273438176739,True,True,True
2043_0,-72.07025735959951,4.645422761086438,True,True,True
2045_0,-92.17752590671029,4.99046368446483,True,True,True
2046_0,-100.90584509178899,5.0200143256100755,True,True,True
2048_0,-91.82540654636222,4.9654376111354015,True,True,True
2050_0,-78.44939079340537,4.477273883021855,True,True,True
2052_0,-91.82540654636222,4.9654376111354015,True,True,True
2054_0,-87.95005476498585,5.4080260716444,True,True,True
2056_0,-87.95005476498585,5.4080260716444,True,True,True
2058_0,-78.44939079340543,4.477273883021856,True,True,True
2060_0,-9.583103107802799,4.72821323030392,True,True,True
2062_0,-23.41548621319339,3.731776989178843,True,True,True
2064_0,-9.583103107802572,4.728213230303919,True,True,True
2066_0,-9.583103107802572,4.72821323030392,True,True,True
2068_0,-20.489456434988256,4.2408688659167,True,True,True
2070_0,-34.321839540379074,3.0176933348734756,True,True,True
2072_0,-20.489456434988256,4.2408688659167,True,True,True
2074_0,-20.489456434988142,4.240868865916701,True,True,True
2076_0,-9.75670887608237,4.216349721868957,True,True,True
2078_0,-9.759712382194266,4.216349721868957,True,True,True
2080_0,36.77792569176415,8.347271597338224,True,False,False
2082_0,45.50624487684291,8.329963976886766,True,False,False
2084_0,-11.76112775883962,4.1793632664907845,True,True,True
2086_0,-9.759712382194152,4.216349721868957,True,True,True
2088_0,42.980396953600234,8.292268223484092,True,False,False
2090_0,-9.759710804976464,4.216349721868957,True,True,True
2092_0,-20.48947372878183,4.2408688659167,True,True,True
2094_0,-20.48947372878183,4.2408688659167,True,True,True
2096_0,-9.759677876619207,4.216349721868957,True,True,True
2098_0,-11.761120038128183,4.1793632664907845,True,True,True
2098_1,-11.761120038128183,4.1793632664907845,True,True,True
2100_0,-23.58909198147319,3.0791309832874783,True,True,True
2102_0,-11.758151037591006,4.1793632664907845,True,True,True
2104_0,-9.756708876082143,4.216349721868957,True,True,True
2106_0,-20.486470222669823,4.240868865916701,True,True,True
2108_0,-9.7567088760822,4.216349721868957,True,True,True
2110_0,-23.59209548758497,3.0791309832874787,True,True,True
2112_0,22.94554258637345,7.620019994740658,True,False,False
2114_0,31.67386177145221,7.6431491844501345,True,False,False
2116_0,-25.593510864230325,3.0381325905467325,True,True,True
2118_0,-34.3218509742581,3.017693334873476,True,True,True
2120_0,-23.592089627670532,3.0791309832874787,True,True,True
2122_0,-23.592095487584913,3.0791309832874787,True,True,True
2124_0,-34.321747719406744,3.0176933348734756,True,True,True
2126_0,-25.593428534327984,3.0381325905467325,True,True,True
2128_0,29.148013848209587,7.565242689300662,True,False,False
2130_0,42.980396953600234,8.292268223484092,True,False,False
2132_0,42.980396953600234,8.292268223484092,True,False,False
2134_0,-23.592093910367197,3.0791309832874787,True,True,True
2136_0,-9.759710804976407,4.216349721868957,True,True,True
2138_0,-9.759710804976464,4.216349721868958,True,True,True
2140_0,-34.321856834172536,3.017693334873476,True,True,True
2142_0,-34.321856834172536,3.017693334873476,True,True,True
2144_0,-23.592060982010025,3.0791309832874783,True,True,True
2146_0,-25.59350314351883,3.0381325905467325,True,True,True
2146_1,-25.59350314351883,3.0381325905467325,True,True,True
2148_0,-25.590534142981937,3.038132590546732,True,True,True
2150_0,-23.592093873629153,3.0791309832874787,True,True,True
2152_0,-25.593530439826225,3.038132590546733,True,True,True
2154_0,-23.592095487584913,3.0791309832874787,True,True,True
2156_0,-25.593537649093776,3.038132590546733,True,True,True
2158_0,-25.593537649093776,3.038132590546733,True,True,True
2160_0,-25.593537649093662,3.0381325905467325,True,True,True
2160_1,-25.593537649093662,3.0381325905467325,True,True,True
2160_2,-25.593537649093662,3.0381325905467325,True,True,True
2162_0,-34.32185683417248,3.017693334873476,True,True,True
2164_0,-25.593537649093776,3.038132590546733,True,True,True
2166_0,-34.32185683417242,3.017693334873476,True,True,True
2168_0,-25.593537649093662,3.0381325905467325,True,True,True
2170_0,-34.32185683417248,3.017693334873476,True,True,True
2172_0,-34.32185683417242,3.017693334873476,True,True,True
2174_0,-34.32185683417248,3.0176933348734756,True,True,True
2176_0,-25.59353764909372,3.038132590546732,True,True,True
2178_0,-25.59353764909372,3.038132590546732,True,True,True
2180_0,-34.32185683417248,3.0176933348734756,True,True,True
2182_0,-25.593537649093776,3.038132590546733,True,True,True
2184_0,-34.32185683417248,3.0176933348734756,True,True,True
2186_0,-23.592095487584913,3.0791309832874783,True,True,True
2188_0,-34.321856834172536,3.017693334873476,True,True,True
2190_0,-34.318853328060754,3.0176933348734756,True,True,True
2192_0,-23.66649598253798,3.7489997313964687,True,True,True
2193_0,-23.666495982537754,3.7489997313964687,True,True,True
2195_0,-26.170277634967533,3.746338307411296,True,True,True
2196_0,-23.99222619906709,4.312023665422936,True,True,True
2197_0,-34.898579526252774,3.7145914954722428,True,True,True
2199_0,-24.165831967346804,3.75662510802412,True,True,True
2200_0,-24.168835473458643,3.75662510802412,True,True,True
2201_0,22.368802600499663,8.396459427293603,True,False,False
2202_0,31.097121785578395,8.424169977549196,True,False,False
2203_0,-26.170250850104026,3.746338307411297,True,True,True
2204_0,-34.89859096013191,3.7145914954722423,True,True,True
2206_0,-24.168829613544347,3.75662510802412,True,True,True
2208_0,-24.16883547345867,3.75662510802412,True,True,True
2209_0,-34.89848770528039,3.7145914954722428,True,True,True
2211_0,-26.170168520201685,3.7463383074112966,True,True,True
2212_0,28.571273862335772,8.337865910383506,True,False,False
2214_0,-24.168833896240926,3.75662510802412,True,True,True
2215_0,-34.898596820046265,3.7145914954722428,True,True,True
2216_0,-34.89859682004618,3.7145914954722428,True,True,True
2217_0,-24.16880096788384,3.75662510802412,True,True,True
2218_0,-26.170243129392645,3.7463383074112966,True,True,True
2218_1,-26.170243129392645,3.7463383074112966,True,True,True
2219_0,-26.170277634967533,3.7463383074112966,True,True,True
2220_0,-26.170277634967533,3.7463383074112966,True,True,True
2220_1,-26.170277634967533,3.7463383074112966,True,True,True
2221_0,-26.167274128855524,3.746338307411297,True,True,True
2222_0,-26.167274128855524,3.746338307411297,True,True,True
2223_0,-26.17027763496742,3.7463383074112966,True,True,True
2224_0,-26.17027763496742,3.7463383074112966,True,True,True
2225_0,-24.16883547345867,3.75662510802412,True,True,True
2226_0,-26.17027763496742,3.7463383074112966,True,True,True
2227_0,-24.16883547345867,3.75662510802412,True,True,True
2228_0,-26.170277634967533,3.7463383074112966,True,True,True
2229_0,-34.89859682004624,3.7145914954722423,True,True,True
2230_0,-26.17027763496742,3.7463383074112966,True,True,True
2231_0,-24.168835473458557,3.7566251080241204,True,True,True
2232_0,-24.16883547345867,3.75662510802412,True,True,True
2234_0,-26.170277634967533,3.7463383074112966,True,True,True
2235_0,-26.170277634967533,3.7463383074112966,True,True,True
2236_0,-34.89859682004624,3.7145914954722423,True,True,True
2238_0,-26.17027763496742,3.7463383074112966,True,True,True
2239_0,-26.17027763496742,3.7463383074112966,True,True,True
2240_0,-24.16883547345867,3.75662510802412,True,True,True
2241_0,-26.170277634967533,3.7463383074112966,True,True,True
2242_0,-24.16883547345867,3.75662510802412,True,True,True
2243_0,-34.89859682004635,3.7145914954722423,True,True,True
2245_0,-34.89859682004635,3.7145914954722423,True,True,True
2246_0,-24.16869163285503,3.75662510802412,True,True,True
2248_0,-26.170133794363892,3.7463383074112966,True,True,True
2249_0,-26.170133794363892,3.7463383074112966,True,True,True
2250_0,-34.89859682004624,3.7145914954722423,True,True,True
2252_0,-26.170277634967533,3.7463383074112966,True,True,True
2253_0,-26.170277634967533,3.7463383074112966,True,True,True
2254_0,-24.168835473458557,3.7566251080241204,True,True,True
2255_0,-26.17027763496742,3.7463383074112966,True,True,True
2257_0,-24.165831967346662,3.75662510802412,True,True,True
2258_0,-26.167274128855638,3.746338307411297,True,True,True
2260_0,-26.16727412885541,3.7463383074112966,True,True,True
2262_0,-26.16727412885541,3.746338307411297,True,True,True
2264_0,-26.167274128855468,3.746338307411297,True,True,True
2266_0,-26.16727412885541,3.746338307411297,True,True,True
2267_0,-34.89559331393423,3.7145914954722428,True,True,True
2269_0,-24.165831967346662,3.7566251080241204,True,True,True
2271_0,-26.16727412885541,3.746338307411297,True,True,True
2273_0,-26.16727412885541,3.746338307411297,True,True,True
2274_0,-34.89559331393423,3.7145914954722428,True,True,True
2276_0,-26.167274128855468,3.746338307411297,True,True,True
2278_0,-26.16727412885541,3.746338307411297,True,True,True
2280_0,-24.165831967346605,3.7566251080241204,True,True,True
2281_0,-34.895593313934285,3.7145914954722423,True,True,True
2283_0,-26.167274128855524,3.7463383074112966,True,True,True
2285_0,-26.167274128855524,3.7463383074112966,True,True,True
2286_0,-34.89559331393423,3.7145914954722423,True,True,True
2288_0,-26.167274128855524,3.746338307411297,True,True,True
2290_0,-26.167274128855468,3.746338307411297,True,True,True
2292_0,-24.16883547345867,3.75662510802412,True,True,True
2294_0,-26.170277634967533,3.7463383074112966,True,True,True
2296_0,-26.170277634967533,3.7463383074112966,True,True,True
2298_0,-26.170277634967533,3.7463383074112966,True,True,True
2300_0,-34.89859682004624,3.7145914954722428,True,True,True
2302_0,-26.17027688116707,3.746338307411297,True,True,True
2304_0,-26.17027688116707,3.746338307411297,True,True,True
2306_0,-26.17027688116707,3.746338307411297,True,True,True
2308_0,-26.17027688116707,3.746338307411297,True,True,True
2310_0,-24.168834719658207,3.75662510802412,True,True,True
2312_0,-26.170276881167183,3.746338307411297,True,True,True
2314_0,-34.89859606624594,3.7145914954722428,True,True,True
2316_0,-34.89559331393423,3.7145914954722428,True,True,True
2318_0,-34.89559331393423,3.7145914954722428,True,True,True
2320_0,-34.89559331393423,3.7145914954722423,True,True,True
2322_0,-24.168833859502854,3.7566251080241204,True,True,True
2324_0,-26.170270425699925,3.7463383074112966,True,True,True
2326_0,-24.168835473458728,3.7566251080241204,True,True,True
2328_0,-26.17027763496759,3.7463383074112966,True,True,True
2330_0,-26.17027763496759,3.7463383074112966,True,True,True
2332_0,-26.170277634967476,3.7463383074112966,True,True,True
2332_1,-26.170277634967476,3.7463383074112966,True,True,True
2332_2,-26.170277634967476,3.7463383074112966,True,True,True
2334_0,-34.89859682004629,3.7145914954722428,True,True,True
2336_0,-26.17027763496759,3.7463383074112966,True,True,True
2338_0,-34.89859682004624,3.7145914954722428,True,True,True
2340_0,-26.170277634967476,3.7463383074112966,True,True,True
2342_0,-34.89859682004629,3.7145914954722428,True,True,True
2344_0,-34.89859682004624,3.7145914954722428,True,True,True
2346_0,-34.89559331393423,3.7145914954722428,True,True,True
2348_0,-24.165831967346662,3.7566251080241204,True,True,True
2350_0,-34.89559331393423,3.7145914954722423,True,True,True
2352_0,-26.167274128855524,3.746338307411297,True,True,True
2354_0,-34.895593313934285,3.7145914954722423,True,True,True
2356_0,-23.666495982537867,3.7489997313964687,True,True,True
2358_0,-37.85575784838784,4.324873493714563,True,True,True
2360_0,-23.66642049316704,3.748999731396469,True,True,True
2362_0,-37.85575784838784,4.324873493714563,True,True,True
2364_0,-23.66649598253798,3.748999731396469,True,True,True
2366_0,-23.66649598253798,3.748999731396469,True,True,True
2368_0,-23.66649598253798,3.748999731396469,True,True,True
2370_0,-37.85575784838795,4.324873493714563,True,True,True
2372_0,-23.66649598253798,3.748999731396469,True,True,True
2374_0,-23.66649598253798,3.748999731396469,True,True,True
2376_0,-23.66649598253798,3.748999731396469,True,True,True
2378_0,-23.66649598253798,3.748999731396469,True,True,True
2380_0,-34.89859682004629,3.7145914954722428,True,True,True
2382_0,-26.170277634967533,3.7463383074112966,True,True,True
2384_0,-26.170277634967533,3.7463383074112966,True,True,True
2386_0,-34.89859682004629,3.7145914954722428,True,True,True
2388_0,-26.17027763496759,3.7463383074112966,True,True,True
2390_0,-34.89859682004629,3.7145914954722428,True,True,True
2392_0,-24.168835473458728,3.75662510802412,True,True,True
2394_0,-34.89859682004635,3.714591495472243,True,True,True
2396_0,-34.89859682004624,3.714591495472243,True,True,True
2398_0,-34.89559331393434,3.7145914954722428,True,True,True
2400_0,-24.165831967346662,3.75662510802412,True,True,True
2402_0,-26.16727412885541,3.7463383074112966,True,True,True
2404_0,-26.16727412885541,3.746338307411297,True,True,True
2406_0,-26.167274128855468,3.746338307411297,True,True,True
2408_0,-34.89559331393423,3.7145914954722428,True,True,True
2410_0,-26.167274128855468,3.746338307411297,True,True,True
2412_0,-26.167274128855468,3.746338307411297,True,True,True
2414_0,-34.89559331393417,3.7145914954722428,True,True,True
2416_0,-26.167274128855468,3.746338307411297,True,True,True
2418_0,-26.167274128855468,3.746338307411297,True,True,True
2420_0,-34.89559331393417,3.7145914954722428,True,True,True
2422_0,-26.167274128855468,3.746338307411297,True,True,True
2424_0,-34.895593313934285,3.7145914954722423,True,True,True
2426_0,-34.89859682004624,3.7145914954722428,True,True,True
2428_0,-34.89859682004624,3.7145914954722428,True,True,True
2429_0,-21.511660902894846,4.53306988548364,True,True,True
2431_0,-35.34404400828552,3.367528679376491,True,True,True
2433_0,-21.511660902894846,4.53306988548364,True,True,True
2435_0,-21.511660902894903,4.53306988548364,True,True,True
2436_0,-20.489473728781718,4.2408688659167,True,True,True
2437_0,-34.32185683417248,3.017693334873476,True,True,True
2439_0,301.4003099659137,100000.00008918784,False,False,False
2440_0,301.4002271932858,100000.00008918784,False,False,False
2442_0,295.95949955416154,100000.00010242341,False,False,False
2443_0,303.0429219698134,100000.00009763137,False,False,False
2444_0,301.4003099659139,100000.00008918784,False,False,False
2445_0,358.6676826015962,100000.00009392812,False,False,False
2446_0,304.4239393015356,100000.00010232547,False,False,False
2447_0,301.4003158258281,100000.00008918784,False,False,False
2449_0,288.49699389316834,100000.00013416224,False,False,False
2450_0,301.4003099659139,100000.00008918784,False,False,False
2451_0,301.4004190806796,100000.00008918784,False,False,False
2452_0,364.8701633545023,100000.00008676037,False,False,False
2453_0,301.4003099659138,100000.00008918784,False,False,False
2454_0,301.4003099659138,100000.00008918784,False,False,False
2455_0,301.4003099659137,100000.00008918784,False,False,False
2457_0,300.9585441062445,100000.00008097776,False,False,False
2458_0,301.40030996591395,100000.00008918784,False,False,False
2459_0,301.40030996591395,100000.00008918784,False,False,False
2460_0,301.40030996591395,100000.00008918784,False,False,False
2461_0,301.40030996591395,100000.00008918784,False,False,False
2462_0,301.4003099659137,100000.00008918784,False,False,False
2464_0,301.4003099659137,100000.00008918784,False,False,False
2465_0,301.40030996591383,100000.00008918784,False,False,False
2466_0,301.40030996591395,100000.00008918784,False,False,False
2468_0,313.15622316130367,100000.0001267476,False,False,False
2470_0,301.40030996591383,100000.00008918784,False,False,False
2471_0,301.4003099659137,100000.00008918784,False,False,False
2472_0,301.4003099659137,100000.00008918784,False,False,False
2473_0,301.4003099659137,100000.00008918784,False,False,False
2474_0,301.4003099659137,100000.00008918784,False,False,False
2475_0,301.40030996591383,100000.00008918784,False,False,False
2477_0,301.40030996591383,100000.00008918784,False,False,False
2478_0,301.40030996591383,100000.00008918784,False,False,False
2479_0,301.40030996591383,100000.00008918784,False,False,False
2481_0,301.40030996591395,100000.00008918784,False,False,False
2482_0,301.40030996591395,100000.00008918784,False,False,False
2484_0,301.4003099659137,100000.00008918784,False,False,False
2486_0,301.4003099659137,100000.00008918784,False,False,False
2488_0,301.4003099659137,100000.00008918784,False,False,False
2490_0,301.40030996591383,100000.00008918784,False,False,False
2492_0,301.4003099659137,100000.00008918784,False,False,False
2494_0,301.4003099659137,100000.00008918784,False,False,False
2495_0,301.4003099659137,100000.00008918784,False,False,False
2496_0,301.4003099659137,100000.00008918784,False,False,False
2498_0,301.40030996591383,100000.00008918784,False,False,False
2500_0,301.40030996591383,100000.00008918784,False,False,False
2502_0,301.4003115798696,100000.00008918784,False,False,False
2503_0,301.40030850772905,100000.00008918784,False,False,False
2504_0,301.40030996591383,100000.00008918784,False,False,False
2506_0,301.40030996591383,100000.00008918784,False,False,False
2508_0,301.40030996591383,100000.00008918784,False,False,False
2509_0,301.40030996591383,100000.00008918784,False,False,False
2511_0,301.4003099659137,100000.00008918784,False,False,False
2512_0,301.40030996591383,100000.00008918784,False,False,False
2514_0,301.40030996591383,100000.00008918784,False,False,False
2516_0,301.4003099659137,100000.00008918784,False,False,False
2518_0,301.40030996591383,100000.00008918784,False,False,False
2520_0,301.40030996591383,100000.00008918784,False,False,False
2522_0,301.4003099659137,100000.00008918784,False,False,False
2524_0,301.40030996591383,100000.00008918784,False,False,False
2526_0,301.40030996591383,100000.00008918784,False,False,False
2528_0,301.4003099659137,100000.00008918784,False,False,False
2530_0,301.40030996591383,100000.00008918784,False,False,False
2532_0,301.40030996591383,100000.00008918784,False,False,False
2534_0,301.40030996591383,100000.00008918784,False,False,False
2536_0,301.4003099659137,100000.00008918784,False,False,False
2538_0,301.4003099659137,100000.00008918784,False,False,False
2540_0,301.4003099659137,100000.00008918784,False,False,False
2541_0,301.4003099659137,100000.00008918784,False,False,False
2543_0,301.4003099659137,100000.00008918784,False,False,False
2544_0,301.4003099659137,100000.00008918784,False,False,False
2546_0,301.4003099659138,100000.00008918784,False,False,False
2548_0,301.4003099659138,100000.00008918784,False,False,False
2550_0,301.40030996591383,100000.00008918784,False,False,False
2552_0,301.40030996591383,100000.00008918784,False,False,False
2554_0,301.4003099659137,100000.00008918784,False,False,False
2555_0,301.4003099659137,100000.00008918784,False,False,False
2557_0,301.4003099659137,100000.00008918784,False,False,False
2559_0,301.4003099659137,100000.00008918784,False,False,False
2560_0,301.4003099659137,100000.00008918784,False,False,False
2562_0,301.40030996591383,100000.00008918784,False,False,False
2563_0,301.4003099659137,100000.00008918784,False,False,False
2565_0,301.40030996591383,100000.00008918784,False,False,False
2567_0,301.40030996591383,100000.00008918784,False,False,False
2569_0,301.40030996591383,100000.00008918784,False,False,False
2571_0,301.40030996591383,100000.00008918784,False,False,False
2573_0,301.4003099659137,100000.00008918784,False,False,False
2575_0,301.4003099659137,100000.00008918784,False,False,False
2576_0,301.40030996591383,100000.00008918784,False,False,False
2578_0,301.40030996591383,100000.00008918784,False,False,False
2580_0,301.4003099659137,100000.00008918784,False,False,False
2582_0,301.40030996591395,100000.00008918784,False,False,False
2584_0,301.40030996591395,100000.00008918784,False,False,False
2586_0,301.4002792126814,100000.00008918784,False,False,False
2588_0,-61.1049381427153,1.63380246268025,True,True,True
2590_0,-61.10492642101744,1.6338024626802503,True,True,True
2591_0,-53.86655315250488,2.475256038178818,True,True,True
2592_0,-61.10509340068961,1.6338024626802503,True,True,True
2593_0,-3.8375739004066247,8.018509431390086,True,True,False
2594_0,-57.357833284049704,2.423229529516376,True,True,True
2595_0,-61.10492942548393,1.6338024626802503,True,True,True
2597_0,-68.79083442357302,2.1230413805936985,True,True,True
2599_0,-61.10484319700342,1.6338024626802503,True,True,True
2600_0,-61.10490579196966,1.63380246268025,True,True,True
2601_0,14.4129204602487,8.187254820187235,True,False,False
2603_0,-61.10493036812096,1.63380246268025,True,True,True
2604_0,-61.105145603082065,1.63380246268025,True,True,True
2605_0,-61.104950113591116,1.63380246268025,True,True,True
2607_0,-72.68810414815437,1.5399848120687492,True,True,True
2608_0,301.40027921268154,100000.00008918784,False,False,False
2609_0,301.40027921268154,100000.00008918784,False,False,False
2610_0,301.40027921268154,100000.00008918784,False,False,False
2611_0,301.40027921268154,100000.00008918784,False,False,False
2612_0,301.40027921268154,100000.00008918784,False,False,False
2614_0,301.40027921268154,100000.00008918784,False,False,False
2615_0,301.40027921268154,100000.00008918784,False,False,False
2616_0,301.40027921268154,100000.00008918784,False,False,False
2618_0,-62.63467017388149,2.2111628710607834,True,True,True
2620_0,301.3734177123989,100000.00008918784,False,False,False
2621_0,301.4002799664818,100000.00008918784,False,False,False
2622_0,301.4002799664818,100000.00008918784,False,False,False
2623_0,301.4002799664818,100000.00008918784,False,False,False
2624_0,301.4002799664818,100000.00008918784,False,False,False
2625_0,301.4002799664819,100000.00008918784,False,False,False
2627_0,301.3734177123989,100000.00008918784,False,False,False
2628_0,301.4002799664819,100000.00008918784,False,False,False
2629_0,301.40027996648195,100000.00008918784,False,False,False
2630_0,301.40027921268154,100000.00008918784,False,False,False
2631_0,301.40027921268154,100000.00008918784,False,False,False
2633_0,301.4009014861695,100000.00008918784,False,False,False
2634_0,301.4009014861695,100000.00008918784,False,False,False
2636_0,301.4002792126814,100000.00008918784,False,False,False
2638_0,301.4002792126814,100000.00008918784,False,False,False
2640_0,301.4002799664818,100000.00008918784,False,False,False
2642_0,301.3734177123988,100000.00008918784,False,False,False
2644_0,301.4002799664818,100000.00008918784,False,False,False
2646_0,301.4002799664818,100000.00008918784,False,False,False
2648_0,301.4002799664819,100000.00008918784,False,False,False
2650_0,301.4002792126816,100000.00008918784,False,False,False
2652_0,301.40028082663736,100000.00008918784,False,False,False
2654_0,-61.104846138410664,1.63380246268025,True,True,True
2656_0,301.40027921268165,100000.00008918784,False,False,False
2658_0,301.40027921268165,100000.00008918784,False,False,False
2660_0,301.4002792126816,100000.00008918784,False,False,False
2662_0,301.4002792126816,100000.00008918784,False,False,False
2664_0,301.4002792126815,100000.00008918784,False,False,False
2666_0,301.40027921268165,100000.00008918784,False,False,False
2668_0,301.40027921268165,100000.00008918784,False,False,False
2670_0,301.4002792126815,100000.00008918784,False,False,False
2672_0,301.40027921268165,100000.00008918784,False,False,False
2674_0,301.40027921268165,100000.00008918784,False,False,False
2676_0,301.4002792126815,100000.00008918784,False,False,False
2678_0,301.40027921268165,100000.00008918784,False,False,False
2680_0,301.40027921268165,100000.00008918784,False,False,False
2682_0,301.4002799664818,100000.00008918784,False,False,False
2684_0,301.4002799664819,100000.00008918784,False,False,False
2686_0,301.4002799664819,100000.00008918784,False,False,False
2688_0,301.4002799664819,100000.00008918784,False,False,False
2690_0,301.4002792126814,100000.00008918784,False,False,False
2692_0,301.40027921268154,100000.00008918784,False,False,False
2694_0,301.40027921268154,100000.00008918784,False,False,False
2696_0,301.40027921268154,100000.00008918784,False,False,False
2698_0,301.40027921268154,100000.00008918784,False,False,False
2700_0,301.40027921268154,100000.00008918784,False,False,False
2702_0,301.4002792126816,100000.00008918784,False,False,False
2704_0,301.4002792126816,100000.00008918784,False,False,False
2706_0,301.4002792126816,100000.00008918784,False,False,False
2708_0,301.4002792126816,100000.00008918784,False,False,False
2710_0,301.4002799664819,100000.00008918784,False,False,False
2712_0,301.4002799664818,100000.00008918784,False,False,False
2714_0,301.4002799664818,100000.00008918784,False,False,False
2716_0,301.4002799664818,100000.00008918784,False,False,False
2718_0,301.3734177123988,100000.00008918784,False,False,False
2720_0,301.40027996648195,100000.00008918784,False,False,False
2722_0,301.3734177123988,100000.00008918784,False,False,False
2724_0,301.40027996648195,100000.00008918784,False,False,False
2726_0,301.4002799664819,100000.00008918784,False,False,False
2728_0,301.4002799664819,100000.00008918784,False,False,False
2730_0,301.40027921268154,100000.00008918784,False,False,False
2732_0,301.4002792126814,100000.00008918784,False,False,False
2734_0,301.40027921268154,100000.00008918784,False,False,False
2736_0,301.40027921268154,100000.00008918784,False,False,False
2738_0,301.40027921268154,100000.00008918784,False,False,False
2740_0,301.40027921268154,100000.00008918784,False,False,False
2742_0,301.40027921268165,100000.00008918784,False,False,False
2744_0,301.40027921268165,100000.00008918784,False,False,False
2746_0,-91.59184078029057,6.863855719702931,True,True,True
2746_1,-91.59184078029057,6.863855719702931,True,True,True
2747_0,-71.83669159352792,6.902105105693943,True,True,True
2747_1,-71.83669159352792,6.902105105693943,True,True,True
2749_0,-89.08805912786113,6.793475334364905,True,True,True
2749_1,-89.08805912786113,6.793475334364905,True,True,True
2751_0,-69.33290994109836,6.820598691588558,True,True,True
2751_1,-69.33290994109836,6.820598691588558,True,True,True
2752_0,-71.83669159352792,6.902105105693944,True,True,True
2752_1,-71.83669159352792,6.902105105693944,True,True,True
2753_0,-68.51058941666213,7.020553743444276,True,True,True
2755_0,-76.08591005442975,7.116795851783035,True,True,True
2755_1,-76.08591005442975,7.116795851783035,True,True,True
2757_0,-82.51140223486391,6.5770790672035595,True,True,True
2757_1,-82.51140223486391,6.5770790672035595,True,True,True
2759_0,-69.33290994109836,6.820598691588558,True,True,True
2759_1,-69.33290994109836,6.820598691588558,True,True,True
2761_0,-117.61529973657514,7.900371198230959,True,True,True
2761_1,-117.61529973657514,7.900371198230959,True,True,True
2763_0,-97.86015054981237,7.956261330353448,True,True,True
2763_1,-97.86015054981237,7.956261330353448,True,True,True
2765_0,-89.08805912786113,6.793475334364905,True,True,True
2765_1,-89.08805912786113,6.793475334364905,True,True,True
2767_0,-91.59184078029057,6.863855719702933,True,True,True
2767_1,-91.59184078029057,6.863855719702933,True,True,True
2768_0,-69.33290994109836,6.820598691588558,True,True,True
2768_1,-69.33290994109836,6.820598691588558,True,True,True
2769_0,-32.771263934521926,1.825520976301239,True,True,True
2769_1,-32.771263934521926,1.825520976301239,True,True,True
2771_0,-19.76911486109043,2.651919519116431,True,True,True
2773_0,-32.7712639345217,1.8255209763012386,True,True,True
2773_1,-32.7712639345217,1.8255209763012386,True,True,True
2775_0,-19.769114861090316,2.651919519116431,True,True,True
2777_0,-2.8849851608262043,2.630350120851888,True,True,False
2777_1,-2.8849851608262043,2.630350120851888,True,True,False
2779_0,54.38239696592632,8.08774628565335,True,False,False
2779_1,54.38239696592632,8.08774628565335,True,False,False
2781_0,-2.884975669756045,2.6303501208518876,True,True,False
2781_1,-2.884975669756045,2.6303501208518876,True,True,False
2783_0,60.584868227762456,8.185530517891031,True,False,False
2783_1,60.584868227762456,8.185530517891031,True,False,False
2785_0,-7.704122220141926,1.0089001392175116,True,True,True
2785_1,-7.704122220141926,1.0089001392175116,True,True,True
2787_0,-3.061594435217671,1.4955318154526003,True,True,True
2787_1,-3.061594435217671,1.4955318154526003,True,True,True
2789_0,-6.061525932818199,1.8092514714994912,True,True,True
2789_1,-6.061525932818199,1.8092514714994912,True,True,True
2791_0,-1.4189808541004822,2.110730699325506,True,True,False
2791_1,-1.4189808541004822,2.110730699325506,True,True,False
2793_0,-7.704139513935502,1.0089001392175114,True,True,True
2793_1,-7.704139513935502,1.0089001392175114,True,True,True
2795_0,-3.061594435217671,1.4955318154526003,True,True,True
2795_1,-3.061594435217671,1.4955318154526003,True,True,True
2797_0,49.56325990661048,7.786482642668204,True,False,False
2797_1,49.56325990661048,7.786482642668204,True,False,False
2799_0,49.56325990661048,7.786482642668204,True,False,False
2799_1,49.56325990661048,7.786482642668204,True,False,False
2801_0,54.2058049853282,7.793270988560825,True,False,False
2801_1,54.2058049853282,7.793270988560825,True,False,False
2803_0,-7.704139513935502,1.0089001392175116,True,True,True
2803_1,-7.704139513935502,1.0089001392175116,True,True,True
2805_0,-7.7041127290718805,1.0089001392175116,True,True,True
2805_1,-7.7041127290718805,1.0089001392175116,True,True,True
2807_0,-3.0615676503541636,1.4955318154526003,True,True,True
2807_1,-3.0615676503541636,1.4955318154526003,True,True,True
2809_0,-26.954261677226327,1.5999741265311842,True,True,True
2809_1,-26.954261677226327,1.5999741265311842,True,True,True
2811_0,-7.704139513935502,1.0089001392175114,True,True,True
2811_1,-7.704139513935502,1.0089001392175114,True,True,True
2813_0,-3.061594435217671,1.4955318154526003,True,True,True
2813_1,-3.061594435217671,1.4955318154526003,True,True,True
2815_0,-3.061594435217785,1.4955318154526003,True,True,True
2815_1,-3.061594435217785,1.4955318154526003,True,True,True
2817_0,55.76573116844662,7.793270988560826,True,False,False
2817_1,55.76573116844662,7.793270988560826,True,False,False
2819_0,55.76573116844662,7.793270988560826,True,False,False
2819_1,55.76573116844662,7.793270988560826,True,False,False
2821_0,-3.0615928579998126,1.4955318154526003,True,True,True
2821_1,-3.0615928579998126,1.4955318154526003,True,True,True
2823_0,-7.704139513935388,1.0089001392175116,True,True,True
2823_1,-7.704139513935388,1.0089001392175116,True,True,True
2825_0,-7.704139513935388,1.0089001392175116,True,True,True
2825_1,-7.704139513935388,1.0089001392175116,True,True,True
2827_0,-7.873258684976008,1.6592820463578148,True,True,True
2827_1,-7.873258684976008,1.6592820463578148,True,True,True
2829_0,-21.536522619326206,4.0533414104314325,True,True,True
2829_1,-21.536522619326206,4.0533414104314325,True,True,True
2831_0,54.20578769153474,7.793270988560825,True,False,False
2831_1,54.20578769153474,7.793270988560825,True,False,False
2833_0,-3.0615849441477394,1.4955318154526005,True,True,True
2833_1,-3.0615849441477394,1.4955318154526005,True,True,True
2835_0,60.40825895337093,7.891154580260206,True,False,False
2835_1,60.40825895337093,7.891154580260206,True,False,False
2837_0,51.20585619393421,7.951042280673617,True,False,False
2837_1,51.20585619393421,7.951042280673617,True,False,False
2839_0,55.84840127265193,7.955368714488624,True,False,False
2839_1,55.84840127265193,7.955368714488624,True,False,False
2841_0,-6.061516441748381,1.8092514714994912,True,True,True
2841_1,-6.061516441748381,1.8092514714994912,True,True,True
2843_0,-1.4189713630306642,2.110730699325506,True,True,False
2843_1,-1.4189713630306642,2.110730699325506,True,True,False
2845_0,57.40832745577035,7.955368714488624,True,False,False
2845_1,57.40832745577035,7.955368714488624,True,False,False
2847_0,62.050872534488065,8.048987300879302,True,False,False
2847_1,62.050872534488065,8.048987300879302,True,False,False
2849_0,-6.061543226611661,1.8092514714994912,True,True,True
2849_1,-6.061543226611661,1.8092514714994912,True,True,True
2851_0,-1.4189981478939444,2.110730699325506,True,True,False
2851_1,-1.4189981478939444,2.110730699325506,True,True,False
2853_0,-6.06150872103683,1.8092514714994912,True,True,True
2853_1,-6.06150872103683,1.8092514714994912,True,True,True
2855_0,-1.4189636423189995,2.110730699325506,True,True,False
2855_1,-1.4189636423189995,2.110730699325506,True,True,False
2857_0,-6.061543226611775,1.809251471499491,True,True,True
2857_1,-6.061543226611775,1.809251471499491,True,True,True
2859_0,-1.418998147894058,2.110730699325506,True,True,False
2859_1,-1.418998147894058,2.110730699325506,True,True,False
2861_0,-6.061543226611775,1.8092514714994914,True,True,True
2861_1,-6.061543226611775,1.8092514714994914,True,True,True
2863_0,-1.418998147894058,2.1107306993255066,True,True,False
2863_1,-1.418998147894058,2.1107306993255066,True,True,False
2865_0,55.76571387465316,7.793270988560826,True,False,False
2865_1,55.76571387465316,7.793270988560826,True,False,False
2867_0,60.40825895337099,7.891154580260206,True,False,False
2867_1,60.40825895337099,7.891154580260206,True,False,False
2869_0,49.56324261281691,7.786482642668204,True,False,False
2869_1,49.56324261281691,7.786482642668204,True,False,False
2871_0,30.31312044952608,7.91622478905258,True,False,False
2871_1,30.31312044952608,7.91622478905258,True,False,False
2873_0,113.03311329519903,15.569304032044899,True,False,False
2873_1,113.03311329519903,15.569304032044899,True,False,False
2875_0,117.67565837391675,15.58285919807787,True,False,False
2875_1,117.67565837391675,15.58285919807787,True,False,False
2877_0,113.03311329519903,15.569304032044899,True,False,False
2877_1,113.03311329519903,15.569304032044899,True,False,False
2879_0,54.20578926875248,7.793270988560825,True,False,False
2879_1,54.20578926875248,7.793270988560825,True,False,False
2881_0,49.3941234417764,7.920664812438186,True,False,False
2881_1,49.3941234417764,7.920664812438186,True,False,False
2883_0,35.73085950742632,8.561966264723209,True,False,False
2883_1,35.73085950742632,8.561966264723209,True,False,False
2884_0,-7.704130022865456,1.0089001392175116,True,True,True
2884_1,-7.704130022865456,1.0089001392175116,True,True,True
2885_0,-7.704047692963115,1.0089001392175116,True,True,True
2885_1,-7.704047692963115,1.0089001392175116,True,True,True
2887_0,-7.704047692963115,1.0089001392175116,True,True,True
2887_1,-7.704047692963115,1.0089001392175116,True,True,True
2889_0,55.7657138746531,7.793270988560826,True,False,False
2889_1,55.7657138746531,7.793270988560826,True,False,False
2891_0,-7.704156807728964,1.0089001392175119,True,True,True
2891_1,-7.704156807728964,1.0089001392175119,True,True,True
2893_0,-7.704122302154133,1.0089001392175116,True,True,True
2893_1,-7.704122302154133,1.0089001392175116,True,True,True
2895_0,-7.704156807729021,1.0089001392175116,True,True,True
2895_1,-7.704156807729021,1.0089001392175116,True,True,True
2897_0,354.80107423769624,100000.00008450064,False,False,False
2897_1,354.80107423769624,100000.00008450064,False,False,False
2899_0,-7.704156807728907,1.008900139217512,True,True,True
2899_1,-7.704156807728907,1.008900139217512,True,True,True
2901_0,-26.954252186156282,1.5999741265311844,True,True,True
2901_1,-26.954252186156282,1.5999741265311844,True,True,True
2903_0,60.40828573823444,7.891154580260206,True,False,False
2903_1,60.40828573823444,7.891154580260206,True,False,False
2905_0,55.76574065951672,7.793270988560824,True,False,False
2905_1,55.76574065951672,7.793270988560824,True,False,False
2907_0,-3.0615833669299946,1.4955318154526003,True,True,True
2907_1,-3.0615833669299946,1.4955318154526003,True,True,True
2909_0,-7.8732491939060765,1.6592820463578148,True,True,True
2909_1,-7.8732491939060765,1.6592820463578148,True,True,True
2911_0,-21.53651312825616,4.0533414104314325,True,True,True
2911_1,-21.53651312825616,4.0533414104314325,True,True,True
2912_0,-26.954169856254055,1.5999741265311842,True,True,True
2912_1,-26.954169856254055,1.5999741265311842,True,True,True
2913_0,-26.954169856254055,1.5999741265311842,True,True,True
2913_1,-26.954169856254055,1.5999741265311842,True,True,True
2915_0,36.515591711362276,7.956117105246957,True,False,False
2915_1,36.515591711362276,7.956117105246957,True,False,False
2916_0,-26.954278971019903,1.5999741265311842,True,True,True
2916_1,-26.954278971019903,1.5999741265311842,True,True,True
2918_0,-26.954244465444958,1.5999741265311842,True,True,True
2918_1,-26.954244465444958,1.5999741265311842,True,True,True
2920_0,-26.954278971019903,1.5999741265311842,True,True,True
2920_1,-26.954278971019903,1.5999741265311842,True,True,True
2922_0,-26.954278971019903,1.5999741265311844,True,True,True
2922_1,-26.954278971019903,1.5999741265311844,True,True,True
2924_0,-26.954278971019903,1.5999741265311844,True,True,True
2924_1,-26.954278971019903,1.5999741265311844,True,True,True
2926_0,-26.954278971019903,1.5999741265311842,True,True,True
2926_1,-26.954278971019903,1.5999741265311842,True,True,True
2927_0,-26.954278971019903,1.5999741265311842,True,True,True
2927_1,-26.954278971019903,1.5999741265311842,True,True,True
2928_0,-26.954135130416148,1.5999741265311844,True,True,True
2928_1,-26.954135130416148,1.5999741265311844,True,True,True
2930_0,-26.954135130416148,1.5999741265311844,True,True,True
2930_1,-26.954135130416148,1.5999741265311844,True,True,True
2932_0,-26.954278971019903,1.5999741265311844,True,True,True
2932_1,-26.954278971019903,1.5999741265311844,True,True,True
2934_0,-26.954278971019903,1.5999741265311844,True,True,True
2934_1,-26.954278971019903,1.5999741265311844,True,True,True
2936_0,-26.954278971019903,1.5999741265311842,True,True,True
2936_1,-26.954278971019903,1.5999741265311842,True,True,True
2938_0,-26.95427897101996,1.5999741265311844,True,True,True
2938_1,-26.95427897101996,1.5999741265311844,True,True,True
2940_0,-26.954278971020017,1.5999741265311842,True,True,True
2940_1,-26.954278971020017,1.5999741265311842,True,True,True
2942_0,-26.95427897101979,1.5999741265311844,True,True,True
2942_1,-26.95427897101979,1.5999741265311844,True,True,True
2944_0,-26.95427897101979,1.5999741265311844,True,True,True
2944_1,-26.95427897101979,1.5999741265311844,True,True,True
2946_0,-26.954278971020017,1.5999741265311842,True,True,True
2946_1,-26.954278971020017,1.5999741265311842,True,True,True
2948_0,-26.954278971019903,1.5999741265311844,True,True,True
2948_1,-26.954278971019903,1.5999741265311844,True,True,True
2949_0,-26.954278971020017,1.5999741265311844,True,True,True
2949_1,-26.954278971020017,1.5999741265311844,True,True,True
2951_0,-26.954278971020017,1.5999741265311844,True,True,True
2951_1,-26.954278971020017,1.5999741265311844,True,True,True
2953_0,-26.954278971019903,1.5999741265311846,True,True,True
2953_1,-26.954278971019903,1.5999741265311846,True,True,True
2955_0,-26.954278971019903,1.5999741265311846,True,True,True
2955_1,-26.954278971019903,1.5999741265311846,True,True,True
2957_0,-26.954278971019903,1.5999741265311842,True,True,True
2957_1,-26.954278971019903,1.5999741265311842,True,True,True
2959_0,-26.954278971020017,1.5999741265311844,True,True,True
2959_1,-26.954278971020017,1.5999741265311844,True,True,True
2961_0,-26.954278971020017,1.5999741265311844,True,True,True
2961_1,-26.954278971020017,1.5999741265311844,True,True,True
2962_0,-26.954278971019903,1.5999741265311844,True,True,True
2962_1,-26.954278971019903,1.5999741265311844,True,True,True
2964_0,-26.954278971019903,1.5999741265311844,True,True,True
2964_1,-26.954278971019903,1.5999741265311844,True,True,True
2966_0,335.5509520744052,100000.0000909272,False,False,False
2966_1,335.5509520744052,100000.0000909272,False,False,False
2968_0,-22.27018266538812,4.2778038752254535,True,True,True
2968_1,-22.27018266538812,4.2778038752254535,True,True,True
2970_0,-22.27018266538812,4.2778038752254535,True,True,True
2970_1,-22.27018266538812,4.2778038752254535,True,True,True
2972_0,-22.27018266538812,4.2778038752254535,True,True,True
2972_1,-22.27018266538812,4.2778038752254535,True,True,True
2974_0,-26.954278971020017,1.5999741265311842,True,True,True
2974_1,-26.954278971020017,1.5999741265311842,True,True,True
2976_0,-22.27018266538812,4.2778038752254535,True,True,True
2976_1,-22.27018266538812,4.2778038752254535,True,True,True
2978_0,-26.954278971019903,1.5999741265311846,True,True,True
2978_1,-26.954278971019903,1.5999741265311846,True,True,True
2980_0,-22.270182665388006,4.2778038752254535,True,True,True
2980_1,-22.270182665388006,4.2778038752254535,True,True,True
2982_0,-26.954278971019903,1.5999741265311844,True,True,True
2982_1,-26.954278971019903,1.5999741265311844,True,True,True
2984_0,-26.954278971019903,1.5999741265311844,True,True,True
2984_1,-26.954278971019903,1.5999741265311844,True,True,True
2986_0,-26.95427897101979,1.5999741265311842,True,True,True
2986_1,-26.95427897101979,1.5999741265311842,True,True,True
2988_0,-26.954278971020017,1.5999741265311842,True,True,True
2988_1,-26.954278971020017,1.5999741265311842,True,True,True
2990_0,-26.954278971019903,1.5999741265311846,True,True,True
2990_1,-26.954278971019903,1.5999741265311846,True,True,True
2992_0,-26.954278971019903,1.5999741265311846,True,True,True
2992_1,-26.954278971019903,1.5999741265311846,True,True,True
2994_0,-26.954278971019903,1.5999741265311844,True,True,True
2994_1,-26.954278971019903,1.5999741265311844,True,True,True
2996_0,-29.445161757656024,1.8798002866586223,True,True,True
2998_0,-32.77126393452181,1.825520976301239,True,True,True
2998_1,-32.77126393452181,1.825520976301239,True,True,True
3000_0,-19.769114861090316,2.651919519116431,True,True,True
3000_1,-19.769114861090316,2.651919519116431,True,True,True
3002_0,-19.76911486109043,2.651919519116431,True,True,True
3002_1,-19.76911486109043,2.651919519116431,True,True,True
3004_0,-29.445161757656024,1.8798002866586223,True,True,True
3006_0,-32.771188445150756,1.8255209763012388,True,True,True
3006_1,-32.771188445150756,1.8255209763012388,True,True,True
3008_0,-32.77126393452181,1.8255209763012388,True,True,True
3008_1,-32.77126393452181,1.8255209763012388,True,True,True
3010_0,-32.77126393452181,1.8255209763012388,True,True,True
3010_1,-32.77126393452181,1.8255209763012388,True,True,True
3012_0,-19.76911486109043,2.651919519116431,True,True,True
3012_1,-19.76911486109043,2.651919519116431,True,True,True
3014_0,-29.445161757656138,1.8798002866586223,True,True,True
3016_0,-32.771263934521926,1.8255209763012388,True,True,True
3016_1,-32.771263934521926,1.8255209763012388,True,True,True
3018_0,-32.771263934521926,1.8255209763012388,True,True,True
3018_1,-32.771263934521926,1.8255209763012388,True,True,True
3020_0,-32.771263934521926,1.8255209763012388,True,True,True
3020_1,-32.771263934521926,1.8255209763012388,True,True,True
3022_0,-32.771263934521926,1.8255209763012388,True,True,True
3022_1,-32.771263934521926,1.8255209763012388,True,True,True
3024_0,-32.771263934521926,1.8255209763012388,True,True,True
3024_1,-32.771263934521926,1.8255209763012388,True,True,True
3026_0,-26.954278971019903,1.5999741265311842,True,True,True
3026_1,-26.954278971019903,1.5999741265311842,True,True,True
3028_0,-26.954278971019903,1.5999741265311842,True,True,True
3028_1,-26.954278971019903,1.5999741265311842,True,True,True
3030_0,-26.954278971019903,1.5999741265311842,True,True,True
3030_1,-26.954278971019903,1.5999741265311842,True,True,True
3032_0,-26.954278971019903,1.5999741265311842,True,True,True
3032_1,-26.954278971019903,1.5999741265311842,True,True,True
3034_0,-26.954278971020017,1.5999741265311844,True,True,True
3034_1,-26.954278971020017,1.5999741265311844,True,True,True
3036_0,-26.954278971019903,1.5999741265311846,True,True,True
3036_1,-26.954278971019903,1.5999741265311846,True,True,True
3038_0,-26.954278971019846,1.5999741265311842,True,True,True
3038_1,-26.954278971019846,1.5999741265311842,True,True,True
3040_0,-26.954278971020017,1.5999741265311842,True,True,True
3040_1,-26.954278971020017,1.5999741265311842,True,True,True
3042_0,-26.954278971020017,1.5999741265311842,True,True,True
3042_1,-26.954278971020017,1.5999741265311842,True,True,True
3044_0,-26.954278971020017,1.5999741265311842,True,True,True
3044_1,-26.954278971020017,1.5999741265311842,True,True,True
3046_0,-26.954278971019903,1.5999741265311842,True,True,True
3046_1,-26.954278971019903,1.5999741265311842,True,True,True
3048_0,-22.27018266538812,4.2778038752254535,True,True,True
3048_1,-22.27018266538812,4.2778038752254535,True,True,True
3050_0,-26.954278971020017,1.5999741265311842,True,True,True
3050_1,-26.954278971020017,1.5999741265311842,True,True,True
3052_0,-26.954278971019903,1.5999741265311842,True,True,True
3052_1,-26.954278971019903,1.5999741265311842,True,True,True
3054_0,-26.954278971019903,1.5999741265311842,True,True,True
3054_1,-26.954278971019903,1.5999741265311842,True,True,True
3056_0,-26.954278971019903,1.5999741265311844,True,True,True
3056_1,-26.954278971019903,1.5999741265311844,True,True,True
3058_0,-26.954278971019903,1.5999741265311844,True,True,True
3058_1,-26.954278971019903,1.5999741265311844,True,True,True
3060_0,-19.76911486109043,2.651919519116431,True,True,True
3060_1,-19.76911486109043,2.651919519116431,True,True,True
3062_0,-19.76911486109043,2.6519195191164315,True,True,True
3062_1,-19.76911486109043,2.6519195191164315,True,True,True
3064_0,-26.954278971019903,1.5999741265311844,True,True,True
3064_1,-26.954278971019903,1.5999741265311844,True,True,True
3066_0,-19.769114861090316,2.651919519116431,True,True,True
3066_1,-19.769114861090316,2.651919519116431,True,True,True
3068_0,55.76571387465316,7.793270988560826,True,False,False
3068_1,55.76571387465316,7.793270988560826,True,False,False
3070_0,60.40825895337099,7.891154580260206,True,False,False
3070_1,60.40825895337099,7.891154580260206,True,False,False
3072_0,60.40825895337093,7.891154580260206,True,False,False
3072_1,60.40825895337093,7.891154580260206,True,False,False
3074_0,-7.873166864003679,1.6592820463578148,True,True,True
3074_1,-7.873166864003679,1.6592820463578148,True,True,True
3076_0,-7.873166864003679,1.6592820463578148,True,True,True
3076_1,-7.873166864003679,1.6592820463578148,True,True,True
3078_0,-21.536430798353877,4.0533414104314325,True,True,True
3078_1,-21.536430798353877,4.0533414104314325,True,True,True
3080_0,-21.536430798353877,4.0533414104314325,True,True,True
3080_1,-21.536430798353877,4.0533414104314325,True,True,True
3082_0,119.23558455703522,15.58285919807787,True,False,False
3082_1,119.23558455703522,15.58285919807787,True,False,False
3084_0,60.40826053058862,7.891154580260206,True,False,False
3084_1,60.40826053058862,7.891154580260206,True,False,False
3086_0,55.765713874653045,7.793270988560827,True,False,False
3086_1,55.765713874653045,7.793270988560827,True,False,False
3088_0,55.765713874653045,7.793270988560827,True,False,False
3088_1,55.765713874653045,7.793270988560827,True,False,False
3090_0,55.59659470361254,7.960697372699946,True,False,False
3090_1,55.59659470361254,7.960697372699946,True,False,False
3092_0,41.933330769262454,8.57300706474246,True,False,False
3092_1,41.933330769262454,8.57300706474246,True,False,False
3094_0,-3.0616101517933885,1.4955318154526003,True,True,True
3094_1,-3.0616101517933885,1.4955318154526003,True,True,True
3096_0,-3.0615756462185573,1.4955318154526003,True,True,True
3096_1,-3.0615756462185573,1.4955318154526003,True,True,True
3098_0,-3.0616101517933885,1.4955318154526003,True,True,True
3098_1,-3.0616101517933885,1.4955318154526003,True,True,True
3100_0,-3.061610151793502,1.4955318154526003,True,True,True
3100_1,-3.061610151793502,1.4955318154526003,True,True,True
3102_0,-7.87327597876947,1.6592820463578148,True,True,True
3102_1,-7.87327597876947,1.6592820463578148,True,True,True
3104_0,-21.536539913119782,4.053341410431433,True,True,True
3104_1,-21.536539913119782,4.053341410431433,True,True,True
3106_0,-7.873241473194639,1.6592820463578148,True,True,True
3106_1,-7.873241473194639,1.6592820463578148,True,True,True
3108_0,-7.87327597876947,1.6592820463578148,True,True,True
3108_1,-7.87327597876947,1.6592820463578148,True,True,True
3110_0,354.6319550666557,100000.0000920112,False,False,False
3110_1,354.6319550666557,100000.0000920112,False,False,False
3112_0,-7.873275978769584,1.659282046357815,True,True,True
3112_1,-7.873275978769584,1.659282046357815,True,True,True
3114_0,-7.873275978769584,1.659282046357815,True,True,True
3114_1,-7.873275978769584,1.659282046357815,True,True,True
3116_0,-7.87327597876947,1.659282046357815,True,True,True
3116_1,-7.87327597876947,1.659282046357815,True,True,True
3118_0,-7.87327597876947,1.6592820463578148,True,True,True
3118_1,-7.87327597876947,1.6592820463578148,True,True,True
3120_0,-7.87327597876947,1.6592820463578148,True,True,True
3120_1,-7.87327597876947,1.6592820463578148,True,True,True
3122_0,-7.873275978769584,1.6592820463578148,True,True,True
3122_1,-7.873275978769584,1.6592820463578148,True,True,True
3124_0,-7.873275978769584,1.6592820463578148,True,True,True
3124_1,-7.873275978769584,1.6592820463578148,True,True,True
3126_0,-7.873275978769584,1.6592820463578148,True,True,True
3126_1,-7.873275978769584,1.6592820463578148,True,True,True
3128_0,-7.87327597876947,1.6592820463578148,True,True,True
3128_1,-7.87327597876947,1.6592820463578148,True,True,True
3130_0,-21.536505407544837,4.0533414104314325,True,True,True
3130_1,-21.536505407544837,4.0533414104314325,True,True,True
3132_0,-21.533536407007773,4.053341410431433,True,True,True
3132_1,-21.533536407007773,4.053341410431433,True,True,True
3134_0,340.96869188610583,100000.000164381,False,False,False
3134_1,340.96869188610583,100000.000164381,False,False,False
3136_0,-21.533536407007773,4.0533414104314325,True,True,True
3136_1,-21.533536407007773,4.0533414104314325,True,True,True
3138_0,-10.727768849557378,1.7581471621982618,True,True,True
3138_1,-10.727768849557378,1.7581471621982618,True,True,True
3140_0,46.539613277195144,7.9294344154539225,True,False,False
3140_1,46.539613277195144,7.9294344154539225,True,False,False
3142_0,-10.727759358487333,1.7581471621982618,True,True,True
3142_1,-10.727759358487333,1.7581471621982618,True,True,True
3144_0,-10.727677028584935,1.7581471621982618,True,True,True
3144_1,-10.727677028584935,1.7581471621982618,True,True,True
3146_0,-10.727677028584935,1.7581471621982618,True,True,True
3146_1,-10.727677028584935,1.7581471621982618,True,True,True
3148_0,52.74208453903117,7.959409480036161,True,False,False
3148_1,52.74208453903117,7.959409480036161,True,False,False
3150_0,-10.727786143350727,1.7581471621982618,True,True,True
3150_1,-10.727786143350727,1.7581471621982618,True,True,True
3152_0,-10.727751637775896,1.7581471621982618,True,True,True
3152_1,-10.727751637775896,1.7581471621982618,True,True,True
3154_0,-10.72778614335084,1.758147162198262,True,True,True
3154_1,-10.72778614335084,1.758147162198262,True,True,True
3155_0,351.7774449020744,100000.00009559964,False,False,False
3155_1,351.7774449020744,100000.00009559964,False,False,False
3157_0,-10.72778614335084,1.758147162198262,True,True,True
3157_1,-10.72778614335084,1.758147162198262,True,True,True
3158_0,-6.061543226611661,1.8092514714994914,True,True,True
3158_1,-6.061543226611661,1.8092514714994914,True,True,True
3160_0,-1.4189981478939444,2.110730699325506,True,True,False
3160_1,-1.4189981478939444,2.110730699325506,True,True,False
3161_0,-7.704156807728964,1.0089001392175116,True,True,True
3161_1,-7.704156807728964,1.0089001392175116,True,True,True
3162_0,-26.954278971019903,1.5999741265311844,True,True,True
3162_1,-26.954278971019903,1.5999741265311844,True,True,True
3164_0,-3.0616101517933885,1.4955318154526003,True,True,True
3164_1,-3.0616101517933885,1.4955318154526003,True,True,True
3166_0,-7.87327597876947,1.6592820463578148,True,True,True
3166_1,-7.87327597876947,1.6592820463578148,True,True,True
3168_0,-21.536539913119555,4.0533414104314325,True,True,True
3168_1,-21.536539913119555,4.0533414104314325,True,True,True
3170_0,-26.954278971019903,1.5999741265311842,True,True,True
3170_1,-26.954278971019903,1.5999741265311842,True,True,True
3172_0,-26.954278971019903,1.5999741265311842,True,True,True
3172_1,-26.954278971019903,1.5999741265311842,True,True,True
3174_0,-26.954278971019903,1.5999741265311842,True,True,True
3174_1,-26.954278971019903,1.5999741265311842,True,True,True
3175_0,-26.954278971019903,1.5999741265311842,True,True,True
3175_1,-26.954278971019903,1.5999741265311842,True,True,True
3177_0,-26.954278971019903,1.5999741265311842,True,True,True
3177_1,-26.954278971019903,1.5999741265311842,True,True,True
3178_0,-26.954278971019903,1.5999741265311842,True,True,True
3178_1,-26.954278971019903,1.5999741265311842,True,True,True
3179_0,-26.954278971019903,1.5999741265311844,True,True,True
3179_1,-26.954278971019903,1.5999741265311844,True,True,True
3180_0,-26.954278971019903,1.5999741265311844,True,True,True
3180_1,-26.954278971019903,1.5999741265311844,True,True,True
3181_0,-26.954278971019903,1.5999741265311842,True,True,True
3181_1,-26.954278971019903,1.5999741265311842,True,True,True
3183_0,-71.83669159352792,6.902105105693943,True,True,True
3185_0,-100.67227932571745,7.361161510900055,True,True,True
3187_0,-56.33076086766687,7.138590013558885,True,True,True
3189_0,-85.1663485998564,7.540689436487139,True,True,True
3191_0,-82.51140223486391,6.5770790672035595,True,True,True
3193_0,-2.8850024546196664,2.630350120851888,True,True,False
3195_0,376.72974603229125,100000.00011589513,False,False,False
3197_0,-7.704139513935388,1.0089001392175116,True,True,True
3199_0,9.405363266415236,1.8417947080684132,True,False,False
3201_0,-3.0616117290111333,1.4955318154526003,True,True,True
3203_0,376.5531375117002,100000.00009089508,False,False,False
3205_0,-6.061543226611661,1.8092514714994914,True,True,True
3207_0,-1.418998147894058,2.110730699325506,True,True,False
3208_0,11.047911140882263,2.323405974533999,True,False,False
3210_0,15.690453986144519,2.36106091999703,True,False,False
3211_0,371.91059167918195,100000.00009190453,False,False,False
3213_0,376.5531367578998,100000.00009089508,False,False,False
3214_0,429.17799109972793,100000.00009667275,False,False,False
3216_0,433.82053617844565,100000.00009009843,False,False,False
3218_0,-7.704150947814583,1.0089001392175116,True,True,True
3220_0,-7.704156807728964,1.0089001392175116,True,True,True
3221_0,9.405362352909464,1.8417947080684132,True,False,False
3223_0,376.5531635427634,100000.00009089508,False,False,False
3225_0,-26.954273111105522,1.5999741265311844,True,True,True
3227_0,-7.873270118855089,1.659282046357815,True,True,True
3229_0,-21.536534053205287,4.0533414104314325,True,True,True
3231_0,-26.954278971019903,1.5999741265311844,True,True,True
3233_0,-26.954278971019903,1.5999741265311842,True,True,True
3235_0,-26.954278971019903,1.5999741265311842,True,True,True
3237_0,-26.954278971019903,1.5999741265311842,True,True,True
3239_0,-26.954278971019903,1.5999741265311842,True,True,True
3241_0,-26.954278971019903,1.5999741265311842,True,True,True
3243_0,-26.954278971019903,1.5999741265311844,True,True,True
3245_0,-26.954278971019903,1.5999741265311842,True,True,True
3247_0,-26.954278971019903,1.5999741265311844,True,True,True
3249_0,-22.27018266538812,4.2778038752254535,True,True,True
3251_0,-22.27018266538812,4.2778038752254535,True,True,True
3253_0,-26.954278971020017,1.5999741265311842,True,True,True
3255_0,-22.27018266538812,4.2778038752254535,True,True,True
3257_0,-22.27018266538812,4.2778038752254535,True,True,True
3259_0,-26.95427897101979,1.5999741265311844,True,True,True
3261_0,-22.27018266538812,4.2778038752254535,True,True,True
3263_0,-22.270182665388006,4.2778038752254535,True,True,True
3264_0,-9.844753411601374,2.255297363007269,True,True,True
3266_0,-26.954278971020017,1.5999741265311842,True,True,True
3268_0,-26.95427176175224,1.5999741265311844,True,True,True
3270_0,-26.95427897101979,1.5999741265311842,True,True,True
3272_0,-26.954278971019903,1.5999741265311844,True,True,True
3274_0,-26.95427897101979,1.5999741265311842,True,True,True
3276_0,-32.77126393452181,1.825520976301239,True,True,True
3278_0,-32.77126393452181,1.8255209763012388,True,True,True
3280_0,-32.771263934521926,1.8255209763012388,True,True,True
3282_0,-26.954278971019903,1.5999741265311842,True,True,True
3284_0,-22.27018266538812,4.2778038752254535,True,True,True
3286_0,-26.954278971019903,1.5999741265311842,True,True,True
3287_0,371.91059167918195,100000.00009190453,False,False,False
3289_0,376.5531367578998,100000.00009089508,False,False,False
3291_0,376.5531367578999,100000.00009089508,False,False,False
3293_0,55.765713874653045,7.793270988560827,True,False,False
3295_0,435.38046236156424,100000.00009009843,False,False,False
3297_0,-3.0616101517933885,1.4955318154526003,True,True,True
3299_0,14.047835986622147,1.8988269574322778,True,False,False
3301_0,-7.873275978769584,1.6592820463578148,True,True,True
3303_0,-21.536539913119668,4.053341410431433,True,True,True
3304_0,371.91059167918206,100000.00009190453,False,False,False
3305_0,371.91059167918206,100000.00009190453,False,False,False
3307_0,371.9105916791822,100000.00009190453,False,False,False
3309_0,9.236161418390338,2.214489962073886,True,False,False
3311_0,-7.8732687695019195,1.659282046357815,True,True,True
3313_0,-7.87327597876947,1.659282046357815,True,True,True
3315_0,-7.873275978769584,1.659282046357815,True,True,True
3317_0,-7.87327597876947,1.659282046357815,True,True,True
3319_0,-7.87327597876947,1.6592820463578148,True,True,True
3321_0,376.5531712634746,100000.00009089508,False,False,False
3323_0,358.07820932759165,100000.00017511702,False,False,False
3325_0,376.55313751170013,100000.00009089508,False,False,False
3327_0,371.9105924329824,100000.00009190453,False,False,False
3329_0,-10.72778028343646,1.7581471621982618,True,True,True
3331_0,-10.72778614335084,1.7581471621982618,True,True,True
3332_0,6.381731298135037,2.319327233518381,True,False,False
3333_0,371.9105916791822,100000.00009190453,False,False,False
3335_0,-26.954278971019903,1.5999741265311842,True,True,True
3336_0,-6.381731298135151,2.319327233518381,True,True,True
3337_0,-371.91059167918195,100000.00009190453,False,False,False
3338_0,-371.91059167918195,100000.00009190453,False,False,False
3339_0,-429.17799109972805,100000.00009667275,False,False,False
3340_0,-371.91059167918206,100000.00009190453,False,False,False
3342_0,12.451991531738656,2.626362869010574,True,False,False
3344_0,15.153296643932606,2.610043448822801,True,False,False
3346_0,11.277657870270218,3.0071657037611237,True,False,False
3348_0,-69.72107160832672,4.424146199011449,True,True,True
3350_0,-67.21728995589706,4.519543777793561,True,True,True
3351_0,-83.0970873612834,4.950534916122379,True,True,True
3352_0,-69.72107160832667,4.424146199011448,True,True,True
3354_0,-67.21728995589706,4.51954377779356,True,True,True
3356_0,-67.21728995589706,4.51954377779356,True,True,True
3358_0,-60.64063306289984,4.466759476303281,True,True,True
3358_1,-60.64063306289984,4.466759476303281,True,True,True
3360_0,45.50624487684291,8.329963976886766,True,False,False
3362_0,-11.76112775883962,4.1793632664907845,True,True,True
3364_0,-11.758151037591006,4.1793632664907845,True,True,True
3366_0,31.67386177145221,7.6431491844501345,True,False,False
3368_0,-25.593510864230325,3.0381325905467325,True,True,True
3370_0,-25.593428534327984,3.0381325905467325,True,True,True
3370_1,-25.593428534327984,3.0381325905467325,True,True,True
3372_0,-25.590534142981937,3.038132590546732,True,True,True
3374_0,-25.593530439826225,3.038132590546733,True,True,True
3374_1,-25.593530439826225,3.038132590546733,True,True,True
3376_0,-25.593537649093776,3.038132590546733,True,True,True
3378_0,-25.593537649093776,3.038132590546733,True,True,True
3380_0,-25.593537649093662,3.0381325905467325,True,True,True
3382_0,-25.59353764909372,3.038132590546732,True,True,True
3384_0,-25.59353764909372,3.038132590546732,True,True,True
3386_0,-25.593537649093776,3.038132590546733,True,True,True
3386_1,-25.593537649093776,3.038132590546733,True,True,True
3387_0,-23.66649598253798,3.7489997313964687,True,True,True
3388_0,-23.666495982537754,3.7489997313964687,True,True,True
3389_0,-26.170277634967533,3.746338307411296,True,True,True
3390_0,31.097121785578395,8.424169977549196,True,False,False
3391_0,-26.170250850104026,3.746338307411297,True,True,True
3392_0,-26.170168520201685,3.7463383074112966,True,True,True
3392_1,-26.170168520201685,3.7463383074112966,True,True,True
3393_0,-26.170277634967533,3.7463383074112966,True,True,True
3394_0,-26.167274128855524,3.746338307411297,True,True,True
3395_0,-26.167274128855524,3.746338307411297,True,True,True
3396_0,-26.17027763496742,3.7463383074112966,True,True,True
3396_1,-26.17027763496742,3.7463383074112966,True,True,True
3397_0,-26.17027763496742,3.7463383074112966,True,True,True
3398_0,-26.17027763496742,3.7463383074112966,True,True,True
3399_0,-26.170277634967533,3.7463383074112966,True,True,True
3400_0,-26.17027763496742,3.7463383074112966,True,True,True
3401_0,-26.170277634967533,3.7463383074112966,True,True,True
3402_0,-26.17027763496742,3.7463383074112966,True,True,True
3403_0,-26.17027763496742,3.7463383074112966,True,True,True
3404_0,-26.170277634967533,3.7463383074112966,True,True,True
3404_1,-26.170277634967533,3.7463383074112966,True,True,True
3405_0,-26.170133794363892,3.7463383074112966,True,True,True
3405_1,-26.170133794363892,3.7463383074112966,True,True,True
3406_0,-26.170133794363892,3.7463383074112966,True,True,True
3406_1,-26.170133794363892,3.7463383074112966,True,True,True
3407_0,-26.170277634967533,3.7463383074112966,True,True,True
3407_1,-26.170277634967533,3.7463383074112966,True,True,True
3408_0,-26.170277634967533,3.7463383074112966,True,True,True
3409_0,-26.17027763496742,3.7463383074112966,True,True,True
3410_0,-26.167274128855638,3.746338307411297,True,True,True
3411_0,-26.16727412885541,3.7463383074112966,True,True,True
3412_0,-26.16727412885541,3.746338307411297,True,True,True
3413_0,-26.167274128855468,3.746338307411297,True,True,True
3414_0,-26.16727412885541,3.746338307411297,True,True,True
3415_0,-26.16727412885541,3.746338307411297,True,True,True
3416_0,-26.167274128855468,3.746338307411297,True,True,True
3417_0,-26.16727412885541,3.746338307411297,True,True,True
3417_1,-26.16727412885541,3.746338307411297,True,True,True
3418_0,-26.167274128855524,3.7463383074112966,True,True,True
3418_1,-26.167274128855524,3.7463383074112966,True,True,True
3419_0,-26.167274128855524,3.7463383074112966,True,True,True
3419_1,-26.167274128855524,3.7463383074112966,True,True,True
3420_0,-26.167274128855524,3.746338307411297,True,True,True
3420_1,-26.167274128855524,3.746338307411297,True,True,True
3421_0,-26.167274128855468,3.746338307411297,True,True,True
3422_0,-26.170277634967533,3.7463383074112966,True,True,True
3423_0,-26.170277634967533,3.7463383074112966,True,True,True
3424_0,-26.170277634967533,3.7463383074112966,True,True,True
3425_0,-26.17027688116707,3.746338307411297,True,True,True
3426_0,-26.19713913525004,3.746338307411297,True,True,True
3427_0,-26.17027688116707,3.746338307411297,True,True,True
3428_0,-26.17027688116707,3.746338307411297,True,True,True
3428_1,-26.17027688116707,3.746338307411297,True,True,True
3429_0,-26.170276881167183,3.746338307411297,True,True,True
3431_0,-26.170270425699925,3.7463383074112966,True,True,True
3431_1,-26.170270425699925,3.7463383074112966,True,True,True
3433_0,-26.17027763496759,3.7463383074112966,True,True,True
3435_0,-26.17027763496759,3.7463383074112966,True,True,True
3437_0,-26.170277634967476,3.7463383074112966,True,True,True
3439_0,-26.167274128855524,3.746338307411297,True,True,True
3441_0,-23.666495982537867,3.7489997313964687,True,True,True
3443_0,-23.66642049316704,3.748999731396469,True,True,True
3445_0,-23.66649598253798,3.748999731396469,True,True,True
3447_0,-23.66649598253798,3.748999731396469,True,True,True
3449_0,-23.66649598253798,3.748999731396469,True,True,True
3451_0,-23.66649598253798,3.748999731396469,True,True,True
3453_0,-23.66649598253798,3.748999731396469,True,True,True
3455_0,-23.66649598253798,3.748999731396469,True,True,True
3457_0,-23.66649598253798,3.748999731396469,True,True,True
3459_0,-26.170277634967533,3.7463383074112966,True,True,True
3461_0,-26.170277634967533,3.7463383074112966,True,True,True
3463_0,-26.17027763496759,3.7463383074112966,True,True,True
3463_1,-26.17027763496759,3.7463383074112966,True,True,True
3465_0,-26.16727412885541,3.7463383074112966,True,True,True
3467_0,-26.16727412885541,3.746338307411297,True,True,True
3469_0,-26.167274128855468,3.746338307411297,True,True,True
3471_0,-26.167274128855468,3.746338307411297,True,True,True
3473_0,-26.167274128855468,3.746338307411297,True,True,True
3475_0,-26.167274128855468,3.746338307411297,True,True,True
3477_0,-26.167274128855468,3.746338307411297,True,True,True
3477_1,-26.167274128855468,3.746338307411297,True,True,True
3479_0,-26.167274128855468,3.746338307411297,True,True,True
3479_1,-26.167274128855468,3.746338307411297,True,True,True
3481_0,-139.75128514008782,100000.00007656513,False,False,False
3483_0,-139.75128514008782,100000.00007656513,False,False,False
3484_0,26.170194862339372,3.7463383074112966,True,False,False
3485_0,26.170277634967533,3.7463383074112966,True,False,False
3486_0,26.167274128855524,3.746338307411297,True,False,False
3487_0,26.17027763496742,3.7463383074112966,True,False,False
3487_1,26.17027763496742,3.7463383074112966,True,False,False
3488_0,26.17027763496742,3.7463383074112966,True,False,False
3489_0,26.17027763496742,3.7463383074112966,True,False,False
3490_0,26.17027763496742,3.7463383074112966,True,False,False
3491_0,26.170277634967533,3.7463383074112966,True,False,False
3492_0,26.167274128855524,3.746338307411297,True,False,False
3493_0,26.17027763496742,3.7463383074112966,True,False,False
3494_0,26.17027763496742,3.7463383074112966,True,False,False
3495_0,26.17027763496742,3.7463383074112966,True,False,False
3496_0,26.17027763496742,3.7463383074112966,True,False,False
3496_1,26.17027763496742,3.7463383074112966,True,False,False
3497_0,26.170277634967533,3.7463383074112966,True,False,False
3499_0,-19.130193475482656,3.432320737520759,True,True,True
3499_1,-19.130193475482656,3.432320737520759,True,True,True
3499_2,-19.130193475482656,3.432320737520759,True,True,True
3500_0,-16.428888363861915,3.2336531274754337,True,True,True
3500_1,-16.428888363861915,3.2336531274754337,True,True,True
3500_2,-16.428888363861915,3.2336531274754337,True,True,True
3501_0,-13.577363121668327,3.7587943880220087,True,True,True
3501_1,-13.577363121668327,3.7587943880220087,True,True,True
3501_2,-13.577363121668327,3.7587943880220087,True,True,True
3503_0,-10.0494679383429,3.1200855661418267,True,True,True
3503_1,-10.0494679383429,3.1200855661418267,True,True,True
3503_2,-10.0494679383429,3.1200855661418267,True,True,True
3504_0,-7.34816282614895,3.10641243343619,True,True,True
3504_1,-7.34816282614895,3.10641243343619,True,True,True
3504_2,-7.34816282614895,3.10641243343619,True,True,True
3505_0,-4.49692457624144,3.458139330690047,True,True,False
3505_1,-4.49692457624144,3.458139330690047,True,True,False
3505_2,-4.49692457624144,3.458139330690047,True,True,False
3507_0,-51.688973116537,2.2717603424587565,True,True,True
3509_0,-51.688973116537,2.2717603424587565,True,True,True
3510_0,-51.688973116537,2.2717603424587565,True,True,True
3511_0,-51.688973116537,2.2717603424587565,True,True,True
3512_0,-51.688973116536886,2.2717603424587565,True,True,True
3513_0,-51.688973116536886,2.2717603424587565,True,True,True
3514_0,-51.688973116536886,2.2717603424587565,True,True,True
3515_0,-51.688973116536886,2.2717603424587565,True,True,True
3516_0,-51.688973116536886,2.2717603424587565,True,True,True
3517_0,-51.688973116537,2.2717603424587565,True,True,True
3518_0,-51.688973116537,2.2717603424587565,True,True,True
3519_0,-51.688973116537,2.2717603424587565,True,True,True
3520_0,-41.01426247520095,1.24685410860712,True,True,True
3521_0,-403.51953808137347,100000.00008618037,False,False,False
3522_0,-407.90978281014384,100000.00009003142,False,False,False
3523_0,-39.01282031369209,1.2616238877207056,True,True,True
3524_0,-41.014262475200894,1.2468541086071199,True,True,True
3525_0,-41.014262475200894,1.2468541086071199,True,True,True
3526_0,-41.014262475200894,1.2468541086071199,True,True,True
3527_0,-41.014262475200894,1.2468541086071199,True,True,True
3528_0,-45.404499416468184,1.4156030322241333,True,True,True
3529_0,-39.01282031369203,1.2616238877207056,True,True,True
3530_0,-47.04709570379197,1.9640235972640687,True,True,True
3531_0,-39.0128030198986,1.2616238877207056,True,True,True
3532_0,-45.40447263160476,1.4156030322241335,True,True,True
3533_0,-48.95419273193025,4.134763150091495,True,True,True
3534_0,-41.014153360435046,1.24685410860712,True,True,True
3535_0,-41.014153360435046,1.24685410860712,True,True,True
3536_0,-41.01426247520092,1.24685410860712,True,True,True
3537_0,-45.404467138772304,1.4156030322241335,True,True,True
3538_0,-39.0127858081172,1.2616238877207056,True,True,True
3539_0,-39.0128203136922,1.2616238877207056,True,True,True
3541_0,-45.40449941646824,1.4156030322241335,True,True,True
3542_0,-41.01426247520095,1.24685410860712,True,True,True
3543_0,-41.01426247520095,1.24685410860712,True,True,True
3544_0,-45.40449941646824,1.4156030322241335,True,True,True
3545_0,-39.0128203136922,1.2616238877207056,True,True,True
3546_0,-41.01426247520095,1.24685410860712,True,True,True
3547_0,-41.01426247520095,1.24685410860712,True,True,True
3548_0,-45.40449941646813,1.4156030322241335,True,True,True
3549_0,-39.01282031369209,1.2616238877207056,True,True,True
3550_0,-45.40449941646807,1.4156030322241335,True,True,True
3551_0,-39.01282031369203,1.2616238877207053,True,True,True
3552_0,-45.40449941646807,1.4156030322241335,True,True,True
3553_0,-39.01282031369203,1.2616238877207056,True,True,True
3554_0,-45.40450936802222,1.4156030322241335,True,True,True
3555_0,-39.01282031369203,1.2616238877207053,True,True,True
3556_0,-45.40449941646807,1.4156030322241335,True,True,True
3557_0,-39.01282031369203,1.2616238877207056,True,True,True
3558_0,-41.01426247520101,1.24685410860712,True,True,True
3559_0,-41.01426247520101,1.24685410860712,True,True,True
3560_0,-41.01411863459708,1.24685410860712,True,True,True
3561_0,-41.01411863459708,1.24685410860712,True,True,True
3562_0,-41.014262475200894,1.2468541086071199,True,True,True
3563_0,-41.014262475200894,1.2468541086071199,True,True,True
3564_0,-41.01426247520078,1.2468541086071199,True,True,True
3565_0,-41.01426247520078,1.2468541086071199,True,True,True
3566_0,-41.01426247520095,1.24685410860712,True,True,True
3567_0,-41.01426247520095,1.24685410860712,True,True,True
3568_0,-45.40449941646824,1.4156030322241338,True,True,True
3569_0,-39.01282031369209,1.2616238877207056,True,True,True
3570_0,-45.404499416468184,1.4156030322241335,True,True,True
3571_0,-39.01282031369206,1.2616238877207056,True,True,True
3572_0,-41.01426247520095,1.24685410860712,True,True,True
3573_0,-41.01426247520095,1.24685410860712,True,True,True
3574_0,-41.01426247520095,1.24685410860712,True,True,True
3575_0,-41.01426247520095,1.24685410860712,True,True,True
3576_0,-45.40449941646824,1.4156030322241338,True,True,True
3577_0,-39.01282031369209,1.2616238877207056,True,True,True
3578_0,-41.01426247520095,1.24685410860712,True,True,True
3579_0,-41.01426247520095,1.24685410860712,True,True,True
3580_0,-45.40449941646824,1.4156030322241338,True,True,True
3581_0,-39.01282031369209,1.2616238877207056,True,True,True
3582_0,-41.01426247520078,1.2468541086071199,True,True,True
3583_0,-41.01426247520078,1.2468541086071199,True,True,True
3584_0,-45.40449941646807,1.4156030322241335,True,True,True
3585_0,-39.012820313691975,1.2616238877207056,True,True,True
3586_0,-45.40449941646813,1.4156030322241335,True,True,True
3587_0,-39.012820313691975,1.2616238877207056,True,True,True
3588_0,-45.40449941646801,1.4156030322241338,True,True,True
3589_0,-39.01282031369192,1.2616238877207053,True,True,True
3590_0,-45.40449941646813,1.4156030322241335,True,True,True
3591_0,-39.012820313691975,1.2616238877207056,True,True,True
3592_0,-45.40449941646801,1.4156030322241338,True,True,True
3593_0,-39.01282031369192,1.2616238877207053,True,True,True
3594_0,-41.01426247520084,1.2468541086071199,True,True,True
3595_0,-41.01426247520084,1.2468541086071199,True,True,True
3596_0,-41.01426247520084,1.24685410860712,True,True,True
3597_0,-41.01426247520084,1.24685410860712,True,True,True
3598_0,-41.01426247520084,1.24685410860712,True,True,True
3599_0,-41.01426247520084,1.24685410860712,True,True,True
3600_0,-41.01426247520078,1.2468541086071199,True,True,True
3601_0,-41.01426247520078,1.2468541086071199,True,True,True
3602_0,-41.01426247520078,1.2468541086071199,True,True,True
3603_0,-41.01426247520078,1.2468541086071199,True,True,True
3604_0,-45.40449941646807,1.4156030322241335,True,True,True
3605_0,-39.012820313691975,1.2616238877207056,True,True,True
3606_0,-43.233938083918844,1.75662726549929,True,True,True
3607_0,-39.01280940203196,1.2616238877207056,True,True,True
3608_0,-45.404515289671565,1.4156030322241335,True,True,True
3609_0,-41.014251563540824,1.24685410860712,True,True,True
3610_0,-41.01426247520095,1.24685410860712,True,True,True
3611_0,-41.01426247520095,1.24685410860712,True,True,True
3612_0,-45.40450808392046,1.4156030322241335,True,True,True
3613_0,-39.0128203136922,1.2616238877207058,True,True,True
3614_0,-41.01426247520095,1.24685410860712,True,True,True
3615_0,-41.01426247520095,1.24685410860712,True,True,True
3616_0,-45.40449941646824,1.4156030322241335,True,True,True
3617_0,-39.0128203136922,1.2616238877207058,True,True,True
3618_0,-39.0128203136922,1.2616238877207058,True,True,True
3619_0,-45.40449941646824,1.4156030322241335,True,True,True
3620_0,-45.40449941646824,1.4156030322241335,True,True,True
3621_0,-39.0128203136922,1.2616238877207058,True,True,True
3622_0,-39.0128203136922,1.2616238877207053,True,True,True
3623_0,-45.404627614746005,1.4156030322241335,True,True,True
3624_0,-41.01427114265317,1.2468541086071199,True,True,True
3625_0,-41.01426247520095,1.2468541086071199,True,True,True
3626_0,-41.01426247520095,1.2468541086071199,True,True,True
3627_0,-41.01426247520095,1.2468541086071199,True,True,True
3628_0,-39.01282031369209,1.2616238877207056,True,True,True
3629_0,-45.40449941646824,1.4156030322241335,True,True,True
3630_0,-41.01426247520095,1.24685410860712,True,True,True
3631_0,-41.01426247520095,1.24685410860712,True,True,True
3632_0,-41.01426247520095,1.24685410860712,True,True,True
3633_0,-41.01426247520095,1.24685410860712,True,True,True
3634_0,-41.01426247520095,1.24685410860712,True,True,True
3635_0,-41.01426247520095,1.24685410860712,True,True,True
3636_0,-41.01426247520095,1.24685410860712,True,True,True
3637_0,-41.01426247520095,1.24685410860712,True,True,True
3638_0,-39.01282031369203,1.2616238877207056,True,True,True
3639_0,-45.404499416468184,1.4156030322241335,True,True,True
3640_0,-41.014262475200894,1.24685410860712,True,True,True
3641_0,-41.014262475200894,1.24685410860712,True,True,True
3642_0,-45.404499416468184,1.4156030322241335,True,True,True
3643_0,-39.01282031369203,1.2616238877207056,True,True,True
3644_0,-41.014153839460874,1.24685410860712,True,True,True
3645_0,-41.01440404314707,1.24685410860712,True,True,True
3646_0,-45.40452090467713,1.4156030322241335,True,True,True
3647_0,-39.01279884906944,1.2616238877207056,True,True,True
3648_0,-41.01426247520078,1.24685410860712,True,True,True
3649_0,-41.01426247520078,1.24685410860712,True,True,True
3650_0,-407.90963197682777,100000.00009003142,False,False,False
3651_0,-39.012820313691975,1.2616238877207056,True,True,True
3652_0,-41.01426247520078,1.24685410860712,True,True,True
3653_0,-41.01426247520078,1.24685410860712,True,True,True
3654_0,-45.40449941646807,1.4156030322241335,True,True,True
3655_0,-39.012820313691975,1.2616238877207056,True,True,True
3656_0,-45.40449941646807,1.4156030322241335,True,True,True
3657_0,-39.012820313691975,1.2616238877207056,True,True,True
3658_0,-45.40449941646807,1.4156030322241335,True,True,True
3659_0,-39.012820313691975,1.2616238877207056,True,True,True
3660_0,-41.01426247520078,1.24685410860712,True,True,True
3661_0,-41.01426247520078,1.24685410860712,True,True,True
3662_0,-41.01426247520078,1.24685410860712,True,True,True
3663_0,-41.01426247520078,1.24685410860712,True,True,True
3664_0,-403.5193950355606,100000.00008618037,False,False,False
3665_0,-41.014262475200894,1.2468541086071199,True,True,True
3666_0,-41.014262475200894,1.2468541086071199,True,True,True
3667_0,-41.014262475200894,1.2468541086071199,True,True,True
3668_0,-41.01426247520095,1.24685410860712,True,True,True
3669_0,-41.01426247520095,1.24685410860712,True,True,True
3670_0,-41.01426247520095,1.24685410860712,True,True,True
3671_0,-41.01426247520095,1.24685410860712,True,True,True
3672_0,-41.01426247520095,1.24685410860712,True,True,True
3673_0,-41.01426247520095,1.24685410860712,True,True,True
3674_0,-41.01426247520095,1.24685410860712,True,True,True
3675_0,-41.01426247520095,1.24685410860712,True,True,True
3676_0,-41.01426247520095,1.24685410860712,True,True,True
3677_0,-41.01426247520095,1.24685410860712,True,True,True
3678_0,-45.40449941646824,1.4156030322241335,True,True,True
3679_0,-39.01282031369209,1.2616238877207056,True,True,True
3681_0,-51.688973116537,2.2717603424587565,True,True,True
3682_0,-48.36287093967121,2.3682945912394207,True,True,True
3684_0,-51.688973116537,2.2717603424587565,True,True,True
3685_0,-26.606279591399584,1.9732755576883385,True,True,True
3686_0,-48.36287093967121,2.3682945912394207,True,True,True
3687_0,-51.688973116537,2.2717603424587565,True,True,True
3688_0,-51.688973116537,2.2717603424587565,True,True,True
3689_0,-48.36287093967121,2.3682945912394207,True,True,True
3690_0,-45.40449941646824,1.4156030322241335,True,True,True
3691_0,-36.928488368839965,1.4003928194704374,True,True,True
3692_0,-39.01282031369209,1.2616238877207053,True,True,True
3693_0,-45.40449941646813,1.4156030322241335,True,True,True
3694_0,-39.012820313691975,1.2616238877207056,True,True,True
3695_0,-45.40449941646813,1.4156030322241335,True,True,True
3696_0,-39.012820313691975,1.2616238877207056,True,True,True
3697_0,-41.01426247520084,1.24685410860712,True,True,True
3698_0,-41.01426247520084,1.24685410860712,True,True,True
3700_0,-45.404499416468184,1.4156030322241335,True,True,True
3702_0,-39.01282031369203,1.2616238877207056,True,True,True
3704_0,-45.404499416468184,1.4156030322241335,True,True,True
3706_0,-39.01282031369203,1.2616238877207053,True,True,True
3708_0,-45.404499416468184,1.4156030322241335,True,True,True
3710_0,-39.01282031369203,1.2616238877207053,True,True,True
3712_0,-45.404499416468184,1.4156030322241335,True,True,True
3714_0,-39.01282031369203,1.2616238877207053,True,True,True
3715_0,-65.87823498238697,2.334296092504949,True,True,True
3716_0,-51.68897311653711,2.2717603424587565,True,True,True
3717_0,-51.68897311653711,2.2717603424587565,True,True,True
3718_0,-51.68897311653711,2.2717603424587565,True,True,True
3719_0,-65.87823498238686,2.334296092504949,True,True,True
3720_0,-51.688973116537,2.2717603424587565,True,True,True
3721_0,-51.688973116537,2.2717603424587565,True,True,True
3722_0,-51.688973116537,2.2717603424587565,True,True,True
3724_0,-51.68897311653711,2.2717603424587565,True,True,True
3726_0,-51.68897311653711,2.2717603424587565,True,True,True
3728_0,-51.688897627166,2.2717603424587565,True,True,True
3730_0,-51.688897627166,2.2717603424587565,True,True,True
3731_0,-65.87823498238697,2.3342960925049487,True,True,True
3732_0,-51.688973116537,2.2717603424587565,True,True,True
3733_0,-65.87823498238697,2.3342960925049487,True,True,True
3734_0,-51.688973116537,2.2717603424587565,True,True,True
3736_0,-51.688973116537,2.2717603424587565,True,True,True
3738_0,-51.688973116537,2.2717603424587565,True,True,True
3740_0,-51.688973116537,2.2717603424587565,True,True,True
3742_0,-51.688973116537,2.2717603424587565,True,True,True
3744_0,-51.68897311653711,2.271760342458756,True,True,True
3746_0,-51.68897311653711,2.271760342458756,True,True,True
3748_0,-51.68897311653711,2.271760342458756,True,True,True
3750_0,-51.68897311653711,2.271760342458756,True,True,True
3752_0,-51.68897311653711,2.271760342458756,True,True,True
3754_0,-51.68897311653711,2.271760342458756,True,True,True
3756_0,-51.68897311653711,2.271760342458756,True,True,True
3758_0,-51.68897311653711,2.271760342458756,True,True,True
3759_0,-65.87823498238697,2.3342960925049487,True,True,True
3760_0,-51.68897311653711,2.271760342458756,True,True,True
3761_0,-65.87823498238697,2.3342960925049487,True,True,True
3762_0,-51.68897311653711,2.271760342458756,True,True,True
3763_0,-65.87823498238697,2.3342960925049487,True,True,True
3764_0,-51.68897311653711,2.271760342458756,True,True,True
3765_0,-51.68897311653711,2.271760342458756,True,True,True
3766_0,-51.68897311653711,2.271760342458756,True,True,True
3767_0,-65.87823498238697,2.3342960925049487,True,True,True
3768_0,-51.68897311653711,2.271760342458756,True,True,True
3769_0,-51.68897311653711,2.271760342458756,True,True,True
3770_0,-51.68897311653711,2.271760342458756,True,True,True
3772_0,-45.40449941646827,1.4156030322241335,True,True,True
3774_0,-39.01282031369206,1.2616238877207056,True,True,True
3776_0,-45.40449941646827,1.4156030322241335,True,True,True
3778_0,-39.01282031369206,1.2616238877207056,True,True,True
3780_0,-41.014262475200866,1.24685410860712,True,True,True
3782_0,-41.014262475200866,1.24685410860712,True,True,True
3784_0,-41.01426247520092,1.24685410860712,True,True,True
3785_0,-41.01426247520092,1.24685410860712,True,True,True
3787_0,-41.01426247520095,1.24685410860712,True,True,True
3789_0,-41.01426247520095,1.24685410860712,True,True,True
3791_0,-45.404499416468354,1.4156030322241335,True,True,True
3793_0,-39.0128203136922,1.2616238877207058,True,True,True
3795_0,-45.404499416468354,1.4156030322241335,True,True,True
3797_0,-39.0128203136922,1.2616238877207058,True,True,True
3798_0,-45.40449941646824,1.4156030322241338,True,True,True
3799_0,-39.01282031369209,1.2616238877207056,True,True,True
3800_0,-45.40449941646807,1.4156030322241335,True,True,True
3801_0,-39.012820313691975,1.2616238877207056,True,True,True
3802_0,-45.40449941646813,1.4156030322241335,True,True,True
3804_0,-39.012820313691975,1.2616238877207056,True,True,True
3806_0,-45.40449941646813,1.4156030322241335,True,True,True
3807_0,-39.012820313691975,1.2616238877207056,True,True,True
3809_0,-41.01426247520078,1.2468541086071199,True,True,True
3811_0,-41.01426247520078,1.2468541086071199,True,True,True
3812_0,-41.01426247520084,1.2468541086071199,True,True,True
3813_0,-41.01426247520084,1.2468541086071199,True,True,True
3814_0,-65.87766239049739,2.334296092504949,True,True,True
3816_0,-51.68840052464748,2.2717603424587565,True,True,True
3818_0,-51.68840052464748,2.2717603424587565,True,True,True
3819_0,-51.68840052464748,2.2717603424587565,True,True,True
3821_0,-26.60630346344834,1.9732755576883387,True,True,True
3823_0,-48.36287093967127,2.368294591239421,True,True,True
3825_0,-51.68897311653717,2.271760342458757,True,True,True
3827_0,-51.68897311653717,2.271760342458757,True,True,True
3829_0,-48.36287093967138,2.3682945912394207,True,True,True
3831_0,-51.688973116537056,2.271760342458757,True,True,True
3833_0,-51.688973116537056,2.271760342458757,True,True,True
3835_0,-48.36287093967121,2.368294591239421,True,True,True
3837_0,-51.688973116537,2.271760342458757,True,True,True
3839_0,-51.688973116537,2.271760342458757,True,True,True
3841_0,-28.607721752908333,1.9315144213420408,True,True,True
3843_0,-26.606279591399527,1.9732755576883387,True,True,True
3845_0,-51.688973116537,2.271760342458757,True,True,True
3847_0,-51.688973116537,2.271760342458757,True,True,True
3849_0,-48.3628709396711,2.3682945912394207,True,True,True
3851_0,-65.87823498238703,2.3342960925049487,True,True,True
3852_0,-51.688973116537056,2.2717603424587565,True,True,True
3854_0,-45.40449941646824,1.4156030322241335,True,True,True
3856_0,-39.01282031369209,1.2616238877207056,True,True,True
3858_0,-26.606279591399527,1.973275557688339,True,True,True
3860_0,-48.362870939671154,2.3682945912394207,True,True,True
3862_0,-51.68897311653694,2.2717603424587565,True,True,True
3864_0,-51.68897311653694,2.2717603424587565,True,True,True
3866_0,-51.68897311653694,2.2717603424587565,True,True,True
3868_0,-51.68897311653694,2.2717603424587565,True,True,True
3870_0,-48.362870939671154,2.3682945912394207,True,True,True
3872_0,-51.68897311653694,2.2717603424587565,True,True,True
3874_0,-51.68897311653694,2.2717603424587565,True,True,True
3876_0,-51.68897311653694,2.2717603424587565,True,True,True
3878_0,-51.68897311653694,2.2717603424587565,True,True,True
3880_0,-51.688973116537,2.271760342458757,True,True,True
3882_0,-51.688973116537,2.271760342458757,True,True,True
3884_0,-51.688973116537,2.2717603424587565,True,True,True
3886_0,-51.688973116537,2.2717603424587565,True,True,True
3888_0,-65.87823498238703,2.3342960925049487,True,True,True
3889_0,-51.68897311653717,2.271760342458757,True,True,True
3891_0,-65.87823498238691,2.3342960925049487,True,True,True
3892_0,-51.68897311653694,2.2717603424587565,True,True,True
3893_0,-51.68897311653694,2.2717603424587565,True,True,True
3895_0,-51.68897311653694,2.2717603424587565,True,True,True
3897_0,-51.68868612482396,2.2717603424587565,True,True,True
3899_0,-51.68868612482396,2.2717603424587565,True,True,True
3901_0,-45.404212424755144,1.4156030322241335,True,True,True
3903_0,-39.012533321979106,1.2616238877207056,True,True,True
3905_0,-51.68868612425075,2.2717603424587565,True,True,True
3907_0,-51.68868612425075,2.2717603424587565,True,True,True
3909_0,-51.68868612425075,2.2717603424587565,True,True,True
3911_0,-51.68868612425075,2.2717603424587565,True,True,True
3913_0,-51.688973116537,2.271760342458757,True,True,True
3915_0,-51.688973116537,2.271760342458757,True,True,True
3917_0,-51.688973116537,2.271760342458757,True,True,True
3919_0,-51.688973116537,2.271760342458757,True,True,True
3921_0,-51.688973116537,2.271760342458757,True,True,True
3923_0,-51.688973116537,2.271760342458757,True,True,True
3925_0,-51.34185149357597,3.159882393342574,True,True,True
3927_0,-44.73554048247911,3.3475529535213533,True,True,True
3928_0,-26.455047765080963,3.4191355611593117,True,True,True
3930_0,-51.34185149357586,3.1598823933425737,True,True,True
3932_0,-0.43158880879661865,1.4927180897404106,True,True,False
3933_0,-0.43158880879661865,1.4927180897404106,True,True,False
3934_0,-0.43158294888223736,1.4927180897404106,True,True,False
3935_0,-2.296788003128654,1.9554233999038124,True,True,False
3936_0,-2.296788003128597,1.9554233999038124,True,True,False
3937_0,-0.43158880879664707,1.4927180897404106,True,True,False
3939_0,-0.42858530268466666,1.4927180897404109,True,True,False
3939_1,-0.42858530268466666,1.4927180897404109,True,True,False
3940_0,-0.43158880879650496,1.4927180897404106,True,True,False
3941_0,-0.4315888087965618,1.4927180897404109,True,True,False
3942_0,-0.43158880879650496,1.4927180897404106,True,True,False
3943_0,-0.43158880879650496,1.4927180897404106,True,True,False
3944_0,-0.43158880879650496,1.4927180897404106,True,True,False
3945_0,-0.43158880879650496,1.4927180897404106,True,True,False
3946_0,-2.296788003128597,1.9554233999038122,True,True,False
3947_0,-0.43158880879650496,1.4927180897404106,True,True,False
3948_0,-2.2967880031285404,1.9554233999038124,True,True,False
3949_0,-0.4315888087965618,1.4927180897404109,True,True,False
3950_0,-0.43158880879661865,1.4927180897404106,True,True,False
3951_0,-0.43158880879661865,1.4927180897404106,True,True,False
3952_0,2.0934489381386356,1.9390313502553063,True,False,False
3953_0,-0.43158880879650496,1.4927180897404106,True,True,False
3954_0,-3.6834185055476496,1.9030338036478534,True,True,False
3954_1,-3.6834185055476496,1.9030338036478534,True,True,False
3956_0,-3.6834185055475928,1.9030338036478534,True,True,False
3956_1,-3.6834185055475928,1.9030338036478534,True,True,False
3958_0,-5.548617699879571,1.4789027673091906,True,True,True
3958_1,-5.548617699879571,1.4789027673091906,True,True,True
3959_0,-0.4315888087964481,1.4927180897404109,True,True,False
3960_0,-0.43158880879650496,1.492718089740411,True,True,False
3961_0,-0.43158880879650496,1.492718089740411,True,True,False
3962_0,-2.2967880031284835,1.9554233999038124,True,True,False
3963_0,-2.296788003128597,1.9554233999038126,True,True,False
3964_0,-0.4315888087964481,1.4927180897404109,True,True,False
3965_0,-0.4315888087965618,1.492718089740411,True,True,False
3966_0,-0.43158880879650496,1.4927180897404109,True,True,False
3967_0,-3.686422011659488,1.9030338036478534,True,True,False
3967_1,-3.686422011659488,1.9030338036478534,True,True,False
3968_0,-0.4315888087966755,1.4927180897404106,True,True,False
3969_0,-2.296788003128711,1.9554233999038122,True,True,False
3970_0,-0.4315888087966755,1.4927180897404106,True,True,False
3971_0,-0.43158880879661865,1.4927180897404109,True,True,False
3972_0,-0.43158880879661865,1.4927180897404109,True,True,False
3974_0,-2.296788003128597,1.9554233999038124,True,True,False
3975_0,-3.6834185055475928,1.9030338036478531,True,True,False
3975_1,-3.6834185055475928,1.9030338036478531,True,True,False
3976_0,-3.6834185055475928,1.9030338036478531,True,True,False
3976_1,-3.6834185055475928,1.9030338036478531,True,True,False
3977_0,-0.4315888087964481,1.4927180897404109,True,True,False
3978_0,-0.4315888087964481,1.4927180897404109,True,True,False
3979_0,-0.4315888087964481,1.4927180897404109,True,True,False
3980_0,-2.2967880031284835,1.9554233999038122,True,True,False
3981_0,-0.4315888087964481,1.4927180897404109,True,True,False
3982_0,-0.43158880879661865,1.4927180897404106,True,True,False
3983_0,-0.43158880879661865,1.4927180897404106,True,True,False
3984_0,-3.683419259347943,1.9030338036478534,True,True,False
3984_1,-3.683419259347943,1.9030338036478534,True,True,False
3985_0,-3.683419259347943,1.9030338036478534,True,True,False
3985_1,-3.683419259347943,1.9030338036478534,True,True,False
3986_0,-26.455047765081076,3.4191355611593117,True,True,True
3987_0,-26.455047765081076,3.419135561159312,True,True,True
3989_0,-26.455047765081076,3.419135561159312,True,True,True
3991_0,-3.683418505547536,1.9030338036478534,True,True,False
3991_1,-3.683418505547536,1.9030338036478534,True,True,False
3992_0,-0.43158880879650496,1.492718089740411,True,True,False
3993_0,-0.43158880879650496,1.492718089740411,True,True,False
3995_0,-5.548617699879628,1.4789027673091903,True,True,True
3995_1,-5.548617699879628,1.4789027673091903,True,True,True
3996_0,-3.683418505547536,1.9030338036478534,True,True,False
3996_1,-3.683418505547536,1.9030338036478534,True,True,False
3997_0,-2.296788003128597,1.9554233999038126,True,True,False
3999_0,-3.6834185055476496,1.9030338036478531,True,True,False
3999_1,-3.6834185055476496,1.9030338036478531,True,True,False
4000_0,-2.296788003128597,1.9554233999038124,True,True,False
4001_0,-0.4315815995290109,1.4927180897404106,True,True,False
4002_0,-0.43158880879650496,1.4927180897404109,True,True,False
4003_0,-0.43158880879650496,1.4927180897404109,True,True,False
4004_0,-2.296788003128597,1.9554233999038124,True,True,False
4005_0,-0.43158880879650496,1.4927180897404109,True,True,False
4006_0,-0.4315888087966755,1.4927180897404106,True,True,False
4007_0,-0.43158880879650496,1.4927180897404109,True,True,False
4008_0,-3.683418505547536,1.9030338036478534,True,True,False
4008_1,-3.683418505547536,1.9030338036478534,True,True,False
4009_0,-3.6834185055476496,1.9030338036478531,True,True,False
4009_1,-3.6834185055476496,1.9030338036478531,True,True,False
4010_0,-3.6834185055476496,1.9030338036478531,True,True,False
4010_1,-3.6834185055476496,1.9030338036478531,True,True,False
4011_0,-3.6834185055476496,1.903033803647853,True,True,False
4011_1,-3.6834185055476496,1.903033803647853,True,True,False
4012_0,-3.6834185055476496,1.903033803647853,True,True,False
4012_1,-3.6834185055476496,1.903033803647853,True,True,False
4014_0,-0.4315888087965618,1.492718089740411,True,True,False
4016_0,-26.455047765081076,3.4191355611593117,True,True,True
4018_0,-26.455047765080963,3.419135561159312,True,True,True
4020_0,-26.455047765081076,3.419135561159312,True,True,True
4022_0,-26.455047765081076,3.419135561159312,True,True,True
4024_0,-26.455047765081076,3.419135561159312,True,True,True
4026_0,-26.455047765081076,3.419135561159312,True,True,True
4028_0,-26.455047765081076,3.419135561159312,True,True,True
4030_0,-26.455047765081076,3.4191355611593117,True,True,True
4032_0,-26.455047765081076,3.4191355611593117,True,True,True
4034_0,-26.455047765081076,3.4191355611593117,True,True,True
4036_0,-26.455047765081076,3.4191355611593117,True,True,True
4038_0,-26.455047765081076,3.4191355611593117,True,True,True
4040_0,-3.683418505547678,1.9030338036478534,True,True,False
4040_1,-3.683418505547678,1.9030338036478534,True,True,False
4042_0,-5.548617699879713,1.4789027673091903,True,True,True
4042_1,-5.548617699879713,1.4789027673091903,True,True,True
4044_0,-3.6834185055476496,1.9030338036478534,True,True,False
4044_1,-3.6834185055476496,1.9030338036478534,True,True,False
4046_0,-3.6834185055476496,1.9030338036478534,True,True,False
4046_1,-3.6834185055476496,1.9030338036478534,True,True,False
4048_0,-3.686422011659488,1.9030338036478534,True,True,False
4048_1,-3.686422011659488,1.9030338036478534,True,True,False
4050_0,-3.686422011659488,1.9030338036478534,True,True,False
4050_1,-3.686422011659488,1.9030338036478534,True,True,False
4052_0,-3.683418505547536,1.9030338036478534,True,True,False
4052_1,-3.683418505547536,1.9030338036478534,True,True,False
4054_0,-3.683418505547536,1.9030338036478534,True,True,False
4054_1,-3.683418505547536,1.9030338036478534,True,True,False
4056_0,-5.548617699879628,1.4789027673091903,True,True,True
4056_1,-5.548617699879628,1.4789027673091903,True,True,True
4058_0,-5.548617699879628,1.4789027673091903,True,True,True
4058_1,-5.548617699879628,1.4789027673091903,True,True,True
4060_0,-0.43158880879650496,1.4927180897404109,True,True,False
4062_0,-0.42858530268455297,1.4927180897404109,True,True,False
4062_1,-0.42858530268455297,1.4927180897404109,True,True,False
4064_0,-3.683418505547536,1.9030338036478534,True,True,False
4064_1,-3.683418505547536,1.9030338036478534,True,True,False
4066_0,-2.296788003128597,1.9554233999038126,True,True,False
4068_0,-3.6834185055476496,1.903033803647853,True,True,False
4068_1,-3.6834185055476496,1.903033803647853,True,True,False
4070_0,-30.460797059742674,3.407786128242112,True,True,True
4070_1,-30.460797059742674,3.407786128242112,True,True,True
4072_0,-48.015749316710185,3.1165631986601574,True,True,True
4074_0,-26.455047765081076,3.419135561159312,True,True,True
4076_0,-30.463800565854513,3.407786128242112,True,True,True
4078_0,-48.015749316710185,3.1165631986601574,True,True,True
4080_0,-26.455047765081076,3.419135561159312,True,True,True
4082_0,-26.455047765081076,3.419135561159312,True,True,True
4084_0,-48.015749316710185,3.1165631986601574,True,True,True
4086_0,-27.9387628189192,3.682110526997862,True,True,True
4088_0,-26.455047765081076,3.419135561159312,True,True,True
4090_0,-26.455047765081076,3.419135561159312,True,True,True
4092_0,-51.33884798746402,3.159882393342575,True,True,True
4092_1,-51.33884798746402,3.159882393342575,True,True,True
4094_0,-30.46079705974256,3.407786128242112,True,True,True
4094_1,-30.46079705974256,3.407786128242112,True,True,True
4096_0,-48.01574931671007,3.1165631986601583,True,True,True
4098_0,-26.455047765081076,3.419135561159312,True,True,True
4100_0,-26.45504776508102,3.419135561159312,True,True,True
4102_0,-26.45504776508102,3.419135561159312,True,True,True
4104_0,-51.33884798746402,3.1598823933425733,True,True,True
4104_1,-51.33884798746402,3.1598823933425733,True,True,True
4106_0,-51.33884798746402,3.1598823933425733,True,True,True
4106_1,-51.33884798746402,3.1598823933425733,True,True,True
4108_0,-51.33884798746391,3.159882393342574,True,True,True
4108_1,-51.33884798746391,3.159882393342574,True,True,True
4110_0,-51.33884798746391,3.159882393342574,True,True,True
4110_1,-51.33884798746391,3.159882393342574,True,True,True
4111_0,3.6834185055475928,1.9030338036478534,True,False,False
4111_1,3.6834185055475928,1.9030338036478534,True,False,False
4112_0,3.6834185055475928,1.9030338036478534,True,False,False
4112_1,3.6834185055475928,1.9030338036478534,True,False,False
4114_0,48.36287093967121,2.3682945912394207,True,False,False
4116_0,51.688911755687286,2.271760342458757,True,False,False
4117_0,26.60627959139947,1.9732755576883387,True,False,False
4118_0,47.04709570379191,1.9640235972640687,True,False,False
4119_0,39.0127858081172,1.2616238877207056,True,False,False
4120_0,41.014262475200894,1.24685410860712,True,False,False
4121_0,102.67189883701417,7.970492757049206,True,False,False
4122_0,45.40451528967162,1.4156030322241335,True,False,False
4123_0,41.014268335115275,1.24685410860712,True,False,False
4124_0,41.014262475200894,1.24685410860712,True,False,False
4125_0,41.014251563540824,1.24685410860712,True,False,False
4126_0,45.40460853123403,1.4156030322241335,True,False,False
4127_0,39.96367328814023,2.091272254832594,True,False,False
4128_0,39.01282031369203,1.2616238877207056,True,False,False
4129_0,43.233938083918815,1.75662726549929,True,False,False
4130_0,39.012820313692146,1.2616238877207053,True,False,False
4131_0,41.01417970257273,1.24685410860712,True,False,False
4132_0,41.014262475200894,1.24685410860712,True,False,False
4133_0,41.01417970257273,1.24685410860712,True,False,False
4134_0,41.01417970257273,1.24685410860712,True,False,False
4135_0,41.01417970257273,1.24685410860712,True,False,False
4136_0,45.40456048444378,1.4156030322241335,True,False,False
4137_0,39.012737541063984,1.2616238877207053,True,False,False
4138_0,39.01282031369203,1.2616238877207056,True,False,False
4139_0,41.014262475200894,1.24685410860712,True,False,False
4140_0,41.014262475200894,1.24685410860712,True,False,False
4141_0,41.014262475200894,1.24685410860712,True,False,False
4142_0,41.014262475200894,1.24685410860712,True,False,False
4143_0,41.014262475200894,1.24685410860712,True,False,False
4144_0,45.40449941646807,1.4156030322241335,True,False,False
4145_0,39.01282031369203,1.2616238877207056,True,False,False
4146_0,41.0142317219686,1.24685410860712,True,False,False
4147_0,41.0142317219686,1.24685410860712,True,False,False
4148_0,41.0142317219686,1.24685410860712,True,False,False
4149_0,45.40446866323589,1.4156030322241338,True,False,False
4150_0,39.01278956045985,1.2616238877207053,True,False,False
4151_0,41.01426247520101,1.24685410860712,True,False,False
4152_0,41.01426247520101,1.24685410860712,True,False,False
4153_0,41.01426247520101,1.24685410860712,True,False,False
4154_0,41.01426247520101,1.24685410860712,True,False,False
4155_0,41.01426247520101,1.24685410860712,True,False,False
4156_0,41.01426247520101,1.24685410860712,True,False,False
4157_0,45.404499416468184,1.4156030322241335,True,False,False
4158_0,39.01282031369203,1.2616238877207056,True,False,False
4159_0,51.688973116537,2.2717603424587565,True,False,False
4160_0,39.01282031369203,1.2616238877207056,True,False,False
4161_0,41.014262475200894,1.24685410860712,True,False,False
4162_0,41.014262475200894,1.24685410860712,True,False,False
4163_0,41.014262475200894,1.24685410860712,True,False,False
4164_0,41.014262475200894,1.24685410860712,True,False,False
4165_0,45.404499416468184,1.4156030322241338,True,False,False
4166_0,41.01426247520078,1.2468541086071199,True,False,False
4167_0,41.01426247520078,1.2468541086071199,True,False,False
4168_0,41.01426247520078,1.2468541086071199,True,False,False
4169_0,41.0142640891566,1.2468541086071199,True,False,False
4170_0,41.0142640891566,1.2468541086071199,True,False,False
4171_0,41.01426968446856,1.2468541086071199,True,False,False
4172_0,45.404506625735735,1.4156030322241335,True,False,False
4173_0,41.01426247520101,1.24685410860712,True,False,False
4174_0,39.01282031369203,1.2616238877207056,True,False,False
4175_0,39.01282031369203,1.2616238877207053,True,False,False
4176_0,41.01426247520078,1.2468541086071199,True,False,False
4177_0,41.01426247520078,1.2468541086071199,True,False,False
4178_0,39.01282031369203,1.2616238877207053,True,False,False
4179_0,41.01426247520078,1.2468541086071199,True,False,False
4180_0,41.01426247520078,1.2468541086071199,True,False,False
4181_0,41.01426247520078,1.2468541086071199,True,False,False
4182_0,39.01282031369203,1.2616238877207056,True,False,False
4183_0,41.014262475200894,1.2468541086071199,True,False,False
4184_0,45.40449941646807,1.4156030322241335,True,False,False
4185_0,39.01282031369203,1.2616238877207056,True,False,False
4186_0,41.01426247520101,1.24685410860712,True,False,False
4187_0,39.01282031369203,1.2616238877207056,True,False,False
4188_0,41.014262475200894,1.2468541086071199,True,False,False
4189_0,41.014262475200894,1.2468541086071199,True,False,False
4190_0,45.40449941646807,1.4156030322241335,True,False,False
4191_0,41.01426247520101,1.24685410860712,True,False,False
4192_0,39.01282031369203,1.2616238877207056,True,False,False
4193_0,41.014262475200894,1.2468541086071199,True,False,False
4194_0,45.40449941646807,1.4156030322241335,True,False,False
4195_0,41.01426247520101,1.24685410860712,True,False,False
4196_0,41.01426247520101,1.24685410860712,True,False,False
4197_0,39.01282031369203,1.2616238877207056,True,False,False
4198_0,41.014262475200894,1.24685410860712,True,False,False
4199_0,45.404499416468184,1.4156030322241338,True,False,False
4200_0,39.01282031369203,1.2616238877207056,True,False,False
4201_0,51.688973116537,2.271760342458757,True,False,False
4202_0,51.688973116537,2.271760342458757,True,False,False
4203_0,45.40449941646807,1.4156030322241335,True,False,False
4204_0,39.01282031369203,1.2616238877207056,True,False,False
4205_0,51.68837353608478,2.271760342458757,True,False,False
4206_0,51.68837353608478,2.271760342458757,True,False,False
4207_0,51.68837353608478,2.271760342458757,True,False,False
4208_0,51.68837353608478,2.271760342458757,True,False,False
4209_0,51.688973116536886,2.271760342458757,True,False,False
4210_0,51.688973116536886,2.271760342458757,True,False,False
4211_0,51.688973116536886,2.271760342458757,True,False,False
4212_0,51.688973116536886,2.271760342458757,True,False,False
4213_0,51.688973116536886,2.271760342458757,True,False,False
4214_0,51.688973116536886,2.271760342458757,True,False,False
4215_0,41.014262475200894,1.24685410860712,True,False,False
4216_0,39.01282031369203,1.2616238877207056,True,False,False
4217_0,41.014262475200894,1.24685410860712,True,False,False
4218_0,41.014262475200894,1.24685410860712,True,False,False
4219_0,41.014262475200894,1.24685410860712,True,False,False
4221_0,41.014262475200894,1.2468541086071199,True,False,False
4222_0,41.014262475200894,1.24685410860712,True,False,False
4223_0,41.014262475200894,1.2468541086071199,True,False,False
4224_0,39.01282031369203,1.2616238877207056,True,False,False
4226_0,39.012820313692146,1.2616238877207056,True,False,False
4227_0,0.43158880879650496,1.4927180897404106,True,False,False
4228_0,0.43158880879650496,1.4927180897404106,True,False,False
4229_0,0.43158880879650496,1.4927180897404106,True,False,False
4230_0,0.43158880879650496,1.4927180897404106,True,False,False
4231_0,0.43158880879650496,1.4927180897404106,True,False,False
4232_0,0.43158880879650496,1.4927180897404106,True,False,False
4233_0,2.2967880031285404,1.9554233999038124,True,False,False
4234_0,-2.0934489381386356,1.9390313502553063,True,True,False
4235_0,0.43158880879650496,1.4927180897404106,True,False,False
4236_0,0.43158880879650496,1.4927180897404106,True,False,False
4237_0,0.43158880879661865,1.4927180897404106,True,False,False
4238_0,0.43158880879661865,1.4927180897404106,True,False,False
4239_0,-11.160566334685882,3.8610367596743007,True,True,True
4240_0,27.345533452545965,4.111013329071656,True,False,False
4241_0,25.738688826170915,4.228562841749151,True,False,False
4242_0,-22.48385562330793,4.40009435788637,True,True,True
4244_0,-22.48385562330793,4.40009435788637,True,True,True
4245_0,-12.507344757930696,4.013407421424237,True,True,True
4246_0,-14.843984840233361,3.9699365018331187,True,True,True
4247_0,-14.843984840233475,3.9699365018331183,True,True,True
4248_0,-12.842542678724612,3.9924547894883906,True,True,True
4249_0,-14.84698834634537,3.969936501833119,True,True,True
4250_0,-14.843984840233361,3.9699365018331187,True,True,True
4251_0,-14.843984840233361,3.9699365018331187,True,True,True
4252_0,-14.843985594033825,3.9699365018331187,True,True,True
4253_0,-14.843985594033825,3.9699365018331187,True,True,True
4254_0,-14.843984840233304,3.969936501833119,True,True,True
4255_0,-12.842542678724556,3.9924547894883906,True,True,True
4256_0,-14.843984840233304,3.969936501833119,True,True,True
4257_0,-14.843984840233304,3.969936501833119,True,True,True
4258_0,-14.843986454189121,3.969936501833119,True,True,True
4259_0,-14.843992049500969,3.969936501833119,True,True,True
4260_0,-14.843984840233304,3.969936501833119,True,True,True
4261_0,-14.843984840233418,3.9699365018331187,True,True,True
4262_0,-14.843984840233418,3.9699365018331187,True,True,True
4263_0,-11.592155143482387,4.186228119864319,True,True,True
4264_0,-11.592155143482387,4.186228119864319,True,True,True
4265_0,-14.84398484023339,3.9699365018331187,True,True,True
4266_0,-12.842542678724527,3.9924547894883906,True,True,True
4267_0,-14.843984840233361,3.9699365018331187,True,True,True
4268_0,-14.843984840233361,3.9699365018331187,True,True,True
4269_0,-14.84698834634537,3.969936501833119,True,True,True
4270_0,-14.84698834634537,3.969936501833119,True,True,True
4271_0,-14.843986454189121,3.969936501833119,True,True,True
4272_0,-14.843984840233304,3.969936501833119,True,True,True
4273_0,-12.842542678724556,3.9924547894883906,True,True,True
4274_0,-12.842542678724556,3.9924547894883906,True,True,True
4275_0,-12.507344757930639,4.013407421424236,True,True,True
4276_0,-14.843984840233304,3.969936501833119,True,True,True
4277_0,-14.843984840233418,3.9699365018331187,True,True,True
4278_0,-28.022477133999132,4.334395397424736,True,True,True
4279_0,-28.022477133999132,4.3343953974247365,True,True,True
4280_0,-28.022477133999132,4.3343953974247365,True,True,True
4281_0,-28.022477133998905,4.334395397424736,True,True,True
4282_0,-28.022477133998905,4.334395397424736,True,True,True
4283_0,25.73868882617097,4.228562841749151,True,False,False
4284_0,25.73868882617097,4.228562841749151,True,False,False
4285_0,25.73868882617097,4.228562841749151,True,False,False
4286_0,25.73868882617097,4.228562841749151,True,False,False
4287_0,25.73868882617097,4.228562841749152,True,False,False
4288_0,28.263726573106226,4.330027822306443,True,False,False
4289_0,25.73868882617097,4.228562841749151,True,False,False
4290_0,25.73868882617097,4.228562841749151,True,False,False
4291_0,25.73868882617097,4.228562841749151,True,False,False
4292_0,25.73868882617097,4.228562841749151,True,False,False
4293_0,30.60036665540889,4.307228040090728,True,False,False
4294_0,25.73868882617097,4.228562841749152,True,False,False
4295_0,-25.73868882617103,4.228562841749151,True,True,True
4295_1,-25.73868882617103,4.228562841749151,True,True,True
4296_0,-25.73868882617103,4.228562841749151,True,True,True
4297_0,-25.73868882617103,4.228562841749151,True,True,True
4297_1,-25.73868882617103,4.228562841749151,True,True,True
4298_0,-25.73868882617103,4.228562841749151,True,True,True
4299_0,-25.73868882617103,4.228562841749151,True,True,True
4299_1,-25.73868882617103,4.228562841749151,True,True,True
4300_0,-25.73868882617103,4.228562841749151,True,True,True
4300_1,-25.73868882617103,4.228562841749151,True,True,True
4301_0,-30.600366655408948,4.307228040090728,True,True,True
4301_1,-30.600366655408948,4.307228040090728,True,True,True
4302_0,-28.263726573106283,4.330027822306443,True,True,True
4303_0,-25.73868882617103,4.228562841749151,True,True,True
4304_0,-25.73868882617103,4.228562841749151,True,True,True
4304_1,-25.73868882617103,4.228562841749151,True,True,True
4305_0,-25.73868882617103,4.228562841749152,True,True,True
4306_0,-25.73868882617103,4.228562841749152,True,True,True
4306_1,-25.73868882617103,4.228562841749152,True,True,True
4308_0,-72.42237671994747,4.713529172438219,True,True,True
4310_0,-69.91859506751791,4.764448570947492,True,True,True
4311_0,-83.0970873612834,4.950534916122379,True,True,True
4312_0,-85.94861260347699,5.414680348940081,True,True,True
4313_0,-85.94861260347699,5.414680348940081,True,True,True
4314_0,-69.72107160832661,4.424146199011449,True,True,True
4316_0,-70.06881519809065,4.650781939226681,True,True,True
4317_0,-63.34193817452069,4.621368901678383,True,True,True
4319_0,-70.06881519809065,4.650781939226681,True,True,True
4320_0,-63.34193817452069,4.621368901678383,True,True,True
4322_0,-18.488014273479507,4.235279293172212,True,True,True
4324_0,-32.32039737887021,2.9998942193514497,True,True,True
4326_0,-18.488014273479394,4.235279293172213,True,True,True
4328_0,-18.488014273479394,4.235279293172213,True,True,True
4330_0,-18.488004782409575,4.235279293172212,True,True,True
4332_0,-18.48803156727297,4.235279293172213,True,True,True
4334_0,-18.488031567272913,4.235279293172212,True,True,True
4335_0,-11.761154543703128,4.1793632664907845,True,True,True
4337_0,-11.761154543703128,4.1793632664907845,True,True,True
4339_0,-18.487997061698024,4.235279293172213,True,True,True
4341_0,-18.485028061160847,4.235279293172213,True,True,True
4343_0,-32.32038788780028,2.9998942193514497,True,True,True
4345_0,-25.593531789179394,3.038132590546732,True,True,True
4347_0,-32.320414672663674,2.99989421935145,True,True,True
4349_0,-32.32041467266362,2.99989421935145,True,True,True
4351_0,-25.593428534327984,3.0381325905467325,True,True,True
4352_0,-25.593537649093832,3.038132590546733,True,True,True
4354_0,-25.593537649093776,3.038132590546733,True,True,True
4356_0,-32.320380167088786,2.99989421935145,True,True,True
4358_0,-32.317411166551835,2.9998942193514506,True,True,True
4360_0,336.9116938721598,100000.00015568742,False,False,False
4362_0,-32.320414672663674,2.9998942193514497,True,True,True
4364_0,-25.593537649093662,3.0381325905467325,True,True,True
4366_0,-32.320414672663674,2.9998942193514497,True,True,True
4368_0,-25.593537649093776,3.038132590546733,True,True,True
4369_0,-25.593537649093662,3.0381325905467325,True,True,True
4371_0,-32.320414672663674,2.99989421935145,True,True,True
4373_0,-25.593537649093776,3.038132590546733,True,True,True
4375_0,-25.593537649093776,3.0381325905467325,True,True,True
4377_0,-23.66649598253798,3.7489997313964687,True,True,True
4378_0,-23.66649598253798,3.7489997313964687,True,True,True
4379_0,-32.897154658537374,3.676610634314476,True,True,True
4380_0,-23.666495982537754,3.7489997313964687,True,True,True
4381_0,-23.666495982537754,3.7489997313964687,True,True,True
4382_0,-23.666495982537867,3.7489997313964687,True,True,True
4384_0,-26.170277634967533,3.746338307411296,True,True,True
4385_0,-18.306684057380266,1.6921913095099497,True,True,True
4386_0,-32.897127873673924,3.676610634314476,True,True,True
4387_0,-26.170271775053152,3.746338307411296,True,True,True
4388_0,-32.8971546585374,3.676610634314476,True,True,True
4389_0,-32.89715465853743,3.6766106343144767,True,True,True
4390_0,-26.170168520201685,3.7463383074112966,True,True,True
4391_0,-26.170277634967505,3.7463383074112966,True,True,True
4392_0,-26.170277634967476,3.7463383074112966,True,True,True
4393_0,-32.8971201529626,3.6766106343144767,True,True,True
4394_0,-32.89715465853749,3.6766106343144767,True,True,True
4395_0,-26.170277634967533,3.7463383074112966,True,True,True
4397_0,-26.167274128855524,3.746338307411297,True,True,True
4398_0,-32.897154658537374,3.676610634314476,True,True,True
4399_0,-26.170277634967533,3.7463383074112966,True,True,True
4400_0,-32.89715465853749,3.676610634314476,True,True,True
4401_0,-32.89715465853749,3.676610634314476,True,True,True
4402_0,-26.170277634967533,3.7463383074112966,True,True,True
4404_0,-26.170277634967533,3.7463383074112966,True,True,True
4405_0,-26.17027763496742,3.7463383074112966,True,True,True
4406_0,-26.16727412885541,3.7463383074112966,True,True,True
4408_0,-32.89415115242559,3.6766106343144767,True,True,True
4409_0,-26.167274128855524,3.746338307411297,True,True,True
4410_0,-32.89415115242548,3.6766106343144767,True,True,True
4412_0,-26.16727412885541,3.7463383074112966,True,True,True
4414_0,-26.16727412885541,3.746338307411297,True,True,True
4416_0,-32.89415115242542,3.6766106343144767,True,True,True
4417_0,-26.16727412885541,3.746338307411297,True,True,True
4418_0,-32.89415115242531,3.6766106343144767,True,True,True
4419_0,-32.89415115242531,3.6766106343144767,True,True,True
4420_0,-26.167274128855524,3.7463383074112966,True,True,True
4422_0,-26.167274128855524,3.746338307411297,True,True,True
4423_0,-26.167274128855468,3.746338307411297,True,True,True
4424_0,-26.16727412885541,3.746338307411297,True,True,True
4425_0,-26.170277634967533,3.7463383074112966,True,True,True
4426_0,-32.89715465853749,3.676610634314476,True,True,True
4427_0,-26.170277634967533,3.7463383074112966,True,True,True
4428_0,-32.89715465853749,3.676610634314476,True,True,True
4429_0,-26.170277634967533,3.7463383074112966,True,True,True
4430_0,-26.170277634967533,3.7463383074112966,True,True,True
4431_0,-26.17027763496742,3.746338307411296,True,True,True
4432_0,-26.17027763496742,3.746338307411296,True,True,True
4433_0,336.3349541642579,100000.00015926824,False,False,False
4434_0,-26.17027688116707,3.746338307411297,True,True,True
4435_0,-26.17027688116707,3.746338307411297,True,True,True
4436_0,-26.17027688116707,3.746338307411297,True,True,True
4437_0,-26.19713913525004,3.746338307411297,True,True,True
4438_0,-32.89715390473697,3.6766106343144767,True,True,True
4439_0,-26.19713913525004,3.746338307411297,True,True,True
4440_0,-32.89715390473697,3.6766106343144767,True,True,True
4441_0,-26.17027688116707,3.746338307411297,True,True,True
4442_0,-26.170276881167183,3.746338307411297,True,True,True
4443_0,-26.170276881167183,3.746338307411297,True,True,True
4444_0,-26.170276881167183,3.746338307411297,True,True,True
4445_0,-26.170276881167183,3.746338307411297,True,True,True
4446_0,-26.170276881167183,3.746338307411297,True,True,True
4447_0,-23.66649598253798,3.7489997313964687,True,True,True
4448_0,-26.167274128855468,3.746338307411297,True,True,True
4449_0,-26.167274128855468,3.746338307411297,True,True,True
4450_0,-26.167274128855468,3.746338307411297,True,True,True
4451_0,-32.89415115242542,3.6766106343144767,True,True,True
4452_0,-26.167274128855468,3.746338307411297,True,True,True
4453_0,-32.89415115242542,3.6766106343144767,True,True,True
4454_0,-26.167274128855524,3.746338307411297,True,True,True
4455_0,-32.89715465853749,3.676610634314476,True,True,True
4456_0,-26.170277634967476,3.7463383074112966,True,True,True
4457_0,-32.89715465853749,3.676610634314476,True,True,True
4458_0,-26.17027763496759,3.7463383074112966,True,True,True
4459_0,-26.170277634967476,3.7463383074112966,True,True,True
4461_0,-26.167274128855524,3.7463383074112966,True,True,True
4462_0,-23.66649598253798,3.7489997313964687,True,True,True
4464_0,-23.666495982537867,3.7489997313964687,True,True,True
4466_0,-26.17027763496742,3.746338307411297,True,True,True
4467_0,-23.66649598253798,3.7489997313964687,True,True,True
4468_0,-23.66649598253798,3.7489997313964696,True,True,True
4470_0,-23.66642049316704,3.748999731396469,True,True,True
4472_0,-23.66649598253798,3.748999731396469,True,True,True
4474_0,-23.66649598253798,3.748999731396469,True,True,True
4476_0,-23.66649598253798,3.748999731396469,True,True,True
4478_0,-23.66649598253798,3.748999731396469,True,True,True
4480_0,-32.897154658537374,3.676610634314476,True,True,True
4481_0,-23.66649598253798,3.748999731396469,True,True,True
4483_0,-23.66649598253798,3.748999731396469,True,True,True
4485_0,-23.66649598253798,3.748999731396469,True,True,True
4487_0,-23.66649598253798,3.748999731396469,True,True,True
4489_0,-23.66649598253798,3.748999731396469,True,True,True
4491_0,-23.66649598253798,3.748999731396469,True,True,True
4493_0,-23.66649598253798,3.748999731396469,True,True,True
4495_0,-23.66649598253798,3.748999731396469,True,True,True
4497_0,-23.66649598253798,3.748999731396469,True,True,True
4498_0,-23.66649598253798,3.748999731396469,True,True,True
4499_0,-32.89715465853749,3.6766106343144767,True,True,True
4500_0,-26.17027763496759,3.7463383074112966,True,True,True
4501_0,-26.17027763496759,3.746338307411297,True,True,True
4503_0,-32.89415115242542,3.6766106343144767,True,True,True
4504_0,-26.167274128855468,3.746338307411297,True,True,True
4506_0,-32.89415115242542,3.6766106343144767,True,True,True
4507_0,-26.167274128855468,3.746338307411297,True,True,True
4508_0,-26.167274128855524,3.7463383074112966,True,True,True
4510_0,-23.66649598253798,3.7489997313964687,True,True,True
4512_0,-23.66649598253798,3.748999731396469,True,True,True
4514_0,-23.666495982537867,3.7489997313964696,True,True,True
4516_0,-23.666208990824998,3.748999731396469,True,True,True
4518_0,-23.666208990251903,3.748999731396469,True,True,True
4520_0,-23.666495982537867,3.7489997313964687,True,True,True
4521_0,-11.7611545437029,4.1793632664907845,True,True,True
4522_0,-25.59353764909372,3.0381325905467325,True,True,True
4523_0,32.89715465853749,3.676610634314476,True,False,False
4524_0,32.89415115242548,3.6766106343144767,True,False,False
4525_0,26.170276881167183,3.7463383074112966,True,False,False
4526_0,26.17027763496742,3.7463383074112966,True,False,False
4527_0,26.170277634967533,3.7463383074112966,True,False,False
4528_0,26.170277634967533,3.7463383074112966,True,False,False
4529_0,26.17027763496759,3.7463383074112966,True,False,False
4530_0,26.170194862339372,3.7463383074112966,True,False,False
4531_0,26.167274128855524,3.746338307411297,True,False,False
4532_0,26.17027763496742,3.7463383074112966,True,False,False
4533_0,26.17027763496742,3.7463383074112966,True,False,False
4534_0,26.17027763496742,3.7463383074112966,True,False,False
4535_0,26.17027763496742,3.7463383074112966,True,False,False
4536_0,32.897154658537374,3.676610634314476,True,False,False
4537_0,26.17027763496742,3.7463383074112966,True,False,False
4538_0,32.897154658537374,3.676610634314476,True,False,False
4539_0,26.170277634967533,3.7463383074112966,True,False,False
4541_0,-149.21126415894696,31399.291678621837,False,False,False
4543_0,-347.63693090826644,62798.582964722606,False,False,False
4543_1,-347.63693090826644,62798.582964722606,False,False,False
4545_0,-21.21213911115359,1.7460072868145682,True,True,True
4547_0,-2.627981456473208,0.7185917247886362,True,True,True
4548_0,-12.278472343597741,3.2892758517675222,True,True,True
4549_0,-12.278472343597741,3.2892758517675222,True,True,True
4550_0,-2.778201587045828,1.3185865016371257,True,True,True
4552_0,-2.7782015870457144,1.318586501637126,True,True,True
4553_0,-13.302692097809313,1.9618871228331112,True,True,True
4554_0,6.302236958380831,2.3586610381354465,True,False,False
4556_0,6.452457088953679,1.318603411103508,True,False,False
4558_0,-13.452912228382047,2.829275582913764,True,True,True
4559_0,-13.302692097809313,1.9618871228331112,True,True,True
4561_0,6.452457088953679,1.318603411103508,True,False,False
4563_0,7.626896973737871,1.870567293077215,True,False,False
4565_0,-22.533350773808706,1.9279040146601902,True,True,True
4567_0,-21.208690758451667,1.746007286814568,True,True,True
4569_0,6.302236958380945,2.358661038135446,True,False,False
4571_0,7.626896973737757,1.870567293077215,True,False,False
4572_0,7.626896973737871,1.870567293077215,True,False,False
4574_0,-0.12419980404354192,1.0136135778765145,True,True,False
4576_0,1.0502400807406502,1.4288896159116962,True,False,False
4578_0,-2.778201587045828,1.3185865016371257,True,True,True
4580_0,-2.7782015870457144,1.3185865016371259,True,True,True
4581_0,-13.302692097809086,1.9618871228331112,True,True,True
4582_0,6.302236958380945,2.3586610381354456,True,False,False
4584_0,8.956238741383117,1.6720414515603241,True,False,False
4585_0,-13.302692097809086,1.9618871228331112,True,True,True
4587_0,8.956238741383117,1.6720414515603241,True,False,False
4589_0,8.806018610810384,2.487051404121748,True,False,False
4591_0,10.13067862616731,2.2048087147272626,True,False,False
4592_0,7.626896973737871,1.8705672930772146,True,False,False
4594_0,-0.12419980404342823,1.0136135778765145,True,True,False
4595_0,6.452457088953565,1.318603411103508,True,False,False
4596_0,-2.778201587045942,1.3185865016371259,True,True,True
4597_0,6.302236958380718,2.358661038135445,True,False,False
4598_0,-2.627981456473208,0.7185917247886362,True,True,True
4599_0,7.626896973737757,1.870567293077215,True,False,False
4600_0,-1.453541571688902,1.1070389810184753,True,True,False
4601_0,6.452457088953679,1.3186034111035076,True,False,False
4602_0,-2.778201587045828,1.3185865016371257,True,True,True
4603_0,6.302236958380945,2.3586610381354456,True,False,False
4605_0,-301.1115444533891,100000.00010941745,False,False,False
4607_0,-310.1919829988158,100000.00010323836,False,False,False
4608_0,6.452457088953679,1.3186034111035076,True,False,False
4609_0,-2.627981456473208,0.7185917247886362,True,True,True
4610_0,7.626896973737757,1.8705672930772146,True,False,False
4611_0,-1.4535415716890157,1.1070389810184753,True,True,False
4613_0,-170.4932785725465,31399.291647069025,False,False,False
4613_1,-170.4932785725465,31399.291647069025,False,False,False
4615_0,-7.420746665763545,1.5136204604092136,True,True,True
4617_0,-0.2744199346162759,1.3471614285542015,True,True,False
4619_0,6.302236958380831,2.358661038135446,True,False,False
4621_0,-0.1241998040436556,1.0136135778765145,True,True,False
4622_0,-12.128245003757456,2.4052864781260372,True,True,True
4623_0,-12.128252213025007,2.405286478126037,True,True,True
4624_0,-13.452912228382047,2.8292755829137635,True,True,True
4625_0,-13.452912228382047,2.8292755829137635,True,True,True
4626_0,-12.128252213025121,2.4052864781260372,True,True,True
4627_0,-12.128252213025007,2.405286478126037,True,True,True
4628_0,-13.302692097809313,1.9618871228331114,True,True,True
4629_0,-13.302692097809313,1.9618871228331114,True,True,True
4630_0,8.956238741383117,1.6720414515603241,True,False,False
4631_0,-0.1241998040436556,1.0136135778765145,True,True,False
4632_0,1.0502400807406502,1.4288896159116964,True,False,False
4633_0,1.0502400807406502,1.4288896159116962,True,False,False
4635_0,-151.9125692705677,31399.291576761552,False,False,False
4637_0,-165.44627952155463,104813.7181559311,False,False,False
4639_0,-154.7640945127613,31399.291588096785,False,False,False
4641_0,-348.8113707930506,62798.58293480972,False,False,False
4643_0,-341.2577974744605,62798.58299184197,False,False,False
4645_0,-152.06278940114055,31399.291667718666,False,False,False
4647_0,-165.59649965212748,104813.71817547268,False,False,False
4649_0,-149.21126415894707,31399.291678621837,False,False,False
4651_0,-149.21126415894707,31399.291678621837,False,False,False
4653_0,-149.21126415894707,31399.291678621837,False,False,False
4655_0,-149.21126415894707,31399.291678621837,False,False,False
4657_0,-149.21126415894707,31399.291678621837,False,False,False
4659_0,0.9000199501679162,1.9254324993674037,True,False,False
4661_0,-0.12419980404354192,1.0136135778765145,True,True,False
4663_0,-0.12419980404342823,1.0136135778765145,True,True,False
4665_0,8.956238741383117,1.6720414515603241,True,False,False
4666_0,-12.128252213025007,2.4052864781260372,True,True,True
4668_0,-0.2744199346162759,1.3471614285542015,True,True,False
4670_0,8.806018610810384,2.487051404121748,True,False,False
4672_0,10.13067862616731,2.2048087147272626,True,False,False
4673_0,-184.02698882353332,104813.71818111023,False,False,False
4674_0,-164.11414513874047,31399.29164947939,False,False,False
4675_0,-347.6369309082663,62798.582964722606,False,False,False
4676_0,-350.3382360198873,62798.58292510578,False,False,False
4678_0,-184.02698882353332,104813.71818111023,False,False,False
4680_0,-347.63693090826644,62798.58296472261,False,False,False
4682_0,-23.91344423534639,1.428120771451643,True,True,True
4684_0,-5.522571466258455,1.4645843783096253,True,True,True
4685_0,-14.979771595304214,2.7548742433030764,True,True,True
4686_0,-14.829557324645748,1.880748034999429,True,True,True
4687_0,-16.154217340002788,2.623567484864449,True,True,True
4688_0,-14.829557324645748,1.880748034999429,True,True,True
4690_0,3.6009318467600906,2.1749578314908367,True,False,False
4691_0,-16.154217340002788,2.623567484864449,True,True,True
4692_0,-16.154217340002788,2.623567484864449,True,True,True
4694_0,-16.154217340002788,2.623567484864449,True,True,True
4695_0,-16.154217340002788,2.623567484864449,True,True,True
4697_0,4.925591862116903,1.240840755136477,True,False,False
4699_0,4.925591862116903,1.240840755136477,True,False,False
4701_0,-25.234512044825863,1.9581361740830612,True,True,True
4703_0,-23.909995870072635,1.4281207714516433,True,True,True
4705_0,-2.9757250462370166,1.3603630067322408,True,True,True
4707_0,12.65370568845492,4.058002271359659,True,False,False
4708_0,-12.32577567221631,2.1647307810547916,True,True,True
4709_0,-16.154217340002674,2.6235674848644486,True,True,True
4710_0,-12.32577567221631,2.1647307810547916,True,True,True
4712_0,6.104713499189529,2.232037392003447,True,False,False
4713_0,-16.154217340002674,2.6235674848644486,True,True,True
4714_0,-16.154217340002674,2.6235674848644486,True,True,True
4715_0,-16.154217340002674,2.6235674848644486,True,True,True
4717_0,7.429373514546569,1.5909908255006273,True,False,False
4719_0,-2.9757250462370166,1.3603630067322408,True,True,True
4720_0,3.600931846759977,2.1749578314908367,True,False,False
4722_0,-5.479506698666796,1.4645843783096253,True,True,True
4723_0,4.925591862117017,1.2408407551364768,True,False,False
4724_0,3.6009318467600906,2.1749578314908367,True,False,False
4726_0,-303.81284956500986,100000.0001355066,False,False,False
4728_0,-312.89328811043674,100000.0001355234,False,False,False
4729_0,4.925591862116903,1.240840755136477,True,False,False
4730_0,-12.32577567221631,2.1647307810547916,True,True,True
4731_0,-12.32577567221631,2.1647307810547916,True,True,True
4732_0,-7.073778794576128,3.626506939608642,True,True,False
4733_0,-7.073777180620311,3.626506939608642,True,True,False
4734_0,-5.7491187792190885,2.8730705818798006,True,True,True
4735_0,-5.7491187792190885,2.8730705818798006,True,True,True
4736_0,7.429373514546569,1.5909908255006273,True,False,False
4738_0,-154.7640945127613,31399.291588096785,False,False,False
4739_0,-168.29780476374822,104813.71814646205,False,False,False
4740_0,-341.2577974744605,62798.58299184197,False,False,False
4742_0,-165.59642416275648,104813.71817547268,False,False,False
4744_0,-165.59649965212748,104813.71817547268,False,False,False
4746_0,-2.9757250462370166,1.3603630067322408,True,True,True
4748_0,-2.9757250462370166,1.3603630067322408,True,True,True
4749_0,-12.32577567221631,2.1647307810547916,True,True,True
4751_0,6.104713499189529,2.232037392003447,True,False,False
4752_0,-12.32577567221631,2.1647307810547916,True,True,True
4753_0,-14.829557324645748,1.8807480349994288,True,True,True
4755_0,7.429373514546569,1.5909908255006273,True,False,False
4756_0,-164.11414513874047,31399.29164947939,False,False,False
4757_0,-186.72829393515417,104813.71814534787,False,False,False
4758_0,-184.02698882353332,104813.71818111023,False,False,False
4760_0,-26.76152111226611,1.9689858080269662,True,True,True
4761_0,-17.681082566839223,2.5957046488862745,True,True,True
4762_0,-17.681082566839223,2.5957046488862745,True,True,True
4763_0,-17.681082566839223,2.5957046488862745,True,True,True
4764_0,-17.681082566839223,2.5957046488862745,True,True,True
4766_0,-17.681082566839223,2.5957046488862745,True,True,True
4768_0,-4.502590273073793,1.3930227739415837,True,True,True
4769_0,-15.177300914409784,2.6610280904413166,True,True,True
4770_0,-15.177300914409784,2.6610280904413166,True,True,True
4771_0,-15.177300914409784,2.6610280904413166,True,True,True
4772_0,-15.177300914409784,2.6610280904413166,True,True,True
4774_0,2.074066619923542,2.167435484805296,True,False,False
4776_0,2.074066619923542,2.167435484805296,True,False,False
4778_0,-305.33971479184663,100000.00013787873,False,False,False
4780_0,-305.33971479184663,100000.00013787873,False,False,False
4781_0,-15.177300914409784,2.6610280904413166,True,True,True
4782_0,-15.177300914409784,2.6610280904413166,True,True,True
4783_0,-15.177300914409784,2.6610280904413166,True,True,True
4784_0,-15.177300914409784,2.6610280904413166,True,True,True
4785_0,-28.355793208175555,4.3248198529103945,True,True,True
4786_0,-28.35579159421974,4.3248198529103945,True,True,True
4787_0,-28.355793208175555,4.3248198529103945,True,True,True
4788_0,-28.355793208175555,4.3248198529103945,True,True,True
4789_0,-15.177300914409784,2.6610280904413166,True,True,True
4791_0,-341.2577974744605,62798.58299184197,False,False,False
4792_0,-15.177300914409784,2.6610280904413166,True,True,True
4793_0,-15.177300914409784,2.6610280904413166,True,True,True
4794_0,-15.177300914409784,2.6610280904413166,True,True,True
4795_0,-15.177300914409784,2.6610280904413166,True,True,True
4796_0,-15.177300914409784,2.6610280904413166,True,True,True
4797_0,-173.34480381473998,31399.29163948986,False,False,False
4798_0,-173.34480381473998,31399.29163948986,False,False,False
4800_0,-350.3382360198873,62798.58292510578,False,False,False
4801_0,12.128252213025007,2.4052864781260372,True,False,False
4802_0,12.128252213025007,2.4052864781260372,True,False,False
4803_0,1.453541571688902,1.1070389810184758,True,False,False
4804_0,1.4535415716890157,1.1070389810184755,True,False,False
4805_0,1.6043342941511582,1.8237228261692395,True,False,False
4806_0,2.6278986838449327,0.7185917247886361,True,False,False
4807_0,2.6279814564729804,0.7185917247886364,True,False,False
4808_0,-6.452457088953679,1.318603411103508,True,True,True
4809_0,2.778201587045828,1.3185865016371259,True,False,False
4810_0,-6.302236958380945,2.358661038135446,True,True,True
4811_0,-6.452457088953679,1.318603411103508,True,True,True
4812_0,2.627981456473208,0.7185917247886361,True,False,False
4813_0,-7.626896973737757,1.870567293077215,True,True,True
4814_0,-1.0502400807406502,1.4288896159116962,True,True,False
4815_0,14.829557324645748,1.880748034999429,True,False,False
4816_0,14.829557324645748,1.880748034999429,True,False,False
4817_0,14.829557324645748,1.880748034999429,True,False,False
4818_0,14.829557324645748,1.880748034999429,True,False,False
4819_0,5.479423926038635,1.4645843783096253,True,False,False
4820_0,5.4795066986666825,1.4645843783096248,True,False,False
4821_0,-3.6009318467600906,2.1749578314908367,True,True,False
4822_0,-4.925591862116903,1.240840755136477,True,True,True
4823_0,1.6510650308800905,0.9751785660554456,True,False,False
4824_0,17.681082566839223,2.5957046488862745,True,False,False
4825_0,17.681082566839223,2.5957046488862745,True,False,False
4826_0,17.681082566839223,2.5957046488862745,True,False,False
4827_0,17.681082566839223,2.5957046488862745,True,False,False
4828_0,17.681082566839223,2.5957046488862745,True,False,False
4829_0,17.681082566839223,2.5957046488862745,True,False,False
4830_0,4.502590273073793,1.3930227739415837,True,False,False
4832_0,8.701455507629873,0.6673776071795997,True,False,False
4833_0,8.70145768479631,0.6673776071795996,True,False,False
4835_0,-0.02686150028262091,1.0194779072106753e-15,True,True,True
4836_0,-5.130925420594394,4.016574135927909,True,True,False
4837_0,8.70145768479631,0.6673776071795997,True,False,False
4838_0,-0.026861500282507222,1.6883198708706705e-15,True,True,True
4839_0,-0.02686150028262091,1.0194779072106753e-15,True,True,True
4841_0,-0.029865006394516058,1.7540342049016607e-15,True,True,True
4842_0,8.698454178684301,0.6673776071795997,True,False,False
4844_0,-0.026861500282564066,1.1885455085728196e-15,True,True,True
4845_0,8.701457684796196,0.6673776071795997,True,False,False
4846_0,-0.02686150028262091,1.1839233586108494e-15,True,True,True
4847_0,8.701457684796196,0.6673776071795997,True,False,False
4849_0,-0.026861500282564066,1.1885455085728196e-15,True,True,True
4850_0,8.701457684796196,0.6673776071795997,True,False,False
4852_0,-0.026861500282564066,1.1885455085728196e-15,True,True,True
4853_0,8.701457684796196,0.6673776071795997,True,False,False
4854_0,-0.026861500282507222,1.5209435539711258e-15,True,True,True
4855_0,8.701457684796083,0.6673776071795997,True,False,False
4857_0,-0.02686150028245038,1.6150998828038205e-15,True,True,True
4858_0,8.70145768479631,0.6673776071795997,True,False,False
4859_0,8.698454178684301,0.6673776071795997,True,False,False
4860_0,-0.029865006394516058,1.7540342049016607e-15,True,True,True
4861_0,-0.02686150028262091,1.1346030930758507e-15,True,True,True
4863_0,-0.026862254082857362,1.5842873097208222e-15,True,True,True
4864_0,-0.026861500282564066,1.1885455085728196e-15,True,True,True
4865_0,-0.02686150028262091,1.1839233586108494e-15,True,True,True
4866_0,-0.026861500282564066,1.1885455085728196e-15,True,True,True
4867_0,-0.026861500282564066,1.1885455085728196e-15,True,True,True
4868_0,-0.02686150028245038,1.6150998828038205e-15,True,True,True
4870_0,-0.026861500282564066,1.1885455085728196e-15,True,True,True
4872_0,-0.02686150028245038,1.6150998828038205e-15,True,True,True
4874_0,-0.02686150028245038,1.5207158807854603e-15,True,True,True
4875_0,-0.026861500282507222,1.0752875021351014e-15,True,True,True
4877_0,-0.02686150028262091,1.0194779072106753e-15,True,True,True
4879_0,-0.029865006394516058,1.7540342049016607e-15,True,True,True
4880_0,8.698454178684301,0.6673776071795997,True,False,False
4881_0,-0.02686150028262091,1.1839233586108494e-15,True,True,True
4883_0,-0.026861500282564066,1.1885455085728196e-15,True,True,True
4884_0,-0.026861500282564066,1.1885455085728196e-15,True,True,True
4885_0,-0.02686150028262091,1.1839233586108494e-15,True,True,True
4886_0,8.70145768479631,0.6673776071795997,True,False,False
4887_0,-0.02686150028262091,1.1839233586108494e-15,True,True,True
4888_0,8.70145768479631,0.6673776071795997,True,False,False
4889_0,-0.026861500282507222,1.5209435539711258e-15,True,True,True
4890_0,8.701457684796083,0.6673776071795998,True,False,False
4892_0,-22.285792339474938,1.4975438637338487,True,True,True
4893_0,8.658392917204537,0.6673776071795997,True,False,False
4895_0,-22.28579233947505,1.4975438637338485,True,True,True
4897_0,-22.285792339474824,1.4975438637338485,True,True,True
4898_0,8.70145768479631,0.6673776071795996,True,False,False
4899_0,-0.026861500282507222,1.6883198708706705e-15,True,True,True
4900_0,-371.19812718852376,100000.00012167734,False,False,False
4901_0,-329.7192662062975,100000.00010573337,False,False,False
4902_0,23.55530616312825,2.6682890239076595,True,False,False
4903_0,-349.4744153930602,100000.0001186221,False,False,False
4904_0,-349.4744153930602,100000.0001186221,False,False,False
4905_0,-338.7997047517242,100000.00009051108,False,False,False
4906_0,-338.79970475172433,100000.00009051108,False,False,False
4908_0,-329.71926620629756,100000.00010573337,False,False,False
4909_0,-336.2959238530951,100000.00009461431,False,False,False
4910_0,2.7013051116207407,1.0904939386446297,True,False,False
4911_0,5.552830353814329,2.0891892784332775,True,False,False
4912_0,2.7013051121939498,1.0904939386446295,True,False,False
4913_0,5.552543362101403,2.089189278433278,True,False,False
4914_0,-332.42057131791825,100000.00011936725,False,False,False
4915_0,-352.17572050468095,100000.0001308117,False,False,False
4916_0,-352.17572050468095,100000.0001308117,False,False,False
4917_0,-352.17572050468095,100000.0001308117,False,False,False
4918_0,-352.17572050468095,100000.0001308117,False,False,False
4920_0,-332.4205713179183,100000.00011936725,False,False,False
4921_0,-338.99722896471593,100000.00011259111,False,False,False
4922_0,2.8515252421935884,1.3337894932720977,True,False,False
4923_0,2.8512382499074533,1.333789493272098,True,False,False
4924_0,-335.27209656011183,100000.00016043927,False,False,False
4925_0,-355.02724574687466,100000.00017209564,False,False,False
4926_0,-355.02724574687466,100000.00017209564,False,False,False
4927_0,-355.02724574687466,100000.00017209564,False,False,False
4928_0,-355.02724574687466,100000.00017209564,False,False,False
4929_0,-355.02724574687466,100000.00017209564,False,False,False
4930_0,-355.02724574687466,100000.00017209564,False,False,False
4931_0,-341.8487542069094,100000.00014282038,False,False,False
4933_0,-29.011035310983857,6.374122772220361,True,True,True
4935_0,-57.846623043173395,6.710584448419331,True,True,True
4937_0,-48.766184497746735,6.382243540600195,True,True,True
4939_0,-38.09147385641063,6.73733827612829,True,True,True
4941_0,-29.011035310983914,6.37412277222036,True,True,True
4943_0,-48.766184497746735,6.382243540600195,True,True,True
4945_0,-38.09147385641063,6.73733827612829,True,True,True
4947_0,-64.92466904116276,4.631830853442388,True,True,True
4949_0,-74.00510758658947,4.585224029178713,True,True,True
4951_0,-31.712340422604655,6.57552790074694,True,True,True
4953_0,-60.54792815479425,6.970680985965099,True,True,True
4955_0,-51.46748960936753,6.561425532406577,True,True,True
4957_0,-51.46748960936753,6.561425532406577,True,True,True
4959_0,-51.46748960936753,6.561425532406577,True,True,True
4961_0,-67.62597415278356,4.7725428237987995,True,True,True
4963_0,-76.70641269821039,4.856620708969794,True,True,True
4964_0,-117.76653156289365,6.63388420253422,True,True,True
4965_0,-119.2274345454274,6.75066152603458,True,True,True
4967_0,-37.97849643603672,1.782824574095267,True,True,True
4969_0,-37.97849643603672,1.782824574095267,True,True,True
4971_0,-37.97849643603672,1.782824574095267,True,True,True
4973_0,-37.97849643603672,1.782824574095267,True,True,True
4975_0,-42.84017426527453,2.0872887918828074,True,True,True
4977_0,-37.97849643603672,1.782824574095267,True,True,True
4979_0,-37.97849643603672,1.782824574095267,True,True,True
4981_0,43.80946233875028,1.0064842390919875,True,False,False
4983_0,46.833091674372156,1.7857762607774819,True,False,False
4985_0,50.156268429295835,3.19410765704195,True,False,False
4987_0,43.80944504495675,1.0064842390919875,True,False,False
4989_0,45.22624704799725,1.9030290093702436,True,False,False
4991_0,42.2026177123754,1.2195452315805007,True,False,False
4993_0,48.549423802920955,3.265092709955246,True,False,False
4995_0,42.20260041858186,1.2195452315805004,True,False,False
